finnkode,url,title,address,postcode,place,prisantydning,totalpris,omkostninger,fellesgjeld,formuesverdi,boligtype,eieform,primaerrom,internt_bruksareal,bruksareal,bruttoareal,soverom,antall_rom,byggeaar,etasje,tomteareal,tomteareal_m2,tomteareal_dekar,energimerking,kommunenr,gnr,bnr,n_images,description,scraped_at
476392471,https://www.finn.no/realestate/homes/ad.html?finnkode=476392471,Engerdal -Sjarmerende tidligere småbruk med rolig og usjenert beliggenhet,"Høybergveien 302, 2440 Engerdal",2440,Engerdal,2 340 000 kr,2 417 650 kr,77 650 kr,,,Gårdsbruk/Småbruk,Selveier,,272 m² (BRA-i),272 m²,,,,1930,,236 000 m²,236000,236.0,,3425,161,42,3,"Sjarmerende tidligere småbruk med rolig og usjenert beliggenhet 682 moh i S Elvdal, Engerdal. Et innholdsrikt hovedhus på 272 m² BRA er brukt som generasjonsbolig, og består av fem soverom, flere stuer, to kjøkken, to bad, vaskerom, ganger og spiskammers, rikelig med plass for storfamilien, gjester eller ulike bruksbehov. Ytterkledningen på tre vegger ble skiftet i 2024/-25, samtidig med etterisolering og noe utskifting av bærekonstruksjoner, og mange vinduer ble skiftet. Den tidligere driftsbygningen på ca. 378 m² inneholder fjøs, låve, silo, boder, stort redskapsskjul og vedskåle. Eiendommen ligger fredelig til med naturen tett på og svært gode muligheter for friluftsliv året rundt. Det er ca 45 km til Drevsjø, 40 km til Engerdal sentrum og 55 km til Trysil sentrum. Minus Vis mindre NB: Knappen for å vise hele beskrivelsen har kun en visuell effekt. Pluss tegn Vis hele beskrivelsen NB: Knappen for å vise hele beskrivelsen har kun en visuell effekt. Ta kontakt med megler for komplett informasjon Nyttige lenker Bestill salgsoppgave Visning Ta kontakt for å avtale visning. Husk å lese komplett salgsoppgave før visning. Bestill komplett, utskriftsvennlig salgsoppgave. Gi bud Nyttige lenker Bestill salgsoppgave Nærområdet Kart Høybergveien 302, 2440 Engerdal Annonseinformasjon FINN-kode 476392471 Sist endret 19. sep. 2026 04:26 Referanse 87260067 Rapporter annonse Annonsene kan være mangelfulle i forhold til lovpålagt opplysningsplikt. Før bindende avtale inngås oppfordres interessenter til å innhente komplett informasjon fra meglerforetaket, selger eller utleier.",2026-09-21T09:37:33+00:00
476473497,https://www.finn.no/realestate/homes/ad.html?finnkode=476473497,"Gårdsbruk på 139 daa, nær Svarstad sentrum | Parkmessig hage | Stor låve | Velholdt våningshus | Solrikt og idyllisk","Liveien 185, 3275 Svarstad",3275,Svarstad,5 490 000 kr,5 628 580 kr,138 580 kr,,,Gårdsbruk/Småbruk,Selveier,,136 m² (BRA-i),149 m²,,3,,1860,,139 430 m² (eiet),139430,139.4,,3909,14,2,5,"Velkommen til Liveien 185! Et velholdt og sjarmerende gårdsbruk i naturskjønne omgivelser. Beliggenheten er landlig, men likevel sentral, med kort kjøretid til de største byene på Sørøstlandet. Gårdsbruket er på 139,6 dekar, der rundt 56 dekar er fulldyrka jord og 77 dekar er skog. På gårdstunet er det et velholdt våningshus og en låve på 300 kvm, og i en parkmessig, vakker hage er det et moderne drivhus. Gode solforhold nytes helt usjenert på en sydvendt terrasse på 66 kvm med utestue. Våningshuset fra 1860 ble omfattende oppgradert i 2014, og fremstår med stilrene farge- og materialvalg og familievennlig planløsning. I en stor stue er det peisovn og varmepumpe, og kjøkkenet fra 2011 har integrerte hvitevarer. Videre er det en loftstue, et bad/wc/vaskerom, et bad/wc, vaskerom og tre gode soverom. Minus Vis mindre NB: Knappen for å vise hele beskrivelsen har kun en visuell effekt. Pluss tegn Vis hele beskrivelsen NB: Knappen for å vise hele beskrivelsen har kun en visuell effekt. Salgsoppgaven beskriver vesentlig og lovpålagt informasjon om eiendommen Se komplett salgsoppgave Nyttige lenker Gi bud Bestill salgsoppgave Eiendommens hjemmeside Visning lørdag, 03. oktober 12:00 – 14:00 Legg til i kalender Alle våre visninger har påmelding. På denne måten sikrer vi at megler har god oversikt og tid til å imøtekomme alle interessenter på beste måte. Påmelding til visning må gjøres senest innen kl.15.00 dagen før. Visninger uten påmelding vil ikke bli avholdt. Kontakt også gjerne i forkant av visning dersom du har spørsmål. Husk å lese komplett salgsoppgave før visning. Bestill komplett, utskriftsvennlig salgsoppgave. Visningspåmelding Nyttige lenker Gi bud Bestill salgsoppgave Eiendommens hjemmeside Nærområdet Kart Liveien 185, 3275 Svarstad Annonseinformasjon FINN-kode 476473497 Sist endret 19. sep. 2026 11:46 Referanse 69260123 Rapporter annonse Annonsene kan være mangelfulle i forhold til lovpålagt opplysningsplikt. Før bindende avtale inngås oppfordres interessenter til å innhente komplett informasjon fra meglerforetaket, selger eller utleier.",2026-09-21T09:37:34+00:00
476738337,https://www.finn.no/realestate/homes/ad.html?finnkode=476738337,Nedlagt småbruk omkranset av flott natur | ca. 585 mål | Jakt- og fiskerett | Garasje og flere driftsbygninger,"Skøelvdalen 212, 9310 Sørreisa",9310,Sørreisa,3 500 000 kr,3 588 590 kr,88 590 kr,,289 750 kr,Gårdsbruk/Småbruk,Selveier,,238 m² (BRA-i),238 m²,,3,,1983,,585 301 m² (eiet),585301,585.3,Rom,5526,33,8,5,"Velkommen til Skøelvdalen 212! Enebolig over tre plan med landlig beliggenhet, gode oppholdsrom og nylige oppgraderinger. Eiendommen ligger landlig til i Sørreisa kommune, med kort vei til bussholdeplass. Hovedetasjen har en stor stue med parkett og peisovn, separat spisekjøkken, toalettrom og praktisk vaskerom. På loftet er det tre soverom, og fra vindfanget er det direkte utgang til en nyere altan mot sør. Boligen har varmepumpe, og det er utført ny drenering i 2024 samt ny taktekking i 2025. Høydepunkter: Ny taktekking og nye takrenner fra 2025 Skiftet drenering i 2024 Sydvendt altan på ca. 33 m² fra 2025/2026 Nytt bad i kjeller Frittstående garasje på ca. 39 m² samt driftsbygninger Er dette noe for deg? Last ned salgsoppgaven og still godt forberedt. Vi ønsker deg velkommen til visning. Minus Vis mindre NB: Knappen for å vise hele beskrivelsen har kun en visuell effekt. Pluss tegn Vis hele beskrivelsen NB: Knappen for å vise hele beskrivelsen har kun en visuell effekt. Salgsoppgaven beskriver vesentlig og lovpålagt informasjon om eiendommen Se komplett salgsoppgave Nyttige lenker Eiendommens hjemmeside Bestill salgsoppgave Visning mandag, 05. oktober 17:00 – 17:45 Legg til i kalender Alle våre visninger har påmelding. Dette for at vi kan planlegge visningene best mulig, og ha god tid til de som kommer. Det er enkelt å melde seg på, og du kan like enkelt melde deg av. Visninger uten påmeldte deltakere kan bli avlyst. Husk å lese komplett salgsoppgave før visning. Bestill komplett, utskriftsvennlig salgsoppgave. Visningspåmelding Gi bud Nyttige lenker Eiendommens hjemmeside Bestill salgsoppgave Nærområdet Kart Skøelvdalen 212, 9310 Sørreisa Annonseinformasjon FINN-kode 476738337 Sist endret 18. sep. 2026 20:40 Referanse 12260200 Rapporter annonse Annonsene kan være mangelfulle i forhold til lovpålagt opplysningsplikt. Før bindende avtale inngås oppfordres interessenter til å innhente komplett informasjon fra meglerforetaket, selger eller utleier.",2026-09-21T09:37:36+00:00
475976093,https://www.finn.no/realestate/homes/ad.html?finnkode=475976093,"Landbrukseiendom med 67 DAA tomt, landlig beliggende på Lunner | Våningshus og uthus - renoveringsobjekt.","Korsrudlinna 414, 2730 Lunner",2730,Lunner,1 000 000 kr,1 026 090 kr,26 090 kr,,107 151 kr,Gårdsbruk/Småbruk,Selveier,,186 m² (BRA-i),186 m²,,3,,1878,,67 184 m² (eiet),67184,67.2,Rom,3234,22,2,5,"Velkommen til Korsrudlinna 414! Landbrukseiendom med et tradisjonelt våningshus fra 1878 og naturskjønn, usjenert beliggenhet i Lunner. Eiendommen har en landlig beliggenhet omgitt av åpne kulturlandskap, med omtrent fire minutters kjørevei til Lunner stasjon og seks minutter til Lunner barneskole. Våningshuset er oppført over to etasjer samt kjeller og loft, og byr på stue, separat kjøkken, bad og toalettrom i første etasje. I andre etasje finnes tre soverom og gang, mens loftet og krypkjelleren gir rikelig med praktisk lagringsplass. Det må påregnes total rehabilitering, boligen ansees per nå å være ubeboelig. Høydepunkter: - Eiet tomt på ca. 67 mål med fulldyrka jord, produktiv skog og beite. Velkommen til visning! Minus Vis mindre NB: Knappen for å vise hele beskrivelsen har kun en visuell effekt. Pluss tegn Vis hele beskrivelsen NB: Knappen for å vise hele beskrivelsen har kun en visuell effekt. Salgsoppgaven beskriver vesentlig og lovpålagt informasjon om eiendommen Se komplett salgsoppgave Nyttige lenker Meld interesse Se komplett salgsoppgave Gi bud Visning søndag, 27. september 13:00 – 14:00 Legg til i kalender Velkommen til visning! Meld deg på ved å trykke ""visningspåmelding"" i våre boligannonser. Ta gjerne kontakt med megler i forkant av visningen om du har spørsmål. Visningspåmelding Gi bud Nyttige lenker Meld interesse Se komplett salgsoppgave Gi bud Nærområdet Kart Korsrudlinna 414, 2730 Lunner Annonseinformasjon FINN-kode 475976093 Sist endret 18. sep. 2026 18:28 Referanse 518260096 Rapporter annonse Annonsene kan være mangelfulle i forhold til lovpålagt opplysningsplikt. Før bindende avtale inngås oppfordres interessenter til å innhente komplett informasjon fra meglerforetaket, selger eller utleier.",2026-09-21T09:37:37+00:00
476099750,https://www.finn.no/realestate/homes/ad.html?finnkode=476099750,"Landbrukseiendom på Dverberg | Enebolig, fjøs, garasje og fritidsbolig","Sauraveien 140, 8485 Dverberg",8485,Dverberg,1 500 000 kr,1 538 590 kr,38 590 kr,,79 786 kr,Gårdsbruk/Småbruk,Selveier,,156 m² (BRA-i),459 m²,,3,,1920,,794 022 m² (eiet),794022,794.0,Rom,1871,28,3,5,"Velkommen til Sauraveien 140! Landbrukseiendom med romslig våningshus og naturskjønne omgivelser på Andøya. Eiendommen ligger fritt og landlig til på Saura i Andøy kommune, omgitt av åpent kystlandskap og med kort vei til butikk og servicetilbud på Dverberg. Våningshuset går over to etasjer samt kjeller, og har en tradisjonell planløsning med stue, separat spisestue, kjøkken med profilerte fronter og flislagt bad med gulvvarme. I stuen sørger en luft-til-luft varmepumpe for oppvarming, og i andre etasje finnes flere soverom samt praktiske boder. Ute på tunet står både fjøs, uthus og garasje, som til sammen gir generøs lagringsplass og areal til ulike gjøremål. Boligen har et gjennomgående behov for modernisering og videre utbedringer, og henvender seg til deg som ønsker store utearealer, fredelige rammer og frihet til å skape ditt eget hjem ved kysten. Velkommen til visning! Minus Vis mindre NB: Knappen for å vise hele beskrivelsen har kun en visuell effekt. Pluss tegn Vis hele beskrivelsen NB: Knappen for å vise hele beskrivelsen har kun en visuell effekt. Salgsoppgaven beskriver vesentlig og lovpålagt informasjon om eiendommen Se komplett salgsoppgave Nyttige lenker Eiendommens hjemmeside Bestill salgsoppgave Visning tirsdag, 29. september 17:15 – 18:00 Legg til i kalender Alle våre visninger har påmelding. Dette for at vi kan planlegge visningene best mulig, og ha god tid til de som kommer. Det er enkelt å melde seg på, og du kan like enkelt melde deg av. Visninger uten påmeldte deltakere kan bli avlyst. Husk å lese komplett salgsoppgave før visning. Bestill komplett, utskriftsvennlig salgsoppgave. Visningspåmelding Gi bud Nyttige lenker Eiendommens hjemmeside Bestill salgsoppgave Nærområdet Kart Sauraveien 140, 8485 Dverberg Annonseinformasjon FINN-kode 476099750 Sist endret 18. sep. 2026 18:09 Referanse 28260048 Rapporter annonse Annonsene kan være mangelfulle i forhold til lovpålagt opplysningsplikt. Før bindende avtale inngås oppfordres interessenter til å innhente komplett informasjon fra meglerforetaket, selger eller utleier.",2026-09-21T09:37:38+00:00
476700240,https://www.finn.no/realestate/homes/ad.html?finnkode=476700240,"Småbruk med ca. 90 mål, verksted og låve | Pen bolig, solrik hage, overbygd terrasse og utekjøkken | Allmenningsrett","Sjølivegen 363, 2340 Løten",2340,Løten,5 990 000 kr,6 154 640 kr,164 640 kr,,642 955 kr,Gårdsbruk/Småbruk,Selveier,,226 m² (BRA-i),1 224 m²,,4,,1978,,92 033 m² (eiet),92033,92.0,Rom,3412,109,2,7,"Et småbruk for deg som ønsker plass, stillhet og natur tett på, med kort vei til Løten og Elverum. Eiendommen vil etter planlagt fradeling være på ca. 90 dekar, med dyrket mark, beite og skog. Boligen er pusset opp over tid og byr på kjøkken fra 2014, flere soverom og romslige oppholdsrom. Fra stuen går du ut til en overbygd terrasse med utekjøkken og en stor, solrik hage. Ved skogkanten venter gapahuken og hyggelige stunder rundt bålet. Et romslig verksted med god takhøyde, store porter og garasjeplass gir gode rammer for hobbyer og maskininteresse. Låven har rikelig med lagerplass. Eiendommen har allmenningsrett. Jord og beite er bortleid til 2032. Kjøpet er konsesjonspliktig. Her kan du nyte livet på landet med plass til både hverdag, hobbyer og besøk. Minus Vis mindre NB: Knappen for å vise hele beskrivelsen har kun en visuell effekt. Pluss tegn Vis hele beskrivelsen NB: Knappen for å vise hele beskrivelsen har kun en visuell effekt. Salgsoppgaven beskriver vesentlig og lovpålagt informasjon om eiendommen Se komplett salgsoppgave Nyttige lenker Bestill prospekt Gi bud Visning søndag, 27. september 14:00 – 15:00 Legg til i kalender Som annonsert eller etter avtale med megler Linn Tonje tlf 97027222 Husk å lese komplett salgsoppgave før visning. Bestill komplett, utskriftsvennlig salgsoppgave. Visningspåmelding Gi bud Nyttige lenker Bestill prospekt Gi bud Nærområdet Kart Sjølivegen 363, 2340 Løten Annonseinformasjon FINN-kode 476700240 Sist endret 18. sep. 2026 17:04 Referanse GAR28.2651 Rapporter annonse Annonsene kan være mangelfulle i forhold til lovpålagt opplysningsplikt. Før bindende avtale inngås oppfordres interessenter til å innhente komplett informasjon fra meglerforetaket, selger eller utleier.",2026-09-21T09:37:39+00:00
462833570,https://www.finn.no/realestate/homes/ad.html?finnkode=462833570,Spennende utviklingseiendom - Småbruk - Godkjente boligtomter - Skogsparsell - Fiskerett i Otra - Landlig/​ bynært,"Bakkemonen 7, 4619 Mosby",4619,Mosby,9 790 000 kr,10 036 140 kr,246 140 kr,,500 113 kr,Gårdsbruk/Småbruk,Selveier,,190 m² (BRA-i),558 m²,,4,,1960,2,91 400 m² (eiet),91400,91.4,,4204,27,17,5,"Vi har fått for salg en meget spennende eiendom med mange utnyttelsesmuligheter på hele 91,4 mål! På hovedeiendommen foreligger det godkjent reg. plan for 6 eneboligtomter og en tomannsboligtomt, som erstatter låven som da må rives. Med eiendommen følger en ekstra skogsparsell med noe dyrkbar mark og jaktrettigheter. Det er også fiskerettigheter for laks i Otra (delområde 3). Hovedhuset er innholdsrikt og går over 3 etasjer. Det henger sammen med garasje og stor uthus/ låve, som gir mange muligheter. Denne eiendommen kan passe til flere formål; de som ønsker å utvikle eiendommen til boliger, vennepar som ønsker å bo sammen med mye grønt og god plass rundt seg eller de som ønsker et lite småbruk med kort avstand til byen! Minus Vis mindre NB: Knappen for å vise hele beskrivelsen har kun en visuell effekt. Pluss tegn Vis hele beskrivelsen NB: Knappen for å vise hele beskrivelsen har kun en visuell effekt. Salgsoppgaven beskriver vesentlig og lovpålagt informasjon om eiendommen Se komplett salgsoppgave Visning onsdag, 23. september 16:30 – 17:30 Legg til i kalender Ved annonsert visning er det viktig at du melder deg på visningen ved å bruke visningspåmeldingsknappen eller kontakter megler. Annonserte visninger hvor det ikke er noen påmeldte innen kl. 16.00 dagen før visningsdagen vil ikke bli avholdt. For visninger utover dette, ta direkte kontakt med megler. Husk å lese komplett salgsoppgave før visning. Bestill komplett, utskriftsvennlig salgsoppgave. Visningspåmelding Gi bud Nærområdet Kart Bakkemonen 7, 4619 Mosby Annonseinformasjon FINN-kode 462833570 Sist endret 18. sep. 2026 16:26 Referanse 1411260138 Rapporter annonse Annonsene kan være mangelfulle i forhold til lovpålagt opplysningsplikt. Før bindende avtale inngås oppfordres interessenter til å innhente komplett informasjon fra meglerforetaket, selger eller utleier.",2026-09-21T09:37:40+00:00
476534151,https://www.finn.no/realestate/homes/ad.html?finnkode=476534151,"Småbruk med våningshus & gammelstugu fra 1721 | Stor eiet tomt & flere eldre uthusbygninger | Utleiemulighet | 55,3 daa","Sætavegen 148, 2680 Vågå",2680,Vågå,3 500 000 kr,3 588 590 kr,88 590 kr,,,Gårdsbruk/Småbruk,Selveier,,266 m² (BRA-i),266 m²,,5,,1961,2,55 307 m² (eiet),55307,55.3,Rom,3435,21,12,5,"Eiendomsmegler 1 Lillehammer og Gudbrandsdal presenterer småbruket Sætavegen 148! Sætavegen 148 er et idyllisk og innholdsrikt småbruk med våningshus, gammelstugu og ca. 55 mål tomt, fint beliggende i landlige omgivelser i Øygarden i Vågå. Her får du en eiendom med et tradisjonsrikt tun omgitt av skog og mark, samtidig som det kun er ca. 5 minutters kjøring til Vågåmo med servicetilbud, skoler og barnehage. Våningshuset går over to plan og byr på stue med furugulv, vedovn, varmepumpe og utgang til balkong, samt totalt 5 soverom. Gammelstugu fra 1721 er oppført i laftet tømmer og har torvtak, åpen peis og 2 soverom. Gammelstugu har inntil nylig vært utleid. Tunet rommer også et stabbur, eldhus og en låve. Det er boplikt på eiendommen. Velkommen! Minus Vis mindre NB: Knappen for å vise hele beskrivelsen har kun en visuell effekt. Pluss tegn Vis hele beskrivelsen NB: Knappen for å vise hele beskrivelsen har kun en visuell effekt. Salgsoppgaven beskriver vesentlig og lovpålagt informasjon om eiendommen Se komplett salgsoppgave Nyttige lenker Bestill salgsoppgave Bladbar salgsoppgave Visning tirsdag, 06. oktober 16:00 – 17:00 Legg til i kalender Vi ber om at interessenter melder seg på våre visninger på forhånd. Det vil ikke bli avholdt visning uten påmelding. Vi anbefaler at du laster ned og leser igjennom salgsoppgaven før visning. Velkommen. Husk å lese komplett salgsoppgave før visning. Bestill komplett, utskriftsvennlig salgsoppgave. Visningspåmelding Gi bud Nyttige lenker Bestill salgsoppgave Bladbar salgsoppgave Nærområdet Kart Sætavegen 148, 2680 Vågå Annonseinformasjon FINN-kode 476534151 Sist endret 18. sep. 2026 15:29 Referanse 1312260124 Rapporter annonse Annonsene kan være mangelfulle i forhold til lovpålagt opplysningsplikt. Før bindende avtale inngås oppfordres interessenter til å innhente komplett informasjon fra meglerforetaket, selger eller utleier.",2026-09-21T09:37:41+00:00
476716806,https://www.finn.no/realestate/homes/ad.html?finnkode=476716806,"Setereiendom på 216,5 daa. Flott område for jakt og fiske.","Tomledalsvegen 341, 2870 Dokka",2870,Dokka,1 900 000 kr,1 948 590 kr,48 590 kr,,Det foreligger ikke opplysninger om eiendommens formuesverdi.,Gårdsbruk/Småbruk,Selveier,,,,,0,,1800,,216 500 m² (eiet),216500,216.5,,3448,20,4,7,"Arealer Seterhus: BTA 52 kvm. Nedre Uthus: BTA: 10 kvm. Øvre Uthus: BTA: 10 kvm. Se vedlagte takst for nærmere beskrivelse av arealene. Arealene er oppmålt av bygningssakkyndig og ikke kontrollert/oppmålt av eiendomsmegler. Arealene er oppgitt iht NS 3940 Areal- og volumberegninger av bygninger. Øyangssetra er en idyllisk setereiendom med naturskjønn og usjenert beliggenhet ved Øyangen i Nordre Land kommune. Eiendommen består av et tradisjonelt sætertun med sæterhus og to uthus, omgitt av store skog- og utmarksarealer som gir gode muligheter for rekreasjon, jakt og friluftsliv. Eiendommen har et samlet areal på ca. 216,5 dekar, hvorav hoveddelen består av skog og beitearealer. Området byr på flotte naturopplevelser året rundt og grenser mot Turtind naturreservat, noe som understreker den attraktive og naturnære beliggenheten. Sæterhuset har et autentisk og sjarmerende preg med tradisjonell laftet tømmerkonstruksjon og antatt byggeår omkring 1800. Hytta fremstår som en enkel, men koselig fritidsbolig med stort potensial for den som ønsker å videreutvikle og bevare eiendommens historiske karakter. Innvendig preges bygget av naturlige materialer og tradisjonelle detaljer, blant annet tregulv, tømmervegger og murt grue. I tillegg finnes to laftede uthus oppført i 2007. Det ene benyttes som bod og utedo, mens det andre fungerer som anneks og bod. Bygningene fremstår solide og godt tilpasset setermiljøet. Eiendommen har adkomst via privat vei. Det er ikke innlagt vann eller avløp, noe som bidrar til å bevare den opprinnelige seterstemningen og gjør stedet ideelt for den som søker et enkelt og tradisjonelt fristed i fjell- og skogsterreng. Dette er en sjelden mulighet til å sikre seg en tradisjonsrik setereiendom med store utmarksressurser og en unik beliggenhet i vakker natur.",2026-09-21T09:37:42+00:00
473302622,https://www.finn.no/realestate/homes/ad.html?finnkode=473302622,"Småbruk på 125 dekar med to bolighus | Driftsbygning, låve og stabbur | Landlig og usjenert beliggenhet","Strømshaget 165, 2100 Skarnes",2100,Skarnes,4 800 000 kr,4 926 090 kr,126 090 kr,,489 917 kr,Gårdsbruk/Småbruk,Selveier,,334 m² (BRA-i),334 m²,,7,,1980,,125 312 m² (eiet),125312,125.3,Rom,3415,35,25,5,"Velkommen til Strømshaget 165! Et innholdsrikt småbruk med eiertomt på over 125 dekar, to bolighus og store driftsbygninger. Eiendommen ligger landlig og usjenert til i Sør-Odal, med flott utsyn over det omkringliggende kulturlandskapet. Her er det rikelig med plass og mange muligheter for den som ønsker rom for dyrehold, verksted eller annen arealkrevende virksomhet. Begge bolighusene har et eldre preg og oppgraderinger må påregnes for å møte dagens standard. Verdt å merke seg: - Dyrket mark 119 daa - Våningshus og separat kårbolig - Driftsbygning på ca. 277 m² med verksteddel - Låve og stabbur med gode lagringsmuligheter - Stor terrasse med utgang fra stuen i våningshuset - Vedovner i begge boliger for oppvarming Velkommen til visning! Minus Vis mindre NB: Knappen for å vise hele beskrivelsen har kun en visuell effekt. Pluss tegn Vis hele beskrivelsen NB: Knappen for å vise hele beskrivelsen har kun en visuell effekt. Salgsoppgaven beskriver vesentlig og lovpålagt informasjon om eiendommen Se komplett salgsoppgave Nyttige lenker Bestill salgsoppgave Visning mandag, 28. september 16:30 – 17:30 Legg til i kalender Ønsker du å delta på visningen ber vi deg melde deg på slik at vi vet at du kommer. Da kan vi bistå alle best mulig og gi deg tiden du trenger på visningen. Visningen avholdes bare dersom det er påmeldte. Ta gjerne kontakt med megler før visning hvis du har noen spørsmål. Velkommen! Husk å lese komplett salgsoppgave før visning. Bestill komplett, utskriftsvennlig salgsoppgave. Visningspåmelding Gi bud Nyttige lenker Bestill salgsoppgave Nærområdet Kart Strømshaget 165, 2100 Skarnes Annonseinformasjon FINN-kode 473302622 Sist endret 18. sep. 2026 14:20 Referanse 6024260101 Rapporter annonse Annonsene kan være mangelfulle i forhold til lovpålagt opplysningsplikt. Før bindende avtale inngås oppfordres interessenter til å innhente komplett informasjon fra meglerforetaket, selger eller utleier.",2026-09-21T09:37:44+00:00
476452442,https://www.finn.no/realestate/homes/ad.html?finnkode=476452442,Landbruk med fulldyrka jord og produktiv skog. Flott tun med 2 eneboliger og stor driftsbygning fra 2014.,"Lauta 88 og 90, 2270 Flisa",2270,Flisa,19 880 000 kr,20 383 390 kr,503 390 kr,,884 059 kr,Gårdsbruk/Småbruk,Selveier,,453 m² (BRA-i),876 m²,,7,,1899,2,,,,Tomt,3418,113,6,5,"Landbrukseiendom med et flott tun som er bebygd med bla. en sjarmerende enebolig fra ca. 1899, en kårbolig fra ca. 1880 med inntilbygget dobbeltgarasje og en stor driftsbygning fra 2014. Landbruket består av ca. 376,2  daa fulldyrka jord, ca. 1 789,4 daa produktiv skog, ca. 50,1 daa annet markslag og ca. 19,7 daa bebygd areal. Gårdsbruket ligger i idylliske omgivelser i et hyggelig område på Lauta, omgitt av åker og eng. Eiendommen ligger både nær sentrum på Flisa og samtidig nær naturen. Fra eiendommen er det ca. 2,5 km til Flisa sentrum, og her finner du et variert utvalg av forretninger, kjøpesenter, kaféer og diverse servicetilbud i Kaffegata. Her er det også skoler og barnehage, samt kino og mange aktivitetsmuligheter for liten og stor. Jaktrett og båtfeste medfølger eiendommen. Minus Vis mindre NB: Knappen for å vise hele beskrivelsen har kun en visuell effekt. Pluss tegn Vis hele beskrivelsen NB: Knappen for å vise hele beskrivelsen har kun en visuell effekt. Salgsoppgaven beskriver vesentlig og lovpålagt informasjon om eiendommen Se komplett salgsoppgave Visning Visning etter avtale med megler. Husk å lese komplett salgsoppgave før visning. Bestill komplett, utskriftsvennlig salgsoppgave. Visningspåmelding Gi bud Nærområdet Kart Lauta 88 og 90, 2270 Flisa Annonseinformasjon FINN-kode 476452442 Sist endret 16. sep. 2026 20:08 Referanse 1211240189 Rapporter annonse Annonsene kan være mangelfulle i forhold til lovpålagt opplysningsplikt. Før bindende avtale inngås oppfordres interessenter til å innhente komplett informasjon fra meglerforetaket, selger eller utleier.",2026-09-21T09:37:45+00:00
476618265,https://www.finn.no/realestate/homes/ad.html?finnkode=476618265,"Landbrukseiendom på 1.117,5 dekar beliggende i Storbudal. Innholdsrikt bolighus - Sæterbebyggelse Budal statsallmenning","Storbudalen 75, 7298 Budalen",7298,Budalen,3 450 000 kr,3 537 340 kr,87 340 kr,,,Gårdsbruk/Småbruk,Selveier,,142 m² (BRA-i),142 m²,,5,,1927,,,,,Tomt,5027,173,4,5,"Eiendommen ligger landlig og fritt til i Storbudalen, med flott beliggenhet på en liten høyde med fin utsikt over fjellandskapet. Tunet består et våningshus, driftsbygning. stabbur, snekkerverksted, redskapshus og garasje. I tillegg medfølger det sæterbebyggelse i Budal statsallmenning,  Synnerdalsveien 2091/2093. Eiendommen er på totalt 1.117,5 dekar og har i tillegg ideel andel i et realsameie som er på totalt 11.146,4 dekar.  Jaktrettigheter tilligger eiendommen. Minus Vis mindre NB: Knappen for å vise hele beskrivelsen har kun en visuell effekt. Pluss tegn Vis hele beskrivelsen NB: Knappen for å vise hele beskrivelsen har kun en visuell effekt. Salgsoppgaven beskriver vesentlig og lovpålagt informasjon om eiendommen Se komplett salgsoppgave Nyttige lenker NIBIO gårdskart over eiendommen Gi bud Bestill salgsoppgave Eiendommens hjemmeside Visning torsdag, 24. september 16:00 – 17:00 Legg til i kalender Husk å lese komplett salgsoppgave før visning. Bestill komplett, utskriftsvennlig salgsoppgave. Visningspåmelding Gi bud Nyttige lenker NIBIO gårdskart over eiendommen Gi bud Bestill salgsoppgave Eiendommens hjemmeside Nærområdet Kart Storbudalen 75, 7298 Budalen Annonseinformasjon FINN-kode 476618265 Sist endret 21. sep. 2026 10:45 Referanse 332260052 Rapporter annonse Annonsene kan være mangelfulle i forhold til lovpålagt opplysningsplikt. Før bindende avtale inngås oppfordres interessenter til å innhente komplett informasjon fra meglerforetaket, selger eller utleier.",2026-09-21T09:37:47+00:00
476557337,https://www.finn.no/realestate/homes/ad.html?finnkode=476557337,"Attraktivt småbruk med stall. 180.000,- i årlig leieinntekt, romslig enebolig og kårhus. Flott utsikt og gode solforhold","Svenningvegen 66, 7732 Steinkjer",7732,Steinkjer,7 200 000 kr,7 381 090 kr,181 090 kr,,649 181 kr,Gårdsbruk/Småbruk,Selveier,,501 m² (BRA-i),1 095 m²,,5,,1983,,13 364 m² (eiet),13364,13.4,,5006,217,14,5,"Attraktivt småbruk med utleiebolig (kårhus) og stor driftsbygning med stall. Driftsbygningen byr på betydelig potensial og en rekke bruksmuligheter. Potensiale for utleie av lagringsplass og vinterlagring for båt, bobil og annet utstyr. Det er tre porter med god takhøyde inn til driftsbygningen. Eiendommen består av en innholdsrik enebolig, kårhus og en stor driftsbygning med blant annet stall. Hovedhuset har et bruksareal på hele 331 kvm og gir rikelig med plass til både familie og hobbyvirksomhet. Kårhuset er godt egnet for utleie, mens driftsbygningen på hele 594 kvm åpner for et bredt spekter av bruksområder. Eiendommen har en svært attraktiv og usjenert beliggenhet i landlige omgivelser. Samtidig er det kort avstand til infrastruktur og Steinkjer sentrum. Fra terrassen kan man nyte flotte utsiktsforhold over bygda og svært gode solforhold. Området byr også på gode turmuligheter med enkel tilgang til natur og friluftsliv. Minus Vis mindre NB: Knappen for å vise hele beskrivelsen har kun en visuell effekt. Pluss tegn Vis hele beskrivelsen NB: Knappen for å vise hele beskrivelsen har kun en visuell effekt. Salgsoppgaven beskriver vesentlig og lovpålagt informasjon om eiendommen Se komplett salgsoppgave Nyttige lenker Eiendommens hjemmeside Bestill salgsoppgave Visning torsdag, 01. oktober 17:00 – 18:30 Legg til i kalender Våre visninger har påmelding. Dette gjør vi for å kunne yte bedre service for våre kunder. Verdifullt for boligkjøper og for oss. Vi anbefaler at salgsoppgaven lastes ned digitalt før visning, og ring oss gjerne på forhånd for spørsmål om boligen. Passer ikke angitt tidspunkt, ta kontakt så finner vi en løsning. Skulle det mot formodning ikke være påmeldte til angitt visningstidspunkt vil ikke visning bli gjennomført. Husk å lese komplett salgsoppgave før visning. Bestill komplett, utskriftsvennlig salgsoppgave. Visningspåmelding Gi bud Nyttige lenker Eiendommens hjemmeside Bestill salgsoppgave Nærområdet Kart Svenningvegen 66, 7732 Steinkjer Annonseinformasjon FINN-kode 476557337 Sist endret 18. sep. 2026 09:52 Referanse 52260237 Rapporter annonse Annonsene kan være mangelfulle i forhold til lovpålagt opplysningsplikt. Før bindende avtale inngås oppfordres interessenter til å innhente komplett informasjon fra meglerforetaket, selger eller utleier.",2026-09-21T09:37:48+00:00
349756784,https://www.finn.no/realestate/homes/ad.html?finnkode=349756784,Molde - Småbruk på 151 dekar i Vistdal - Innholdsrikt våningshus - Driftsbygning fra 2015,"Ødegårdvegen 114, 6364 Vistdal",6364,Vistdal,2 050 000 kr,2 115 240 kr,65 240 kr,,,Gårdsbruk/Småbruk,Selveier,,284 m² (BRA-i),284 m²,,,,1956,,,,,,1506,308,3,3,"Velkommen til Ødegårdsvegen 114 i Vistdal! Landbrukseiendom på 151, 8 daa hvorav 20 daa er dyrka og 115 daa produktiv skog. Ideel andel i uregistrert jordsameie på 8.797,7 daa. Av bebyggelse er det et innholdsrikt våningshus fra 1956 med bla. 6 soverom, driftsbygning for sau fra 2015 på 204 kvm. garasje og uthus. Jaktrettigheter følger eiendommen. Minus Vis mindre NB: Knappen for å vise hele beskrivelsen har kun en visuell effekt. Pluss tegn Vis hele beskrivelsen NB: Knappen for å vise hele beskrivelsen har kun en visuell effekt. Salgsoppgaven beskriver vesentlig og lovpålagt informasjon om eiendommen Se komplett salgsoppgave Nyttige lenker Eiendommens hjemmeside NIBIO gårdskart Visning Ta kontakt for å avtale visning. Husk å lese komplett salgsoppgave før visning. Bestill komplett, utskriftsvennlig salgsoppgave. Visningspåmelding Gi bud Nyttige lenker Eiendommens hjemmeside NIBIO gårdskart Nærområdet Kart Ødegårdvegen 114, 6364 Vistdal Annonseinformasjon FINN-kode 349756784 Sist endret 21. sep. 2026 04:06 Referanse 39240003 Rapporter annonse Annonsene kan være mangelfulle i forhold til lovpålagt opplysningsplikt. Før bindende avtale inngås oppfordres interessenter til å innhente komplett informasjon fra meglerforetaket, selger eller utleier.",2026-09-21T09:37:49+00:00
476439503,https://www.finn.no/realestate/homes/ad.html?finnkode=476439503,"Sjarmerende landbrukseiendom på 520 dekar m/​privat strand i Juvika - Våningshus, lagerbygning og tidligere driftsbygning","Grønnesvegen 67, 6456 Skåla",6456,Skåla,5 600 000 kr,5 741 090 kr,141 090 kr,,,Gårdsbruk/Småbruk,Selveier,,282 m² (BRA-i),646 m²,,3,,1905,,520 422 m² (eiet),520422,520.4,,1506,12,1,7,"Velkommen til Grønnesvegen 67! En idyllisk og solrik landbrukseiendom med en flott beliggenhet på Dvergsneset, Skåla. Eiendommen ligger åpent og usjenert til, med fin, vestvendt utsikt over Dvergernesbukta. Eiendommen er på hele 520 dekar og har blant annet 323 dekar produktiv skog, 48 dekar fulldyrka jord og 9,8 dekar innmarksbeite. Egen, flott strandsone i Juvika og eiendommen har bruksrett av naust. Man har også en spennende teig ved Ørnehaugen hyttefelt. Tunet er pent opparbeidet og fra eiendommen er det flott, vestvendt utsikt. Dyrket jord og beitemarker leies bort til nabogård mot ved og vedlikehold av arealene. Våningshuset går over to plan + kjeller og har jevnlig fått oppgraderinger. Boligen ble blant annet utforet og etterisolert i 1992, og flere vinduer er av nyere dato med 2-lags glass. Boligen fremstår i normalt god stand sett i forhold til alder og konstruksjonsmåte. På eiendommen har man også en stor, nedlagt driftsbygning og et lagerbygg/verksted. Minus Vis mindre NB: Knappen for å vise hele beskrivelsen har kun en visuell effekt. Pluss tegn Vis hele beskrivelsen NB: Knappen for å vise hele beskrivelsen har kun en visuell effekt. Salgsoppgaven beskriver vesentlig og lovpålagt informasjon om eiendommen Se komplett salgsoppgave Nyttige lenker Eiendommens hjemmeside Bestill salgsoppgave Visning tirsdag, 29. september 17:00 – 18:00 Legg til i kalender Våre visninger har påmelding. Dette gjør vi for å kunne yte bedre service for våre kunder. Verdifullt for boligkjøper og for oss. Vi anbefaler at salgsoppgaven lastes ned digitalt før visning, og ring oss gjerne på forhånd for spørsmål om boligen. Passer ikke angitt tidspunkt, ta kontakt så finner vi en løsning. Skulle det mot formodning ikke være påmeldte til angitt visningstidspunkt vil ikke visning bli gjennomført. Husk å lese komplett salgsoppgave før visning. Bestill komplett, utskriftsvennlig salgsoppgave. Visningspåmelding Gi bud Nyttige lenker Eiendommens hjemmeside Bestill salgsoppgave Nærområdet Kart Grønnesvegen 67, 6456 Skåla Annonseinformasjon FINN-kode 476439503 Sist endret 19. sep. 2026 21:11 Referanse 13260304 Rapporter annonse Annonsene kan være mangelfulle i forhold til lovpålagt opplysningsplikt. Før bindende avtale inngås oppfordres interessenter til å innhente komplett informasjon fra meglerforetaket, selger eller utleier.",2026-09-21T09:37:50+00:00
475275627,https://www.finn.no/realestate/homes/ad.html?finnkode=475275627,Småbruk på ca. 52 mål med våningshus og fjøs/​låve | 4 soverom og 2 bad | Landlig beliggenhet,"Storelvdalsveien 4754, 2480 Koppang",2480,Koppang,1 390 000 kr,1 425 840 kr,35 840 kr,,,Gårdsbruk/Småbruk,Selveier,,223 m² (BRA-i),223 m²,,4,,1955,,52 754 m² (eiet),52754,52.8,Rom,3423,17,55,5,"Velkommen til Storelvdalsveien 4754! Et småbruk med en stor eiertomt på over 52 dekar. Eiendommen gir rikelig med plass og muligheter, med et tun som omfatter et våningshus, en romslig fjøsbygning og et eldre uthus. Beliggenheten er ideell for deg som verdsetter natur, med skog og mark som nærmeste nabo. Fra eiendommen er det kort vei til servicetilbud på Koppang, som ligger kun en kort kjøretur unna. Verdt å merke seg: - Over 52 dekar eiertomt med ca. 26 dekar fulldyrka jord - Våningshus, fjøsbygning og uthus på tunet - Vedovner på kjøkken og stue, samt luft-til-luft-varmepumpe - Gode lagringsmuligheter i kjeller og på loft Velkommen til en hyggelig visning! Minus Vis mindre NB: Knappen for å vise hele beskrivelsen har kun en visuell effekt. Pluss tegn Vis hele beskrivelsen NB: Knappen for å vise hele beskrivelsen har kun en visuell effekt. Salgsoppgaven beskriver vesentlig og lovpålagt informasjon om eiendommen Se komplett salgsoppgave Nyttige lenker Bestill salgsoppgave Visning lørdag, 26. september 13:00 – 14:00 Legg til i kalender Ønsker du å delta på visningen ber vi deg melde deg på slik at vi vet at du kommer. Da kan vi bistå alle best mulig og gi deg tiden du trenger på visningen. Visningen avholdes bare dersom det er påmeldte. Ta gjerne kontakt med megler før visning hvis du har noen spørsmål. Velkommen! Husk å lese komplett salgsoppgave før visning. Bestill komplett, utskriftsvennlig salgsoppgave. Visningspåmelding Gi bud Nyttige lenker Bestill salgsoppgave Nærområdet Kart Storelvdalsveien 4754, 2480 Koppang Annonseinformasjon FINN-kode 475275627 Sist endret 18. sep. 2026 07:00 Referanse 6046260098 Rapporter annonse Annonsene kan være mangelfulle i forhold til lovpålagt opplysningsplikt. Før bindende avtale inngås oppfordres interessenter til å innhente komplett informasjon fra meglerforetaket, selger eller utleier.",2026-09-21T09:37:52+00:00
476643025,https://www.finn.no/realestate/homes/ad.html?finnkode=476643025,"Tangen - Småbruk i idylliske og landlige omgivelser - Tomt på ca. 3,5 daa - Låve med flere bruksmuligheter - Naustrett","Tangevegen 3, 6475 Midsund",6475,Midsund,2 750 000 kr,2 819 840 kr,69 840 kr,,125 977 kr,Gårdsbruk/Småbruk,Selveier,,106 m² (BRA-i),156 m²,,4,,1931,,3 583 m² (eiet),3583,3.6,D - Gul,1506,458,11,5,"Velkommen til Tangevegen 3! Eiendommen ligger fint til på Tangen på øya Midsund i Molde kommune. Eiendommen passer utmerket til de som ønsker å bo i et landlig og fredlig bomiljø. Eiendommen egner seg som landsted for de som ønsker et rolig fristed. Eiendommen tilbyr i blant annet følgende kvaliteter: - Sjarmerende, eldre våningshus som er oppgradert i flere omganger. - Låve med flere bruksmuligheter. - Tomt på ca. 3,5 daa, hvorav 0,9 daa er fulldyrket jord ifølge Gårdskart. - Naustrett delt med annen rettighetshaver. - Mulighet for kjøp av båtplass.* Boligen går over 3 plan og inneholder følgende: 1. etasje: Innredet rom. tv-stue, stue, kjøkken, trappegang, entre, wc-rom og bad. 2. etasje: Innredet rom, 4 soverom og gang. Kjeller: Innredet kjeller, kjellerstue, vaskerom, bod og teknisk bod. Låven går over 2 plan og rommer totalt ca. 148 kvm.  Låven har mange bruksmuligheter. *Eventuell kjøp av båtplass må avtales med selger i etterkant av kjøp av eiendommen. Minus Vis mindre NB: Knappen for å vise hele beskrivelsen har kun en visuell effekt. Pluss tegn Vis hele beskrivelsen NB: Knappen for å vise hele beskrivelsen har kun en visuell effekt. Salgsoppgaven beskriver vesentlig og lovpålagt informasjon om eiendommen Se komplett salgsoppgave Nyttige lenker Gi bud Bestill salgsoppgave Eiendommens hjemmeside Visning torsdag, 24. september 16:00 – 17:00 Legg til i kalender Velkommen til visning! Alle våre visninger har påmelding. På denne måten sikrer vi at megler har god oversikt og tid til å imøtekomme alle interessenter på beste måte. Dette er veldig verdifullt for boligkjøpere og for oss. Det er enkelt å melde seg på, og du kan like enkelt melde deg av. Kontakt også gjerne megler i forkant av visning dersom du har spørsmål. Husk å lese komplett salgsoppgave før visning. Bestill komplett, utskriftsvennlig salgsoppgave. Visningspåmelding Gi bud Nyttige lenker Gi bud Bestill salgsoppgave Eiendommens hjemmeside Nærområdet Kart Tangevegen 3, 6475 Midsund Annonseinformasjon FINN-kode 476643025 Sist endret 18. sep. 2026 15:20 Referanse 45260123 Rapporter annonse Annonsene kan være mangelfulle i forhold til lovpålagt opplysningsplikt. Før bindende avtale inngås oppfordres interessenter til å innhente komplett informasjon fra meglerforetaket, selger eller utleier.",2026-09-21T09:37:53+00:00
476562738,https://www.finn.no/realestate/homes/ad.html?finnkode=476562738,"Landbrukseiendom med to våningshus, låve og stabbur. 42 daa fulldyrket jord. Eiendom med potensiale.","Østamovegen 32 og 38, 2150 Årnes",2150,Årnes,4 000 000 kr,4 106 090 kr,106 090 kr,,195 965 kr,Gårdsbruk/Småbruk,Selveier,,172 m² (BRA-i),425 m²,,4,,,,66 298 m² (eiet),66298,66.3,,3228,163,21,5,"Sandby Søndre er en landbrukseiendom med landlig og usjenert beliggenhet i et aktivt jordbruksområde i Nes kommune. Eiendommen omfatter totalt ca. 66,3 daa, hvorav ca. 42 daa dyrket mark og ca. 18,4 daa produktiv skog. Jordbruksarealet er samlet på to teiger i umiddelbar nærhet til tunet, og arronderingen vurderes som god for rasjonell drift. Skogen har høy bonitet med furu som dominerende treslag, og representerer primært en ressurs for veduttak. Eiendommen har to tun med tradisjonell låve, stabbur, garasje og to våningshus. Begge boligene er eldre og har behov for vedlikehold og oppgradering, men gir mulighet for bolig til eier, familie eller tilleggsbruk. Samlet sett er dette en eiendom med gode forutsetninger for videre landbruksdrift og utvikling. Minus Vis mindre NB: Knappen for å vise hele beskrivelsen har kun en visuell effekt. Pluss tegn Vis hele beskrivelsen NB: Knappen for å vise hele beskrivelsen har kun en visuell effekt. Salgsoppgaven beskriver vesentlig og lovpålagt informasjon om eiendommen Se komplett salgsoppgave Nyttige lenker Bestill salgsoppgave Visning tirsdag, 29. september 16:30 – 17:30 Legg til i kalender Ønsker du å delta på visningen ber vi deg melde deg på slik at vi vet at du kommer. Da kan vi bistå alle best mulig og gi deg tiden du trenger på visningen. Visningen avholdes bare dersom det er påmeldte. Ta gjerne kontakt med megler før visning hvis du har noen spørsmål. Velkommen! Husk å lese komplett salgsoppgave før visning. Bestill komplett, utskriftsvennlig salgsoppgave. Visningspåmelding Gi bud Nyttige lenker Bestill salgsoppgave Nærområdet Kart Østamovegen 32 og 38, 2150 Årnes Annonseinformasjon FINN-kode 476562738 Sist endret 17. sep. 2026 14:07 Referanse 6024260051 Rapporter annonse Annonsene kan være mangelfulle i forhold til lovpålagt opplysningsplikt. Før bindende avtale inngås oppfordres interessenter til å innhente komplett informasjon fra meglerforetaket, selger eller utleier.",2026-09-21T09:37:54+00:00
476537593,https://www.finn.no/realestate/homes/ad.html?finnkode=476537593,"Sjarmerende lanbrukseiendom på ca. 48 dekar med sentral beliggenhet i Heddal - Våningshus, eldhus, loft og garasje","Håbergvegen 11, 3677 Notodden",3677,Notodden,4 000 000 kr,4 101 090 kr,101 090 kr,,144 175 kr,Gårdsbruk/Småbruk,Selveier,,193 m² (BRA-i),484 m²,,3,,1858,2,47 932 m² (eiet),47932,47.9,,4005,18,2,5,"Eiendommen har en solrik og sentral beliggenhet i bygda, med kort gang- og sykkelavstand til skole, barnehage, idrettsanlegg og øvrige servicetilbud. Fra eiendommen er det også kort vei til flotte turområder i Heddalsåsen og Folkestien langs Heddøla. Eiendommen har et samlet areal på ca. 48 daa, ifølge NIBIOs Gårdskart herav ca. 36,6 daa. fulldyrka jord og 4,1 daa produktiv skog. Våningshuset ble opprinnelig oppført i 1858 og senere tilbygget i flere omganger. Boligen har en innholdsrik planløsning med entré, to stuer, kjøkken, soverom, toalettrom og kjellernedgang i første etasje. I andre etasje finner du stue, stue/soverom, soverom, bad og toalettrom. På tunet står det også oppført verksted, garasje og loft. Her har du mulighet til å realisere gårdsdrømmen, velkommen! Minus Vis mindre NB: Knappen for å vise hele beskrivelsen har kun en visuell effekt. Pluss tegn Vis hele beskrivelsen NB: Knappen for å vise hele beskrivelsen har kun en visuell effekt. Salgsoppgaven beskriver vesentlig og lovpålagt informasjon om eiendommen Se komplett salgsoppgave Nyttige lenker Meld interesse Se komplett salgsoppgave Gi bud Visning lørdag, 26. september 13:30 – 15:00 Legg til i kalender Visningspåmelding Gi bud Nyttige lenker Meld interesse Se komplett salgsoppgave Gi bud Nærområdet Kart Håbergvegen 11, 3677 Notodden Annonseinformasjon FINN-kode 476537593 Sist endret 17. sep. 2026 12:50 Referanse 621260103 Rapporter annonse Annonsene kan være mangelfulle i forhold til lovpålagt opplysningsplikt. Før bindende avtale inngås oppfordres interessenter til å innhente komplett informasjon fra meglerforetaket, selger eller utleier.",2026-09-21T09:37:55+00:00
476470938,https://www.finn.no/realestate/homes/ad.html?finnkode=476470938,Nes- Gårdsbruk med idyllisk beliggenhet og et sjarmerende våningshus - Renoveringsbehov- 66 daa. dyrket og 95 daa. skog,"Stegenveien 1081, 1821 Spydeberg",1821,Spydeberg,4 860 000 kr,4 996 390 kr,136 390 kr,,185 092 kr,Gårdsbruk/Småbruk,Selveier,,203 m² (BRA-i),203 m²,,4,,1920,2,192 900 m² (eiet),192900,192.9,,3118,476,3,5,"Nes ligger har flott beliggenhet vest for Øyeren i Spydeberg. Gårdens totale areal er om lag 192,9 daa., hvorav 66 daa. er dyrket mark og 121 daa. er produktiv skog (ca. 26 daa. av disse ligger innenfor verneområde Bogen naturreservat). Jord og skog ligger samlet rundt tunet og er godt egnet for kornproduksjon og videre landbruksdrift. Eiendommen inngår i felles jaktområde for elg og rådyr. Våningshuset byr på flere stuer, romslig bad og 4 soverom. Tunet kompletteres av et sjarmerende stabbur og en eldre garasje. Det er gjennomgående behov for oppgraderinger av bygningsmassen. Det er fra gården kort vei til både Spydeberg og Askim med gode pendlermuligheter til byen. Et godt utgangspunkt for videre landbruksdrift, enkelt dyrehold og som et idyllisk bosted. Velkommen på visning! Minus Vis mindre NB: Knappen for å vise hele beskrivelsen har kun en visuell effekt. Pluss tegn Vis hele beskrivelsen NB: Knappen for å vise hele beskrivelsen har kun en visuell effekt. Salgsoppgaven beskriver vesentlig og lovpålagt informasjon om eiendommen Se komplett salgsoppgave Nyttige lenker Bestill prospekt Gi bud Visning søndag, 27. september 12:00 – 13:00 Legg til i kalender tirsdag, 29. september 17:00 – 18:00 Legg til i kalender Husk å lese komplett salgsoppgave før visning. Bestill komplett, utskriftsvennlig salgsoppgave. Visningspåmelding Gi bud Nyttige lenker Bestill prospekt Gi bud Nærområdet Kart Stegenveien 1081, 1821 Spydeberg Annonseinformasjon FINN-kode 476470938 Sist endret 17. sep. 2026 11:09 Referanse GAR30.2669 Rapporter annonse Annonsene kan være mangelfulle i forhold til lovpålagt opplysningsplikt. Før bindende avtale inngås oppfordres interessenter til å innhente komplett informasjon fra meglerforetaket, selger eller utleier.",2026-09-21T09:37:56+00:00
476608686,https://www.finn.no/realestate/homes/ad.html?finnkode=476608686,"Store Holm | Tradisjonelt gårdsbruk med godt ressursgrunnlag | To boliger | 818,7 dekar totalt","Iddeveien 55, 57 og 61, 1765 Halden",1765,Halden,13 500 000 kr,13 852 390 kr,352 390 kr,,1 092 288 kr,Gårdsbruk/Småbruk,Selveier,,334 m² (BRA-i),403 m²,,5,,1902,2,818 700 m² (eiet),818700,818.7,,3101,168,1,5,"Store Holm i Halden er en tradisjonell og sentralt beliggende landbrukseiendom med 311 daa. dyrket og 480 daa. skog, hvorav 410 til 420 daa. produktivt. Ressursgrunnlaget på eiendommen er godt og jordsmonnet er kjent for gode vekstvilkår. Beliggenheten er både sentral og usjenert, og tunet har alle kvalitetene et gårdsbruk skal ha. Det er intimt, de historiske bygningene er intakte og det er gode muligheter for å etablere større riggplasser ved behov. Eiendommen består av våningshus, kårbolig, driftsbygning og innredet stabbur. Helt syd på eiendommen ligger Bergerløkka med et eldre matrikulert bolighus og kapell. Store Holm er med andre ord en landbrukseiendom med et godt potensiale for selvstendig drift og videre utvikling. Velkommen. Minus Vis mindre NB: Knappen for å vise hele beskrivelsen har kun en visuell effekt. Pluss tegn Vis hele beskrivelsen NB: Knappen for å vise hele beskrivelsen har kun en visuell effekt. Salgsoppgaven beskriver vesentlig og lovpålagt informasjon om eiendommen Se komplett salgsoppgave Nyttige lenker Bestill prospekt Gi bud Visning søndag, 27. september 13:00 – 14:00 Legg til i kalender tirsdag, 29. september 18:00 – 19:00 Legg til i kalender Husk å lese komplett salgsoppgave før visning. Bestill komplett, utskriftsvennlig salgsoppgave. Visningspåmelding Gi bud Nyttige lenker Bestill prospekt Gi bud Nærområdet Kart Iddeveien 55, 57 og 61, 1765 Halden Annonseinformasjon FINN-kode 476608686 Sist endret 17. sep. 2026 11:09 Referanse GAR30.2662 Rapporter annonse Annonsene kan være mangelfulle i forhold til lovpålagt opplysningsplikt. Før bindende avtale inngås oppfordres interessenter til å innhente komplett informasjon fra meglerforetaket, selger eller utleier.",2026-09-21T09:37:59+00:00
476612002,https://www.finn.no/realestate/homes/ad.html?finnkode=476612002,Konsesjonsfritt småbruk med våningshus og løe solrikt beliggende ved Vågenes Camping. Naustetomt/​båtfeste.,"Vågenesvegen 61, 5936 Manger",5936,Manger,2 190 000 kr,2 245 840 kr,55 840 kr,,,Gårdsbruk/Småbruk,Selveier,,121 m² (BRA-i),121 m²,,4,,1904,,51 990 m² (eiet),51990,52.0,,4631,430,5,5,"Velkommen til Vågenesvegen 61, en fritidsbolig i fantastiske omgivelser på Vågenes på Radøy. Eiendommen ligger usjenert og landlig til med gode solforhold fra morgen til kveld. Det er gangavstand ned til sjø ved Vågenes Camping som har småbåthavn samt gode muligheter for fiske og bading. Der har eiendommen en tilhørende naustetomt med båtfesterett. Se salgsoppgave for mer info. Boligen er omringet av grønn natur som strekker seg over hele området. Vågenes ligger praktisk til med kun en ti minutters kjøretur unna Bøvågen og Manger som har dagligvarebutikker. Ca. 1 time fra Bergen sentrum. Minus Vis mindre NB: Knappen for å vise hele beskrivelsen har kun en visuell effekt. Pluss tegn Vis hele beskrivelsen NB: Knappen for å vise hele beskrivelsen har kun en visuell effekt. Salgsoppgaven beskriver vesentlig og lovpålagt informasjon om eiendommen Se komplett salgsoppgave Nyttige lenker Eiendommens hjemmeside Interessert i denne eiendommen? Visning onsdag, 23. september 16:30 – 17:30 Legg til i kalender Husk å lese komplett salgsoppgave før visning. Bestill komplett, utskriftsvennlig salgsoppgave. Visningspåmelding Gi bud Nyttige lenker Eiendommens hjemmeside Interessert i denne eiendommen? Nærområdet Kart Vågenesvegen 61, 5936 Manger Annonseinformasjon FINN-kode 476612002 Sist endret 17. sep. 2026 09:15 Referanse 9260182 Rapporter annonse Annonsene kan være mangelfulle i forhold til lovpålagt opplysningsplikt. Før bindende avtale inngås oppfordres interessenter til å innhente komplett informasjon fra meglerforetaket, selger eller utleier.",2026-09-21T09:38:01+00:00
476593078,https://www.finn.no/realestate/homes/ad.html?finnkode=476593078,"Øymo - 146 daa. landbrukseiendom ved Neskollen | 138,6 daa. fulldyrka jord i én teig | Ca. 1 005 m² driftsbygninger","Nesfeltet 123, 2165 Hvam",2165,Hvam,11 430 000 kr,11 716 840 kr,286 840 kr,,583 284 kr,Gårdsbruk/Småbruk,Selveier,,147 m² (BRA-i),147 m²,,3,,1938,2,146 136 m² (eiet),146136,146.1,,3228,78,19,5,"Øymo er en innholdsrik landbrukseiendom i åpent kulturlandskap ved Neskollen i Nes kommune. Eiendommen har et totalareal på ca. 146,1 daa, hvorav ca. 138,6 daa er fulldyrka jord samlet i én godt arrondert teig rundt gårdstunet. Jorda benyttes til produksjon av korn, potet, gras og ferdigplen. Bygningsmassen består av våningshus fra 1938, låve på ca. 650 m², redskapshus på ca. 290 m² og garasje. Driftsbygningene gir gode lager-, verksted- og utleiemuligheter. Deler av bygningsmassen og utearealene er utleid. Her bor man landlig og sentralt, med skoler, barnehager, butikker, idrettsanlegg og kollektivtransport på Neskollen et steinkast unna, ca. 8 km til Årnes og ca. 12 km til Jessheim. Minus Vis mindre NB: Knappen for å vise hele beskrivelsen har kun en visuell effekt. Pluss tegn Vis hele beskrivelsen NB: Knappen for å vise hele beskrivelsen har kun en visuell effekt. Salgsoppgaven beskriver vesentlig og lovpålagt informasjon om eiendommen Se komplett salgsoppgave Nyttige lenker Bestill prospekt Gi bud Visning torsdag, 24. september 17:00 – 18:00 Legg til i kalender Husk å lese komplett salgsoppgave før visning. Bestill komplett, utskriftsvennlig salgsoppgave. Visningspåmelding Gi bud Nyttige lenker Bestill prospekt Gi bud Nærområdet Kart Nesfeltet 123, 2165 Hvam Annonseinformasjon FINN-kode 476593078 Sist endret 16. sep. 2026 20:44 Referanse GAR30.2676 Rapporter annonse Annonsene kan være mangelfulle i forhold til lovpålagt opplysningsplikt. Før bindende avtale inngås oppfordres interessenter til å innhente komplett informasjon fra meglerforetaket, selger eller utleier.",2026-09-21T09:38:02+00:00
476591264,https://www.finn.no/realestate/homes/ad.html?finnkode=476591264,Unikt småbruk med høy standard. 2 boenheter. Rikelig med muligheter.,"Bjørnstadgata 192 og 194, 1792 Tistedal",1792,Tistedal,14 000 000 kr,14 351 390 kr,351 390 kr,,,Gårdsbruk/Småbruk,Selveier,,271 m² (BRA-i),942 m²,,5,,1912,,45 594 m² (eiet),45594,45.6,,3101,180,17,7,"Velkommen til vakre Nytorp - en unik mulighet for deg som søker kombinasjon av å kunne bo- og drive aktiviteter og / eller en virksomhet nær der folk bor. Generasjonsbolig med to flotte boenheter. Ombygd låve til møterom og spa, samt med velutstyrt storkjøkken. Gårdsbutikk med utsalg. Hønseri med pakkerom og utsalg. Røykeri. Lager og garasjeanlegg. Grillhytte og stabbur m.m. Alle bygninger fremstår som særdeles påkostede og er vel ivaretatt. Minus Vis mindre NB: Knappen for å vise hele beskrivelsen har kun en visuell effekt. Pluss tegn Vis hele beskrivelsen NB: Knappen for å vise hele beskrivelsen har kun en visuell effekt. Salgsoppgaven beskriver vesentlig og lovpålagt informasjon om eiendommen Se komplett salgsoppgave Visning mandag, 28. september 17:00 – 18:00 Legg til i kalender tirsdag, 06. oktober 17:00 – 18:00 Legg til i kalender Ved annonsert visning er det viktig at du melder deg på visningen ved å bruke visningspåmeldingsknappen eller kontakter megler. Annonserte visninger hvor det ikke er noen påmeldte innen kl. 16.00 dagen før visningsdagen vil ikke bli avholdt. For visninger utover dette, ta direkte kontakt med megler. Husk å lese komplett salgsoppgave før visning. Bestill komplett, utskriftsvennlig salgsoppgave. Visningspåmelding Gi bud Nærområdet Kart Bjørnstadgata 192 og 194, 1792 Tistedal Annonseinformasjon FINN-kode 476591264 Sist endret 18. sep. 2026 12:04 Referanse 1101260074 Rapporter annonse Annonsene kan være mangelfulle i forhold til lovpålagt opplysningsplikt. Før bindende avtale inngås oppfordres interessenter til å innhente komplett informasjon fra meglerforetaket, selger eller utleier.",2026-09-21T09:38:03+00:00
475805094,https://www.finn.no/realestate/homes/ad.html?finnkode=475805094,Meget idyllisk og flott skogbrukseiendom med fjøs og dobbelgarasje like ved Grønlivatnet - kun 10 min fra Rindal Sentrum,"Grønlivegen 572, 6657 Rindal",6657,Rindal,2 490 000 kr,2 553 640 kr,63 640 kr,,190 367 kr,Gårdsbruk/Småbruk,Selveier,,177 m² (BRA-i),453 m²,,3,,1937,,552 328 m² (eiet),552328,552.3,,5061,22,22,5,"Velkommen til Grønlivegen 572 - en flott skogbrukseiendom med masse muligheter Eiendommen ligger fantastisk til like ved Grønlivatnet og i foten av Furuhaugmarka. Her bor man fredfullt med naturen rett utenfor døra. Våningshuset er opprinnelig oppført i 1937 og er senere vesentlig modernisert og påbygd i 2010. Bygningen fremstår generelt som normalt vedlikeholdt, med flere oppgraderte bygningsdeler fra tilbyggs- og rehabiliteringsperioden. Taktekking, kledning, drenering og flere tekniske installasjoner er oppgradert i forbindelse med arbeidene i 2010. På eiendommen finner man også en nyere dobbelgarasje og et eldre fjøs med masse bruksmuligheter. Eiendommen har også jaktrettigheter gjennom grunneierlag. Det er kun 10 minutter fra Rindal sentrum. Velkommen til visning! Minus Vis mindre NB: Knappen for å vise hele beskrivelsen har kun en visuell effekt. Pluss tegn Vis hele beskrivelsen NB: Knappen for å vise hele beskrivelsen har kun en visuell effekt. Salgsoppgaven beskriver vesentlig og lovpålagt informasjon om eiendommen Se komplett salgsoppgave Visning torsdag, 24. september 17:00 – 18:00 Legg til i kalender Ved annonsert visning er det viktig at du melder deg på visningen ved å bruke visningspåmeldingsknappen eller kontakter megler. Annonserte visninger hvor det ikke er noen påmeldte innen kl. 20.00 dagen før visningsdagen vil ikke bli avholdt. For visninger utover dette, ta direkte kontakt med megler. Husk å lese komplett salgsoppgave før visning. Bestill komplett, utskriftsvennlig salgsoppgave. Visningspåmelding Gi bud Nærområdet Kart Grønlivegen 572, 6657 Rindal Annonseinformasjon FINN-kode 475805094 Sist endret 17. sep. 2026 13:56 Referanse 1702260113 Rapporter annonse Annonsene kan være mangelfulle i forhold til lovpålagt opplysningsplikt. Før bindende avtale inngås oppfordres interessenter til å innhente komplett informasjon fra meglerforetaket, selger eller utleier.",2026-09-21T09:38:05+00:00
476018387,https://www.finn.no/realestate/homes/ad.html?finnkode=476018387,"Stor landbrukseiendom m/​ nydelig beliggenhet v/​ Drevvatnet | Ca. 9 300 daa | Jakt, fiske, skog & fjell! - DITT NYE HJEM?","Drevvassvegen 271, 8672 Elsfjord",8672,Elsfjord,3 200 000 kr,3 281 090 kr,81 090 kr,,886 921 kr,Gårdsbruk/Småbruk,Selveier,,301 m² (BRA-i),301 m²,,4,,1957,,9 328 906 m² (eiet),9328906,9328.9,,1824,179,1,5,"Velkommen til Drevvassvegen 271! Innholdsrik landbrukseiendom med våningshus, driftsbygninger og hytte ved Drevvatnet. Eiendommen ligger landlig til ved Drevvatnet i Vefsn kommune, omgitt av åpne kulturlandskap og skogsarealer. På eiendommen står det et våningshus som er moden for renovering, en romslig driftsbygning med integrert garasje, et eldre fjøs, samt en frittstående hytte og laftet badstue. Eiendommen har en åpen og naturskjønn beliggenhet ved Drevvatnet i Elsfjord, omkranset av dyrket mark, produktiv skog og omkringliggende fjell. Her bor du med direkte tilgang til helårs friluftsliv rett fra tunet. Høydepunkter: Våningshus oppført over fire plan med tilbygg Driftsbygning på ca. 400 m² med garasje og gode lagringsmuligheter Frittstående hytte på ca. 35 m² og badstue på ca. 10 m² Eldorado for deg som er glad i fjellturer, jakt, fiske, båt, snøscooter etc. Minus Vis mindre NB: Knappen for å vise hele beskrivelsen har kun en visuell effekt. Pluss tegn Vis hele beskrivelsen NB: Knappen for å vise hele beskrivelsen har kun en visuell effekt. Salgsoppgaven beskriver vesentlig og lovpålagt informasjon om eiendommen Se komplett salgsoppgave Nyttige lenker Eiendommens hjemmeside Bestill salgsoppgave Visning tirsdag, 29. september 17:00 – 18:00 Legg til i kalender Alle våre visninger har påmelding. Dette for at vi kan planlegge visningene best mulig, og ha god tid til de som kommer. Det er enkelt å melde seg på, og du kan like enkelt melde deg av. Visninger uten påmeldte deltakere kan bli avlyst. Husk å lese komplett salgsoppgave før visning. Bestill komplett, utskriftsvennlig salgsoppgave. Visningspåmelding Gi bud Nyttige lenker Eiendommens hjemmeside Bestill salgsoppgave Nærområdet Kart Drevvassvegen 271, 8672 Elsfjord Annonseinformasjon FINN-kode 476018387 Sist endret 16. sep. 2026 12:23 Referanse 15260100 Rapporter annonse Annonsene kan være mangelfulle i forhold til lovpålagt opplysningsplikt. Før bindende avtale inngås oppfordres interessenter til å innhente komplett informasjon fra meglerforetaket, selger eller utleier.",2026-09-21T09:38:06+00:00
476539461,https://www.finn.no/realestate/homes/ad.html?finnkode=476539461,"Sentralt beliggende landbrukseiendom med praktisk tun, låve med lager og kontor muligheter. Stort innbydende våningshus.","Heliveien 245, 1821 Spydeberg",1821,Spydeberg,9 990 000 kr,10 240 840 kr,250 840 kr,,213 896 kr,Gårdsbruk/Småbruk,Selveier,,269 m² (BRA-i),269 m²,,5,,1910,,81 800 m² (eiet),81800,81.8,Rom,3118,433,10,5,"Arealer Totalt bruksareal: 269,0 m² BRA-i: 269,0 m² BRA-e: 805,0 m² BRA-b: 0,0 m² I tillegg kommer TBA (terrasse-/balkongareal): 6,0 m² BRA-i: Internt bruksareal. BRA-e: Eksternt bruksareal. Dersom dette arealet befinner seg i sameie, borettslag, aksjesalg e.l. vil normalt sett disse arealene ikke være eid av boligen, de er kun disponert på salgstidspunktet. Arealet kan f. eks. omrokeres av styret i ettertid. BRA-b: Innglasset balkong. GUA: Gulvareal. ALH: Areal med lav himlingshøyde. Se vedlagte tilstandsrapport for nærmere beskrivelse av arealene. Arealene er oppmålt av bygningssakkyndig og ikke kontrollert/oppmålt av eiendomsmegler. Arealene er oppgitt iht NS 3940 Areal- og volumberegninger av bygninger. Velkommen til Grinda Gård, Heliveien 245. Grinda er en attraktiv landbrukseiendom med innholdsrik driftsbygning og utearealer som gir store muligheter. Har du eget firma som entreprenør eller håndverker og trenger lagerplass, både ute og inne, samt kontorlokaler? Grinda er muligens eiendommen for deg. Ønsker du i tillegg å bo i et sjelfullt stort hus med god plass og hele 6 soverom?  Grinda kan da være eiendommen for deg. Ønsker du å bo landelig, men sentralt, og ha mulighet til . eks hest  eller sau på beite? Grinda kan definitivt være eiendommen for deg. Det er store opparbeidede utearealer rundt låven. Gården har en sentral, men samtidig landlig beliggenhet like sør for Spydeberg sentrum. Eiendommen ligger høyt og fritt i et vakkert kulturlandskap med gode solforhold og flott utsikt over nærområdet. Her får man kombinasjonen av landlig idyll og kort vei til alle daglige servicetilbud. Eiendommen består av totalt ca. 81,8 dekar fordelt på ca. 43,5 dekar full-dyrket jord, ca. 1 dekar innmarksbeite, ca. 30,5 dekar produktiv skog samt tun- og øvrige arealer. Tunet er pent opparbeidet med gårdsplass, plen-arealer og gode parkerings/ lager muligheter for større redskap. Eiendommen har en attraktiv beliggenhet med nærhet til skole, barnehage, dagligvarebutikker og øvrige servicetilbud i Spydeberg sentrum. Tunet ligger ca. 300 meter fra Spydeberg Skole (1-7 kl.). Det er også kort avstand til både togstasjon og E18, som gir enkel pendler-avstand til Oslo og øvrige deler av Østfold. Eiendommen er bebygd med våningshus, stor låve/driftsbygning med lager- og kontordel samt et frittstående lagerbygg/vognskjul. Våningshus Våningshuset er opprinnelig oppført tidlig på 1900-tallet og ble betydelig utvidet og modernisert frem til 2002. Boligen fremstår som en svært romslig familiebolig med god planløsning og store oppholdsrom. Boligen inneholder blant annet flere stuer, kjøkken med spiseplass, seks soverom, loftstue/gang, bad, toalett rom, teknisk/vaske rom, entré og hall med trapp. Kjøkkenet ble modernisert i 2016 og har god skap- og benkeplass. Badet i andre etasje er romslig og utstyrt med blant dusjkabinett. Boligen har vannbåren gulvvarme i store deler av boligen, vedfyring og luft-til-luft varmepumpe. Boligen fremstår med normal standard sett i forhold til alder og moderniserings-tidspunkt, men det må påregnes noe vedlikehold og oppgraderinger over tid. Interessenter oppfordres til å sette seg grundig inn i vedlagt tilstandsrapport. Låve og driftsbygning Eiendommen har en stor låve/driftsbygning med lager- og kontordel. Bygningen er innredet med betydelige lagerarealer og representerer mange muligheter for næringsvirksomhet, oppbevaring eller videre utleie. Låven har tidligere vært utleid og har generert gode leieinntekter. Bygningen kan være spesielt interessant for kjøpere som ønsker plass til lagring, næringsvirksomhet eller annen gårds-relatert aktivitet. Lagerbygg / vognskjul I tillegg finnes et frittstående lagerbygg oppført i 2012. Bygningen har enkel og funksjonell standard og egner seg godt til lagring av maskiner, kjøretøy, utstyr eller annet materiell. Jord- og skogarealer Eiendommen har ca. 43,5 dekar full-dyrket jord som de senere årene har vært benyttet til grasproduksjon. Jorda er godt egnet også til kornproduksjon eller beite for dyr. Det er stor etterspørsel etter leiejord i området. Jorden har vært utleid for kr 22 875,- inkl. mva. per år. Det er ingen bindinger men det er sannsynlig at leier kan være villig til å videreføre leie med ny eier. Produktiv skog utgjør ca. 30,5 dekar, hovedsakelig med høy bonitet. Skogen gir muligheter for uttak av ved til eget bruk og/eller vedproduksjon. Oppsummering Landbrukseiendom på ca. 81,8 dekar. Ca. 43,5 dekar full-dyrket jord. Ca. 30,5 dekar produktiv skog med høy bonitet. Romslig våningshus med seks soverom. Stor låve med lager- og kontordel. Frittstående lagerbygg/vognskjul. Tidligere utleieinntekter fra bygninger og arealer. Kort vei til Spydeberg sentrum, togstasjon og E18. Flott og landlig beliggenhet med gode sol- og utsiktsforhold.",2026-09-21T09:38:08+00:00
476475606,https://www.finn.no/realestate/homes/ad.html?finnkode=476475606,"Stubsrud Gård | 19,7 dekar totalt | Mulighet for utleie | Stor driftsbygning/​lager/​garasje | 20 min til Holmestrand","Odderudveien 50, 3089 Holmestrand",3089,Holmestrand,7 500 000 kr,7 702 390 kr,202 390 kr,,,Gårdsbruk/Småbruk,Selveier,,,356 m²,,4,,1910,2,19 748 m² (eiet),19748,19.7,,3903,106,1,5,"Stubsrud Gård er en landbrukseiendom med flott og landlig beliggenhet i Odderud/Hillestad i Holmestrand kommune. Eiendommen omfatter ca. 19,7 dekar og består av én sammenhengende teig med tun, to bolighus, garasje, vognskjul, driftsbygning og drivhus. Samlet bruksareal for bygningsmassen er oppgitt til 1 115 m². Hovedbygningen er oppført omkring 1910, mens sidebygningen er oppført omkring 1890. Eiendommen ligger i et naturskjønt område omgitt av kulturlandskap, skog og jordbruksarealer. Her får man rolige omgivelser med gode muligheter for friluftsliv, turer og rekreasjon gjennom hele året.  For pendlere gir eiendommen gode forbindelser til nærliggende byer og arbeidsmarkeder. Det er enkel adkomst til E18, som gir effektiv reisevei mot blant annet Drammen, Tønsberg og Oslo. Minus Vis mindre NB: Knappen for å vise hele beskrivelsen har kun en visuell effekt. Pluss tegn Vis hele beskrivelsen NB: Knappen for å vise hele beskrivelsen har kun en visuell effekt. Salgsoppgaven beskriver vesentlig og lovpålagt informasjon om eiendommen Se komplett salgsoppgave Nyttige lenker Bestill prospekt Gi bud Visning torsdag, 24. september 17:00 – 18:00 Legg til i kalender Husk å lese komplett salgsoppgave før visning. Bestill komplett, utskriftsvennlig salgsoppgave. Visningspåmelding Gi bud Nyttige lenker Bestill prospekt Gi bud Nærområdet Kart Odderudveien 50, 3089 Holmestrand Annonseinformasjon FINN-kode 476475606 Sist endret 15. sep. 2026 17:01 Referanse GAR30.2660 Rapporter annonse Annonsene kan være mangelfulle i forhold til lovpålagt opplysningsplikt. Før bindende avtale inngås oppfordres interessenter til å innhente komplett informasjon fra meglerforetaket, selger eller utleier.",2026-09-21T09:38:09+00:00
476355127,https://www.finn.no/realestate/homes/ad.html?finnkode=476355127,Drømmen om det perfekte småbruket | Ca. 24 mål tomt | Omfattende arbeid utført | Rammetillatelse for driftsbygning,"Engebråtan 4, 3090 Hof",3090,Hof,3 800 000 kr,3 896 090 kr,96 090 kr,,409 772 kr,Gårdsbruk/Småbruk,Selveier,,110 m² (BRA-i),110 m²,,0,,1880,,23 996 m² (eiet),23996,24.0,,3903,283,9,5,"Velkommen til Engebråtan 4   et sjeldent småbruk med ca. 24 mål tomt, usjenert beliggenhet og fantastiske muligheter for deg som drømmer om livet på landet. Her er grunnlaget allerede lagt gjennom omfattende arbeider på både våningshus og eiendom, samtidig som ny eier får friheten til å ferdigstille og forme sitt eget drømmesmåbruk. Boligen fra ca. 1880 er under restaurering, hvor blant annet takkonstruksjon, grunnmur, gulv mot grunn, drenering, strømtilførsel og flere sentrale konstruksjoner er oppgradert. Eiendommen byr på vakre omgivelser med åpne jorder, skog og kort vei til Bergsvannet. I tillegg foreligger det tillatelse for oppføring av driftsbygning (se salgsoppgave for ytterlige informasjon og eiers boligmappe). En unik mulighet til å skape noe helt eget i fantastiske omgivelser. Minus Vis mindre NB: Knappen for å vise hele beskrivelsen har kun en visuell effekt. Pluss tegn Vis hele beskrivelsen NB: Knappen for å vise hele beskrivelsen har kun en visuell effekt. Salgsoppgaven beskriver vesentlig og lovpålagt informasjon om eiendommen Se komplett salgsoppgave Nyttige lenker Meld interesse Se komplett salgsoppgave Gi bud Visning søndag, 27. september 12:00 – 12:45 Legg til i kalender Velkommen til visning! Meld deg på annonsert visning ved å benytte funksjonen  Visningspåmelding  i boligannonsen. Passer ikke de oppsatte tidspunktene, eller dersom det ikke er annonsert visning, er du velkommen til å kontakte megler på telefon, e-post eller SMS for avtale om privatvisning. Annonserte visninger med megler til stede vil ikke bli avholdt uten påmeldte interessenter. Vi anbefaler derfor at påmelding registreres i god tid før visningen. Har du spørsmål om eiendommen, er du velkommen til å kontakte megler i forkant av visningen. Vi anbefaler også at salgsoppgaven og vedlegg gjennomgås nøye før oppmøte. Velkommen til en hyggelig visning! Visningspåmelding Gi bud Nyttige lenker Meld interesse Se komplett salgsoppgave Gi bud Nærområdet Kart Engebråtan 4, 3090 Hof Annonseinformasjon FINN-kode 476355127 Sist endret 15. sep. 2026 14:42 Referanse 608260130 Rapporter annonse Annonsene kan være mangelfulle i forhold til lovpålagt opplysningsplikt. Før bindende avtale inngås oppfordres interessenter til å innhente komplett informasjon fra meglerforetaket, selger eller utleier.",2026-09-21T09:38:11+00:00
463488941,https://www.finn.no/realestate/homes/ad.html?finnkode=463488941,"Landbrukseiendom på over 800daa med naust, fjøs og strandlinje!","Sjøtunvegen 404, 9108 Kvaløya",9108,Kvaløya,4 500 000 kr,4 613 850 kr,113 850 kr,,326 835 kr,Gårdsbruk/Småbruk,Selveier,,164 m² (BRA-i),290 m²,,1,,1970,2,830 276 m² (eiet),830276,830.3,Rom,5501,174,10,5,"Velkommen til Sjøtunvegen 404! En stor landbrukseiendom på over 800daa som strekker seg fra fjell til sjø. På eiendommen finner man enebolig med garasje, naust, eldre våningshus fra tidlig 1900-tall og fjøs det tidligere har vært sauer i. Eneboligen er oppført i 1970, og har bl.a fått oppgradert bad og kjøkken med årene. Enkelte deler har etterslep på vedlikehold, og interessenter bes sette seg inn i salgsoppgave før visning. Eiendommen har også årlige inntekter fra vindmølle på eiendommen. Eneboligen har tidligere hatt tre soverom, men to av disse er flyttet på og tegninger stemmer derfor ikke overens med dagens bruk. To rom i underetasje har tidligere vært brukt som soverom. Eiendommen går over to deler der ene halvparten ligger innerst i Sørfjorden. Ta kontakt for mer informasjon! Minus Vis mindre NB: Knappen for å vise hele beskrivelsen har kun en visuell effekt. Pluss tegn Vis hele beskrivelsen NB: Knappen for å vise hele beskrivelsen har kun en visuell effekt. Salgsoppgaven beskriver vesentlig og lovpålagt informasjon om eiendommen Se komplett salgsoppgave Nyttige lenker Gi bud Eiendommens hjemmeside Bestill prospekt / Budvarsel Visning torsdag, 24. september 18:00 – 18:45 Legg til i kalender Vi ønsker visninger med høyest mulig servicegrad og forutsigbarhet. Derfor har vi alltid påmelding til visning. Meld deg på visning via lenken Visningspåmelding eller kontakt meg på tlf. eller e-post for å avtale tidspunkt. Visninger uten påmeldte deltagere vil bli avlyst. Husk å lese komplett salgsoppgave før visning. Bestill komplett, utskriftsvennlig salgsoppgave. Visningspåmelding Gi bud Nyttige lenker Gi bud Eiendommens hjemmeside Bestill prospekt / Budvarsel Nærområdet Kart Sjøtunvegen 404, 9108 Kvaløya Annonseinformasjon FINN-kode 463488941 Sist endret 15. sep. 2026 14:10 Referanse 1-0130/26 Rapporter annonse Annonsene kan være mangelfulle i forhold til lovpålagt opplysningsplikt. Før bindende avtale inngås oppfordres interessenter til å innhente komplett informasjon fra meglerforetaket, selger eller utleier.",2026-09-21T09:38:12+00:00
476394671,https://www.finn.no/realestate/homes/ad.html?finnkode=476394671,Vakker landbrukseiendom ved Randsfjorden,"Movegen 3, 2864 Fall",2864,Fall,10 800 000 kr,11 076 090 kr,276 090 kr,,370 185 kr,Gårdsbruk/Småbruk,Selveier,,552 m² (BRA-i),562 m²,,5,,1924,,1 359 900 m² (eiet),1359900,1359.9,,3447,68,2,5,"Usedvanlig vakkert opparbeidet landbrukseiendom ved Randsfjorden. Staselig våningshus med 5 soverom og 3 bad. Låve med innredet selskapslokale og butikklokale. Gårdstunet er omgitt av et stort hageområde og omkringliggende golfanlegg. Eiendommens totale utstrekning utgjør om lag 1 155 dekar, hvorav vel 900 dekar produktiv skog. Festeinntekter fra golfanlegg. Fra gårdstunet er det om lag en halvtimes kjøring til Raufoss og Gjøvik mot øst, og en times kjøring til Jevnaker mot sør. Eiendommen er konsesjonspliktig. Minus Vis mindre NB: Knappen for å vise hele beskrivelsen har kun en visuell effekt. Pluss tegn Vis hele beskrivelsen NB: Knappen for å vise hele beskrivelsen har kun en visuell effekt. Salgsoppgaven beskriver vesentlig og lovpålagt informasjon om eiendommen Se komplett salgsoppgave Nyttige lenker Bestill salgsoppgave Visning lørdag, 26. september 12:00 – 13:00 Legg til i kalender Ønsker du å delta på visningen ber vi deg melde deg på slik at vi vet at du kommer. Da kan vi bistå alle best mulig og gi deg tiden du trenger på visningen. Visningen avholdes bare dersom det er påmeldte senest dagen før visning. Ta gjerne kontakt med megler før visning hvis du har noen spørsmål. Velkommen! Husk å lese komplett salgsoppgave før visning. Bestill komplett, utskriftsvennlig salgsoppgave. Visningspåmelding Gi bud Nyttige lenker Bestill salgsoppgave Nærområdet Kart Movegen 3, 2864 Fall Annonseinformasjon FINN-kode 476394671 Sist endret 15. sep. 2026 15:41 Referanse 6024260116 Rapporter annonse Annonsene kan være mangelfulle i forhold til lovpålagt opplysningsplikt. Før bindende avtale inngås oppfordres interessenter til å innhente komplett informasjon fra meglerforetaket, selger eller utleier.",2026-09-21T09:38:14+00:00
476450130,https://www.finn.no/realestate/homes/ad.html?finnkode=476450130,"Sponkollen skog i Lier | 863 daa. totalt. 729 daa. produktivt, 60% i middels og høy boniteter | Koie med flott utsikt","Sponkollen Skogeiendom, 3404 Lier",3404,Lier,2 000 000 kr,2 064 890 kr,64 890 kr,,,Gårdsbruk/Småbruk,Selveier,,,,,0,,,,863 000 m² (eiet),863000,863.0,,3312,67,13,5,"Spennende skogeiendom med jakthytte i Grønne Lier. Eiendommen er samlet i én teig på 863 dekar, hvor 729 dekar er produktiv skog med stor andel av høye- og middels boniteter. På eiendommen står en koie med uthus og flott utsikt. Adkomst fra Eikseterveien vest for Egge, med kort vei til Oslo, Drammen og Lierbyen. Kontakt megler dersom du ønsker visning av eiendommen. Interessenter kan også foreta besiktigelse på egenhånd dersom ønskelig, hvor veibeskrivelse til koia er vedlagt i salgsoppgaven. Etter avtale med selger må alle bud på eiendommen være skriftlige med en vedståelsesfrist til tidligst tirsdag 29. September 2026 kl. 12.00. Benytt salgsoppgavens vedlagte budskjema eller ""gi bud"" funksjonen på Finn.no ved første budinnleggelse. Minus Vis mindre NB: Knappen for å vise hele beskrivelsen har kun en visuell effekt. Pluss tegn Vis hele beskrivelsen NB: Knappen for å vise hele beskrivelsen har kun en visuell effekt. Salgsoppgaven beskriver vesentlig og lovpålagt informasjon om eiendommen Se komplett salgsoppgave Nyttige lenker Bestill prospekt Gi bud Visning Ta kontakt for å avtale visning. Husk å lese komplett salgsoppgave før visning. Bestill komplett, utskriftsvennlig salgsoppgave. Visningspåmelding Gi bud Nyttige lenker Bestill prospekt Gi bud Nærområdet Kart Sponkollen Skogeiendom, 3404 Lier Annonseinformasjon FINN-kode 476450130 Sist endret 15. sep. 2026 11:07 Referanse GAR30.2679 Rapporter annonse Annonsene kan være mangelfulle i forhold til lovpålagt opplysningsplikt. Før bindende avtale inngås oppfordres interessenter til å innhente komplett informasjon fra meglerforetaket, selger eller utleier.",2026-09-21T09:38:14+00:00
476131238,https://www.finn.no/realestate/homes/ad.html?finnkode=476131238,Trivelig småbruk i landlige omgivelser på Våler vestside | Overbygd terrasse mot vest | ca. 48 daa fulldyrket jord,"Vestsidevegen 1810, 2435 Braskereidfoss",2435,Braskereidfoss,1 900 000 kr,,Kr. 1 900 000 Prisantydning,,148 814 kr,Gårdsbruk/Småbruk,Selveier,,150 m² (BRA-i),220 m²,,2,,,,132 500 m² (eiet),132500,132.5,Rom,3419,5,3,5,"Velkommen til Vestsidevegen 1810! Et landlig småbruk med enebolig over tre plan, frittstående låve og usjenerte uteområder med opparbeidet beplanting og bærbusker. Eiendommen har en fredelig beliggenhet i Våler. Boligen har en god planløsning med entré, gang, separat kjøkken, spisestue, stue og bad i første etasje. Fra stuen er det utgang til en vestvendt terrasse med takoverbygg, som gir en lun og fin uteplass. I andre etasje ligger to soverom, og kjelleren gir god plass til oppbevaring i flere råkjellerrom. Høydepunkter: - Vestvendt terrasse på 25 m² med takoverbygg og levegg - Frittstående låve på 70 m² innredet som lager og vedskåle - Kjøkkeninnredning med heltre benkeplate - Ca. 48 daa fulldyrka jord og ca. 60 dekar produktiv skog Velkommen til visning! Minus Vis mindre NB: Knappen for å vise hele beskrivelsen har kun en visuell effekt. Pluss tegn Vis hele beskrivelsen NB: Knappen for å vise hele beskrivelsen har kun en visuell effekt. Salgsoppgaven beskriver vesentlig og lovpålagt informasjon om eiendommen Se komplett salgsoppgave Nyttige lenker Bestill salgsoppgave Visning onsdag, 23. september 17:00 – 18:00 Legg til i kalender Ønsker du å delta på visningen ber vi deg melde deg på slik at vi vet at du kommer. Da kan vi bistå alle best mulig og gi deg tiden du trenger på visningen. Visningen avholdes bare dersom det er påmeldte senest 24 timer før visning. Ta gjerne kontakt med megler før visning hvis du har noen spørsmål. Velkommen! Husk å lese komplett salgsoppgave før visning. Bestill komplett, utskriftsvennlig salgsoppgave. Visningspåmelding Gi bud Nyttige lenker Bestill salgsoppgave Nærområdet Kart Vestsidevegen 1810, 2435 Braskereidfoss Annonseinformasjon FINN-kode 476131238 Sist endret 15. sep. 2026 10:10 Referanse 6024260129 Rapporter annonse Annonsene kan være mangelfulle i forhold til lovpålagt opplysningsplikt. Før bindende avtale inngås oppfordres interessenter til å innhente komplett informasjon fra meglerforetaket, selger eller utleier.",2026-09-21T09:38:16+00:00
402429334,https://www.finn.no/realestate/homes/ad.html?finnkode=402429334,"Øvergård - Innholdsrik gård i Sørskogbygda på 1.203 daa. med to bolighus, full konsesjon på egg og stort potensiale!","Kalsvevegen 4 og 6, 2412 Sørskogbygda",2412,Sørskogbygda,9 300 000 kr,9 547 390 kr,247 390 kr,,821 954 kr,Gårdsbruk/Småbruk,Selveier,,233 m² (BRA-i),244 m²,,3,,1935,2,1 203 700 m² (eiet),1203700,1203.7,,3420,180,47,5,"Øvergård har en idyllisk og naturskjønn beliggenhet i Sørskogbygda, kun ca. 20 minutter fra Elverum. Her får du en landlig og fredelig tilværelse med naturen tett på, samtidig som et aktivt nærmiljø med blant annet barneskole, barnehage og butikk er lett tilgjengelig. Gården har et totalt areal på 1 203,7 daa., hvorav ca. 6,7 daa. er dyrket mark og 855,9 daa. er produktiv skog. Gården har konsesjon for 7 500 høner, noe som gir et godt utgangspunkt for videre drift. Våningshuset er et sjarmerende bolighus med flere solrike uteplasser. Sidebygningen er godt tilrettelagt for utleie. Den øvrige bygningsmassen består blant annet av hønsehus, redskapsskjul, garasje, skur og seterbygninger. Øvergård er en innholdsrik gård med gode muligheter for både for drift, bokvalitet og friluftsliv! Minus Vis mindre NB: Knappen for å vise hele beskrivelsen har kun en visuell effekt. Pluss tegn Vis hele beskrivelsen NB: Knappen for å vise hele beskrivelsen har kun en visuell effekt. Salgsoppgaven beskriver vesentlig og lovpålagt informasjon om eiendommen Se komplett salgsoppgave Nyttige lenker Bestill prospekt Gi bud Visning søndag, 27. september 12:00 – 13:00 Legg til i kalender Alle våre visninger har påmelding. Skulle ingen være påmeldt til visningen innen fredag 25. september kl. 18:00 vil ikke visningen bli gjennomført. Passer ikke annonsert tidspunkt, ta kontakt så finner vi en løsning. Husk å lese komplett salgsoppgave før visning. Bestill komplett, utskriftsvennlig salgsoppgave. Visningspåmelding Gi bud Nyttige lenker Bestill prospekt Gi bud Nærområdet Kart Kalsvevegen 4 og 6, 2412 Sørskogbygda Annonseinformasjon FINN-kode 402429334 Sist endret 14. sep. 2026 19:46 Referanse GAR30.251 Rapporter annonse Annonsene kan være mangelfulle i forhold til lovpålagt opplysningsplikt. Før bindende avtale inngås oppfordres interessenter til å innhente komplett informasjon fra meglerforetaket, selger eller utleier.",2026-09-21T09:38:17+00:00
464390996,https://www.finn.no/realestate/homes/ad.html?finnkode=464390996,"Landlig småbruksidyll i Vestre Ådal. Ca. 50 mål tomt. Enebolig, uthus og anneks. Ca. 30 mål fulldyrket jord. 24 mål skog","Vestre Ådal 500, 3516 Hønefoss",3516,Hønefoss,5 790 000 kr,5 935 840 kr,145 840 kr,,,Gårdsbruk/Småbruk,Selveier,,229 m² (BRA-i),482 m²,,3,,1985,,50 640 m² (eiet),50640,50.6,Rom,3305,277,3,5,"Svært koselig småbruk med landlig og usjenert beliggenhet i vakre omgivelser i Vestre Ådal. Eiendommen ligger solrikt og idyllisk til omgitt av jorder, skog og flott natur. Her får man en sjelden kombinasjon av fredelige omgivelser, god plass og nærhet til naturen. Tunet består av en velholdt enebolig med praktisk planløsning over to etasjer, samt flere tilhørende bygninger og gode uteområder. Hovedhuset ble i all hovedsak bygget nytt i 2007, kun kjelleren og noe reisverk stod igjen av det gamle huset fra 1985. Kjelleren ble videre oppgradert  i 2022. Eiendommen omfatter ca. 30,7 mål fulldyrket jord og ca. 24,4 mål produktiv skog. Det foreligger ingen skriftlige leieavtaler på arealene, så her bestemmer ny eier alt selv. Forkjøpsretten på eiendommen blir ikke benyttet ved salget, og veirett blir tinglyst. Kontakt megler for spørsmål. Velkommen til hyggelig visning! Minus Vis mindre NB: Knappen for å vise hele beskrivelsen har kun en visuell effekt. Pluss tegn Vis hele beskrivelsen NB: Knappen for å vise hele beskrivelsen har kun en visuell effekt. Salgsoppgaven beskriver vesentlig og lovpålagt informasjon om eiendommen Se komplett salgsoppgave Nyttige lenker Gi bud Bestill salgsoppgave Eiendommens hjemmeside Visning Ta kontakt for å avtale visning. Husk å lese komplett salgsoppgave før visning. Bestill komplett, utskriftsvennlig salgsoppgave. Visningspåmelding Gi bud Nyttige lenker Gi bud Bestill salgsoppgave Eiendommens hjemmeside Nærområdet Kart Vestre Ådal 500, 3516 Hønefoss Annonseinformasjon FINN-kode 464390996 Sist endret 21. sep. 2026 06:08 Referanse 14260056 Rapporter annonse Annonsene kan være mangelfulle i forhold til lovpålagt opplysningsplikt. Før bindende avtale inngås oppfordres interessenter til å innhente komplett informasjon fra meglerforetaket, selger eller utleier.",2026-09-21T09:38:18+00:00
475960194,https://www.finn.no/realestate/homes/ad.html?finnkode=475960194,"Landeiendom på 5,5 daa i Brumunddal | Åpent kulturlandskap med vestvendt utsikt | Skjermet tomt med stort potensial","Bekkelundvegen 8, 2387 Brumunddal",2387,Brumunddal,500 000 kr,513 590 kr,13 590 kr,,506 990 kr,Gårdsbruk/Småbruk,Selveier,,144 m² (BRA-i),200 m²,,3,,1944,,5 509 m² (festet),5509,5.5,Rom,3411,701,16,5,"I naturskjønne og landlige omgivelser ved Mauset, Brumunddal selges nå dette småbruket, ca 6 km til Bumunddal sentrum. Enebolig har stort renoveringsbehov og lav teknisk standard og er pr. i dag ikke beboelig, og det anbefales å sette seg godt inn i salgsoppgaven og tilstandsrapporen. Eiendommen ligger tilbaketrukket fra vei i et stille og rolig område for det meste bestående av eng og skog med god utsikt mot vest. Her er det potensiale for å få et koselig småbruk med hest på enga og høner i hage. Velkommen på visning! Minus Vis mindre NB: Knappen for å vise hele beskrivelsen har kun en visuell effekt. Pluss tegn Vis hele beskrivelsen NB: Knappen for å vise hele beskrivelsen har kun en visuell effekt. Salgsoppgaven beskriver vesentlig og lovpålagt informasjon om eiendommen Se komplett salgsoppgave Nyttige lenker Bestill salgsoppgave Visning onsdag, 23. september 16:30 – 17:30 Legg til i kalender Ønsker du å delta på visningen ber vi deg melde deg på slik at vi vet at du kommer. Da kan vi bistå alle best mulig og gi deg tiden du trenger på visningen. Ta gjerne kontakt med megler før visning hvis du har noen spørsmål. Velkommen! Husk å lese komplett salgsoppgave før visning. Bestill komplett, utskriftsvennlig salgsoppgave. Visningspåmelding Gi bud Nyttige lenker Bestill salgsoppgave Nærområdet Kart Bekkelundvegen 8, 2387 Brumunddal Annonseinformasjon FINN-kode 475960194 Sist endret 14. sep. 2026 16:02 Referanse 6011260233 Rapporter annonse Annonsene kan være mangelfulle i forhold til lovpålagt opplysningsplikt. Før bindende avtale inngås oppfordres interessenter til å innhente komplett informasjon fra meglerforetaket, selger eller utleier.",2026-09-21T09:38:19+00:00
476406700,https://www.finn.no/realestate/homes/ad.html?finnkode=476406700,"Midtli -Landbrukseiendom med 241 mål stor tomt, jaktrettigheter og vannlinje til Vegårsvann","Vegårvassveien 400, 4980 Gjerstad",4980,Gjerstad,1 190 000 kr,1 220 840 kr,30 840 kr,,,Gårdsbruk/Småbruk,Selveier,,30 m² (BRA-i),50 m²,,1,,,,241 916 m² (eiet),241916,241.9,Rom,4211,20,10,7,"Midtli ligger lunt og idyllisk til ved Vegårsvann i Gjerstad kommune, omgitt av natur og med god avstand mellom hyttene. Her kan man nyte stillheten og ekte villmarksfølelse året rundt. Med båt tar turen over vannet ca. 12 14 minutter, mens det vinterstid, når isforholdene tillater det, er mulig å gå inn til eiendommen på rundt 30 minutter. Eiendommen har et stort areal på ca. 241 916 m² med rikelig skog og gode muligheter for vedhogst, bær- og sopplukking. Midtli er en gammel boplass med historie tilbake til 1700-tallet, og var fast bosatt frem til omkring 1905. Her var det tidligere både småskala jordbruk og husdyrhold, samt grendeskole for smågårdene rundt Vegårsvann. Velkommen! Minus Vis mindre NB: Knappen for å vise hele beskrivelsen har kun en visuell effekt. Pluss tegn Vis hele beskrivelsen NB: Knappen for å vise hele beskrivelsen har kun en visuell effekt. Salgsoppgaven beskriver vesentlig og lovpålagt informasjon om eiendommen Se komplett salgsoppgave Nyttige lenker Eiendommens hjemmeside Interessert i denne eiendommen? Visning Eiendomsmegler Norge sine visninger har påmelding. Påmelding gjøres enkelt ved å benytte knappen under. Ta kontakt med megler dersom oppsatt tidspunkt ikke passer. Det vil ikke bli avholdt visning uten påmelding, frist for påmelding er senest kl. 15.00 dagen før oppsatt visning. Husk å laste ned salgsoppgaven digitalt før visning. Velkommen til en hyggelig visning! Husk å lese komplett salgsoppgave før visning. Bestill komplett, utskriftsvennlig salgsoppgave. Visningspåmelding Gi bud Nyttige lenker Eiendommens hjemmeside Interessert i denne eiendommen? Nærområdet Kart Vegårvassveien 400, 4980 Gjerstad Annonseinformasjon FINN-kode 476406700 Sist endret 15. sep. 2026 20:04 Referanse 60260085 Rapporter annonse Annonsene kan være mangelfulle i forhold til lovpålagt opplysningsplikt. Før bindende avtale inngås oppfordres interessenter til å innhente komplett informasjon fra meglerforetaket, selger eller utleier.",2026-09-21T09:38:21+00:00
462886617,https://www.finn.no/realestate/homes/ad.html?finnkode=462886617,"Idyllisk småbruk med 8,8 mål tomt. Enebolig, trippelgarasje og låve med bl.a stallbokser. Landlig og solrikt","Modumveien 95, 3410 Sylling",3410,Sylling,5 250 000 kr,5 400 240 kr,150 240 kr,,1 153 500 kr,Gårdsbruk/Småbruk,Selveier,,166 m² (BRA-i),430 m²,,4,,1974,2,8 834 m² (eiet),8834,8.8,,3312,176,6,5,"Modumveien 95 er et koselig lite småbruk i Sylling. Her bor du i idylliske, landlige og solrike omgivelser, omkranset av skog, samtidig som det er kort vei til alle fasiliteter. Tomten på over 8,8 mål har plen, frukttrær, skog, gapahuk med bålplass, tilgang til bekk og en stor grusbane perfekt til hestehold. Varme dager kan nytes på en stor, delvis overbygget terrasse, med nydelige utsikt over Lierdalen. Låven er romslig med god lagringsplass, treningsrom og stallbokser for hest. Eneboligen fremstår som velholdt, og det har blitt gjort oppgraderinger jevnlig siden 2011. Badet/vaskerommet ble oppusset i 2013, mens det andre badet ble oppgradert i 2011. Romslig stuen og tilgang til kjøkkenet som har innredning fra 2011. Videre har boligen et wc-rom og fire soverom. Minus Vis mindre NB: Knappen for å vise hele beskrivelsen har kun en visuell effekt. Pluss tegn Vis hele beskrivelsen NB: Knappen for å vise hele beskrivelsen har kun en visuell effekt. Salgsoppgaven beskriver vesentlig og lovpålagt informasjon om eiendommen Se komplett salgsoppgave Nyttige lenker Bestill salgsoppgave Eiendommens hjemmeside Nyttige lenker Bestill salgsoppgave Eiendommens hjemmeside Nærområdet Kart Modumveien 95, 3410 Sylling Annonseinformasjon FINN-kode 462886617 Sist endret 19. sep. 2026 13:17 Referanse 1600260075 Rapporter annonse Annonsene kan være mangelfulle i forhold til lovpålagt opplysningsplikt. Før bindende avtale inngås oppfordres interessenter til å innhente komplett informasjon fra meglerforetaket, selger eller utleier.",2026-09-21T09:38:22+00:00
476379950,https://www.finn.no/realestate/homes/ad.html?finnkode=476379950,"Småbruk med egen støl ved Søre Syndin - Koselig tun, fiskerett og storslått natur!","Steinsvegen 53, 2967 Lomen",2967,Lomen,3 250 000 kr,3 332 640 kr,82 640 kr,,133 947 kr,Gårdsbruk/Småbruk,Selveier,,195 m² (BRA-i),584 m²,,4,,1937,2,212 792 m² (eiet),212792,212.8,Rom,3452,53,3,5,"Velkommen til småbruket Steinsrud, idyllisk beliggende på vestsiden av Slidrefjorden i Vestre Slidre. Eiendommen har et solrikt og åpent tun med våningshus, driftsbygning, garasje og gapahuk, omgitt av jord- og skogarealer. Fra eiendommen er det flott utsikt mot Slidrefjorden, Olberg og Jotunheimen. Med eiendommen følger også en langstøl i naturskjønne omgivelser ved Søre Syndin, med nærhet til flotte tur-, sykkel- og skiområder. Eiendommen omfatter ca. 234 daa, hvorav ca. 20 daa fulldyrket jord og ca. 191 daa skog. Fiskerett i Slidrefjorden følger eiendommen, og som bosatt i Vestre Slidre har man tilgang til jaktmuligheter i statsallmenningen. Dette er en sjelden mulighet for deg som ønsker småbruk, støl og naturopplevelser samlet på én eiendom. Velkommen på visning! Minus Vis mindre NB: Knappen for å vise hele beskrivelsen har kun en visuell effekt. Pluss tegn Vis hele beskrivelsen NB: Knappen for å vise hele beskrivelsen har kun en visuell effekt. Salgsoppgaven beskriver vesentlig og lovpålagt informasjon om eiendommen Se komplett salgsoppgave Visning torsdag, 24. september 16:00 – 17:00 Legg til i kalender For visninger utover dette, ta direkte kontakt med megler. Husk å lese komplett salgsoppgave før visning. Bestill komplett, utskriftsvennlig salgsoppgave. Visningspåmelding Gi bud Nærområdet Kart Steinsvegen 53, 2967 Lomen Annonseinformasjon FINN-kode 476379950 Sist endret 14. sep. 2026 10:50 Referanse 1201260097 Rapporter annonse Annonsene kan være mangelfulle i forhold til lovpålagt opplysningsplikt. Før bindende avtale inngås oppfordres interessenter til å innhente komplett informasjon fra meglerforetaket, selger eller utleier.",2026-09-21T09:38:23+00:00
476175482,https://www.finn.no/realestate/homes/ad.html?finnkode=476175482,"Vestre Hestvet gård - Sjarmerende, velholdt småbruk i naturskjønne omgivelser. 2 eneboliger, låve og bryggerhus. Idyll!","Hovumveien 68 og 70, 1544 Vestby",1544,Vestby,12 400 000 kr,12 711 090 kr,311 090 kr,,1 154 914 kr,Gårdsbruk/Småbruk,Selveier,,316 m² (BRA-i),850 m²,,6,,1907,2,4 418 m² (eiet),4418,4.4,D - Gul,3216,94,3,5,"Velkommen til Vestre Hestvet gård - et velholdt og innholdsrikt småbruk i naturskjønne, landlige omgivelser. Her får du en sjelden kombinasjon av ro, idyll og kort vei til Vestby, Son og Ås. Usjenert beliggende innerst i en privat blindvei. Med bil tar det ca 10 min til Vestby sentrum, der toget tar deg inn til Oslo S på 22 min. Rundt det grønne og idylliske tunet ligger to store eneboliger, et innholdsrikt bryggerhus og en velholdt låve. Bygningene byr på spennende muligheter og er tilpasset en moderne og aktiv livsstil. Eiendommen har gode solforhold, nydelig utsikt og flere flotte uteplasser. Den store, velholdte hagen gir rikelig med boltreplass og skaper en herlig ramme rundt det idylliske småbruket. Her kan dagene nytes i vakre omgivelser, med god plass til familieliv, gjester og hyggelige sammenkomster. Her kan du sikre deg det beste fra to verdener - nærheten til byen, men følelsen av å ha sitt eget lille fristed på landet. Minus Vis mindre NB: Knappen for å vise hele beskrivelsen har kun en visuell effekt. Pluss tegn Vis hele beskrivelsen NB: Knappen for å vise hele beskrivelsen har kun en visuell effekt. Salgsoppgaven beskriver vesentlig og lovpålagt informasjon om eiendommen Se komplett salgsoppgave Nyttige lenker Gi bud Bestill salgsoppgave Eiendommens hjemmeside Visning tirsdag, 22. september 17:30 – 18:30 Legg til i kalender Velkommen til visning! For visning på annet tidspunkt - kontakt megler Anna Undén, tlf. 41 22 60 58, anna.unden@privatmegleren.no. Alle våre visninger har påmelding. På denne måten sikrer vi at megler har god oversikt og tid til å imøtekomme alle interessenter på beste måte. Dette er veldig verdifullt for boligkjøpere og for oss. Det er enkelt å melde seg på, og du kan like enkelt melde deg av. Kontakt også gjerne megler i forkant av visning dersom du har spørsmål. Husk å lese komplett salgsoppgave før visning. Bestill komplett, utskriftsvennlig salgsoppgave. Visningspåmelding Gi bud Nyttige lenker Gi bud Bestill salgsoppgave Eiendommens hjemmeside Nærområdet Kart Hovumveien 68 og 70, 1544 Vestby Annonseinformasjon FINN-kode 476175482 Sist endret 15. sep. 2026 15:23 Referanse 327260112 Rapporter annonse Annonsene kan være mangelfulle i forhold til lovpålagt opplysningsplikt. Før bindende avtale inngås oppfordres interessenter til å innhente komplett informasjon fra meglerforetaket, selger eller utleier.",2026-09-21T09:38:25+00:00
475459429,https://www.finn.no/realestate/homes/ad.html?finnkode=475459429,"Småbruk i naturskjønne omgivelser like ved Saltstraumen | Låve m/​fjøs-stall | Anneks | Nausttomt | Tomt på 37,5 daa","Marvollveien 53, 8056 Saltstraumen",8056,Saltstraumen,6 490 000 kr,6 653 340 kr,163 340 kr,,182 798 kr,Gårdsbruk/Småbruk,Selveier,,117 m² (BRA-i),419 m²,,3,,1875,,40 079 m² (eiet),40079,40.1,,1804,91,4,5,"DNB Eiendom v/Bjørn Harald Sandvik presenterer en innholdsrik landbrukseiendom ""Marvold Gård"" med et sjarmerende våningshus, et modernisert anneks og en stor driftsbygning. Eiendommen ligger vakkert til med utsikt mot fjell og fjord. Her lever du tett på naturen, med turmuligheter rett utenfor døren og kort vei til sjøen. Stor tomt på ca. 40 mål Våningshus med tømmervegger og flere ildsteder Anneks modernisert 2022-23 med bad, kjøkken og soverom Stor driftsbygning/fjøs med garasje og lagringsplass Flott utsikt mot fjell og fjord Stor terrasse Gode solforhold Felles tomt med naboen nede ved sjøen, her er det mulighet for oppføring av naust Landlig beliggenhet med flotte omgivelser Velkommen til visning! Minus Vis mindre NB: Knappen for å vise hele beskrivelsen har kun en visuell effekt. Pluss tegn Vis hele beskrivelsen NB: Knappen for å vise hele beskrivelsen har kun en visuell effekt. Salgsoppgaven beskriver vesentlig og lovpålagt informasjon om eiendommen Se komplett salgsoppgave Nyttige lenker Meld interesse Se komplett salgsoppgave Gi bud Visning Velkommen til visning! Meld deg på ved å trykke ""visningspåmelding"" i våre boligannonser. Visning med megler til stede vil ikke bli avholdt uten påmeldinger. Ta gjerne kontakt med megler i forkant av visningen om du har spørsmål. Visningspåmelding Gi bud Nyttige lenker Meld interesse Se komplett salgsoppgave Gi bud Nærområdet Kart Marvollveien 53, 8056 Saltstraumen Annonseinformasjon FINN-kode 475459429 Sist endret 12. sep. 2026 12:33 Referanse 813260330 Rapporter annonse Annonsene kan være mangelfulle i forhold til lovpålagt opplysningsplikt. Før bindende avtale inngås oppfordres interessenter til å innhente komplett informasjon fra meglerforetaket, selger eller utleier.",2026-09-21T09:38:27+00:00
476156841,https://www.finn.no/realestate/homes/ad.html?finnkode=476156841,"Småbruksidyll på 32,3 måls tomt. Naturskjønne omgivelser. Koselig bolig, stor låve og sjarmerende bryggerhus.","Høisetbakkane 45, 3748 Siljan",3748,Siljan,4 950 000 kr,5 074 840 kr,124 840 kr,,650 452 kr,Gårdsbruk/Småbruk,Selveier,,137 m² (BRA-i),320 m²,,3,,1920,,32 301 m² (eiet),32301,32.3,Rom,4010,15,9,7,"Drømmer du om småbruk? Her kan du bo idyllisk til i naturskjønne omgivelser. Dette er en flott og klassisk familiebolig, preget av materialvalg som ivaretar den sjarmerende standarden som gjenspeiler den landlige idyllen. Det er 3 gode soverom i denne familieboligen, stort og lekkert bad, romslig og moderne kjøkken med spiseplass og fin innredning. God plass i garderober og boder. Boligen er smakfullt innredet, og det er ivaretatt originale særtrekk og sjarm med moderne bo-komfort! Eiendommen fremstår som pent opparbeidet med store grøntarealer, hage og naturlige soner med god plass til både lek, rekreasjon og hageaktiviteter i naturskjønne omgivelser. Andedam og hønsehus. Eiendommen består av våningshus, låve/driftsbygning med garasje, verksted med mer, samt. bryggerhus. Minus Vis mindre NB: Knappen for å vise hele beskrivelsen har kun en visuell effekt. Pluss tegn Vis hele beskrivelsen NB: Knappen for å vise hele beskrivelsen har kun en visuell effekt. Salgsoppgaven beskriver vesentlig og lovpålagt informasjon om eiendommen Se komplett salgsoppgave Nyttige lenker Gi bud Bestill salgsoppgave Visning mandag, 21. september 17:00 – 18:00 Legg til i kalender Alle våre visninger har påmelding. På denne måten sikrer vi at megler har god oversikt og tid til å imøtekomme alle interessenter. Meld deg på visning ved å trykke på lenken visningspåmelding. Husk å lese komplett salgsoppgave før visning. Bestill komplett, utskriftsvennlig salgsoppgave. Visningspåmelding Gi bud Nyttige lenker Gi bud Bestill salgsoppgave Nærområdet Kart Høisetbakkane 45, 3748 Siljan Annonseinformasjon FINN-kode 476156841 Sist endret 14. sep. 2026 12:56 Referanse 24-0255/26 Rapporter annonse Annonsene kan være mangelfulle i forhold til lovpålagt opplysningsplikt. Før bindende avtale inngås oppfordres interessenter til å innhente komplett informasjon fra meglerforetaket, selger eller utleier.",2026-09-21T09:38:28+00:00
476050011,https://www.finn.no/realestate/homes/ad.html?finnkode=476050011,Velholdt landbrukseiendom på Steinsøysundet med flott beliggenhet og lang sjølinje!,"Østsideveien 1801, 6570 Smøla",6570,Smøla,4 500 000 kr,4 613 590 kr,113 590 kr,,,Gårdsbruk/Småbruk,Selveier,,206 m² (BRA-i),206 m²,,4,,1938,,205 623 m² (eiet),205623,205.6,Rom,1573,65,5,5,"EiendomsMegler 1 v/ Anbjørn Ulseth presenterer Østsideveien 1801. Landbrukseiendom uten selvstendig produksjon, beliggende på Smøla. Eiendommen har et areal på 205,7 daa. Av dette er 22,3 daa fulldyrket jord, 1,1 daa overflatedyrket , resterende areal er hovedsaklig myr og grunn fastmark. Bebyggelsen består av bolighus, garasje og låve. Boligen er opprinnelig fra 1938 og er tilbygget og renovert i ca. 1999. Låven er fra 1947 og anvendes i dag som lager, museum og serveringslokale. Redskapshus fra 1982 og eldre stabbur ble flyttet til eiendommen i 1992. Naustet ble tatt av nyttårsorkanen i 1992 og der er det bare murene som står igjen. Det er jaktrett på eiendommen. Minus Vis mindre NB: Knappen for å vise hele beskrivelsen har kun en visuell effekt. Pluss tegn Vis hele beskrivelsen NB: Knappen for å vise hele beskrivelsen har kun en visuell effekt. Salgsoppgaven beskriver vesentlig og lovpålagt informasjon om eiendommen Se komplett salgsoppgave Nyttige lenker Eiendommens hjemmeside Bestill salgsoppgave Visning lørdag, 26. september 12:00 – 13:00 Legg til i kalender Våre visninger har påmelding. Dette gjør vi for å kunne yte bedre service for våre kunder. Verdifullt for boligkjøper og for oss. Vi anbefaler at salgsoppgaven lastes ned digitalt før visning, og ring oss gjerne på forhånd for spørsmål om boligen. Passer ikke angitt tidspunkt, ta kontakt så finner vi en løsning. Skulle det mot formodning ikke være påmeldte til angitt visningstidspunkt vil ikke visning bli gjennomført. Husk å lese komplett salgsoppgave før visning. Bestill komplett, utskriftsvennlig salgsoppgave. Visningspåmelding Gi bud Nyttige lenker Eiendommens hjemmeside Bestill salgsoppgave Nærområdet Kart Østsideveien 1801, 6570 Smøla Annonseinformasjon FINN-kode 476050011 Sist endret 11. sep. 2026 22:58 Referanse 17260295 Rapporter annonse Annonsene kan være mangelfulle i forhold til lovpålagt opplysningsplikt. Før bindende avtale inngås oppfordres interessenter til å innhente komplett informasjon fra meglerforetaket, selger eller utleier.",2026-09-21T09:38:29+00:00
476134536,https://www.finn.no/realestate/homes/ad.html?finnkode=476134536,"Gravberget - småbruk med landlig og skjermet beliggenhet. Stor tomt på 61,7 daa. Uthus og låve. Nærhet til natur!","Bergetvegen 65, 2438 Gravberget",2438,Gravberget,1 200 000 kr,1 244 890 kr,44 890 kr,,174 000 kr,Gårdsbruk/Småbruk,Selveier,,113 m² (BRA-i),424 m²,,2,,1935,2,61 660 m² (eiet),61660,61.7,Rom,3419,86,11,5,"Velkommen til Bergetvegen 65! Sjarmerende, landlig småbruk med stor tomt. Uthus og låve. Eneboligen inneholder stue, spisestue, kjøkken, innvendig bod, bad, trappegang og 2 soverom, samt delvis/matkjeller. Boligen har enkelte oppgraderinger, blant annet taktekking fra 2020 og nytt sikringsskap med 3 fas fra 2018. Eiendommen har en landlig og skjermet beliggenhet med utsikt over nærliggende skog. Inneholder 20,8 daa fulldyrket jord, innmarksbeit på 1,5 daa, produktiv skog er angitt til 34,4 daa, annet markslag på 1,1 daa, Bebygd, samf vann, bre og bebyggelse på 4 daa. Kort avstand til flere fine tjern med bade- og fiskemuligheter. Våler sentrum ligger ca. 42 km unna boligen. Her finner man ulike dagligvarebutikker, butikker og spisesteder. Velkommen til visning! Minus Vis mindre NB: Knappen for å vise hele beskrivelsen har kun en visuell effekt. Pluss tegn Vis hele beskrivelsen NB: Knappen for å vise hele beskrivelsen har kun en visuell effekt. Salgsoppgaven beskriver vesentlig og lovpålagt informasjon om eiendommen Se komplett salgsoppgave Nyttige lenker Bestill prospekt Gi bud Visning onsdag, 23. september 17:00 – 17:30 Legg til i kalender Alle våre visninger har påmelding. På denne måten sikrer vi at megler har god oversikt og tid til å imøtekomme alle interessenter på beste måte. Visninger hvor det ikke er noen påmeldte innen kl. 16.00 dagen før visningsdagen vil ikke bli avholdt. Passer ikke annonsert tidspunkt, ta kontakt så finner vi en løsning. Velkommen! Husk å lese komplett salgsoppgave før visning. Bestill komplett, utskriftsvennlig salgsoppgave. Visningspåmelding Gi bud Nyttige lenker Bestill prospekt Gi bud Nærområdet Kart Bergetvegen 65, 2438 Gravberget Annonseinformasjon FINN-kode 476134536 Sist endret 11. sep. 2026 16:25 Referanse GAR14.2698 Rapporter annonse Annonsene kan være mangelfulle i forhold til lovpålagt opplysningsplikt. Før bindende avtale inngås oppfordres interessenter til å innhente komplett informasjon fra meglerforetaket, selger eller utleier.",2026-09-21T09:38:31+00:00
476114833,https://www.finn.no/realestate/homes/ad.html?finnkode=476114833,"VISNING ONSDAG 23/​9 V/​PÅMELDING - Landbrukseiendom m/​våningshus, låve og naust | Stor eiendom | Flott natur","Kystkulturveien 496, 9470 Gratangen",9470,Gratangen,1 900 000 kr,1 948 590 kr,48 590 kr,,,Gårdsbruk/Småbruk,Selveier,,163 m² (BRA-i),163 m²,,2,,1957,,318 626 m² (eiet),318626,318.6,G - Rød,5516,52,5,5,"Velkommen til Kystkulturveien 496! Frittliggende våningshus med låve, naust og stor tomt ved fjorden. Eiendommen ligger landlig til ved fjorden i Gratangen, cirka fire minutter med bil fra Gratangsbotn. Våningshuset går over tre plan med lys stue og et romslig kjøkken med spiseplass i første etasje. Loftsetasjen rommer en hyggelig loftstue og to soverom. Kjelleren har fire boder med gode oppbevaringsmuligheter. Høydepunkter: Eiet tomt på ca. 318 mål fordelt over fem teiger Eget naust nede ved vannkanten Romslig låve samt garasje på tunet Veranda på ca. 16 m² og overbygget luftebalkong Vedovn montert i både stue og på kjøkken Taktekking av metallplater av nyere dato Er dette noe for deg? Last ned salgsoppgaven og still godt forberedt. Vi ønsker deg velkommen til visning. Minus Vis mindre NB: Knappen for å vise hele beskrivelsen har kun en visuell effekt. Pluss tegn Vis hele beskrivelsen NB: Knappen for å vise hele beskrivelsen har kun en visuell effekt. Salgsoppgaven beskriver vesentlig og lovpålagt informasjon om eiendommen Se komplett salgsoppgave Nyttige lenker Eiendommens hjemmeside Bestill salgsoppgave Visning onsdag, 23. september 16:30 – 17:30 Legg til i kalender Alle våre visninger har påmelding. Dette for at vi kan planlegge visningene best mulig, og ha god tid til de som kommer. Det er enkelt å melde seg på, og du kan like enkelt melde deg av. Visninger uten påmeldte deltakere kan bli avlyst. Husk å lese komplett salgsoppgave før visning. Bestill komplett, utskriftsvennlig salgsoppgave. Visningspåmelding Gi bud Nyttige lenker Eiendommens hjemmeside Bestill salgsoppgave Nærområdet Kart Kystkulturveien 496, 9470 Gratangen Annonseinformasjon FINN-kode 476114833 Sist endret 11. sep. 2026 15:26 Referanse 14260118 Rapporter annonse Annonsene kan være mangelfulle i forhold til lovpålagt opplysningsplikt. Før bindende avtale inngås oppfordres interessenter til å innhente komplett informasjon fra meglerforetaket, selger eller utleier.",2026-09-21T09:38:33+00:00
476126709,https://www.finn.no/realestate/homes/ad.html?finnkode=476126709,"Gårdsbruk på Fidsel i Flekkefjord m/​to boliger, låve, fjøs, grisefjøs og vedskur. Gården ligger for seg selv på en høyde","Fidselveien 15, 4404 Flekkefjord",4404,Flekkefjord,7 100 000 kr,7 284 890 kr,184 890 kr,,788 907 kr,Gårdsbruk/Småbruk,Selveier,,252 m² (BRA-i),1 935 m²,,6,,1972,2,1 382 069 m² (eiet),1382069,1382.1,,4207,46,5,7,"Velkommen til Fidselveien i Kvanvik- et innholdsrikt gårdsbruk med flere driftsbygninger og full drift! Eiendommen består av tomannsbolig med to etasjer, og et eldre renoveringsobjekt -Fidselveien 19. Fidselveien 15 inneholder entré, gang, tre soverom, toalettrom ,bad, stue og kjøkken. Fidselveien 17 inneholder entré, gang, tre soverom, bad, kjøkken. Driftsbygninger med låve, fjøs, grisefjøs med plass til ca. 400 gris, og låve som gir gode muligheter for lagring, drift og ulike bruksformål. Eiendommen er pent opparbeidet med hage, terrasse og flott utsikt hvor du kan nyte kveldssola. Her bor du i landlige omgivelser med gode muligheter for jakt, fiske- og friluftsliv. Flekkefjord sentrum er kort kjøretur unna. Gården har slaktegrisprouduksjon med SPF gris i dag! Velkommen! Minus Vis mindre NB: Knappen for å vise hele beskrivelsen har kun en visuell effekt. Pluss tegn Vis hele beskrivelsen NB: Knappen for å vise hele beskrivelsen har kun en visuell effekt. Salgsoppgaven beskriver vesentlig og lovpålagt informasjon om eiendommen Se komplett salgsoppgave Visning Mulighet for privatvisning etter avtale før fellesvisning. Påmelding til megler innen dagen før visningsdagen. Den enkelte visningsdeltaker vil få eget tidspunkt når de kan komme på visning! Husk å lese komplett salgsoppgave før visning. Bestill komplett, utskriftsvennlig salgsoppgave. Visningspåmelding Gi bud Nærområdet Kart Fidselveien 15, 4404 Flekkefjord Annonseinformasjon FINN-kode 476126709 Sist endret 18. sep. 2026 14:26 Referanse 1408260216 Rapporter annonse Annonsene kan være mangelfulle i forhold til lovpålagt opplysningsplikt. Før bindende avtale inngås oppfordres interessenter til å innhente komplett informasjon fra meglerforetaket, selger eller utleier.",2026-09-21T09:38:34+00:00
471595927,https://www.finn.no/realestate/homes/ad.html?finnkode=471595927,"Landbrukseiendom på ca. 580 dekar | Skjermet beliggenhet | Våningshus, kårbolig, driftsbygning, naust og grillbu","Eidemsvegen 113, 7580 Selbu",7580,Selbu,5 900 000 kr,6 053 590 kr,153 590 kr,,,Gårdsbruk/Småbruk,Selveier,,362 m² (BRA-i),379 m²,,4,,1947,,579 963 m² (eiet),579963,580.0,Rom,5032,56,16,7,"Oliver Almli Reinås v/ EiendomsMegler 1 presenterer: Eidemsvegen 113 - Velkommen til Eidemsvegen 113, en innholdsrik landbrukseiendom med naturskjønn og skjermet beliggenhet på Eidem i Selbu. Eiendommen strekker seg over ca. 579,8 dekar og byr på store muligheter for landbruksdrift, dyrehold, skogbruk, fritidsbruk eller annen gårdstilknyttet virksomhet. Tunet består av våningshus, kårbolig/lagerbygg, driftsbygning, stabbur, grillbu og naust ved Børsjøen. Den romslige gårdsplassen og den landlige beliggenheten gir eiendommen et trivelig og privat preg med flotte utsiktsforhold mot Selbusjøen og omkringliggende kulturlandskap. Våningshuset har gjennomgått betydelige oppgraderinger i perioden 2014-2023 og fremstår med romslige oppholdsrom, stort kjøkken, fire soverom, gode lagringsmuligheter og flere terrasser som gir gode solforhold. Boligen er utstyrt med luft-til-vann-varmepumpe, vedfyring og offentlig vann. Eiendommen omfatter ca. 34,9 dekar fulldyrka jord og ca. 119,6 dekar skog. Minus Vis mindre NB: Knappen for å vise hele beskrivelsen har kun en visuell effekt. Pluss tegn Vis hele beskrivelsen NB: Knappen for å vise hele beskrivelsen har kun en visuell effekt. Salgsoppgaven beskriver vesentlig og lovpålagt informasjon om eiendommen Se komplett salgsoppgave Nyttige lenker Energiattest-2026-321387.pdf Eiendommens hjemmeside Bestill salgsoppgave Visning onsdag, 23. september 17:00 – 18:00 Legg til i kalender Våre visninger har påmelding. Dette gjør vi for å kunne yte bedre service for våre kunder. Verdifullt for boligkjøper og for oss. Vi anbefaler at salgsoppgaven lastes ned digitalt før visning, og ring oss gjerne på forhånd for spørsmål om boligen. Passer ikke angitt tidspunkt, ta kontakt så finner vi en løsning. Skulle det mot formodning ikke være påmeldte til angitt visningstidspunkt vil ikke visning bli gjennomført. Husk å lese komplett salgsoppgave før visning. Bestill komplett, utskriftsvennlig salgsoppgave. Visningspåmelding Gi bud Nyttige lenker Energiattest-2026-321387.pdf Eiendommens hjemmeside Bestill salgsoppgave Nærområdet Kart Eidemsvegen 113, 7580 Selbu Annonseinformasjon FINN-kode 471595927 Sist endret 11. sep. 2026 14:23 Referanse 50260219 Rapporter annonse Annonsene kan være mangelfulle i forhold til lovpålagt opplysningsplikt. Før bindende avtale inngås oppfordres interessenter til å innhente komplett informasjon fra meglerforetaket, selger eller utleier.",2026-09-21T09:38:36+00:00
472390885,https://www.finn.no/realestate/homes/ad.html?finnkode=472390885,Meget idyllisk småbruk med flott og sjønær beliggenhet i Sveggesundet!,"Kronborgveien 37, 6530 Averøy",6530,Averøy,4 850 000 kr,4 972 340 kr,122 340 kr,,,Gårdsbruk/Småbruk,Selveier,,147 m² (BRA-i),336 m²,,5,,1723,,107 080 m² (eiet),107080,107.1,Rom,1554,52,81,5,"EiendomsMegler 1 v/Morten Høvik har gleden av å presentere Kronborgveien 37! Meget idyllisk småbruk med flott og sjønær beliggenhet i Sveggesundet. Eiendommen består av et gårdstun med våningshus, låve og garasje. Eiendommen har nærhet til sjø og bruk av sjøareal. Nausttomt på eget gårds- og bruksnummer like ved boligen omfattes av salget. Tomten består av både fastland og flere små øyer. Totalt tomteareal for eiendommen er ca. 107 dekar, hvorav ca 11,6 dekar er fulldyrket jord. Eiendommen ligger idyllisk til i Sveggesundet, med ca 15 minutters kjøring til Kristiansund (bomfritt) og ca 15 minutter til Bruhaugen. Sveggesundet er et naturskjønt bolig- og fritidsområde på Averøya på Nordmøre. Det er preget av en harmonisk blanding av fastboende og fritidsboliger, der det tradisjonelle kystmiljøet er bevart. Velkommen til visning! Minus Vis mindre NB: Knappen for å vise hele beskrivelsen har kun en visuell effekt. Pluss tegn Vis hele beskrivelsen NB: Knappen for å vise hele beskrivelsen har kun en visuell effekt. Salgsoppgaven beskriver vesentlig og lovpålagt informasjon om eiendommen Se komplett salgsoppgave Nyttige lenker Eiendommens hjemmeside Bestill salgsoppgave Visning tirsdag, 22. september 16:30 – 17:30 Legg til i kalender Våre visninger har påmelding. Dette gjør vi for å kunne yte bedre service for våre kunder. Verdifullt for boligkjøper og for oss. Vi anbefaler at salgsoppgaven lastes ned digitalt før visning, og ring oss gjerne på forhånd for spørsmål om boligen. Passer ikke angitt tidspunkt, ta kontakt så finner vi en løsning. Skulle det mot formodning ikke være påmeldte til angitt visningstidspunkt vil ikke visning bli gjennomført. Husk å lese komplett salgsoppgave før visning. Bestill komplett, utskriftsvennlig salgsoppgave. Visningspåmelding Gi bud Nyttige lenker Eiendommens hjemmeside Bestill salgsoppgave Nærområdet Kart Kronborgveien 37, 6530 Averøy Annonseinformasjon FINN-kode 472390885 Sist endret 10. sep. 2026 00:09 Referanse 17260257 Rapporter annonse Annonsene kan være mangelfulle i forhold til lovpålagt opplysningsplikt. Før bindende avtale inngås oppfordres interessenter til å innhente komplett informasjon fra meglerforetaket, selger eller utleier.",2026-09-21T09:38:37+00:00
474830340,https://www.finn.no/realestate/homes/ad.html?finnkode=474830340,"Landlig småbruk på 115 daa | Enebolig, låve med verksted og flere stabbur | 11,9 daa jord, 2,3 daa beite og 86 daa skog","Finnholtvegen 1716, 2114 Disenå",2114,Disenå,1 800 000 kr,1 846 090 kr,46 090 kr,,393 227 kr,Gårdsbruk/Småbruk,Selveier,,161 m² (BRA-i),161 m²,,2,,1965,2,115 632 m² (eiet),115632,115.6,,3415,53,45,5,"Velkommen til Vestgården   et landlig beliggende småbruk på totalt ca. 115 daa. Eiendommen består av 2 teiger som ligger på hver sin side av Finnholtvegen med bygningsmassen samlet på den ene siden. Det har ikke vært drift på jord eller skog de senere år og det foreligger ingen avtale om drift. Boligen har alle boligrom på et plan og i tillegg en stor grovkjeller. Det må påregnes oppgradering/modernisering på bolighuset og låven har et stort vedlikeholdsbehov. Stabburene er hovedsakelig egnet til oppbevaring. Dette er en eiendom for deg som ser mulighetene i den varierte bygningsmassen og ønsker god plass i landlige omgivelser. Her bor du usjenert og fredelig, omkranset av egen skog og mark, kun en drøy times kjøretur fra Oslo. Det er i underkant av 25 min med bil til Skarnes og Årnes. Minus Vis mindre NB: Knappen for å vise hele beskrivelsen har kun en visuell effekt. Pluss tegn Vis hele beskrivelsen NB: Knappen for å vise hele beskrivelsen har kun en visuell effekt. Salgsoppgaven beskriver vesentlig og lovpålagt informasjon om eiendommen Se komplett salgsoppgave Nyttige lenker Meld interesse Se komplett salgsoppgave Gi bud Visning onsdag, 23. september 17:00 – 18:00 Legg til i kalender søndag, 27. september 15:00 – 16:00 Legg til i kalender Velkommen til visning! Meld deg på ved å trykke ""visningspåmelding"" i våre boligannonser. Ta gjerne kontakt med megler i forkant av visningen om du har spørsmål. Visningspåmelding Gi bud Nyttige lenker Meld interesse Se komplett salgsoppgave Gi bud Nærområdet Kart Finnholtvegen 1716, 2114 Disenå Annonseinformasjon FINN-kode 474830340 Sist endret 11. sep. 2026 11:37 Referanse 505260109 Rapporter annonse Annonsene kan være mangelfulle i forhold til lovpålagt opplysningsplikt. Før bindende avtale inngås oppfordres interessenter til å innhente komplett informasjon fra meglerforetaket, selger eller utleier.",2026-09-21T09:38:38+00:00
475817112,https://www.finn.no/realestate/homes/ad.html?finnkode=475817112,"Idyllisk småbruk ved fjorden | Bustadhus, garasje, driftsbygning og naust | Flott utsikt og gode solforhold |","Holmedalsvegen 355, 6982 Holmedal",6982,Holmedal,2 550 000 kr,2 628 800 kr,78 800 kr,,172 169 kr,Gårdsbruk/Småbruk,Selveier,,159 m² (BRA-i),172 m²,,4,,1928,,191 676 m² (eiet),191676,191.7,,4645,202,5,5,"Velkommen til Holmedalsvegen 355! Ein landbrukseigedom med eige naust i fjøra og utsyn mot fjorden. Eigedomen ligg ope til i Ytre Vårdal og byr på eit tradisjonelt vestlandsk gardstun i sørvendt terreng ned mot sjølinja. Frå stova har du fint utsyn mot fjorden, og etasjen rommar både stove, spisestove og kjøkken. Våningshuset har ein klassisk planløysing fordelt over fleire plan med god plass til familien. Bygningsmassen har eit tydeleg oppgraderingsbehov og gjev eit spanande utgangspunkt for deg som vil forme din eigen landlege kvardag. Høgdepunkt: Strandlinje og eige naust nede ved fjøra Våningshus oppført i 1928 Sørvendt helling med utsikt mot fjorden Garasje og driftsbygning (brukt til lager) Konsesjonspliktig med bu og driveplikt Velkommen til visning! Minus Vis mindre NB: Knappen for å vise hele beskrivelsen har kun en visuell effekt. Pluss tegn Vis hele beskrivelsen NB: Knappen for å vise hele beskrivelsen har kun en visuell effekt. Salgsoppgaven beskriver vesentlig og lovpålagt informasjon om eiendommen Se komplett salgsoppgave Nyttige lenker Bestill salgsoppgave Gi bud Visning tirsdag, 22. september 16:00 – 17:00 Legg til i kalender Husk å lese komplett salgsoppgave før visning. Bestill komplett, utskriftsvennlig salgsoppgave. Visningspåmelding Gi bud Nyttige lenker Bestill salgsoppgave Gi bud Nærområdet Kart Holmedalsvegen 355, 6982 Holmedal Annonseinformasjon FINN-kode 475817112 Sist endret 11. sep. 2026 09:46 Referanse 2000260200 Rapporter annonse Annonsene kan være mangelfulle i forhold til lovpålagt opplysningsplikt. Før bindende avtale inngås oppfordres interessenter til å innhente komplett informasjon fra meglerforetaket, selger eller utleier.",2026-09-21T09:38:40+00:00
474868495,https://www.finn.no/realestate/homes/ad.html?finnkode=474868495,Idyllisk småbruk med oppgradert enebolig | Over 14 mål tomt | Landlig og barnevennlig nær skole,"Vestvegen 70, 2847 Kolbu",2847,Kolbu,3 590 000 kr,3 680 840 kr,90 840 kr,,311 228 kr,Gårdsbruk/Småbruk,Selveier,,97 m² (BRA-i),285 m²,,2,,1920,,14 856 m² (eiet),14856,14.9,Rom,3442,304,3,5,"Velkommen til Vestvegen 70! Et idyllisk småbruk med en oppgradert og innholdsrik enebolig i landlige, barnevennlige omgivelser. Eiendommen ligger fritt til med utsikt over det herlige kulturlandskapet. Eiendommen er på over 14 mål. Boligen har en god planløsning med en åpen og sosial stue- og kjøkkenløsning. Herfra er det utgang til en stor, delvis overbygd terrasse og opparbeidet hage. På tunet står en låve med garasje og god plass til verksted eller hobbyaktiviteter. Det er gangavstand til skole og barnehage. Verdt å nevne: - Innholdsrik enebolig som ble betydelig oppgradert i 2014. - Over 14 mål tomt. - Lekkert kjøkken med integrerte hvitevarer og vedovn - Flislagt bad med gulvvarme - Stor låve med garasje og hobbyrom - Kort vei til skole og barnehage Velkommen til visning! Minus Vis mindre NB: Knappen for å vise hele beskrivelsen har kun en visuell effekt. Pluss tegn Vis hele beskrivelsen NB: Knappen for å vise hele beskrivelsen har kun en visuell effekt. Salgsoppgaven beskriver vesentlig og lovpålagt informasjon om eiendommen Se komplett salgsoppgave Nyttige lenker Bestill salgsoppgave Visning mandag, 21. september 16:30 – 17:30 Legg til i kalender Ønsker du å delta på visningen ber vi deg melde deg på slik at vi vet at du kommer. Da kan vi bistå alle best mulig og gi deg tiden du trenger på visningen. Ta gjerne kontakt med megler før visning hvis du har noen spørsmål. Velkommen! Husk å lese komplett salgsoppgave før visning. Bestill komplett, utskriftsvennlig salgsoppgave. Visningspåmelding Gi bud Nyttige lenker Bestill salgsoppgave Nærområdet Kart Vestvegen 70, 2847 Kolbu Annonseinformasjon FINN-kode 474868495 Sist endret 16. sep. 2026 11:25 Referanse 6017260241 Rapporter annonse Annonsene kan være mangelfulle i forhold til lovpålagt opplysningsplikt. Før bindende avtale inngås oppfordres interessenter til å innhente komplett informasjon fra meglerforetaket, selger eller utleier.",2026-09-21T09:38:41+00:00
475576893,https://www.finn.no/realestate/homes/ad.html?finnkode=475576893,Gårdsbruk med fin beliggenhet i Rendalen med 144 daa dyrket mark og produktiv skog.,"Gamle Kongevei 2708, 2485 Rendalen",2485,Rendalen,3 700 000 kr,3 798 590 kr,98 590 kr,,,Gårdsbruk/Småbruk,Selveier,,214 m² (BRA-i),214 m²,,4,,,,411 400 m² (eiet),411400,411.4,,3424,18,2,5,"Velkommen til Gamle Kongevei 2708! Fint beliggende landbrukseiendom / småbruk 2 km nord for Otnes i Rendalen. Åpen beliggenhet med utsikt. Kort vei til Lomnessjøen. All jord og skog ligger rundt gårdstunet. Totalt areal på ca. 411 daa med 144 daa fulldyrket jord og 201 daa produktiv skog. Tunet er bebygget med våningshus, fjøs/driftsbygning, redskapshus (2002) og garasje. I tillegg følger en egen setereiendom vest for tunet ved Vangvollsveien, bebygd med seterhus og seterfjøs. Det er ingen aktiv drift på eiendommen i dag. Jord er tilgjengelig fra 2027. Våningshuset er oppført i 1961 med 1,5 etasje i tillegg til innredet kjeller. Oppgradert senere år med tak, kjøkken og bad. Noe videre modernisering må likevel påregnes. Minus Vis mindre NB: Knappen for å vise hele beskrivelsen har kun en visuell effekt. Pluss tegn Vis hele beskrivelsen NB: Knappen for å vise hele beskrivelsen har kun en visuell effekt. Salgsoppgaven beskriver vesentlig og lovpålagt informasjon om eiendommen Se komplett salgsoppgave Nyttige lenker Bestill salgsoppgave Visning søndag, 27. september 13:00 – 14:00 Legg til i kalender Ønsker du å delta på visningen må meldte deg på. Visningen avholdes bare dersom det er påmeldte. Ta gjerne kontakt med megler før visning hvis du har noen spørsmål. Velkommen! Husk å lese komplett salgsoppgave før visning. Bestill komplett, utskriftsvennlig salgsoppgave. Visningspåmelding Gi bud Nyttige lenker Bestill salgsoppgave Nærområdet Kart Gamle Kongevei 2708, 2485 Rendalen Annonseinformasjon FINN-kode 475576893 Sist endret 10. sep. 2026 15:35 Referanse 6046260233 Rapporter annonse Annonsene kan være mangelfulle i forhold til lovpålagt opplysningsplikt. Før bindende avtale inngås oppfordres interessenter til å innhente komplett informasjon fra meglerforetaket, selger eller utleier.",2026-09-21T09:38:43+00:00
467781096,https://www.finn.no/realestate/homes/ad.html?finnkode=467781096,Skjærgårdsidyll møter småbruksliv - unik eiendom med plass til både familie og hobby,"Bakkeskogen 39, 1570 Dilling",1570,Dilling,16 500 000 kr,16 913 866 kr,413 866 kr,,1 670 008 kr,Gårdsbruk/Småbruk,Selveier,,221 m² (BRA-i),599 m²,,4,,1675,2,23 919 m² (eiet),23919,23.9,G - Rød,3103,185,5,7,"Bakkeskogen 39 er et sjeldent småbruk med stor tomt, flere driftsbygninger og kort vei til sjø og strand. Her kombineres skjærgårdsidyll med småbrukssjarm, og eiendommen byr på et unikt utgangspunkt for både familieliv, hobbydrift og rekreasjon. Det hvite hovedhuset ligger sentralt på eiendommen, omgitt av røde driftsbygninger som skaper en lun gårdsfølelse. Her er det rikelig med plass til traktor, ATV eller andre kjøretøy og prosjekter. Eiendommen har også grønnsakshage, og et stort jorde som i dag forpaktes bort, men som kan overtas av ny eier. Hagen fremstår som en privat park med gode solforhold og plass til lek, aktiviteter og hyggelige sammenkomster. Boligen har flere oppholdsrom med utsikt mot hage og sjø, og gir gode muligheter for å sette sitt eget preg på hjemmet. Fra eiendommen er det kort gangavstand til Evje golfbane og badestrand. Moss sentrum, med butikker, serveringssteder, ferge og togforbindelser til Oslo og Göteborg, ligger kun få minutters kjøretur unna. Minus Vis mindre NB: Knappen for å vise hele beskrivelsen har kun en visuell effekt. Pluss tegn Vis hele beskrivelsen NB: Knappen for å vise hele beskrivelsen har kun en visuell effekt. Salgsoppgaven beskriver vesentlig og lovpålagt informasjon om eiendommen Se komplett salgsoppgave Nyttige lenker Salgsoppgave Bakkeskogen 39 Videointroduksjon Bakkeskogen 39 Gi bud Bestill salgsoppgave Eiendommens hjemmeside Visning Ta kontakt for å avtale visning. Husk å lese komplett salgsoppgave før visning. Bestill komplett, utskriftsvennlig salgsoppgave. Visningspåmelding Gi bud Nyttige lenker Salgsoppgave Bakkeskogen 39 Videointroduksjon Bakkeskogen 39 Gi bud Bestill salgsoppgave Eiendommens hjemmeside Nærområdet Kart Bakkeskogen 39, 1570 Dilling Annonseinformasjon FINN-kode 467781096 Sist endret 21. sep. 2026 06:01 Referanse 3-26-0135 Rapporter annonse Annonsene kan være mangelfulle i forhold til lovpålagt opplysningsplikt. Før bindende avtale inngås oppfordres interessenter til å innhente komplett informasjon fra meglerforetaket, selger eller utleier.",2026-09-21T09:38:44+00:00
475956615,https://www.finn.no/realestate/homes/ad.html?finnkode=475956615,"Småbruk med hovedhus (2023) og kårbolig | Tomt på 15,6 dekar i sydvendt terreng | Oppgradert hovedhus og ny garasje","Garhammertoppen 10 og 12, 3534 Sokna",3534,Sokna,7 900 000 kr,8 098 850 kr,198 850 kr,,687 228 kr,Gårdsbruk/Småbruk,Selveier,,242 m² (BRA-i),364 m²,,4,,1928,2,15 609 m² (eiet),15609,15.6,Rom,3305,66,13,5,"Velkommen til Garhammertoppen 10 og 12! Et innholdsrikt småbruk med modernisert hovedhus, kårbolig og nyere garasje i landlige omgivelser. Eiendommen ligger i et slakt, sydvendt terreng med åpent utsyn over omkringliggende jorder og skogkledde åser. Her kombineres fredelige omgivelser med god plass på en tomt på 15,6 dekar. Hovedhuset har en sosial stue- og kjøkkensone med ny peisovn, der vindusflatene rammer inn det grønne kulturlandskapet. Utenfor venter en skiferbelagt veranda og balkong i andre etasje. 10 min. til Hønefoss Høydepunkter: Omfattende oppgradert hovedhus med fire soverom og to stuer Flislagt bad med gulvvarme og dobbel dusjnisje Separat kårbolig med stue, kjøkken, bad og to soverom Frittstående garasje fra 2026 med god lagringsplass Velkommen til vis. Minus Vis mindre NB: Knappen for å vise hele beskrivelsen har kun en visuell effekt. Pluss tegn Vis hele beskrivelsen NB: Knappen for å vise hele beskrivelsen har kun en visuell effekt. Salgsoppgaven beskriver vesentlig og lovpålagt informasjon om eiendommen Se komplett salgsoppgave Nyttige lenker Bestill salgsoppgave Visning For visninger utover de annonserte, ta kontakt med megler på telefon 977 04 378. EiendomsMegler 1 Ringerike sine visninger har påmelding. Påmelding gjøres enkelt ved å benytte knappen i finnannonsen. Ta kontakt med megler dersom oppsatt tidspunkt ikke passer. Det vil ikke bli avholdt visning uten påmelding, frist for påmelding er senest kl. 12.00 på visningsdagen. Husk å laste ned salgsoppgaven digitalt før visning. Velkommen til en hyggelig visning! Husk å lese komplett salgsoppgave før visning. Bestill komplett, utskriftsvennlig salgsoppgave. Visningspåmelding Gi bud Nyttige lenker Bestill salgsoppgave Nærområdet Kart Garhammertoppen 10 og 12, 3534 Sokna Annonseinformasjon FINN-kode 475956615 Sist endret 17. sep. 2026 15:27 Referanse 1210260314 Rapporter annonse Annonsene kan være mangelfulle i forhold til lovpålagt opplysningsplikt. Før bindende avtale inngås oppfordres interessenter til å innhente komplett informasjon fra meglerforetaket, selger eller utleier.",2026-09-21T09:38:45+00:00
475550923,https://www.finn.no/realestate/homes/ad.html?finnkode=475550923,Landbrukseiendom på ca. 675 dekar på Gvarv - Sjarmerende tun med stort potensial - Jaktrettigheter,"Hørtevegen 213, 3810 Gvarv",3810,Gvarv,3 300 000 kr,3 383 590 kr,83 590 kr,,,Gårdsbruk/Småbruk,Selveier,,241 m² (BRA-i),972 m²,,4,,1896,,675 829 m² (eiet),675829,675.8,,4020,183,6,5,"Eiendommen har en idyllisk og tilbaketrukket beliggenhet med flott utsyn mot de omkringliggende fjellene. Eiendommen består av flere teiger og har et samlet areal på ca. 675,4 daa, ifølge NIBIOs Gårdskart, herav ca. 70 daa fulldyktet jord, 0,2 daa innmarksbeite, 382,8 daa produktiv skog, 217,2 annet markslag og 5,2 bebygde arealer. På tunet finner du våningshus, låve/driftsbygning og stabbur. Våningshuset er oppført i 1896 og går over to etasjer, i tillegg til kjeller. Boligen inneholder blant annet vindfang, gang, to kjøkken, to stuer, fire soverom og bad. Huset har gjennomgående enkel og eldre standard, og kjøper må påregne oppgraderinger og renovering for å tilfredsstille dagens krav og forventninger til boligstandard. Eiendommen byr på gode muligheter for å oppfylle gårdsdrømmen Minus Vis mindre NB: Knappen for å vise hele beskrivelsen har kun en visuell effekt. Pluss tegn Vis hele beskrivelsen NB: Knappen for å vise hele beskrivelsen har kun en visuell effekt. Salgsoppgaven beskriver vesentlig og lovpålagt informasjon om eiendommen Se komplett salgsoppgave Nyttige lenker Meld interesse Se komplett salgsoppgave Gi bud Visning Ta kontakt for å avtale visning. Visningspåmelding Gi bud Nyttige lenker Meld interesse Se komplett salgsoppgave Gi bud Nærområdet Kart Hørtevegen 213, 3810 Gvarv Annonseinformasjon FINN-kode 475550923 Sist endret 11. sep. 2026 11:31 Referanse 621260082 Rapporter annonse Annonsene kan være mangelfulle i forhold til lovpålagt opplysningsplikt. Før bindende avtale inngås oppfordres interessenter til å innhente komplett informasjon fra meglerforetaket, selger eller utleier.",2026-09-21T09:38:46+00:00
472018590,https://www.finn.no/realestate/homes/ad.html?finnkode=472018590,"VISNING ONSDAG 23/​9! NY PRIS! Stor landbrukseiendom med 1,8 mill m² skog, utmark, utsikt og jaktmuligheter ved Myrefjell","Mellombygdveien 790, 9321 Moen",9321,Moen,1 650 000 kr,1 692 340 kr,42 340 kr,,104 980 kr,Gårdsbruk/Småbruk,Selveier,,123 m² (BRA-i),142 m²,,3,,1916,2,1 865 618 m² (eiet),1865618,1865.6,,5524,25,4,5,"Velkommen til Mellombygdveien 790 - presentert av Tom Sivertsen v/ EiendomsMegler 1. Landbrukseiendom på hele 1 865 618 m², med skog, utmark og et romslig tunområde skjermet fra vei. Fra tunet er det flott utsikt over dalen, gode solforhold og en herlig følelse av frihet og nærhet til naturen. Eiendommen inngår i elgvald sammen med andre grunneiere, og du kan jakte fugl på egen eiendom. Kort vei til Målselva, hvor det er mulig å kjøpe fiskekort. Samtidig er det kun ca. 8 minutter til Olsborg med butikk og skole. Bolighuset er opprinnelig fra 1916 og tilbygd i 1978. Boligen har 123 m² BRA-i over to etasjer, med stue, kjøkken, bad, tre soverom og flere praktiske rom. Huset har behov for modernisering og oppgradering, men gir et godt utgangspunkt for deg som ønsker å skape ditt eget hjem på en eiendom med særpreg. Her kjøper du ikke bare et hus - du kjøper areal, skog, jaktmuligheter, utsikt, frihet og en beliggenhet du ikke får i et boligfelt. Meld deg på visning! Minus Vis mindre NB: Knappen for å vise hele beskrivelsen har kun en visuell effekt. Pluss tegn Vis hele beskrivelsen NB: Knappen for å vise hele beskrivelsen har kun en visuell effekt. Salgsoppgaven beskriver vesentlig og lovpålagt informasjon om eiendommen Se komplett salgsoppgave Nyttige lenker Eiendommens hjemmeside Bestill salgsoppgave Visning onsdag, 23. september 17:00 – 17:45 Legg til i kalender Alle våre visninger har påmelding. Dette for at vi kan planlegge visningene best mulig, og ha god tid til de som kommer. Det er enkelt å melde seg på, og du kan like enkelt melde deg av. Visninger uten påmeldte deltakere kan bli avlyst. Husk å lese komplett salgsoppgave før visning. Bestill komplett, utskriftsvennlig salgsoppgave. Visningspåmelding Gi bud Nyttige lenker Eiendommens hjemmeside Bestill salgsoppgave Nærområdet Kart Mellombygdveien 790, 9321 Moen Annonseinformasjon FINN-kode 472018590 Sist endret 10. sep. 2026 12:50 Referanse 12260063 Rapporter annonse Annonsene kan være mangelfulle i forhold til lovpålagt opplysningsplikt. Før bindende avtale inngås oppfordres interessenter til å innhente komplett informasjon fra meglerforetaket, selger eller utleier.",2026-09-21T09:38:47+00:00
475912239,https://www.finn.no/realestate/homes/ad.html?finnkode=475912239,Innholdsrik eiendom på ca. 38 mål | Garasje-/​verkstedbygg på ca. 150 m² | 3 soverom | Landlig beliggenhet | Løftebukk,"Roliveien 128, 7120 Leksvik",7120,Leksvik,2 730 000 kr,2 799 640 kr,69 640 kr,,,Gårdsbruk/Småbruk,Selveier,,112 m² (BRA-i),262 m²,,3,,1936,,38 630 m² (eiet),38630,38.6,Rom,5054,228,6,5,"En innholdsrik eiendom i Leksvik, med gode muligheter for deg som ønsker god plass til både bolig, lagring og ulike prosjekter. Boligen er på 112 m² og byr på en praktisk planløsning med tre soverom og hyggelige oppholdsarealer. Et stort høydepunkt ved eiendommen er den romslige garasje-/verkstedbygningen på ca. 150 m². Bygningen er inndelt med garasjedel og en del som benyttes til verksted og lagring av ved og tømmer. Det er også et stort lagerbygg, tidligere sagbruk. Verdt å merke seg: 3 soverom Tomt på 38 mål! Enebolig på 112 m² Nydelig utsikt og gode solforhold Rikelig med plass til hobby og prosjekter Umiddelbar nærhet til flotte turmuligheter Stor garasje-/verkstedbygning på ca. 150kvm. Løftebukk og el-billader. Minus Vis mindre NB: Knappen for å vise hele beskrivelsen har kun en visuell effekt. Pluss tegn Vis hele beskrivelsen NB: Knappen for å vise hele beskrivelsen har kun en visuell effekt. Salgsoppgaven beskriver vesentlig og lovpålagt informasjon om eiendommen Se komplett salgsoppgave Visning Ta kontakt for å avtale visning. Husk å lese komplett salgsoppgave før visning. Bestill komplett, utskriftsvennlig salgsoppgave. Visningspåmelding Gi bud Nærområdet Kart Roliveien 128, 7120 Leksvik Annonseinformasjon FINN-kode 475912239 Sist endret 18. sep. 2026 10:29 Referanse 1710260318 Rapporter annonse Annonsene kan være mangelfulle i forhold til lovpålagt opplysningsplikt. Før bindende avtale inngås oppfordres interessenter til å innhente komplett informasjon fra meglerforetaket, selger eller utleier.",2026-09-21T09:38:49+00:00
475302413,https://www.finn.no/realestate/homes/ad.html?finnkode=475302413,Trivelig småbruk på nesten 5 mål | Velholdt og pent oppusset enebolig | Romslig uthus på 323 m² | Idyllisk beliggenhet |,"Stordalsveien 576, 7170 Åfjord",7170,Åfjord,3 190 000 kr,3 270 840 kr,80 840 kr,,394 544 kr,Gårdsbruk/Småbruk,Selveier,,110 m² (BRA-i),433 m²,,4,,1939,2,4 954 m² (eiet),4954,5.0,Rom,5058,34,11,5,"Stordalsveien 576 - perfekt for deg som drømmer om småbrukslivet. I idylliske omgivelser ved Stordalsvatnet, ca. 5,5 km utenfor Åfjord sentrum, selges det nå et trivelig småbruk på nesten 5 mål. Eiendommen har en velholdt og tiltalende enebolig fra 1939, i tillegg til et stort uthus/gårdsbygg på hele 323 m². Her er det mange muligheter for utvikling og bruk. Verdt å merke seg: - Småbruk med mange muligheter. - Garasje tilbygd uthuset. - Vesentlig oppgradert enebolig. - Terrasse fra 2025 - God planløsning over to etasjer. - Innbydende stue med nyere peis. - Våtrom ble pusset opp i 2020. - Bad, wc-rom og et vaskerom. - Fire fine soverom i andre etasje. - Peis og varmepumpe (luft-til-luft). - Oppgraderte rør og el-anlegg Minus Vis mindre NB: Knappen for å vise hele beskrivelsen har kun en visuell effekt. Pluss tegn Vis hele beskrivelsen NB: Knappen for å vise hele beskrivelsen har kun en visuell effekt. Salgsoppgaven beskriver vesentlig og lovpålagt informasjon om eiendommen Se komplett salgsoppgave Nyttige lenker Eiendommens hjemmeside Visning tirsdag, 22. september 16:30 – 17:30 Legg til i kalender Alle våre visninger har påmelding. Meld deg opp til ønsket visningstidspunkt via linken  visningspåmelding , eller kontakt megler på telefon, SMS eller mail. Vi anbefaler at salgsoppgaven lastes ned digitalt, og oppfordrer alle til å lese komplett salgsoppgave før visning. Skulle det mot formodning ikke være påmeldte til angitt visningstidspunkt vil ikke visning bli gjennomført. Husk å lese komplett salgsoppgave før visning. Bestill komplett, utskriftsvennlig salgsoppgave. Visningspåmelding Gi bud Nyttige lenker Eiendommens hjemmeside Nærområdet Kart Stordalsveien 576, 7170 Åfjord Annonseinformasjon FINN-kode 475302413 Sist endret 09. sep. 2026 14:53 Referanse 8-26-0304 Rapporter annonse Annonsene kan være mangelfulle i forhold til lovpålagt opplysningsplikt. Før bindende avtale inngås oppfordres interessenter til å innhente komplett informasjon fra meglerforetaket, selger eller utleier.",2026-09-21T09:38:50+00:00
475976360,https://www.finn.no/realestate/homes/ad.html?finnkode=475976360,"Hemnskjela - Småbruk på 35 dekar, hvorav 26 dekar fulldyrket. I tillegg en 1/​2-part i et utmarkssameie på 406 dekar.","Hamnabuktveien 17, 7256 Hemnskjela",7256,Hemnskjela,2 500 000 kr,2 576 490 kr,76 490 kr,,,Gårdsbruk/Småbruk,Selveier,,,73 m²,330 m²,3,,,,,,,,5056,204,19,3,,2026-09-21T09:38:52+00:00
475891586,https://www.finn.no/realestate/homes/ad.html?finnkode=475891586,Småbruk i landlige omgivelser * Sjarmerende enebolig * Garasjer * Låve * Fjøs * Stabbur * Nærhet til Glomma,"Oslovegen 694, 2100 Skarnes",2100,Skarnes,3 700 000 kr,3 793 890 kr,93 890 kr,,,Gårdsbruk/Småbruk,Selveier,,266 m² (BRA-i),1 100 m²,,4,,1850,,4 431 m² (eiet),4431,4.4,Rom,3415,71,439,5,"Her kan vi ønske velkommen til Oslovegen 694 som er beliggende i landlige omgivelser og med gode solforhold og nærhet til Glomma. Det er få minutters kjøring til nærmeste barnehage og skole, og det er kort avstand til Skarnes sentrum. Sjarmerende eldre enebolig med romslig kjøkken, spiskammers, koselig stue med peis, bad/vaskerom, fire soverom, kjellerstue, hobbyrom og boder. Oppgraderinger/modernisering må påregnes. Eiendommen består dessuten av garasje, garasje/vognskjul, stabbur, låve, samt fjøs (kjeller kan være flomutsatt). Romslig tomt opparbeidet med plen, frukttrær, diverse prydbusker, gruset innervei og biloppstillingsplasser. En eiendom med muligheter! Velkommen til visning! Minus Vis mindre NB: Knappen for å vise hele beskrivelsen har kun en visuell effekt. Pluss tegn Vis hele beskrivelsen NB: Knappen for å vise hele beskrivelsen har kun en visuell effekt. Salgsoppgaven beskriver vesentlig og lovpålagt informasjon om eiendommen Se komplett salgsoppgave Visning onsdag, 23. september 17:00 – 18:00 Legg til i kalender Husk å lese komplett salgsoppgave før visning. Bestill komplett, utskriftsvennlig salgsoppgave. Visningspåmelding Gi bud Nærområdet Kart Oslovegen 694, 2100 Skarnes Annonseinformasjon FINN-kode 475891586 Sist endret 18. sep. 2026 07:18 Referanse 1202260138 Rapporter annonse Annonsene kan være mangelfulle i forhold til lovpålagt opplysningsplikt. Før bindende avtale inngås oppfordres interessenter til å innhente komplett informasjon fra meglerforetaket, selger eller utleier.",2026-09-21T09:38:53+00:00
475464069,https://www.finn.no/realestate/homes/ad.html?finnkode=475464069,Småbruk Vågå,"Sætavegen 18, 2680 Vågå",2680,Vågå,440 000 kr,452 090 kr,12 090 kr,0 kr,440 000 kr,Gårdsbruk/Småbruk,Selveier,,,80 m²,,2,,1920,,9 620 m² (eiet),9620,9.6,G - Gul,3435,27,7,1,"Småbruk i Sætagrenda i Vågå kommune. Fin beliggenhet med utsikt ut over dalen. Våningshus og driftsbygning. To utmarksteiger. Bygningsmassen har store utbedringsbehov. Minus Vis mindre NB: Knappen for å vise hele beskrivelsen har kun en visuell effekt. Pluss tegn Vis hele beskrivelsen NB: Knappen for å vise hele beskrivelsen har kun en visuell effekt. Ta kontakt med megler for komplett informasjon Visning Ta kontakt med advokat Ingrid Storvik ved ønske om visning. Nærområdet Kart Sætavegen 18, 2680 Vågå Annonseinformasjon FINN-kode 475464069 Sist endret 09. sep. 2026 11:12 Rapporter annonse Annonsene kan være mangelfulle i forhold til lovpålagt opplysningsplikt. Før bindende avtale inngås oppfordres interessenter til å innhente komplett informasjon fra meglerforetaket, selger eller utleier.",2026-09-21T09:38:54+00:00
475953512,https://www.finn.no/realestate/homes/ad.html?finnkode=475953512,"Sjelden mulighet! Småbruk brukt som fritidsbolig. Våningshus, driftsbygg og kort vei til Bergen. Jaktrettigheter","Langelandsvegen 48, 5282 Lonevåg",5282,Lonevåg,3 490 000 kr,3 583 340 kr,93 340 kr,,47 588 kr,Gårdsbruk/Småbruk,Selveier,,101 m² (BRA-i),170 m²,,3,,1907,2,218 163 m² (eiet),218163,218.2,Rom,4630,71,4,5,"Lev ut småbruksdrømmen! Her får man både våningshus, driftsbygg og en solrik tomt. Eiendommen ligger idyllisk og naturskjønt til i rolige omgivelser med gode solforhold og flott utsikt mot nærområdet og omkringliggende fjell, perfekt for deg som ønsker et avslappende fristed nær natur. Høydepunkter: Ny veranda i 2021 Tre soverom, her har man god plass til gjester Vedovn + varmepumpe Ni av vinduene ble skiftet i 2020 Parkering på egen tomt En smakebit av området: Nærhet til flere turområder som Tveitafjellet og Kossdalssvingane Ca. 8 min. kjøring til Rema 1000 og Coop Extra Lonevåg Nærsenter en kort kjøretur unna Flere badeplasser i nærheten som Husavatnet, Storavatnet og Låstadvatnet Båtmarina i Lonevåg Minus Vis mindre NB: Knappen for å vise hele beskrivelsen har kun en visuell effekt. Pluss tegn Vis hele beskrivelsen NB: Knappen for å vise hele beskrivelsen har kun en visuell effekt. Salgsoppgaven beskriver vesentlig og lovpålagt informasjon om eiendommen Se komplett salgsoppgave Nyttige lenker Gi bud Bestill salgsoppgave Visning Ta kontakt for å avtale visning. Husk å lese komplett salgsoppgave før visning. Bestill komplett, utskriftsvennlig salgsoppgave. Visningspåmelding Gi bud Nyttige lenker Gi bud Bestill salgsoppgave Nærområdet Kart Langelandsvegen 48, 5282 Lonevåg Annonseinformasjon FINN-kode 475953512 Sist endret 09. sep. 2026 09:12 Referanse 48-0101/26 Rapporter annonse Annonsene kan være mangelfulle i forhold til lovpålagt opplysningsplikt. Før bindende avtale inngås oppfordres interessenter til å innhente komplett informasjon fra meglerforetaket, selger eller utleier.",2026-09-21T09:38:55+00:00
475360480,https://www.finn.no/realestate/homes/ad.html?finnkode=475360480,"Usjenert ""småbruk"" med flott utsikt og god solgang | Hovedhus og flere uthus","Larshusvegen 182, 3550 Gol",3550,Gol,3 400 000 kr,3 500 000 kr,100 000 kr,,869 939 kr,Gårdsbruk/Småbruk,Selveier,,171 m² (BRA-i),353 m²,,1,,1950,3,53 046 m² (eiet),53046,53.0,E - Oransje,3324,10,11,5,"Velkommen til Larshusvegen 182 - en innholdsrik landbrukseiendom/småbruk med en usjenert, høytliggende beliggenhet og vidstrakt utsikt over Gol sentrum, dalen og fjellandskapet omkring. Her får du virkelig følelsen av ett usjenert tun. Her er det særlig kombinasjonen av utsikt, gode solforhold og landlige omgivelser som gjør ett godt inntrykk. Eiendommen ligger fritt og fint til, med naturen tett på og en herlig følelse av plass rundt seg. Fra eiendommen og uteområdene kan man nyte utsikten og solen gjennom dagen, og de gode vindusflatene sørger for at landskapet også blir en naturlig del av boligen. På hovedteigen ligger et hyggelig og tradisjonsrikt tun med våningshus, garasje, stabbur og uthusbygninger. Eiendommen har et beregnet areal på ca. 52 daa fordelt på tre teiger. Hovedteigen ved Larshusvegen er på ca. 40 daa, mens en egen teig på ca. 11 daa ligger ved Åsheimvegen/Tretteskogane. I tillegg kommer en mindre teig på ca. 0,9 daa ved Larshusvegen. Velkommen til visning! Minus Vis mindre NB: Knappen for å vise hele beskrivelsen har kun en visuell effekt. Pluss tegn Vis hele beskrivelsen NB: Knappen for å vise hele beskrivelsen har kun en visuell effekt. Salgsoppgaven beskriver vesentlig og lovpålagt informasjon om eiendommen Se komplett salgsoppgave Nyttige lenker Gi bud Bestill salgsoppgave Eiendommens hjemmeside Visning mandag, 21. september 16:00 – 17:30 Legg til i kalender Alle våre visninger påmelding. Dette sikrer at megler har god oversikt og tid til å imøtekomme alle interessenter på aller beste måte. Hvis det ikke passer på oppsatt visning er det bare å ta kontakt for privatvisning. Husk å lese komplett salgsoppgave før visning. Bestill komplett, utskriftsvennlig salgsoppgave. Visningspåmelding Nyttige lenker Gi bud Bestill salgsoppgave Eiendommens hjemmeside Nærområdet Kart Larshusvegen 182, 3550 Gol Annonseinformasjon FINN-kode 475360480 Sist endret 08. sep. 2026 20:39 Referanse 28260184 Rapporter annonse Annonsene kan være mangelfulle i forhold til lovpålagt opplysningsplikt. Før bindende avtale inngås oppfordres interessenter til å innhente komplett informasjon fra meglerforetaket, selger eller utleier.",2026-09-21T09:38:57+00:00
475899576,https://www.finn.no/realestate/homes/ad.html?finnkode=475899576,Innholdsrik landbrukseiendom beliggende v/​elva i Holdalsfoss - Jakt*- og fiskerettigheter - Støl på Grøslie,"Bygdinvegen 732, 2900 Fagernes",2900,Fagernes,4 500 000 kr,4 613 590 kr,113 590 kr,,340 959 kr,Gårdsbruk/Småbruk,Selveier,,273 m² (BRA-i),347 m²,,5,,1937,,88 100 m² (eiet),88100,88.1,Rom,3451,4,13,5,"Eiendommen består av 3 teiger hvorav 1 teig på hovedbølet, 1 teig på stølen samt 1 utmarksteig. Samlet areal: Ca. 88 100 kvm. Dette er en eiendom med mange muligheter. Her er det god plass til to- og firbente. Med flere bygninger og store soner ute er dette en perfekt plass for å utfolde seg innenfor hobby, dyrehold og aktiviteter. Kanskje drømmer du om en egen kjøkkenhage og være delvis selvforsynt? Hovedbølet ligger i Holdalsfoss, ca. 8 km fra Fagernes, retning Beitostølen. Usjenert beliggende ved elva, på nedsiden av RV 51. Hovedbøl Bygdinvegen 732 består av: Våningshus Driftsbygning Garasje Redskapshus Pelsingshus Stabbur Lekehus Stølen ligger ved Grøslie i Skrautvålsåsen. Her er det sæl med oppholdsrom, gang med køyeseng og ""kjøkkenkrok"". Sommerfjøs/uthus. Utmarksteigen ligger ved Hølstølen tilhørende Skrautvålsåsen, mot Kruk. 0,00902% andel i Skrautvål sameige. Fiskerett i 'Heisend' med nett. * Elgjakt blir administrert av sameie/jaktlag og småvilt leid ut på anbud. Minus Vis mindre NB: Knappen for å vise hele beskrivelsen har kun en visuell effekt. Pluss tegn Vis hele beskrivelsen NB: Knappen for å vise hele beskrivelsen har kun en visuell effekt. Salgsoppgaven beskriver vesentlig og lovpålagt informasjon om eiendommen Se komplett salgsoppgave Nyttige lenker Digital salgsoppgave v4 Gi bud Bestill salgsoppgave Eiendommens hjemmeside Visning tirsdag, 22. september 16:00 – 17:30 Legg til i kalender Velkommen til visning! Alle våre visninger har påmelding. På denne måten sikrer vi at megler har god oversikt og tid til å imøtekomme alle interessenter på beste måte. Dette er veldig verdifullt for boligkjøpere og for oss. Det er enkelt å melde seg på, og du kan like enkelt melde deg av. Kontakt også gjerne megler i forkant av visning dersom du har spørsmål. Husk å lese komplett salgsoppgave før visning. Bestill komplett, utskriftsvennlig salgsoppgave. Visningspåmelding Gi bud Nyttige lenker Digital salgsoppgave v4 Gi bud Bestill salgsoppgave Eiendommens hjemmeside Nærområdet Kart Bygdinvegen 732, 2900 Fagernes Annonseinformasjon FINN-kode 475899576 Sist endret 17. sep. 2026 10:30 Referanse 71251109 Rapporter annonse Annonsene kan være mangelfulle i forhold til lovpålagt opplysningsplikt. Før bindende avtale inngås oppfordres interessenter til å innhente komplett informasjon fra meglerforetaket, selger eller utleier.",2026-09-21T09:38:58+00:00
468419268,https://www.finn.no/realestate/homes/ad.html?finnkode=468419268,Småbruk med med solrik og usjenert beliggenhet i idylliske omgivelser!,"Nedre Tørmoveg 62, 2217 Hokkåsen",2217,Hokkåsen,2 990 000 kr,3 065 840 kr,75 840 kr,,72 787 kr,Gårdsbruk/Småbruk,Selveier,,100 m² (BRA-i),221 m²,,3,,1896,,100 956 m² (eiet),100956,101.0,,3401,143,8,5,"Velkommen til Nordre Tørmoen! Et idyllisk småbruk med usjenert og landlig beliggenhet langs Skasåa, i Sørroa - Hokkåsen. Eiendommen ligger for seg selv innerst i veien, omgitt av frodige skoger og åpne landskap. Her kan du nyte roen med turstier og fiskevann rett utenfor døren. Våningshuset har en praktisk planløsning over ett plan og er oppgradert med blant annet nytt tak. Den store tomten gir et godt utgangspunkt for den som drømmer om et liv på landet, med kort vei til servicetilbud på Roverud og i Kongsvinger. Høydepunkter: - Usjenert beliggenhet - Lang strandlinje til Skasåa - Tre soverom - Sydvestvendt terrasse - Eiertomt på totalt ca. 100,90 dekar - Driveplikt og konsesjonsplikt - Uthus med garasje, lager og carport Velkommen til visning! Minus Vis mindre NB: Knappen for å vise hele beskrivelsen har kun en visuell effekt. Pluss tegn Vis hele beskrivelsen NB: Knappen for å vise hele beskrivelsen har kun en visuell effekt. Salgsoppgaven beskriver vesentlig og lovpålagt informasjon om eiendommen Se komplett salgsoppgave Nyttige lenker Meld interesse Se komplett salgsoppgave Gi bud Visning Velkommen til visning! Meld deg på ved å trykke ""visningspåmelding"" i våre boligannonser. Ta gjerne kontakt med megler i forkant av visningen om du har spørsmål. Visningspåmelding Gi bud Nyttige lenker Meld interesse Se komplett salgsoppgave Gi bud Nærområdet Kart Nedre Tørmoveg 62, 2217 Hokkåsen Annonseinformasjon FINN-kode 468419268 Sist endret 08. sep. 2026 12:50 Referanse 505260097 Rapporter annonse Annonsene kan være mangelfulle i forhold til lovpålagt opplysningsplikt. Før bindende avtale inngås oppfordres interessenter til å innhente komplett informasjon fra meglerforetaket, selger eller utleier.",2026-09-21T09:38:59+00:00
475879172,https://www.finn.no/realestate/homes/ad.html?finnkode=475879172,"Strømnes gård | Tradisjonsrik landbrukseiendom sentralt i Råde | 187,5 daa. dyrket mark og kort vei til Karlshus","Strømnesgata 11, 1643 Råde",1643,Råde,6 100 000 kr,6 267 390 kr,167 390 kr,,,Gårdsbruk/Småbruk,Selveier,,131 m² (BRA-i),131 m²,,3,,1910,2,329 933 m² (eiet),329933,329.9,Rom,3112,101,2,5,"Strømnes er en landbrukseiendom på ca. 315 daa på Rådesletta, kun 1,5 km fra Karlshus sentrum med togstasjon, skoler og butikker. Tunet består av en gammel frukthage, et eldre våningshus, en låve med moderniseringsbehov, samt en driftsbygning fra 1986. Eiendommen har 187,5 daa utleid dyrket mark fordelt på 6 skifter, og ca. 84 daa skog med lav bonitet og en verdifull naturtype (gammel granskog). Jaktretten inngår i det lokale elg- og rådyrlaget. Beliggenheten er ideell for pendlere med tog til Oslo S på 1 time, og med bil nås Fredrikstad, Sarpsborg og Moss på 15 20 minutter. Det er også kort vei til kyststien og flotte badeplasser som Saltholmen og Oven. Samt Vannsjø med muligheter for båtliv og ferskvannsfiske. Minus Vis mindre NB: Knappen for å vise hele beskrivelsen har kun en visuell effekt. Pluss tegn Vis hele beskrivelsen NB: Knappen for å vise hele beskrivelsen har kun en visuell effekt. Salgsoppgaven beskriver vesentlig og lovpålagt informasjon om eiendommen Se komplett salgsoppgave Nyttige lenker Bestill prospekt Gi bud Visning mandag, 21. september 17:00 – 18:00 Legg til i kalender Husk å lese komplett salgsoppgave før visning. Bestill komplett, utskriftsvennlig salgsoppgave. Visningspåmelding Gi bud Nyttige lenker Bestill prospekt Gi bud Nærområdet Kart Strømnesgata 11, 1643 Råde Annonseinformasjon FINN-kode 475879172 Sist endret 08. sep. 2026 11:31 Referanse GAR30.2631 Rapporter annonse Annonsene kan være mangelfulle i forhold til lovpålagt opplysningsplikt. Før bindende avtale inngås oppfordres interessenter til å innhente komplett informasjon fra meglerforetaket, selger eller utleier.",2026-09-21T09:39:00+00:00
475465429,https://www.finn.no/realestate/homes/ad.html?finnkode=475465429,Enebolig med potensial på 17 mål eiertomt | To doble garasjer | Oppgraderinger må påregnes,"Bergesidevegen 212, 2436 Våler i Solør",2436,Våler i Solør,590 000 kr,605 840 kr,15 840 kr,,,Gårdsbruk/Småbruk,Selveier,,191 m² (BRA-i),308 m²,,4,,1947,,17 193 m² (eiet),17193,17.2,Rom,3419,27,16,5,"Velkommen til Bergesidevegen 212! En innholdsrik enebolig med stort potensial, beliggende på en romslig eiertomt på over 17 mål. Dette er en eiendom for deg som ønsker rikelig med plass. Hovedhuset fra 1947 har en familievennlig planløsning, og med to doble garasjer (én i kombinasjon med uthus) er det godt med rom for kjøretøy, hobby og lagring. Eiendommen har behov for oppgradering og modernisering, noe som gir en ny eier en flott mulighet til å skape sitt eget hjem i landlige og fredelige omgivelser. Verdt å merke seg: - Enebolig med fire soverom - Stor eiertomt på ca. 17,2 mål - To doble garasjer (én i kombi m/uthus m/vedbod) - To vedovner for ekstra varme og hygge - Moderniseringsbehov gir stort potensial - Landlig og rolig beliggenhet Velkommen til visning! Minus Vis mindre NB: Knappen for å vise hele beskrivelsen har kun en visuell effekt. Pluss tegn Vis hele beskrivelsen NB: Knappen for å vise hele beskrivelsen har kun en visuell effekt. Salgsoppgaven beskriver vesentlig og lovpålagt informasjon om eiendommen Se komplett salgsoppgave Nyttige lenker Bestill salgsoppgave Visning mandag, 21. september 18:00 – 18:30 Legg til i kalender Ønsker du å delta på visningen ber vi deg melde deg på slik at vi vet at du kommer. Da kan vi bistå alle best mulig og gi deg tiden du trenger på visningen. Ta gjerne kontakt med megler før visning hvis du har noen spørsmål. Velkommen! Husk å lese komplett salgsoppgave før visning. Bestill komplett, utskriftsvennlig salgsoppgave. Visningspåmelding Gi bud Nyttige lenker Bestill salgsoppgave Nærområdet Kart Bergesidevegen 212, 2436 Våler i Solør Annonseinformasjon FINN-kode 475465429 Sist endret 08. sep. 2026 10:23 Referanse 6039260062 Rapporter annonse Annonsene kan være mangelfulle i forhold til lovpålagt opplysningsplikt. Før bindende avtale inngås oppfordres interessenter til å innhente komplett informasjon fra meglerforetaket, selger eller utleier.",2026-09-21T09:39:01+00:00
475818986,https://www.finn.no/realestate/homes/ad.html?finnkode=475818986,"Sjelden mulighet på Bergshøgda! | Idyllisk småbruk med sentral beliggenhet | Tun med enebolig, garasje og låve | Utsikt","Furnesvegen 454, 2320 Furnes",2320,Furnes,7 400 000 kr,7 586 090 kr,186 090 kr,,983 426 kr,Gårdsbruk/Småbruk,Selveier,,184 m² (BRA-i),230 m²,,4,,1982,2,4 777 m² (eiet),4777,4.8,Rom,3411,742,7,7,"Velkommen til Furnesvegen 454! Sjarmerende småbrukseiendom på Bergshøgda med solrik og tilbaketrukket beliggenhet, flott utsikt og ca. 4,8 mål tomt. Tunet består av en innholdsrik enebolig over to plan, nyere dobbelgarasje og låve/driftsbygning med mange muligheter. Boligen har blant annet fire soverom, to bad, kjøkken, stue og kjellerstue. Flotte uteplasser på eiendommen gir gode muligheter for å nyte solen og omgivelsene hele dagen. Låven har tidligere vært benyttet til dyrehold og kan også egne seg som hobbyverksted, hobbyrom eller til lagring. Kort vei til skole, barnehage, Brumunddal og Hamar. Velkommen til en hyggelig visning! Minus Vis mindre NB: Knappen for å vise hele beskrivelsen har kun en visuell effekt. Pluss tegn Vis hele beskrivelsen NB: Knappen for å vise hele beskrivelsen har kun en visuell effekt. Salgsoppgaven beskriver vesentlig og lovpålagt informasjon om eiendommen Se komplett salgsoppgave Nyttige lenker Gi Bud Eiendommens hjemmeside på Krogsveen.no Visning For å delta på visning, ber vi om at du melder deg på. Da sikrer vi at du får nødvendig informasjon og at det er satt av tilstrekkelig med tid. Kontakt megler dersom annet tidspunkt ønskes. Husk å lese salgsoppgaven før visningen, så du stiller forberedt. Ønsker du kun å bli holdt orientert, kan du fra eiendommens hjemmeside få varsel om solgtpris, eller kontakte megler. Visningspåmelding Gi bud Nyttige lenker Gi Bud Eiendommens hjemmeside på Krogsveen.no Nærområdet Kart Furnesvegen 454, 2320 Furnes Annonseinformasjon FINN-kode 475818986 Sist endret 09. sep. 2026 08:39 Referanse KR65.26171 Rapporter annonse Annonsene kan være mangelfulle i forhold til lovpålagt opplysningsplikt. Før bindende avtale inngås oppfordres interessenter til å innhente komplett informasjon fra meglerforetaket, selger eller utleier.",2026-09-21T09:39:03+00:00
475869003,https://www.finn.no/realestate/homes/ad.html?finnkode=475869003,"Søre Traasdahl Gård | Skog | Gode leieinntekter | Kennelvirksomhet/​hundehotell | 460,6 dekar totalt","Vestsidevegen 458, 2665 Lesja",2665,Lesja,8 000 000 kr,8 201 090 kr,201 090 kr,,,Gårdsbruk/Småbruk,Selveier,,408 m² (BRA-i),408 m²,,4,,1997,2,460 600 m² (eiet),460600,460.6,,3432,133,5,5,"En unik mulighet: Moderne landbruks- og næringseiendom med historisk sjarm, solid infrastruktur og ferdig opparbeidede inntektsstrømmer. Velkommen til Søre Traasdahl på Lesja. Dette er den ideelle muligheten for deg som ønsker å kombinere høy livskvalitet på fjellet med solid, lønnsom næringsdrift. Eiendommen utmerker seg med et topp moderne energianlegg, velholdt bygningsmasse og fasiliteter som er skreddersydd for kursvirksomhet, naturbasert reiseliv, kenneldrift eller eksklusive private opplevelser. Her ligger alt til rette for å overta en gård med  store uforløste potensialer og samtidig realisere egne drømmer i hjertet av den norske fjellheimen. For aktører innen hundemiljøet, jakt-fiskeentusiaster og opplevelsesbasert turisme, tilbyr Søre Traasdahl en sjelden mulighet. Minus Vis mindre NB: Knappen for å vise hele beskrivelsen har kun en visuell effekt. Pluss tegn Vis hele beskrivelsen NB: Knappen for å vise hele beskrivelsen har kun en visuell effekt. Salgsoppgaven beskriver vesentlig og lovpålagt informasjon om eiendommen Se komplett salgsoppgave Nyttige lenker Bestill prospekt Gi bud Video Søre Traasdahl Søre Traasdahl hyttetun Fiske på Lesja og Gudbrandsdalslågen Visning Ta kontakt for å avtale visning. Husk å lese komplett salgsoppgave før visning. Bestill komplett, utskriftsvennlig salgsoppgave. Visningspåmelding Gi bud Nyttige lenker Bestill prospekt Gi bud Video Søre Traasdahl Søre Traasdahl hyttetun Fiske på Lesja og Gudbrandsdalslågen Nærområdet Kart Vestsidevegen 458, 2665 Lesja Annonseinformasjon FINN-kode 475869003 Sist endret 10. sep. 2026 22:53 Referanse GAR30.2670 Rapporter annonse Annonsene kan være mangelfulle i forhold til lovpålagt opplysningsplikt. Før bindende avtale inngås oppfordres interessenter til å innhente komplett informasjon fra meglerforetaket, selger eller utleier.",2026-09-21T09:39:04+00:00
475164394,https://www.finn.no/realestate/homes/ad.html?finnkode=475164394,Betydelig påkostet og innholdsrik eiendom med solrike uteplasser. Stor låve og dobbelgarasje. Meget sentralt småbruk!,"Fagerlundvegen 62, 2384 Brumunddal",2384,Brumunddal,7 900 000 kr,8 098 890 kr,198 890 kr,,381 749 kr,Gårdsbruk/Småbruk,Selveier,,358 m² (BRA-i),579 m²,,4,,1900,3,10 213 m² (eiet),10213,10.2,Rom,3411,4,50,5,"Velkommen til Brumunddal og Fagerlundvegen 62,  et sjeldent sentrumsnært småbruk med god plass både ute og inne. Eiendommen Petersheim består av en romslig og betydelig oppgradert enebolig, stor låve og dobbelgarasje. Boligen har en familievennlig planløsning over to plan med fire soverom, tre bad, badstue og eget vaskerom, i tillegg til kjeller med flere store rom. Boligen omfattende modernisert og vedlikeholdt, og fremstår som godt ivaretatt. Bergvarmeanlegg bidrar til energieffektiv oppvarming og lave driftskostnader. Utendørs finner du solrike uteplasser, terrasse med utekjøkken, stor plenhage og lekeområde som gir gode rammer for både familieliv og sosiale sammenkomster. Her får du følelsen av å bo landlig og skjermet, samtidig som Brumunddal sentrum ligger bare ca. 1,5 km unna. Minus Vis mindre NB: Knappen for å vise hele beskrivelsen har kun en visuell effekt. Pluss tegn Vis hele beskrivelsen NB: Knappen for å vise hele beskrivelsen har kun en visuell effekt. Salgsoppgaven beskriver vesentlig og lovpålagt informasjon om eiendommen Se komplett salgsoppgave Visning mandag, 21. september 17:00 – 18:00 Legg til i kalender Ved annonsert visning er det viktig at du melder deg på visningen ved å bruke visningspåmeldingsknappen eller kontakter megler. For visninger utover dette, ta direkte kontakt med megler. Husk å lese komplett salgsoppgave før visning. Bestill komplett, utskriftsvennlig salgsoppgave. Visningspåmelding Gi bud Nærområdet Kart Fagerlundvegen 62, 2384 Brumunddal Annonseinformasjon FINN-kode 475164394 Sist endret 18. sep. 2026 13:30 Referanse 1214260071 Rapporter annonse Annonsene kan være mangelfulle i forhold til lovpålagt opplysningsplikt. Før bindende avtale inngås oppfordres interessenter til å innhente komplett informasjon fra meglerforetaket, selger eller utleier.",2026-09-21T09:39:05+00:00
475820070,https://www.finn.no/realestate/homes/ad.html?finnkode=475820070,Flott landbrukseiendom med naturskjønn beliggenhet på Smøla!,"Jøstølveien 183, 6570 Smøla",6570,Smøla,2 500 000 kr,2 563 590 kr,63 590 kr,,232 359 kr,Gårdsbruk/Småbruk,Selveier,,215 m² (BRA-i),325 m²,,5,,1890,,443 581 m² (eiet),443581,443.6,Rom,1573,23,7,5,"EiendomsMegler 1 v/Morten Høvik har gleden av å presentere Jøstølveien 183! Flott landbrukseiendom med naturskjønn beliggenhet på Smøla! Eiendommen består av enebolig, uthus og sauefjøs. Totalt tomteareal for eiendommen er ca. 444 dekar. Boligen går over to plan og inneholder romslig stue/kjøkken i åpen løsning, 5 soverom, bad, vaskerom og flere boder. Fra stuen er det utgang til en romslig terrasse med flott utsikt og gode solforhold. I tillegg har boligen balkong på loftet. Eiendommen har en romslig tomt med gode uteområder og rikelig med parkeringsplass. Velkommen til visning! Minus Vis mindre NB: Knappen for å vise hele beskrivelsen har kun en visuell effekt. Pluss tegn Vis hele beskrivelsen NB: Knappen for å vise hele beskrivelsen har kun en visuell effekt. Salgsoppgaven beskriver vesentlig og lovpålagt informasjon om eiendommen Se komplett salgsoppgave Nyttige lenker Eiendommens hjemmeside Bestill salgsoppgave Visning mandag, 28. september 16:30 – 17:30 Legg til i kalender Våre visninger har påmelding. Dette gjør vi for å kunne yte bedre service for våre kunder. Verdifullt for boligkjøper og for oss. Vi anbefaler at salgsoppgaven lastes ned digitalt før visning, og ring oss gjerne på forhånd for spørsmål om boligen. Passer ikke angitt tidspunkt, ta kontakt så finner vi en løsning. Skulle det mot formodning ikke være påmeldte til angitt visningstidspunkt vil ikke visning bli gjennomført. Husk å lese komplett salgsoppgave før visning. Bestill komplett, utskriftsvennlig salgsoppgave. Visningspåmelding Gi bud Nyttige lenker Eiendommens hjemmeside Bestill salgsoppgave Nærområdet Kart Jøstølveien 183, 6570 Smøla Annonseinformasjon FINN-kode 475820070 Sist endret 20. sep. 2026 21:40 Referanse 17260163 Rapporter annonse Annonsene kan være mangelfulle i forhold til lovpålagt opplysningsplikt. Før bindende avtale inngås oppfordres interessenter til å innhente komplett informasjon fra meglerforetaket, selger eller utleier.",2026-09-21T09:39:06+00:00
460914389,https://www.finn.no/realestate/homes/ad.html?finnkode=460914389,"Velkommen til Larsgarden. Eiendom på ca. 86 daa med regulert område på 13 daa til boligbebyggelse, naust og friområde.","Furnesvegen 65, 6036 Mauseidvåg",6036,Mauseidvåg,4 500 000 kr,4 613 590 kr,113 590 kr,,1 062 165 kr,Gårdsbruk/Småbruk,Selveier,,291 m² (BRA-i),394 m²,,3,,1981,3,86 465 m² (eiet),86465,86.5,Rom,1531,66,1,5,"Eiendommen ligger sjønært med flott utsikt og gode solforhold. Eiendommen er bebygd med våningshus, løe, uthus, naust og flytebrygge. Bygningene er i dårlig forfatning, og bør ev totalrenoveres. Stort potensial i regulert område på 13 daa hvor man har muligheter til å bygge ut et boligområde med naust i rekke. Eiendommen: .Våningshus må renoveres. .Naust har innlagt strøm. .Ifølge reguleringsplan: På boligområde kan man bygge frittliggende enebolig på inntil 2 etasjer og frittliggende garasje. .BYA for B1, B2 og B5 er maks 25%. .Naust i rekke må ev ha 1 biloppstillingsplass pr naust .Det er 4 teiger opp mot Solavågsfjellet. Området som er vernet som naturreservat gjelder ca. halvparten av teig nr. 4, hele teig nr. 2 og teig nr. 1. . Felles renseanlegg i Veibustfjellet, Kongshaugstranda, skal stå ferdig i 2028. . Mulighet for rask overtagelse Husk å melde deg på visning. Minus Vis mindre NB: Knappen for å vise hele beskrivelsen har kun en visuell effekt. Pluss tegn Vis hele beskrivelsen NB: Knappen for å vise hele beskrivelsen har kun en visuell effekt. Salgsoppgaven beskriver vesentlig og lovpålagt informasjon om eiendommen Se komplett salgsoppgave Nyttige lenker Gi bud Bestill salgsoppgave Eiendommens hjemmeside Visning Ta kontakt for å avtale visning. Husk å lese komplett salgsoppgave før visning. Bestill komplett, utskriftsvennlig salgsoppgave. Visningspåmelding Gi bud Nyttige lenker Gi bud Bestill salgsoppgave Eiendommens hjemmeside Nærområdet Kart Furnesvegen 65, 6036 Mauseidvåg Annonseinformasjon FINN-kode 460914389 Sist endret 19. sep. 2026 06:04 Referanse 313260036 Rapporter annonse Annonsene kan være mangelfulle i forhold til lovpålagt opplysningsplikt. Før bindende avtale inngås oppfordres interessenter til å innhente komplett informasjon fra meglerforetaket, selger eller utleier.",2026-09-21T09:39:08+00:00
475381165,https://www.finn.no/realestate/homes/ad.html?finnkode=475381165,"Idyllisk landbrukseiendom/​småbruk med to boliger, driftsbygning, verksted | Eget naust v/​ Økstrafjorden | Jaktmuligheter","Nodlandsvegen 123, 4234 Jelsa",4234,Jelsa,6 100 000 kr,6 252 590 kr,152 590 kr,,191 790 kr,Gårdsbruk/Småbruk,Selveier,,216 m² (BRA-i),500 m²,,6,,1910,,258 767 m² (eiet),258767,258.8,,1134,139,11,5,"Nodlandsvegen 123 er en idyllisk landbrukseiendom like utenfor Jelsa i Suldal. Eiendommen ligger fint til i terrenget, med utsikt over landskapet og Økstrafjorden. Her får du to boliger, driftsbygning, verksted og eget naust i en lun vik. Dette gir et solid utgangspunkt for den som ønsker å drive med dyrehold, jakt og nyte freden og roen i naturskjønne omgivelser. Verdt å merke seg: - Landbrukseiendom på ca. 258 mål - Jaktmuligheter som hjortejakt - Bygningsmassen fremstår i god stand med 2 oppussede/moderniserte boliger - Konsesjonspliktig, men ikke underlagt priskontroll. - Eget naust med lun, avskjermet beliggenhet - Nydelig utsikt En sjelden mulighet til å få tak i et idyllisk småbruk hvor man kan flytte rett inn. Velkommen til visning. Minus Vis mindre NB: Knappen for å vise hele beskrivelsen har kun en visuell effekt. Pluss tegn Vis hele beskrivelsen NB: Knappen for å vise hele beskrivelsen har kun en visuell effekt. Salgsoppgaven beskriver vesentlig og lovpålagt informasjon om eiendommen Se komplett salgsoppgave Nyttige lenker Bestill salgsoppgave Visning mandag, 28. september 16:00 – 18:00 Legg til i kalender Ønsker du å delta på visningen ber vi deg melde deg på slik at vi vet at du kommer. Da kan vi bistå alle best mulig og gi deg tiden du trenger på visningen. Kontakt gjerne megler før visning hvis du har spørsmål. Visningen avholdes bare dersom det er påmeldte. Hvis det ikke er oppsatt visningstidspunkt eller tidspunkt ikke passer, kontakt megler. Husk å lese komplett salgsoppgave før visning. Bestill komplett, utskriftsvennlig salgsoppgave. Visningspåmelding Gi bud Nyttige lenker Bestill salgsoppgave Nærområdet Kart Nodlandsvegen 123, 4234 Jelsa Annonseinformasjon FINN-kode 475381165 Sist endret 07. sep. 2026 13:32 Referanse 2205260330 Rapporter annonse Annonsene kan være mangelfulle i forhold til lovpålagt opplysningsplikt. Før bindende avtale inngås oppfordres interessenter til å innhente komplett informasjon fra meglerforetaket, selger eller utleier.",2026-09-21T09:39:09+00:00
475800717,https://www.finn.no/realestate/homes/ad.html?finnkode=475800717,"Sjelden & modernisert landbrukseiendom på 437,8 daa. - Naturskjønne omgivelser!","Farrisvegen 209, 3948 Porsgrunn",3948,Porsgrunn,10 000 000 kr,10 251 350 kr,251 350 kr,,,Gårdsbruk/Småbruk,Selveier,,248 m² (BRA-i),308 m²,,5,,1936,,437 800 m² (eiet),437800,437.8,B - Lysegrønn,4001,107,1,7,"Meglerhuset Telemark v/ Jørn Eik-Nilsen har gleden av å presentere Farrisvegen 209, en sjelden og attraktiv landbrukseiendom med idyllisk beliggenhet i Oklungen. Her tilbys en komplett gårdseiendom med lange tradisjoner innen jord- og skogbruk, modernisert våningshus og et velutstyrt verksted, alt i naturskjønne omgivelser ca. 18 km fra Porsgrunn sentrum. Eiendommen er på totalt 437,8 dekar fordelt på 30,5 dekar fulldyrket jord, 371,8 dekar produktiv skog og et bebygget tun med våningshus, verksted, stabbur, vognskjul, brakke og skogskoie. Våningshuset er fra 1936 og er tilbygget og modernisert i perioden 2016-2021. Eiendommen har god plassering i forhold til friluftsliv, med kort vei til rekreasjonsområder og skog- og turterreng. Eiendommen grenser til Farrisvann som gir muligheter for båt- og fiskeaktiviteter i nærområdet. Minus Vis mindre NB: Knappen for å vise hele beskrivelsen har kun en visuell effekt. Pluss tegn Vis hele beskrivelsen NB: Knappen for å vise hele beskrivelsen har kun en visuell effekt. Salgsoppgaven beskriver vesentlig og lovpålagt informasjon om eiendommen Se komplett salgsoppgave Nyttige lenker Gi bud Bestill salgsoppgave Eiendommens hjemmeside Hjemmeside Visning Ta kontakt for å avtale visning. Husk å lese komplett salgsoppgave før visning. Bestill komplett, utskriftsvennlig salgsoppgave. Visningspåmelding Gi bud Nyttige lenker Gi bud Bestill salgsoppgave Eiendommens hjemmeside Hjemmeside Nærområdet Kart Farrisvegen 209, 3948 Porsgrunn Annonseinformasjon FINN-kode 475800717 Sist endret 18. sep. 2026 06:01 Referanse 90260107 Rapporter annonse Annonsene kan være mangelfulle i forhold til lovpålagt opplysningsplikt. Før bindende avtale inngås oppfordres interessenter til å innhente komplett informasjon fra meglerforetaket, selger eller utleier.",2026-09-21T09:39:10+00:00
475441450,https://www.finn.no/realestate/homes/ad.html?finnkode=475441450,"Landbrukseiendom i Vestre Gausdal med våningshus, fjøs og uthus | Stor, landlig tomt | Oppgradering må påregnes","Auggedalsbaklia 162, 2653 Vestre Gausdal",2653,Vestre Gausdal,1 450 000 kr,1 487 340 kr,37 340 kr,,146 126 kr,Gårdsbruk/Småbruk,Selveier,,189 m² (BRA-i),293 m²,,2,,,2,68 448 m² (eiet),68448,68.4,,3441,20,5,5,"Auggedalsbaklia 162 er en landbrukseiendom med landlig og usjenert beliggenhet i Vestre Gausdal. Eiendommen består av våningshus, fjøs og uthus på en romslig tomt, hvor deler av arealet er underlagt driveplikt. Her ligger forholdene til rette for å skape ditt eget lille bruk, omgitt av vakkert landskap med gode muligheter for enkelt dyrehold og naturnær livsstil. Våningshuset går over tre plan og har en funksjonell planløsning. Boligen har eldre standard og det må påregnes modernisering og oppgraderinger, noe som gir en spennende mulighet til å sette sitt eget preg og utvikle et hjem etter egne ønsker og behov. Her bor du fredelig og tilbaketrukket med landbruksarealer som nærmeste nabo, samtidig som det er kort vei til servicetilbud og bygdesenteret. Velkommen til visning! Minus Vis mindre NB: Knappen for å vise hele beskrivelsen har kun en visuell effekt. Pluss tegn Vis hele beskrivelsen NB: Knappen for å vise hele beskrivelsen har kun en visuell effekt. Salgsoppgaven beskriver vesentlig og lovpålagt informasjon om eiendommen Se komplett salgsoppgave Nyttige lenker Meld interesse Se komplett salgsoppgave Gi bud Visning Velkommen til visning! Meld deg på ved å trykke ""visningspåmelding"" i våre boligannonser. Ta gjerne kontakt med megler i forkant av visningen om du har spørsmål. Visningspåmelding Gi bud Nyttige lenker Meld interesse Se komplett salgsoppgave Gi bud Nærområdet Kart Auggedalsbaklia 162, 2653 Vestre Gausdal Annonseinformasjon FINN-kode 475441450 Sist endret 10. sep. 2026 12:43 Referanse 503260242 Rapporter annonse Annonsene kan være mangelfulle i forhold til lovpålagt opplysningsplikt. Før bindende avtale inngås oppfordres interessenter til å innhente komplett informasjon fra meglerforetaket, selger eller utleier.",2026-09-21T09:39:11+00:00
467122671,https://www.finn.no/realestate/homes/ad.html?finnkode=467122671,Landbrukseiendom med flott beliggenhet. Totalt areal ca. 330 dekar. Tilhørende setereiendom. Jaktrettigheter,"Graftåsvegen 252, 7380 Ålen",7380,Ålen,2 390 000 kr,2 450 840 kr,60 840 kr,,187 759 kr,Gårdsbruk/Småbruk,Selveier,,193 m² (BRA-i),261 m²,,4,,1952,,330 700 m² (eiet),330700,330.7,Rom,5026,41,1,7,"Velkommen til Graftåsvegen 252! Landbrukseiendom med bolighus, eldre låvebygning, stabbur og setereiendom. Eiendommen er på totalt ca. 330 dekar hvorav ca. 28 dekar er jordbruksareal og 115 dekar er produktiv skog. Jaktrett gjennom Ålen/Østsida grunneierlag/jaktlag. Bolighuset inneholder: - 1. etasje: Entrè, stue, kjøkken, bad og toalettrom. - 2. etasje: Loftstue og 4 soverom - Kjeller: Gang, vaskerom og 4 boder Av oppgraderinger i senere tid så er det blant annet byttet taktekking i ca. 2008, nytt bad og kjøkken i 2021, nytt renseanlegg i 2023 og montert ny varmepumpe i 2024. Setra som tilhører eiendommen har adresse Riastvegen 725 og ligger i Graftåsvollan (ca. 12 kilometer unna bolighuset). Inneholder stue, 2 sovealkover og kjøkken. Ikke innlagt vann og strøm. Det er bilvei opp til setra i sommerhalvåret, men ikke vinterbrøytet vei. Velkommen til visning! Minus Vis mindre NB: Knappen for å vise hele beskrivelsen har kun en visuell effekt. Pluss tegn Vis hele beskrivelsen NB: Knappen for å vise hele beskrivelsen har kun en visuell effekt. Salgsoppgaven beskriver vesentlig og lovpålagt informasjon om eiendommen Se komplett salgsoppgave Nyttige lenker Eiendommens hjemmeside Bestill salgsoppgave Visning Ta kontakt for å avtale visning. Husk å lese komplett salgsoppgave før visning. Bestill komplett, utskriftsvennlig salgsoppgave. Visningspåmelding Gi bud Nyttige lenker Eiendommens hjemmeside Bestill salgsoppgave Nærområdet Kart Graftåsvegen 252, 7380 Ålen Annonseinformasjon FINN-kode 467122671 Sist endret 18. sep. 2026 06:01 Referanse 41260064 Rapporter annonse Annonsene kan være mangelfulle i forhold til lovpålagt opplysningsplikt. Før bindende avtale inngås oppfordres interessenter til å innhente komplett informasjon fra meglerforetaket, selger eller utleier.",2026-09-21T09:39:13+00:00
475687022,https://www.finn.no/realestate/homes/ad.html?finnkode=475687022,Små bruk,", 6674 Kvisvik",6674,Kvisvik,2 800 000 kr,2 802 000 kr,2 000 kr,0 kr,90 000 kr,Gårdsbruk/Småbruk,Selveier,,,149 m²,,3,,1961,2,,,,,1560,111,2,1,"Fjøs,Stabbur,Garasjer, vedskjul,skog,jord til dyrking av gras,poteter og andre ting. Minus Vis mindre NB: Knappen for å vise hele beskrivelsen har kun en visuell effekt. Pluss tegn Vis hele beskrivelsen NB: Knappen for å vise hele beskrivelsen har kun en visuell effekt. Ta kontakt med selger for komplett informasjon Profilinfo Rettigheter og plikter når du kjøper bolig av en privatperson Visning Ta kontakt vist interesse Nærområdet Kart , 6674 Kvisvik Profilinfo Rettigheter og plikter når du kjøper bolig av en privatperson Annonseinformasjon FINN-kode 475687022 Sist endret 18. sep. 2026 10:38 Rapporter annonse Annonsene kan være mangelfulle i forhold til lovpålagt opplysningsplikt. Før bindende avtale inngås oppfordres interessenter til å innhente komplett informasjon fra meglerforetaket, selger eller utleier.",2026-09-21T09:39:14+00:00
475541991,https://www.finn.no/realestate/homes/ad.html?finnkode=475541991,Hetleli - Idyllisk småbruk /​ landsted på 76 mål med usjenerte omgivelser og lang strandlinje til Djubavatnet.,"Hetleli, 4137 Årdal i Ryfylke",4137,Årdal i Ryfylke,2 500 000 kr,2 563 890 kr,63 890 kr,,832 080 kr,Gårdsbruk/Småbruk,Selveier,,48 m² (BRA-i),48 m²,,3,,1840,,76 618 m² (eiet),76618,76.6,,1133,139,8,5,"En perle av en eiendom i vakre Ryfylke, med naturskjønne og fredelige omgivelser like ovenfor Årdal i Hjelmeland. Eiendommen består av et eldre våningshus fra 1840 som i dag benyttes som fritidsbolig, med enkle forhold uten innlagt vann, strøm eller avløp. Eiendommen ligger i et idyllisk landbruksområde og består av følgende; 8,9 dekar innmarksbeite 57,9 dekar produktiv skog 9,8 dekar annet markslag Det er krevd jordskifte og denne eiendommen har fått tillagt mer hensiktsmessige eiendomsgrenser, men er ikke ferdig oppmålt enda. Eiendommen har ikke priskontroll og det er ikke bo- eller driveplikt. Det medfølger andel i veilaget, og det er mulig å kjøre nesten helt opp ( med god bil). Siste del av veien består av gange på natursti Minus Vis mindre NB: Knappen for å vise hele beskrivelsen har kun en visuell effekt. Pluss tegn Vis hele beskrivelsen NB: Knappen for å vise hele beskrivelsen har kun en visuell effekt. Salgsoppgaven beskriver vesentlig og lovpålagt informasjon om eiendommen Se komplett salgsoppgave Visning Ta kontakt for å avtale visning. Husk å lese komplett salgsoppgave før visning. Bestill komplett, utskriftsvennlig salgsoppgave. Visningspåmelding Gi bud Nærområdet Kart Hetleli, 4137 Årdal i Ryfylke Annonseinformasjon FINN-kode 475541991 Sist endret 21. sep. 2026 10:27 Referanse 1401260143 Rapporter annonse Annonsene kan være mangelfulle i forhold til lovpålagt opplysningsplikt. Før bindende avtale inngås oppfordres interessenter til å innhente komplett informasjon fra meglerforetaket, selger eller utleier.",2026-09-21T09:39:15+00:00
475602295,https://www.finn.no/realestate/homes/ad.html?finnkode=475602295,"Møsstrond - Fantastisk fjellgård på 4.555 dekar ved foten av Hardangervidda. Fiskerett, jakt på rein, elg og småvilt","Juve 1, 3864 Rauland",3864,Rauland,5 300 000 kr,5 433 590 kr,133 590 kr,,299 375 kr,Gårdsbruk/Småbruk,Selveier,,72 m ² (BRA-i),72 m²,,2,,1909,,4 555 106 m² (eiet),4555106,4555.1,D - Gul,4036,164,13,17,"Velkommen til Møsstrond og fjellgården Juve ved foten av Hardangervidda. Her kommer en unik mulighet til å eie en fantastisk eiendom i noe av den vakreste naturen Norge har å by på. Juve er en en veiløs gård i Juvikfjorden på Møsstrond i Vinje Kommune. Tunet ligger på 946 m.o.h og er på totalt 4.555 dekar samlet i en stor teig. Tunet har en vakker og usjenert beliggenhet og består av et velholdt våningshus, en hytte, låve,  en fiskebu m.m. Eiendommen kan tilby jakt på villrein, elg og rype, samt fiske i Møsvatn og Kjyrbekktjønni. Her har du mulighet til å eie et lite stykke Norge i et helt fantastisk fjellområde. Se video over eiendommen i lenken. Bud på prisantydning er mottatt! Ta kontakt med megler for mer informasjon. Minus Vis mindre NB: Knappen for å vise hele beskrivelsen har kun en visuell effekt. Pluss tegn Vis hele beskrivelsen NB: Knappen for å vise hele beskrivelsen har kun en visuell effekt. Salgsoppgaven beskriver vesentlig og lovpålagt informasjon om eiendommen Se komplett salgsoppgave Nyttige lenker Gi bud Bestill salgsoppgave Eiendommens hjemmeside Nyttige lenker Gi bud Bestill salgsoppgave Eiendommens hjemmeside Nærområdet Kart Juve 1, 3864 Rauland Se hele annonsen Annonseinformasjon FINN-kode 475602295 Sist endret 21. sep. 2026 10:52 Referanse 330260028 Rapporter annonse Annonsene kan være mangelfulle i forhold til lovpålagt opplysningsplikt. Før bindende avtale inngås oppfordres interessenter til å innhente komplett informasjon fra meglerforetaket, selger eller utleier.",2026-09-21T09:39:17+00:00
475276343,https://www.finn.no/realestate/homes/ad.html?finnkode=475276343,"Landlig idyll - Gårdstun med enebolig og gammel kårbolig | 5,3 mål tomt | Usjenert beliggenhet og fin utsikt","Vikaneveien 559, 1623 Gressvik",1623,Gressvik,5 500 000 kr,5 638 850 kr,138 850 kr,,,Gårdsbruk/Småbruk,Selveier,,139 m² (BRA-i),233 m²,,2,,1924,,5 351 m² (eiet),5351,5.4,Rom,3107,86,7,5,"Velkommen til Vikaneveien 559! Landlig, usjenert og solrik eiendom på ca. 5,3 mål, omkranset av jorder og skog samt nærhet til sjøen. Tunet består av enebolig, gammel kårbolig, stabbur, redskapskjul og carport. Hovedhuset har en fin planløsning over to plan med vidstrakt utsikt over kulturlandskapet. Eiendommen har betydelig potensial, men modernisering må påregnes. Verdt å merke seg: Mulighet for fradeling av tomt/oppføring av ny bolig (Se møtereferat fra byggesaksavd. i Fr. stad kommune, som er vedlagt salgsoppgaven Stor, usjenert tomt på ca. 5,3 mål Enebolig, kårbolig, stabbur, redskapskjul og carport Vidstrakt utsikt over jorder og kulturlandskap Jevnlig vedlikeholdt med bl.a. nyere vinduer Tilknyttet offentlig vann og avløp via privat lag. Minus Vis mindre NB: Knappen for å vise hele beskrivelsen har kun en visuell effekt. Pluss tegn Vis hele beskrivelsen NB: Knappen for å vise hele beskrivelsen har kun en visuell effekt. Salgsoppgaven beskriver vesentlig og lovpålagt informasjon om eiendommen Se komplett salgsoppgave Nyttige lenker Bestill salgsoppgave Visning Om du ønsker visning, kan du ""melde deg på"", så tar vi kontakt for avtale. Du kan også ta kontakt med eiendomsmegler, for å avtale tid for visning. Husk å lese komplett salgsoppgave før visning. Bestill komplett, utskriftsvennlig salgsoppgave. Visningspåmelding Gi bud Nyttige lenker Bestill salgsoppgave Nærområdet Kart Vikaneveien 559, 1623 Gressvik Annonseinformasjon FINN-kode 475276343 Sist endret 16. sep. 2026 18:09 Referanse 5340260083 Rapporter annonse Annonsene kan være mangelfulle i forhold til lovpålagt opplysningsplikt. Før bindende avtale inngås oppfordres interessenter til å innhente komplett informasjon fra meglerforetaket, selger eller utleier.",2026-09-21T09:39:18+00:00
475532229,https://www.finn.no/realestate/homes/ad.html?finnkode=475532229,"Landlig beliggende enebolig med stor tomt, terrasse og garasje | Kort vei til flotte friluftsområder","Gilbergsrovegen 712, 2839 Øvre Snertingdal",2839,Øvre Snertingdal,1 190 000 kr,1 238 740 kr,48 740 kr,,610 185 kr,Gårdsbruk/Småbruk,Selveier,,123 m² (BRA-i),186 m²,,3,,1980,,6 750 m² (eiet),6750,6.8,,,,,5,"Velkommen til Gilbergsrovegen 712, en landlig beliggende enebolig i Øvre Snertingdal med stor tomt, garasje og naturskjønne omgivelser. Her bor du i et rolig og barnevennlig område med flotte tur- og rekreasjonsmuligheter rett utenfor døren, både sommer og vinter. Eiendommen ligger ca. 14 km fra Snertingdal sentrum, 8,5 km fra Torpa og 18 km fra Dokka. Boligen er oppført i 1980 og har et bruksareal (BRA) på 131 m². Huset holder en normal og er delvis oppgradert de senere årene. Kjøkkenet er fornyet med nye fronter og benkeplate i 2024, og flere vegger er etterisolert. Planløsningen består av entré, gang, bod/teknisk rom, bad, tre soverom, kjøkken, spisestue og stue med utgang til terrasse på 11 m². I tillegg medfølger utvendig bod og garasje. Eiendommen har en stor tomt på ca. 6 750 m², Minus Vis mindre NB: Knappen for å vise hele beskrivelsen har kun en visuell effekt. Pluss tegn Vis hele beskrivelsen NB: Knappen for å vise hele beskrivelsen har kun en visuell effekt. Salgsoppgaven beskriver vesentlig og lovpålagt informasjon om eiendommen Se komplett salgsoppgave Nyttige lenker Bestill komplett, utskriftsvennlig salgsoppgave Se komplett salgsoppgave Gå på visning når du vil med virtuell visning! Visning Vi i Notar ønsker å avholde så gode visninger som mulig. Derfor har vi påmeldingsvisninger. Da vet vi hvor mange som kommer, og kan sette av nok tid til alle. Trykk på linken  visningspåmelding  for å avtale tidspunkt.  Hvis det ikke er oppsatt visningstidspunkt eller oppsatt tidspunktet ikke skulle passe, kontakt megler for avtale om privatvisning. Velkommen til visning. Visningspåmelding Gi bud Nyttige lenker Bestill komplett, utskriftsvennlig salgsoppgave Se komplett salgsoppgave Gå på visning når du vil med virtuell visning! Nærområdet Kart Gilbergsrovegen 712, 2839 Øvre Snertingdal Annonseinformasjon FINN-kode 475532229 Sist endret 05. sep. 2026 10:15 Referanse NO24.2678 Rapporter annonse Annonsene kan være mangelfulle i forhold til lovpålagt opplysningsplikt. Før bindende avtale inngås oppfordres interessenter til å innhente komplett informasjon fra meglerforetaket, selger eller utleier.",2026-09-21T09:39:19+00:00
472593086,https://www.finn.no/realestate/homes/ad.html?finnkode=472593086,"Landlig og idyllisk småbruk på historiske ""Mattises gård"" -  Stor og solrik tomt på 32,5 mål - Stall, låve og stabbur","Frankens 1, 2074 Eidsvoll Verk",2074,Eidsvoll Verk,9 500 000 kr,9 738 590 kr,238 590 kr,,1 509 502 kr,Gårdsbruk/Småbruk,Selveier,,260 m² (BRA-i),260 m²,,3,,1743,2,32 550 m² (eiet),32550,32.5,G - Rød,3240,134,1,5,"Velkommen til Frankens 1 - et historisk småbruk på Eidsvoll Verk med en helt unik plass i norsk historie! Den klassiske hovedbygningen fra 1743 står på historisk grunn. Våren 1814 bodde Christian Magnus Falsen og Georg Sverdrup på gården mens arbeidet med Grunnloven pågikk. Eneboligen er velholdt og ble sist oppgradert i 2007, men har behov for modernisering for å bli oppgradert til dagens standard. Eiendommen byr på hele 32,5 daa tomt, hvorav ca. 23,9 daa er fulldyrka jord og 5,9 daa er produktiv skog som grenser mot Andelva. Kvaliteter: - Klassisk hovedbygning på 260 kvm BRA-i - Betydelig oppgradert i 2007 - Stabbur, låve og stall - Låve på 235 kvm BRA - Gode muligheter for hestehold - 23,9 daa fulldyrka jord - Løvskog med grense mot Andelva - Gangavstand til skole og barnehage - Ca. 15 min gange til Eidsvoll Verk stasjon - Kort gange til buss stopp - Tog til Oslo S på ca. 31  min og Oslo lufthavn på ca. 6 min - Enkel adkomst til E6 Sjelden eiendom med småbruksidyll. Velkommen! Minus Vis mindre NB: Knappen for å vise hele beskrivelsen har kun en visuell effekt. Pluss tegn Vis hele beskrivelsen NB: Knappen for å vise hele beskrivelsen har kun en visuell effekt. Salgsoppgaven beskriver vesentlig og lovpålagt informasjon om eiendommen Se komplett salgsoppgave Nyttige lenker Gi bud Bestill salgsoppgave Eiendommens hjemmeside Visning Ta kontakt for å avtale visning. Husk å lese komplett salgsoppgave før visning. Bestill komplett, utskriftsvennlig salgsoppgave. Visningspåmelding Gi bud Nyttige lenker Gi bud Bestill salgsoppgave Eiendommens hjemmeside Nærområdet Kart Frankens 1, 2074 Eidsvoll Verk Annonseinformasjon FINN-kode 472593086 Sist endret 14. sep. 2026 16:44 Referanse 121260169 Rapporter annonse Annonsene kan være mangelfulle i forhold til lovpålagt opplysningsplikt. Før bindende avtale inngås oppfordres interessenter til å innhente komplett informasjon fra meglerforetaket, selger eller utleier.",2026-09-21T09:39:21+00:00
475569365,https://www.finn.no/realestate/homes/ad.html?finnkode=475569365,Landlig idyll i Eidsvoll | Modernisert enebolig på over 19 mål tomt | Garasje og store uteområder,"Litoppen 21, 2080 Eidsvoll",2080,Eidsvoll,7 500 000 kr,7 688 890 kr,188 890 kr,,641 419 kr,Gårdsbruk/Småbruk,Selveier,,193 m² (BRA-i),471 m²,,2,,1901,2,19 243 m² (eiet),19243,19.2,Rom,3240,30,4,5,"Velkommen til Litoppen 21   en innholdsrik eiendom med et modernisert våningshus fra 1901, idyllisk beliggende i landlige og naturskjønne omgivelser i Eidsvoll. Boligen har et bruksareal på 193 m² fordelt over to etasjer og byr på blant annet romslig stue, kjøkken, bad, to soverom og flere praktiske oppholdsrom. Eiendommen er vesentlig oppgradert gjennom årene med blant annet nytt tak, ny kledning, oppgradering av bad og tekniske installasjoner, drenering, nytt elektrisk anlegg og oppføring av garasje. Den romslige tomten på ca. 19,2 dekar gir gode muligheter for dyrehold, hesteinteresserte eller andre som ønsker god plass til hobby og fritidsaktiviteter. Her får du friheten og de landlige kvalitetene mange drømmer om, samtidig som hverdagens fasiliteter er innen komfortabel rekkevidde. Minus Vis mindre NB: Knappen for å vise hele beskrivelsen har kun en visuell effekt. Pluss tegn Vis hele beskrivelsen NB: Knappen for å vise hele beskrivelsen har kun en visuell effekt. Salgsoppgaven beskriver vesentlig og lovpålagt informasjon om eiendommen Se komplett salgsoppgave Visning torsdag, 24. september 17:00 – 18:00 Legg til i kalender Husk å lese komplett salgsoppgave før visning. Bestill komplett, utskriftsvennlig salgsoppgave. Visningspåmelding Gi bud Nærområdet Kart Litoppen 21, 2080 Eidsvoll Annonseinformasjon FINN-kode 475569365 Sist endret 18. sep. 2026 15:33 Referanse 1206260011 Rapporter annonse Annonsene kan være mangelfulle i forhold til lovpålagt opplysningsplikt. Før bindende avtale inngås oppfordres interessenter til å innhente komplett informasjon fra meglerforetaket, selger eller utleier.",2026-09-21T09:39:22+00:00
474654074,https://www.finn.no/realestate/homes/ad.html?finnkode=474654074,Innhaldsrikt småbruk ved vakre Syltefjorden - Strandlinje - Naust - Jaktrett,"Vanylvsvegen 2006, 6144 Sylte",6144,Sylte,1 690 000 kr,1 733 600 kr,43 600 kr,,,Gårdsbruk/Småbruk,Selveier,,153 m² (BRA-i),153 m²,,4,,1900,,540 800 m² (eiet),540800,540.8,G - Rød,1511,33,2,5,"Velkomen til Vanylvsvegen 2006 - eit innhaldsrikt småbruk med flott beliggenheit ved Syltefjorden. Her bur du fint til mellom mektige fjell og ein fiskerik fjord, med flott fjordutsikt og gode moglegheiter for fiske, båtliv og turar. Eigedomen omfattar om lag 541 dekar. Om lag 51 dekar er fulldyrka jord, medan samla jordbruksareal er om lag 62 dekar. Eigedomen har vel 50 meter strandlinje, naust med båtopptrekk og eiga stød, i tillegg til part i hjortejakt. På det innhaldsrike tunet finn ein våningshus, driftsbygning, to garasjar og eit koseleg eldhus. Våningshuset byr mellom anna på to stover, kjøken, grovkjøken, fleire soverom og to bad. Driftsbygninga har om lag 440 m² BTA over to plan og blir i dag brukt til lager. Eigedomen er konsesjonspliktig og kjøpar må pårekne bu og driveplikt. Realiser småbruksdraumen i dag. Velkomen til visning! Hugs påmelding! Minus Vis mindre NB: Knappen for å vise hele beskrivelsen har kun en visuell effekt. Pluss tegn Vis hele beskrivelsen NB: Knappen for å vise hele beskrivelsen har kun en visuell effekt. Salgsoppgaven beskriver vesentlig og lovpålagt informasjon om eiendommen Se komplett salgsoppgave Nyttige lenker Gi bud Bestill salgsoppgave Hjemmeside Visning mandag, 21. september 17:00 – 18:00 Legg til i kalender PÅMELDINGSVISNING! For å sikre at du som interessent får ei best mogleg oppleving på visning, har vi påmelding til alle våre visningar. Bruk knappen visningspåmelding på bustadannonsene våre, eller ta kontakt med meklar for påmelding og eventuelle spørsmål. Dersom det er annonsert visning og ikkje motteke påmelding innan kl. 15 dagen før oppsatt visningsdato, vil heller ikkje visninga verte gjennomført. Hugs å lese salsoppgåva før du kjem på visning! Velkomen! Husk å lese komplett salgsoppgave før visning. Bestill komplett, utskriftsvennlig salgsoppgave. Visningspåmelding Gi bud Nyttige lenker Gi bud Bestill salgsoppgave Hjemmeside Nærområdet Kart Vanylvsvegen 2006, 6144 Sylte Annonseinformasjon FINN-kode 474654074 Sist endret 04. sep. 2026 17:31 Referanse 196260144 Rapporter annonse Annonsene kan være mangelfulle i forhold til lovpålagt opplysningsplikt. Før bindende avtale inngås oppfordres interessenter til å innhente komplett informasjon fra meglerforetaket, selger eller utleier.",2026-09-21T09:39:23+00:00
475167699,https://www.finn.no/realestate/homes/ad.html?finnkode=475167699,"Idyllisk småbruk på hele 311 m² BRA-i | 433,3 daa med jord- og utmarksareal | Vannbåren varme | Trippelgarasje","Enoddveien 436 og 438, 7387 Singsås",7387,Singsås,3 490 000 kr,3 578 340 kr,88 340 kr,,147 284 kr,Gårdsbruk/Småbruk,Selveier,,311 m² (BRA-i),561 m²,,5,,1910,3,433 327 m² (eiet),433327,433.3,,5027,276,11,5,"Heimdal Eiendomsmegling har gleden av å presentere Enoddveien 436 og 438 - et idyllisk småbruk beliggende i naturskjønne omgivelser i Budalen. Eiendommen ligger ca. 20 km fra Støren, og til Trondheim er det ca. 1 time og 10 minutters kjøretid. Kvaliteter: Egen setervoll med hytte i Synnerdalen, i nærheten av Forollhogna nasjonalpark Trippelgarasje på hele 134 m², med både isolert og uisolert garasjerom Tomteareal på hele 433,3 dekar, hvorav 56,4 dekar er dyrket mark Deler av boligen oppgradert med rør-i-rør-system i 2023 Registrert tomannsbolig som i dag benyttes som én bolig Original tømmerkasse på tunet som kan videreutvikles Biovarmeanlegg med vannbåren gulvvarme fra 2022 Ny drenering fra 2023 Nytt bad fra 2023 Jaktrettigheter Minus Vis mindre NB: Knappen for å vise hele beskrivelsen har kun en visuell effekt. Pluss tegn Vis hele beskrivelsen NB: Knappen for å vise hele beskrivelsen har kun en visuell effekt. Salgsoppgaven beskriver vesentlig og lovpålagt informasjon om eiendommen Se komplett salgsoppgave Nyttige lenker Eiendommens hjemmeside Visning Alle våre visninger har påmelding. Meld deg opp til ønsket visningstidspunkt via linken  visningspåmelding , eller kontakt megler på telefon, SMS eller mail. Vi anbefaler at salgsoppgaven lastes ned digitalt, og oppfordrer alle til å lese komplett salgsoppgave før visning. Skulle det mot formodning ikke være påmeldte til angitt visningstidspunkt vil ikke visning bli gjennomført. Husk å lese komplett salgsoppgave før visning. Bestill komplett, utskriftsvennlig salgsoppgave. Visningspåmelding Gi bud Nyttige lenker Eiendommens hjemmeside Nærområdet Kart Enoddveien 436 og 438, 7387 Singsås Annonseinformasjon FINN-kode 475167699 Sist endret 05. sep. 2026 10:22 Referanse 8-26-0295 Rapporter annonse Annonsene kan være mangelfulle i forhold til lovpålagt opplysningsplikt. Før bindende avtale inngås oppfordres interessenter til å innhente komplett informasjon fra meglerforetaket, selger eller utleier.",2026-09-21T09:39:25+00:00
475499104,https://www.finn.no/realestate/homes/ad.html?finnkode=475499104,Oppussingsobjekt i rolige omgivelser på Grinder | Småbruk | Stort potensial | Konsesjonsfritt,"Solørvegen 576, 2264 Grinder",2264,Grinder,1 300 000 kr,1 333 590 kr,33 590 kr,,289 451 kr,Gårdsbruk/Småbruk,Selveier,,180 m² (BRA-i),180 m²,,2,,1964,1,12 095 m² (eiet),12095,12.1,Rom,3417,46,24,5,"Velkommen til Solørvegen 576   et småbruk på ca. 12 daa i landlige og skjønne omgivelser. Eiendommen består i hovedsak av dyrket mark, som per i dag er bortforpaktet for en periode på 10 år fra 2024. Boligen inneholder to soverom, kjøkken, stue, spisestue og bad i hovedetasjen. I kjelleren er det kjellerstue, vaskerom og gode oppbevaringsmuligheter. Boligen bærer preg av slitasje, og det må påregnes oppussing og modernisering. På eiendommen finnes også en garasje. Eiendommen ligger på Grinder, med kort vei til Kirkenær. Her finner du dagligvarebutikker, småforretninger, bakeri, restauranter og skole. Eiendommen ligger i nærheten av travbanen, perfekt for deg som ønsker å drive med hest. Velkommen til en hyggelig visning! - Stort potensial - Konsesjonsfritt - Rolige omgivelser Minus Vis mindre NB: Knappen for å vise hele beskrivelsen har kun en visuell effekt. Pluss tegn Vis hele beskrivelsen NB: Knappen for å vise hele beskrivelsen har kun en visuell effekt. Salgsoppgaven beskriver vesentlig og lovpålagt informasjon om eiendommen Se komplett salgsoppgave Nyttige lenker Bestill prospekt Gi bud Visning Åpen visning uten påmelding! Husk å lese komplett salgsoppgave før visning. Bestill komplett, utskriftsvennlig salgsoppgave. Visningspåmelding Gi bud Nyttige lenker Bestill prospekt Gi bud Nærområdet Kart Solørvegen 576, 2264 Grinder Annonseinformasjon FINN-kode 475499104 Sist endret 09. sep. 2026 10:24 Referanse GAR29.2694 Rapporter annonse Annonsene kan være mangelfulle i forhold til lovpålagt opplysningsplikt. Før bindende avtale inngås oppfordres interessenter til å innhente komplett informasjon fra meglerforetaket, selger eller utleier.",2026-09-21T09:39:26+00:00
475471243,https://www.finn.no/realestate/homes/ad.html?finnkode=475471243,"Sjarmerende småbruk ved Kornstadfjorden, strandsone med naust og molo, romslig våningshus og stor driftsbygning","Silnesvegen 241, 6493 Lyngstad",6493,Lyngstad,6 200 000 kr,6 361 390 kr,161 390 kr,,,Gårdsbruk/Småbruk,Selveier,,323 m² (BRA-i),816 m²,,7,,1953,,59 701 m² (eiet),59701,59.7,,1579,167,7,5,"Velkommen til Silnesvegen 241! En sjelden landbrukseiendom med flott beliggenhet mellom fjord og fjell. Her får du et romslig våningshus, stor driftsbygning, ca. 59 dekar eiendom og egen strandsone med naust og molo. Eiendommen ligger åpent og solrikt med flott utsyn over Kornstadfjorden, samtidig som det er kort vei til skole, barnehage, butikker og servicetilbud på Eide. I tillegg har eiendommen andel i et uregistrert jordsameie på Nonsfjellet. Våningshuset går over totalt 4 etasjer, og inneholder blant annet hele 7 soverom, nyoppusset stue og kjøkken, bad, toalettrom, vaskerom og mye mer! Ellers finner man et solid fjøs fra 60-tallet samt naust fra 97/98, strandsone og molo. Her får man virkelig småbruksidyllen! Velkommen på visning, husk påmelding! Minus Vis mindre NB: Knappen for å vise hele beskrivelsen har kun en visuell effekt. Pluss tegn Vis hele beskrivelsen NB: Knappen for å vise hele beskrivelsen har kun en visuell effekt. Salgsoppgaven beskriver vesentlig og lovpålagt informasjon om eiendommen Se komplett salgsoppgave Nyttige lenker Bestill prospekt Visning PÅMELDING! Husk å melde deg på visningen. Trykk på lenken ""Påmelding til visning"", eller kontakt megler på telefon eller e-post. Vi tilbyr også privatvisninger utover oppsatt visningstidspunkt. Dersom det er ingen påmeldte til visningen innen kl 16:00 dagen før annonsert visning vil denne bli avlyst. Ta kontakt med megler for visning. Husk å lese komplett salgsoppgave før visning. Bestill komplett, utskriftsvennlig salgsoppgave. Visningspåmelding Gi bud Nyttige lenker Bestill prospekt Nærområdet Kart Silnesvegen 241, 6493 Lyngstad Annonseinformasjon FINN-kode 475471243 Sist endret 04. sep. 2026 18:37 Referanse ME720.2699 Rapporter annonse Annonsene kan være mangelfulle i forhold til lovpålagt opplysningsplikt. Før bindende avtale inngås oppfordres interessenter til å innhente komplett informasjon fra meglerforetaket, selger eller utleier.",2026-09-21T09:39:27+00:00
462401259,https://www.finn.no/realestate/homes/ad.html?finnkode=462401259,"Solbrekke Gård - Stor gård med gode produksjonsmuligheter, husdyrkonsesjon, eget slakteri, staller, to bolighus mm.","Nøtteholveien 263, 1894 Rakkestad",1894,Rakkestad,16 900 000 kr,17 323 590 kr,423 590 kr,,1 941 342 kr,Gårdsbruk/Småbruk,Selveier,,347 m² (BRA-i),347 m²,,7,,1967,,688 328 m² (eiet),688328,688.3,,3120,32,2,5,"Noen minutters kjøring øst for Rakkestad ligger mulighetenes gård med meget god tilrettelegging for dyrehold - om det er til hest, gris, kylling, storfe. Med tanke på beliggenheten og bygningsmassen kan gården egne seg meget godt for hestehold, gjerne i kombinasjon med annet. Gården består av en rekke bygninger, blant annet en stor driftsbygning som har blitt benyttet til slaktegris, slakteri og kjøttforedling. Hovedproduksjonen de siste årene har vært slaktegris i fire avdelinger i driftsbygningen, og med en total konsesjon på 2.200 slaktegris (konsesjonsfritt antall er 2.100 slaktegris). Eiendommen har to bolighus, herunder selve våningshuset med 5 soverom, og en kårbolig som ligger i utkanten av tunet. Kårboligen er solid oppusset de siste 10 årene. Dermed er også mulighetene til stede for flere generasjoner å bosette seg her, ellers kan leieinntekter komme til nytte. Videre er det et anneks, redskapshus/verksted med stallrom, stabbur med egen bar og vognskjul/stall. Minus Vis mindre NB: Knappen for å vise hele beskrivelsen har kun en visuell effekt. Pluss tegn Vis hele beskrivelsen NB: Knappen for å vise hele beskrivelsen har kun en visuell effekt. Salgsoppgaven beskriver vesentlig og lovpålagt informasjon om eiendommen Se komplett salgsoppgave Nyttige lenker Gi bud Bestill salgsoppgave Eiendommens hjemmeside Visning Ta kontakt for å avtale visning. Husk å lese komplett salgsoppgave før visning. Bestill komplett, utskriftsvennlig salgsoppgave. Visningspåmelding Gi bud Nyttige lenker Gi bud Bestill salgsoppgave Eiendommens hjemmeside Nærområdet Kart Nøtteholveien 263, 1894 Rakkestad Annonseinformasjon FINN-kode 462401259 Sist endret 04. sep. 2026 15:55 Referanse 329250007 Rapporter annonse Annonsene kan være mangelfulle i forhold til lovpålagt opplysningsplikt. Før bindende avtale inngås oppfordres interessenter til å innhente komplett informasjon fra meglerforetaket, selger eller utleier.",2026-09-21T09:39:28+00:00
468126109,https://www.finn.no/realestate/homes/ad.html?finnkode=468126109,Landbrukseiendom med stort våningshus og driftsbygning | 4 sov. og flere stuer | Skogshusvær og stabbur,"Seterstøavegen 578, 2150 Årnes",2150,Årnes,13 500 000 kr,13 838 590 kr,338 590 kr,,1 718 173 kr,Gårdsbruk/Småbruk,Selveier,,446 m² (BRA-i),494 m²,,4,,1856,,1 233 500 m² (eiet),1233500,1233.5,Rom,3228,145,1,5,"Velkommen til Seterstøavegen 578! En innholdsrik velholdt landbrukseiendom med et laftet våningshus, flere driftsbygninger og et eget skogshusvær. Eiendommen omfatter ca. 150 daa fulldyrket jord, ca. 15 daa innmarksbeite, ca. 959 daa produktiv skog og ca. 109 daa øvrige arealer. Dette er en eiendom med historie og plass, opprinnelig oppført i 1856. Våningshuset er romslig med flere stuer, fire soverom og et kjøkken med god spiseplass. Eiendommen byr på en stor, opparbeidet hage og en vestvendt markterrasse. Beliggenheten er landlig og fredelig, med kort vei til Årnes sentrum. Høydepunkter: Laftet våningshus med fire soverom Flere driftsbygninger og nyoppført skogshusvær Vannbåren varme og flere ildsteder Vestvendt markterrasse og stor hage Velkommen til visning! Minus Vis mindre NB: Knappen for å vise hele beskrivelsen har kun en visuell effekt. Pluss tegn Vis hele beskrivelsen NB: Knappen for å vise hele beskrivelsen har kun en visuell effekt. Salgsoppgaven beskriver vesentlig og lovpålagt informasjon om eiendommen Se komplett salgsoppgave Nyttige lenker Gi Bud Eiendommens hjemmeside på Krogsveen.no Visning For å delta på visning, ber vi om at du melder deg på. Da sikrer vi at du får nødvendig informasjon og at det er satt av tilstrekkelig med tid. Kontakt megler dersom annet tidspunkt ønskes. Husk å lese salgsoppgaven før visningen, så du stiller forberedt. NB. Visning utgår dersom det ikke er noen påmeldte. Ønsker du kun å bli holdt orientert, kan du fra eiendommens hjemmeside få varsel om solgtpris, eller kontakte megler. Visningspåmelding Gi bud Nyttige lenker Gi Bud Eiendommens hjemmeside på Krogsveen.no Nærområdet Kart Seterstøavegen 578, 2150 Årnes Annonseinformasjon FINN-kode 468126109 Sist endret 12. sep. 2026 16:16 Referanse KR24.25141 Rapporter annonse Annonsene kan være mangelfulle i forhold til lovpålagt opplysningsplikt. Før bindende avtale inngås oppfordres interessenter til å innhente komplett informasjon fra meglerforetaket, selger eller utleier.",2026-09-21T09:39:29+00:00
475516012,https://www.finn.no/realestate/homes/ad.html?finnkode=475516012,"VISNING TIRSDAG 22/​9 KL1630! Nedlagt småbruk på 286 mål | Enebolig med fire soverom, garasje og driftsbygning","Raveien 40, 9392 Stonglandseidet",9392,Stonglandseidet,1 500 000 kr,1 538 590 kr,38 590 kr,,90 981 kr,Gårdsbruk/Småbruk,Selveier,,130 m² (BRA-i),130 m²,,4,,1952,,286 337 m² (eiet),286337,286.3,Rom,5530,212,55,5,"Velkommen til Raveien 40! Her presenteres en koselig enebolig med en svært stor eiertomt på over 280 mål, omkranset av frodig natur. Eiendommen ligger usjenert til i landlige og rolige omgivelser på Å i Senja. Området består av flere landbrukseiendommer, med nærhet til vann, sjø, fjell og skogsterreng. Boligen har en praktisk planløsning med stue og kjøkken i første etasje, og en egen soveromsavdeling med fire soverom i andre. Fra stuen er det utgang til en veranda hvor man kan nyte omgivelsene. En effektiv vedovn gir god varme og en hyggelig atmosfære. I tillegg til boligen er det to romslige sekundærbygninger på tomten, samt en kjeller med tre boder og vaskekjeller som samlet gir rikelig med lagringsplass. Eiendommen har privat vannforsyning via fjellkilde, og for den daglige handelen er det kort vei til Joker Stonglandseidet. Velkommen til visning! Minus Vis mindre NB: Knappen for å vise hele beskrivelsen har kun en visuell effekt. Pluss tegn Vis hele beskrivelsen NB: Knappen for å vise hele beskrivelsen har kun en visuell effekt. Salgsoppgaven beskriver vesentlig og lovpålagt informasjon om eiendommen Se komplett salgsoppgave Nyttige lenker Eiendommens hjemmeside Bestill salgsoppgave Visning tirsdag, 22. september 16:30 – 17:15 Legg til i kalender Alle våre visninger har påmelding. Dette for at vi kan planlegge visningene best mulig, og ha god tid til de som kommer. Det er enkelt å melde seg på, og du kan like enkelt melde deg av. Visninger uten påmeldte deltakere kan bli avlyst. Husk å lese komplett salgsoppgave før visning. Bestill komplett, utskriftsvennlig salgsoppgave. Visningspåmelding Gi bud Nyttige lenker Eiendommens hjemmeside Bestill salgsoppgave Nærområdet Kart Raveien 40, 9392 Stonglandseidet Annonseinformasjon FINN-kode 475516012 Sist endret 04. sep. 2026 13:29 Referanse 12260177 Rapporter annonse Annonsene kan være mangelfulle i forhold til lovpålagt opplysningsplikt. Før bindende avtale inngås oppfordres interessenter til å innhente komplett informasjon fra meglerforetaket, selger eller utleier.",2026-09-21T09:39:30+00:00
475528322,https://www.finn.no/realestate/homes/ad.html?finnkode=475528322,Hestehagen - Idyllisk småbruk ved Øyeren beliggende innerst i blindvei - Stort potensiale - Kun en time fra Oslo!,"Teigveien 102, 1910 Enebakkneset",1910,Enebakkneset,6 990 000 kr,7 179 640 kr,189 640 kr,,159 745 kr,Gårdsbruk/Småbruk,Selveier,,153 m² (BRA-i),153 m²,,2,,1870,2,226 800 m² (eiet),226800,226.8,,3205,484,2,5,"Hestehagen er en innholdsrik landbrukseiendom med flott beliggenhet i kulturlandskapet ved Øyeren. Eiendommen byr på ca. 226,8 dekar med dyrket mark, innmarksbeite og produktiv skog. Det er gode muligheter for blant annet hestehold, hund og beitedyr. Det sjarmerende våningshuset har et BRA-i på 153 m², gode oppholdsrom og en lun, landlig atmosfære. Ute finner du stor terrasse, hage med frukttrær og hyggelige soner med utsyn mot omgivelsene. Eiendommen har også låve, garasjer, snekkerverksted og gode lagringsmuligheter. Her ligger alt til rette for bading, fiske og båtliv på Øyeren. Samtidig er det ca. 30 km til Lillestrøm og rundt én times kjøring til Oslo. En spennende eiendom for deg som ønsker plass og landlig frihet. Velkommen på visning! Minus Vis mindre NB: Knappen for å vise hele beskrivelsen har kun en visuell effekt. Pluss tegn Vis hele beskrivelsen NB: Knappen for å vise hele beskrivelsen har kun en visuell effekt. Salgsoppgaven beskriver vesentlig og lovpålagt informasjon om eiendommen Se komplett salgsoppgave Nyttige lenker Bestill prospekt Gi bud Visning Alle våre visninger har påmelding. Passer ikke annonsert tidspunkt, ta kontakt så finner vi en løsning. Husk å lese komplett salgsoppgave før visning. Bestill komplett, utskriftsvennlig salgsoppgave. Visningspåmelding Gi bud Nyttige lenker Bestill prospekt Gi bud Nærområdet Kart Teigveien 102, 1910 Enebakkneset Annonseinformasjon FINN-kode 475528322 Sist endret 10. sep. 2026 12:35 Referanse GAR30.2666 Rapporter annonse Annonsene kan være mangelfulle i forhold til lovpålagt opplysningsplikt. Før bindende avtale inngås oppfordres interessenter til å innhente komplett informasjon fra meglerforetaket, selger eller utleier.",2026-09-21T09:39:31+00:00
475527762,https://www.finn.no/realestate/homes/ad.html?finnkode=475527762,Usjenert landbrukseiendom i naturskjønne omgivelser | Jaktrett | Naust og stabbur | 1 383 dekar tomt | Oppussingsobjekt,"Tungaveien 22, 7246 Sandstad",7246,Sandstad,1 390 000 kr,1 425 840 kr,35 840 kr,,34 992 kr,Gårdsbruk/Småbruk,Selveier,,150 m² (BRA-i),225 m²,,5,,,,1 382 968 m² (eiet),1382968,1383.0,Rom,5056,62,1,5,"Velkommen til Tungaveien 22 - en innholdsrik landbrukseiendom på hele 1 383 dekar, vakkert beliggende på Sandstad på Hitra! Her får du en eiendom med store arealer, flott natur og ikke minst egen tomt helt ned til sjøen. Eiendommen byr på en kombinasjon av landlig ro, natur- og friluftskvaliteter. På eiendommen finnes både naust og stabbur, som understreker den tradisjonelle karakteren og gir gode muligheter for oppbevaring, sjøliv og videre bruk. Naustet gir en naturlig tilknytning til sjøen - perfekt for deg som setter pris på båtliv, fiske og livet langs kysten. Velkommen på visning! Minus Vis mindre NB: Knappen for å vise hele beskrivelsen har kun en visuell effekt. Pluss tegn Vis hele beskrivelsen NB: Knappen for å vise hele beskrivelsen har kun en visuell effekt. Salgsoppgaven beskriver vesentlig og lovpålagt informasjon om eiendommen Se komplett salgsoppgave Nyttige lenker Eiendommens hjemmeside Visning Alle våre visninger har påmelding. Meld deg opp til ønsket visningstidspunkt via linken  visningspåmelding , eller kontakt megler på telefon, SMS eller mail. Vi anbefaler at salgsoppgaven lastes ned digitalt, og oppfordrer alle til å lese komplett salgsoppgave før visning. Skulle det mot formodning ikke være påmeldte til angitt visningstidspunkt vil ikke visning bli gjennomført. Husk å lese komplett salgsoppgave før visning. Bestill komplett, utskriftsvennlig salgsoppgave. Visningspåmelding Gi bud Nyttige lenker Eiendommens hjemmeside Nærområdet Kart Tungaveien 22, 7246 Sandstad Annonseinformasjon FINN-kode 475527762 Sist endret 17. sep. 2026 16:52 Referanse 12-26-0093 Rapporter annonse Annonsene kan være mangelfulle i forhold til lovpålagt opplysningsplikt. Før bindende avtale inngås oppfordres interessenter til å innhente komplett informasjon fra meglerforetaket, selger eller utleier.",2026-09-21T09:39:33+00:00
475522876,https://www.finn.no/realestate/homes/ad.html?finnkode=475522876,"Nedlagt småbruk i Bjærangsfjordveien 190. Enebolig m/​ 6 soverom. Garasje, fjøs og uthus. Stor tomt, ca. 63 dekar","Bjærangsfjordveien 190, 8178 Halsa",8178,Halsa,1 050 000 kr,1 095 240 kr,45 240 kr,,611 065 kr,Gårdsbruk/Småbruk,Selveier,,187 m² (BRA-i),422 m²,,6,,1953,2,63 112 m² (eiet),63112,63.1,Rom,,,,5,"Velkommen til et nedlagt småbruk med bolighus, uthus, garasje og fjøs, beliggende i Bjærangsfjordveien 190 i Halsa. Boligdelen har førsteetasje med vindfang, hall m/trapp, bad/vaskerom, gang, kjøkken, stue og soverom. Andreetasjen er med trapperom/gang og 5 soverom. Kjeller er med trapperom og boder. Tilbygget soverom  ca. 1970, tilbygget baderom ca.  1990.  Stor eiendom som er på ca. 63 dekar i en sammenhengende parsell. Her finner du spredt boligbebyggelse med småbruk og landbrukseiendommer. Fra boligen er det ca. 4 km til Halsa sentrum med butikker, post med mer. ca. 3  km til Halsa barnehage og barneskole (1-7 kl).  Bjærangfjorden er rik på fiske. Lakseelv som renner ut innerst i Bjærangfjorden.  2 fiskevann i nærheten. Fra eiendommen har du flotte turmuligheter sommer og vinter. Minus Vis mindre NB: Knappen for å vise hele beskrivelsen har kun en visuell effekt. Pluss tegn Vis hele beskrivelsen NB: Knappen for å vise hele beskrivelsen har kun en visuell effekt. Salgsoppgaven beskriver vesentlig og lovpålagt informasjon om eiendommen Se komplett salgsoppgave Nyttige lenker Bestill komplett, utskriftsvennlig salgsoppgave Se komplett salgsoppgave Visning Vi i Notar ønsker å avholde så gode visninger som mulig. Derfor har vi påmeldingsvisninger. Da vet vi hvor mange som kommer, og kan sette av nok tid til alle. Trykk på linken  visningspåmelding  for å avtale tidspunkt. Visninger uten påmeldte innen kl. 16:00 dagen i forkant, vil ikke bli avholdt. Velkommen til visning. Visningspåmelding Gi bud Nyttige lenker Bestill komplett, utskriftsvennlig salgsoppgave Se komplett salgsoppgave Nærområdet Kart Bjærangsfjordveien 190, 8178 Halsa Annonseinformasjon FINN-kode 475522876 Sist endret 15. sep. 2026 12:34 Referanse NO7.2650 Rapporter annonse Annonsene kan være mangelfulle i forhold til lovpålagt opplysningsplikt. Før bindende avtale inngås oppfordres interessenter til å innhente komplett informasjon fra meglerforetaket, selger eller utleier.",2026-09-21T09:39:34+00:00
475438557,https://www.finn.no/realestate/homes/ad.html?finnkode=475438557,"Stor landbrukseigedom i idylliske Arnafjorden uten buplikt. Jaktrett, stølsrett og naust føl med!","Fjordavegen 1604, 6893 Vik i Sogn",6893,Vik i Sogn,890 000 kr,913 340 kr,23 340 kr,,,Gårdsbruk/Småbruk,Selveier,,87 m² (BRA-i),87 m²,,0,,1900,,206 557 m² (eiet),206557,206.6,,4639,49,2,5,"Velkommen til Fjordavegen 1604! Ein landbrukseigedom vel 16 km frå Vik sentrum mot Framfjorden. Bygningsmassen på eigedomen består av våningshus, kårhus, eldhus, bu, vedhus, utedo og naust. Stølsrett på Skoddesete. Alle bygg er frå før 1900-talet. Det har ikkje vore fast busetjing på eigedomen dei siste 25 åra. Husa har enkel og eldre standard, utan kjøkken og utan innlagt vatn og avløp. Det er lagt inn straum, og i det eine huset er det vedomn. Våningshuset er i dag brukt til fritidsbustad. Resterande av bygningsmasssen er rivningsobjekt. Tilkomst frå hovudvegen er via gangveg og sti. Jorda er leigd vekk med skrifteleg avtale ut 2026 og den fyl eigedomen ved sal. Må fornyast etter det. Minus Vis mindre NB: Knappen for å vise hele beskrivelsen har kun en visuell effekt. Pluss tegn Vis hele beskrivelsen NB: Knappen for å vise hele beskrivelsen har kun en visuell effekt. Salgsoppgaven beskriver vesentlig og lovpålagt informasjon om eiendommen Se komplett salgsoppgave Nyttige lenker Bestill prospekt Gi bud Visning lørdag, 10. oktober 14:00 – 15:00 Legg til i kalender Husk å lese komplett salgsoppgave før visning. Bestill komplett, utskriftsvennlig salgsoppgave. Visningspåmelding Gi bud Nyttige lenker Bestill prospekt Gi bud Nærområdet Kart Fjordavegen 1604, 6893 Vik i Sogn Annonseinformasjon FINN-kode 475438557 Sist endret 11. sep. 2026 11:04 Referanse GAR78.26123 Rapporter annonse Annonsene kan være mangelfulle i forhold til lovpålagt opplysningsplikt. Før bindende avtale inngås oppfordres interessenter til å innhente komplett informasjon fra meglerforetaket, selger eller utleier.",2026-09-21T09:39:35+00:00
475383684,https://www.finn.no/realestate/homes/ad.html?finnkode=475383684,Bruhaugen i Fortun! 123 mål på eiga halvøy | Privat hengebru | 1 km elv med fiske | Jakt og unike moglegheiter,"Bruhaugen, Fortunsdalen 270, 6877 Fortun",6877,Fortun,1 650 000 kr,1 692 340 kr,42 340 kr,,396 988 kr,Gårdsbruk/Småbruk,Selveier,,149 m² (BRA-i),218 m²,,2,,1910,3,122 717 m² (eiet),122717,122.7,Rom,4644,9,13,5,"Bruhaugen er ein eigedom utanom det vanlege, vakkert plassert på ei halvøy i Fortunsdalen, med elva slyngande rundt eigedomen og privat hengebru som einaste tilkomst. Her får du ca 123 mål med natur og spelerom, om lag 1 km elvestrekning med lakse- og aurefiske, jaktmoglegheiter på hjort og fleire små, idylliske strender langs elva. Eigedomen har vore i same familie i fem generasjonar. Det store bustadhuset treng mykje kjærleik og må totalrenoverast eller rivast. I tillegg er det stor driftsbygning/fjøs/lager, garasje og snikkarbod. Luster kommune har 15.09.2026 drøfta spørsmålet om buplikt. Utvalet vurderte at det, med bakgrunn i tilkomsten til eigedomen, i utgangspunktet ikkje vil vere rimeleg å setje vilkår om buplikt. Dette er ei førebels vurdering og ikkje eit vedtak. Minus Vis mindre NB: Knappen for å vise hele beskrivelsen har kun en visuell effekt. Pluss tegn Vis hele beskrivelsen NB: Knappen for å vise hele beskrivelsen har kun en visuell effekt. Salgsoppgaven beskriver vesentlig og lovpålagt informasjon om eiendommen Se komplett salgsoppgave Nyttige lenker Bestill prospekt Gi bud Visning Alle våre visninger har påmelding. På denne måten sikrer vi at megler har god oversikt og tid til å imøtekomme alle interessenter på beste måte. Skulle ingen være påmeldt til visningen, vil visningen ikke bli gjennomført. Passer ikke annonsert tidspunkt, ta kontakt så finner vi en løsning. Husk å lese komplett salgsoppgave før visning. Bestill komplett, utskriftsvennlig salgsoppgave. Visningspåmelding Gi bud Nyttige lenker Bestill prospekt Gi bud Nærområdet Kart Bruhaugen, Fortunsdalen 270, 6877 Fortun Annonseinformasjon FINN-kode 475383684 Sist endret 19. sep. 2026 15:14 Referanse GAR78.26118 Rapporter annonse Annonsene kan være mangelfulle i forhold til lovpålagt opplysningsplikt. Før bindende avtale inngås oppfordres interessenter til å innhente komplett informasjon fra meglerforetaket, selger eller utleier.",2026-09-21T09:39:36+00:00
470651948,https://www.finn.no/realestate/homes/ad.html?finnkode=470651948,"Småbruk i naturskjønne omgivelser i Dyping, Bogøy- stor tomt på 315 mål- kaiområde- inntekt vannrett, ca. 21000.-pr. år","Dypingveien 40, 8288 Bogøy",8288,Bogøy,2 380 000 kr,2 458 490 kr,78 490 kr,,204 209 kr,Gårdsbruk/Småbruk,Selveier,,95 m² (BRA-i),214 m²,,5,,1924,2,315 300 m² (eiet),315300,315.3,Rom,,,,5,"Velkommen til Bjørkheim, en flott og stor eiendom som ligger i  et naturskjønt område i Bogøy i Steigen som grenser til sjøen.  Eiendommen er på hele 315 dekar fordelt på totalt 12 parseller. Er bebygd med et våningshus, driftsbygning og garasjer, samt en kai. Selve boligen er over 2 etasjer og har vindfang, bod, stue, mellom gang, soverom, kjøkken, bad/vaskerom. andreetasje /loft med  gang og 4 soverom.  Tidvis noe oppusset med bl.a: 2015- kjøkken og stue renovert.  2018- Nytt tak( Decra). 2019- Nytt dekke altan. 2022-renovert bad/toalett.  Eiendommen er med jakt og vannfallrettigheter. Vannrett gir årlig inntekt på kr. 21000.-  Utleid grunn til fiskebruk m/ bygninger v/ sjøen,  langsiktig kontrakt. Eiendommen er konsesjonspliktig. Det er utarbeidet  tilstandsrapport og landbrukstakst Minus Vis mindre NB: Knappen for å vise hele beskrivelsen har kun en visuell effekt. Pluss tegn Vis hele beskrivelsen NB: Knappen for å vise hele beskrivelsen har kun en visuell effekt. Salgsoppgaven beskriver vesentlig og lovpålagt informasjon om eiendommen Se komplett salgsoppgave Nyttige lenker Bestill komplett, utskriftsvennlig salgsoppgave Se komplett salgsoppgave Visning Ta kontakt for å avtale visning. Visningspåmelding Gi bud Nyttige lenker Bestill komplett, utskriftsvennlig salgsoppgave Se komplett salgsoppgave Nærområdet Kart Dypingveien 40, 8288 Bogøy Annonseinformasjon FINN-kode 470651948 Sist endret 15. sep. 2026 12:32 Referanse NO7.264 Rapporter annonse Annonsene kan være mangelfulle i forhold til lovpålagt opplysningsplikt. Før bindende avtale inngås oppfordres interessenter til å innhente komplett informasjon fra meglerforetaket, selger eller utleier.",2026-09-21T09:39:37+00:00
474666834,https://www.finn.no/realestate/homes/ad.html?finnkode=474666834,"Småbruk på ca. 70 dekar med våningshus, låve, stabbur og dobbel garasje | Stort potensial","Vestre Solørveg 26, 2260 Kirkenær",2260,Kirkenær,2 700 000 kr,2 768 590 kr,68 590 kr,,509 506 kr,Gårdsbruk/Småbruk,Selveier,,219 m² (BRA-i),545 m²,,3,,,,69 890 m² (eiet),69890,69.9,Rom,3417,93,8,5,"Velkommen til Vestre Solørveg 26! Et innholdsrikt småbruk med en stor tomt på nesten 70 dekar, flere driftsbygninger og et våningshus med mange muligheter. Eiendommen ligger i landlige omgivelser i Grue kommune, med nærhet til Glomma og flott turterreng. Her får du et romslig våningshus over tre plan med 3 soverom og to stuer. Peis med innsats i stuen, i tillegg til vannbåren varme fra sentralfyr. Eiendommen er godt utstyrt med en stor låve på ca. 275 m² med fjøsdel, vognskjul, hobbyrom og lagringsplass, en dobbel garasje, stabbur og dokkestue. Tomten på ca. 69,9 dekar gir rikelig med plass og potensial. Boligen har sentralfyr med biodrivstoff og privat vann fra borehull. Trivelig boligtun med hage med prydplanter og frukttrær. Velkommen til visning! Minus Vis mindre NB: Knappen for å vise hele beskrivelsen har kun en visuell effekt. Pluss tegn Vis hele beskrivelsen NB: Knappen for å vise hele beskrivelsen har kun en visuell effekt. Salgsoppgaven beskriver vesentlig og lovpålagt informasjon om eiendommen Se komplett salgsoppgave Nyttige lenker Bestill salgsoppgave Visning Ønsker du å delta på visningen ber vi deg melde deg på slik at vi vet at du kommer. Da kan vi bistå alle best mulig og gi deg tiden du trenger på visningen. Visningen avholdes bare dersom det er påmeldte. Ta gjerne kontakt med megler før visning hvis du har noen spørsmål. Velkommen! Husk å lese komplett salgsoppgave før visning. Bestill komplett, utskriftsvennlig salgsoppgave. Visningspåmelding Gi bud Nyttige lenker Bestill salgsoppgave Nærområdet Kart Vestre Solørveg 26, 2260 Kirkenær Annonseinformasjon FINN-kode 474666834 Sist endret 03. sep. 2026 01:04 Referanse 6022260351 Rapporter annonse Annonsene kan være mangelfulle i forhold til lovpålagt opplysningsplikt. Før bindende avtale inngås oppfordres interessenter til å innhente komplett informasjon fra meglerforetaket, selger eller utleier.",2026-09-21T09:39:39+00:00
475275737,https://www.finn.no/realestate/homes/ad.html?finnkode=475275737,"Småbruk i Kjerringåsen på ca. 64,7 daa med flott beliggenhet| ca. 60,3 daa produktiv skog | våningshus, låve og verksted","Alpinveien 133, 1708 Sarpsborg",1708,Sarpsborg,3 200 000 kr,3 294 890 kr,94 890 kr,,,Gårdsbruk/Småbruk,Selveier,,90 m² (BRA-i),123 m²,,3,,1952,2,65 100 m² (eiet),65100,65.1,,3105,2014,14,5,"Rådalen/Alpinveien 133 er et koselig lite småbruk ved Minge i Sarpsborg med skogen og Kjerringåsen Alpinsenter som nærmeste nabo. Eiendommen er på totalt 64,7 daa og har 60,3 daa produktiv skog. Meget solrik beliggenhet innerst i blindvei med utsikt mot alpinanlegget. Et stille og naturskjønt område med flotte turområde, samtidig som det ligger i akseptabel kjøreavstand til Sarpsborg sentrum, ca. 15 til 20 minutter. Gårdstunet er enkelt opparbeidet, og består av våningshus, låve og verksted/lager. Bygningene har en enkel standard, og det er behov for oppgraderinger og vedlikehold. Nærmeste sentrum ligger på Grålum 16 km. fra eiendommen med flere matbutikker, apotek, skole, barnehage og øvrige handelsfasiliteter. Grålum er også en stor arbeidsplass i Sarpsborg med en rekke bedrifter. Minus Vis mindre NB: Knappen for å vise hele beskrivelsen har kun en visuell effekt. Pluss tegn Vis hele beskrivelsen NB: Knappen for å vise hele beskrivelsen har kun en visuell effekt. Salgsoppgaven beskriver vesentlig og lovpålagt informasjon om eiendommen Se komplett salgsoppgave Nyttige lenker Bestill prospekt Gi bud Visning Ta kontakt for å avtale visning. Husk å lese komplett salgsoppgave før visning. Bestill komplett, utskriftsvennlig salgsoppgave. Visningspåmelding Gi bud Nyttige lenker Bestill prospekt Gi bud Nærområdet Kart Alpinveien 133, 1708 Sarpsborg Annonseinformasjon FINN-kode 475275737 Sist endret 02. sep. 2026 15:11 Referanse GAR30.2667 Rapporter annonse Annonsene kan være mangelfulle i forhold til lovpålagt opplysningsplikt. Før bindende avtale inngås oppfordres interessenter til å innhente komplett informasjon fra meglerforetaket, selger eller utleier.",2026-09-21T09:39:40+00:00
466800562,https://www.finn.no/realestate/homes/ad.html?finnkode=466800562,"Kleppe Søndre - Sentralt småbruk på 198 daa, med strandlinje, våningshus, garasje, låve m.m. Kort vei til Bø","Nordbygdavegen 737, 3825 Lunde",3825,Lunde,5 400 000 kr,5 536 090 kr,136 090 kr,,258 668 kr,Gårdsbruk/Småbruk,Selveier,,149 m² (BRA-i),149 m²,,3,,1850,,198 699 m² (eiet),198699,198.7,,4018,73,19,5,"Velkommen til småbruket Kleppe Søndre i Nome kommune. Småbruket har en fantastisk idyllisk beliggenhet mellom Lunde og Bø. Tunet grenser til Damtjønn med egen strand.  I Damtjønn kan man nyte en deilig tur med robåt samt fiske både abbor og ørret. Tunet ligger usjenert til på en liten topp med gode solforhold og landlig utsikt over kulturlandskapet. Eiendommen er på totalt ca. 198,6 dekar med 30,4 dekar fulldyrka jord, 3,5 dekar innmarksbeite og 155,4 dekar produktiv skog. Tunet består av et solid våningshus med bla. 3 soverom, romslig nyere terrasse og 2 stuer. I 2013 ble det oppført en ny garasje med to stk alu-leddporter. Videre er det en flott låve med potensiale for både stallbokser, høner og enkelt dyrehold.  I tillegg til dette har eiendommen et eldre eldhus og en gammel garasje. Det er kun 7 minutter med bil til Bø sentrum og 10 minutter til Lunde. Det er ingen odel på eiendommen. Minus Vis mindre NB: Knappen for å vise hele beskrivelsen har kun en visuell effekt. Pluss tegn Vis hele beskrivelsen NB: Knappen for å vise hele beskrivelsen har kun en visuell effekt. Salgsoppgaven beskriver vesentlig og lovpålagt informasjon om eiendommen Se komplett salgsoppgave Nyttige lenker Gi bud Bestill salgsoppgave Eiendommens hjemmeside Visning Ta kontakt for å avtale visning. Husk å lese komplett salgsoppgave før visning. Bestill komplett, utskriftsvennlig salgsoppgave. Visningspåmelding Gi bud Nyttige lenker Gi bud Bestill salgsoppgave Eiendommens hjemmeside Nærområdet Kart Nordbygdavegen 737, 3825 Lunde Annonseinformasjon FINN-kode 466800562 Sist endret 16. sep. 2026 06:02 Referanse 330260025 Rapporter annonse Annonsene kan være mangelfulle i forhold til lovpålagt opplysningsplikt. Før bindende avtale inngås oppfordres interessenter til å innhente komplett informasjon fra meglerforetaket, selger eller utleier.",2026-09-21T09:39:41+00:00
466432762,https://www.finn.no/realestate/homes/ad.html?finnkode=466432762,"""Lome"" - en herskapelig og velholdt eiendom med vakker beliggenhet og inntektspotensial. Støl i Kvitehaugen og Lomislia.","Lomisgoto 8, 2967 Lomen",2967,Lomen,10 790 000 kr,11 061 140 kr,271 140 kr,,495 609 kr,Gårdsbruk/Småbruk,Selveier,,308 m² (BRA-i),321 m²,,5,,1900,3,509 700 m² (eiet),509700,509.7,,3452,33,3,5,"Med storslått utsikt, vakkert gårdstun og herskaplig våningshus er gården  Lome  et av Valdres flotteste gårdsbruk! Gårdstunet ligger åpent og solrikt med nydelig utsikt til Slidrefjorden, bygdene rundt og til fjellene i Jotunheimen. Det ligger fritt og fint til nær Lomen Stavkyrkje, og har pent opparbeidede utearealer. Våningshuset er velholdt, driftsbygningen er innholdsrik og over garasje/verksted er det leilighet med godt inntektspotensial. Åpent og vakkert til ligger også stølen i Kvitehaugen. Den ligger i et unikt stølsområde nær Strø, som regnes som et av Valdres vakreste fjellområder. Med gården følger også heimstølen Lomisstølen, som ligger på ""andre siden"" av Eggeåsen, kun få kilometer fra gården. Jakt og fiskerettigheter. Vi ønsker velkommen til vakre ""Lome""! Minus Vis mindre NB: Knappen for å vise hele beskrivelsen har kun en visuell effekt. Pluss tegn Vis hele beskrivelsen NB: Knappen for å vise hele beskrivelsen har kun en visuell effekt. Salgsoppgaven beskriver vesentlig og lovpålagt informasjon om eiendommen Se komplett salgsoppgave Visning Ved annonsert visning er det viktig at du melder deg på visningen ved å bruke visningspåmeldingsknappen eller kontakter megler. Annonserte visninger hvor det ikke er noen påmeldte innen kl. 12.00 dagen på visningsdagen vil ikke bli avholdt. For visninger utover dette, ta direkte kontakt med megler. Husk å lese komplett salgsoppgave før visning. Bestill komplett, utskriftsvennlig salgsoppgave. Visningspåmelding Gi bud Nærområdet Kart Lomisgoto 8, 2967 Lomen Annonseinformasjon FINN-kode 466432762 Sist endret 15. sep. 2026 13:46 Referanse 1201260022 Rapporter annonse Annonsene kan være mangelfulle i forhold til lovpålagt opplysningsplikt. Før bindende avtale inngås oppfordres interessenter til å innhente komplett informasjon fra meglerforetaket, selger eller utleier.",2026-09-21T09:39:43+00:00
473734532,https://www.finn.no/realestate/homes/ad.html?finnkode=473734532,Landbrukseiendom med etablert kyllingproduksjon og to boliger,"Bollgardssletta 168, 7660 Vuku",7660,Vuku,12 000 000 kr,12 301 090 kr,301 090 kr,,480 996 kr,Gårdsbruk/Småbruk,Selveier,,433 m² (BRA-i),594 m²,,5,,1900,,268 120 m² (eiet),268120,268.1,Rom,5038,251,2,7,"Velkommen til Kvellstad Østre, en innholdsrik landbrukseiendom i Vuku med etablert kyllingproduksjon, gode jordressurser og en attraktiv beliggenhet kun ca. 2 km fra Vuku sentrum med skole, barnehage, butikk og øvrige servicefunksjoner. Eiendommen omfatter totalt ca. 268 daa, hvorav ca. 87 daa fulldyrka jord, 2,6 daa innmarksbeite og betydelige skogarealer. Jorda beskrives som lettdrevet og produktiv. Tunet består av et sjarmerende våningshus på ca. 319 m², utleibar kårbolig på ca. 184 m², moderne kyllingfjøs på ca. 1.450 m², eldre driftsbygning, verksted/lager samt garasje og vedbod. Kyllingfjøset er oppført i 2008 og fremstår som et moderne produksjonsanlegg med husdyrrom på ca. 1.200 m², Big Dutchman fôrings- og ventilasjonsanlegg, datastyring, siloer, sentralvask og nødstrømsaggregat. Det er også mulighet for videre utvidelse av bygget. VIsning vil bli i hovedsak gjennomført i uke 40. Dette avtales direkte med megler. Tidligst akseptfrist bud er tirsdag 6.okt kl 1500. Minus Vis mindre NB: Knappen for å vise hele beskrivelsen har kun en visuell effekt. Pluss tegn Vis hele beskrivelsen NB: Knappen for å vise hele beskrivelsen har kun en visuell effekt. Salgsoppgaven beskriver vesentlig og lovpålagt informasjon om eiendommen Se komplett salgsoppgave Nyttige lenker Eiendommens hjemmeside Bestill salgsoppgave Visning Ta kontakt for å avtale visning. Husk å lese komplett salgsoppgave før visning. Bestill komplett, utskriftsvennlig salgsoppgave. Visningspåmelding Gi bud Nyttige lenker Eiendommens hjemmeside Bestill salgsoppgave Nærområdet Kart Bollgardssletta 168, 7660 Vuku Annonseinformasjon FINN-kode 473734532 Sist endret 02. sep. 2026 10:28 Referanse 55260089 Rapporter annonse Annonsene kan være mangelfulle i forhold til lovpålagt opplysningsplikt. Før bindende avtale inngås oppfordres interessenter til å innhente komplett informasjon fra meglerforetaket, selger eller utleier.",2026-09-21T09:39:43+00:00
474864987,https://www.finn.no/realestate/homes/ad.html?finnkode=474864987,Landbrukseiendom |  Stort våningshus - Bad/​vaskerom  oppusset i 2015 | Innholdsrik driftsbygning | 73 daa,"Dalan 73, 7656 Verdal",7656,Verdal,4 390 000 kr,4 500 840 kr,110 840 kr,,224 050 kr,Gårdsbruk/Småbruk,Selveier,,238 m² (BRA-i),719 m²,,3,,1880,,73 192 m² (eiet),73192,73.2,Rom,5038,67,2,5,"Landbrukseiendom med 51 daa dyrkamark, jaktrett og flott beliggenhet i Leksdalen. Eiendommen har en fin utsikt utover dalføret og består av ca. 73 daa totalt, hvorav om lag 51 daa er dyrket mark. På eiendommen finner du et romslig våningshus og en allsidig driftsbygning med mange bruksområder. Driftsbygningen inneholder blant annet garasje, vaskerom, WC og en stor låve. Tidligere stall er ombygd til sauefjøs, og bordkledning på gårdssiden er nylig fornyet. Det er også mulighet for å overta sauebesetningen etter nærmere avtale. Våningshuset er betydelig oppgradert siden 2015 med modernisert kjøkken, nyere bad og oppussede overflater. Fra stuen er det utgang til en takoverbygd terrasse som ligger usjenerte til. Eiendommen er tilknyttet Leksdal Grunneierlag med jaktrett for grunneier, og har i tillegg allmenningsrett i Leksdal statsallmenning. Tunet er romslig og trivelig, med gode muligheter for både landbruksdrift, dyrehold og fritidsaktiviteter. Minus Vis mindre NB: Knappen for å vise hele beskrivelsen har kun en visuell effekt. Pluss tegn Vis hele beskrivelsen NB: Knappen for å vise hele beskrivelsen har kun en visuell effekt. Salgsoppgaven beskriver vesentlig og lovpålagt informasjon om eiendommen Se komplett salgsoppgave Nyttige lenker Eiendommens hjemmeside Bestill salgsoppgave Visning Ta kontakt for å avtale visning. Husk å lese komplett salgsoppgave før visning. Bestill komplett, utskriftsvennlig salgsoppgave. Visningspåmelding Gi bud Nyttige lenker Eiendommens hjemmeside Bestill salgsoppgave Nærområdet Kart Dalan 73, 7656 Verdal Annonseinformasjon FINN-kode 474864987 Sist endret 17. sep. 2026 06:01 Referanse 55260154 Rapporter annonse Annonsene kan være mangelfulle i forhold til lovpålagt opplysningsplikt. Før bindende avtale inngås oppfordres interessenter til å innhente komplett informasjon fra meglerforetaket, selger eller utleier.",2026-09-21T09:39:45+00:00
465495654,https://www.finn.no/realestate/homes/ad.html?finnkode=465495654,"Småbruk med to bolighus, låve, garasje/​redskapshus og hytte i fjellet. Rypejakt, hjortejakt og godt fiske i Valdalen","Kyrkjevegen 29, 5760 Røldal",5760,Røldal,3 500 000 kr,3 588 590 kr,88 590 kr,,,Gårdsbruk/Småbruk,Selveier,,335 m² (BRA-i),550 m²,,7,,1978,,170 272 m² (eiet),170272,170.3,,4618,25,12,7,"Småbruk med attraktiv og sentral beliggenhet i Røldal. Her får du det beste fra to verdener - romslig eiendom med landlige kvaliteter og samtidig kort gangavstand til butikk. Eiendommen byr på gode muligheter for hobbybruk, dyrking og friluftsliv, Med fjell og natur rett utenfor døren er byr det på gode muligheter for både, jakt, fiske, ski eller friluftsliv. Et sted for deg som ønsker mer plass, ro og frihet. Minus Vis mindre NB: Knappen for å vise hele beskrivelsen har kun en visuell effekt. Pluss tegn Vis hele beskrivelsen NB: Knappen for å vise hele beskrivelsen har kun en visuell effekt. Salgsoppgaven beskriver vesentlig og lovpålagt informasjon om eiendommen Se komplett salgsoppgave Nyttige lenker Gi bud Bestill salgsoppgave Eiendommens hjemmeside Visning Ta kontakt for å avtale visning. Husk å lese komplett salgsoppgave før visning. Bestill komplett, utskriftsvennlig salgsoppgave. Visningspåmelding Gi bud Nyttige lenker Gi bud Bestill salgsoppgave Eiendommens hjemmeside Nærområdet Kart Kyrkjevegen 29, 5760 Røldal Annonseinformasjon FINN-kode 465495654 Sist endret 20. sep. 2026 06:01 Referanse 331260009 Rapporter annonse Annonsene kan være mangelfulle i forhold til lovpålagt opplysningsplikt. Før bindende avtale inngås oppfordres interessenter til å innhente komplett informasjon fra meglerforetaket, selger eller utleier.",2026-09-21T09:39:46+00:00
474557027,https://www.finn.no/realestate/homes/ad.html?finnkode=474557027,Et lite stykke Norge! - Deler av Måbø gård venter på nye heldige eiere - Mye utmark - Jakt og fiskerettigheter,"Eidfjordvegen 10, 5784 Øvre Eidfjord",5784,Øvre Eidfjord,4 000 000 kr,4 101 090 kr,101 090 kr,,370 306 kr,Gårdsbruk/Småbruk,Selveier,,79 m² (BRA-i),79 m²,,3,,1750,,1 947 933 m² (eiet),1947933,1947.9,G - Rød,4619,22,1,5,"Midt i spektakulære Måbødalen ligger historiske Måbø - den øverste gården i dalen og gården som har gitt dalføret sitt navn. Tunet ligger ca. 246 moh., omgitt av mektige fjellsider og et kulturlandskap preget av flere hundre års bosetting og bruk. Den gamle turistveien mot Vøringsfossen går gjennom tunet, med flotte turmuligheter videre opp Galdene. På tunet står våningshus, løe og eldhus. Eiendommen har innlagt vann og avløp, samt strøm, og er tilrettelagt for overnatting for 7-8 personer. Gården benyttes i dag ikke som helårsbolig. Eiendommen byr på velholdte slåttemarker, et unikt gammelt vanningsanlegg og åpne gressarealer med muligheter for bl.a. arrangementer og samlinger. Her er det kort vei til Vøringsfossen, Hardangervidda og Eidfjord - en sjelden eiendom hvor dramatisk natur, friluftsliv og levende kulturhistorie møtes. Se salgsoppgave med vedlegg for utfyllende informasjon. Minus Vis mindre NB: Knappen for å vise hele beskrivelsen har kun en visuell effekt. Pluss tegn Vis hele beskrivelsen NB: Knappen for å vise hele beskrivelsen har kun en visuell effekt. Salgsoppgaven beskriver vesentlig og lovpålagt informasjon om eiendommen Se komplett salgsoppgave Nyttige lenker Gi bud Bestill salgsoppgave Eiendommens hjemmeside Visning tirsdag, 06. oktober 16:00 – 17:00 Legg til i kalender Velkommen til visning! Alle våre visninger har påmelding. På denne måten sikrer vi at megler har god oversikt og tid til å imøtekomme alle interessenter på beste måte. Dette er veldig verdifullt for boligkjøpere og for oss. Det er enkelt å melde seg på, og du kan like enkelt melde deg av. Kontakt også gjerne megler i forkant av visning dersom du har spørsmål. Husk å lese komplett salgsoppgave før visning. Bestill komplett, utskriftsvennlig salgsoppgave. Visningspåmelding Gi bud Nyttige lenker Gi bud Bestill salgsoppgave Eiendommens hjemmeside Nærområdet Kart Eidfjordvegen 10, 5784 Øvre Eidfjord Annonseinformasjon FINN-kode 474557027 Sist endret 21. sep. 2026 11:26 Referanse 315260129 Rapporter annonse Annonsene kan være mangelfulle i forhold til lovpålagt opplysningsplikt. Før bindende avtale inngås oppfordres interessenter til å innhente komplett informasjon fra meglerforetaket, selger eller utleier.",2026-09-21T09:39:48+00:00
463364635,https://www.finn.no/realestate/homes/ad.html?finnkode=463364635,"Nydelig småbrukseiendom med to bolighus, låve og garasje | Kun ca. 2,5 km til Ask | Nær barnehage, skoler og marka","Vestbyvegen 25 og 27, 2022 Gjerdrum",2022,Gjerdrum,9 590 000 kr,9 830 840 kr,240 840 kr,,,Gårdsbruk/Småbruk,Selveier,,533 m² (BRA-i),557 m²,,8,,1860,,6 455 m² (eiet),6455,6.5,,3230,52,24,7,"Velkommen til Vestbyvegen 25 og 27 - en nydelig småbrukseiendom med idyllisk og landlig beliggenhet, kun ca. 2,5 km fra Ask sentrum. Her er det kort vei til skole, barnehage, butikker og bussforbindelser - perfekt for deg som ønsker landlige omgivelser, men også en enkel hverdag. Eiendommen består av et hyggelig tun på ca. 6 455 kvm med hovedhus, kårbolig, låve og garasje. Her ligger alt til rette for småbruksdrømmen med god plass både inne og ute, flotte uteområder og flere hyggelige uteplasser å nyte gjennom året. Flere oppgraderinger er utført de senere årene, noe som gir eiendommen et godt utgangspunkt for videre bruk. Det er også mulighet for leie av jordet mellom hovedbygning og vei på ca. 3 daa dersom man ønsker ekstra areal til hobbydrift eller dyr. Velkommen til visning! Minus Vis mindre NB: Knappen for å vise hele beskrivelsen har kun en visuell effekt. Pluss tegn Vis hele beskrivelsen NB: Knappen for å vise hele beskrivelsen har kun en visuell effekt. Salgsoppgaven beskriver vesentlig og lovpålagt informasjon om eiendommen Se komplett salgsoppgave Nyttige lenker Bestill salgsoppgave Visning Ta kontakt for å avtale privatvisning - 482 42 798! Husk å lese komplett salgsoppgave før visning. Bestill komplett, utskriftsvennlig salgsoppgave. Visningspåmelding Gi bud Nyttige lenker Bestill salgsoppgave Nærområdet Kart Vestbyvegen 25 og 27, 2022 Gjerdrum Annonseinformasjon FINN-kode 463364635 Sist endret 18. sep. 2026 14:05 Referanse EMERA4.26106 Rapporter annonse Annonsene kan være mangelfulle i forhold til lovpålagt opplysningsplikt. Før bindende avtale inngås oppfordres interessenter til å innhente komplett informasjon fra meglerforetaket, selger eller utleier.",2026-09-21T09:39:49+00:00
467387890,https://www.finn.no/realestate/homes/ad.html?finnkode=467387890,"Ny pris! Sjarmerende småbruk med enebolig, løe, uthus, lang strandlinje og eldre naust | 113 dekar | Oppussingsobjekt","Midøyvegen 279, 6475 Midsund",6475,Midsund,1 700 000 kr,1 743 850 kr,43 850 kr,,419 387 kr,Gårdsbruk/Småbruk,Selveier,,232 m² (BRA-i),589 m²,,6,,1895,,113 445 m² (eiet),113445,113.4,Rom,1506,452,2,5,"Se for deg over 200 meter strandlinje, 113 dekar tomt, naturskjønne omgivelser og nydelig utsikt. Nå har du sjansen til å sikre deg akkurat det! EIE eiendomsmegling v/Tore Magerøy ønsker velkommen til Midøyvegen 279. Dette koselige småbruket ligger på Midøya på en liten høyde ovenfor veien, med nydelig utsikt utover fjord og fjell. Tomta strekker seg over 113,4 dekar fordelt på to teiger hvorav teigen på oversiden av veien er på 96,2 dekar og teigen på nedsiden av veien ved fjorden er på 17,2 dekar. Eiendommen er bestående av et våningshus, løe, uthus og naust. Bygningsmassen er av eldre dato og er moden for oppussing/renovering. Midøya byr på flotte turmuligheter. Det er kort vei til øyas høyeste punkt Bløkallen, og det anbefales en tur til Sandan med flotte turstier og badestrand. Ca. 4 minutt kjøretur til Midsund sentrum med blant annet dagligvarebutikk og kafé. Midsund barne- og ungdomsskole, samt flerbrukshall og idrettsanlegg ligger 7 min unna. Vi sees på visning! Minus Vis mindre NB: Knappen for å vise hele beskrivelsen har kun en visuell effekt. Pluss tegn Vis hele beskrivelsen NB: Knappen for å vise hele beskrivelsen har kun en visuell effekt. Salgsoppgaven beskriver vesentlig og lovpålagt informasjon om eiendommen Se komplett salgsoppgave Nyttige lenker Gi bud Bestill salgsoppgave Eiendommens hjemmeside Visning Ta kontakt for å avtale visning. Husk å lese komplett salgsoppgave før visning. Bestill komplett, utskriftsvennlig salgsoppgave. Visningspåmelding Nyttige lenker Gi bud Bestill salgsoppgave Eiendommens hjemmeside Nærområdet Kart Midøyvegen 279, 6475 Midsund Annonseinformasjon FINN-kode 467387890 Sist endret 14. sep. 2026 06:18 Referanse 21260133 Rapporter annonse Annonsene kan være mangelfulle i forhold til lovpålagt opplysningsplikt. Før bindende avtale inngås oppfordres interessenter til å innhente komplett informasjon fra meglerforetaket, selger eller utleier.",2026-09-21T09:39:50+00:00
475178028,https://www.finn.no/realestate/homes/ad.html?finnkode=475178028,Meløy - Dahlgården - attraktiv eiendom - store utmarksarealer,"Meløysundveien 668, 8157 Meløy",8157,Meløy,2 750 000 kr,2 833 740 kr,83 740 kr,,107 779 kr,Gårdsbruk/Småbruk,Selveier,,,395 m²,,6,,1837,,492 409 m² (eiet),492409,492.4,,1837,77,13,5,"Dahlgården ligger sentralt på Meløya i Meløy kommune. Flott beliggenhet i et nydelig kulturlandskap og omkranset av sjø og store utmarksområder. Bebyggelsen består av våningshus,( et tradisjonelt Nordlandshus, )låve, smie, stabbur, sommerfjøs, naust, hytte på Slåttøy og 3 uthus. Alle med et betydelig rehabiliteringsbehov. Stor tomt med et areal på 492 dekar som består av innmark, skog, utmark og 3 øyer hvorav 1 av dem er bebygd med en mindre hytte. Adkomst til Meløya via ferge fra Ørnes, eller med hurtigbåt fra samme sted. Avstand med bil fra Bodø til Ørnes er ca. 1 time og 30 minutter. Fra fergekai på Meløya til eiendommen er ca. 10 minutters kjøretid. Ellers grei dekning med kollektivtransport - buss. Kort vei til nærmeste dagligvare og andre servicefunksjoner. Minus Vis mindre NB: Knappen for å vise hele beskrivelsen har kun en visuell effekt. Pluss tegn Vis hele beskrivelsen NB: Knappen for å vise hele beskrivelsen har kun en visuell effekt. Salgsoppgaven beskriver vesentlig og lovpålagt informasjon om eiendommen Se komplett salgsoppgave Nyttige lenker Se komplett salgsoppgave Visning Vi vil sette stor pris på påmelding til planlagt visningsdeltakelse. Dette gir mulighet for planlegging hos selger og megler, og vil kunne bidra til at vi sammen kan skape en enda bedre opplevelse for deg som gjest. Velkommen! Husk å lese komplett salgsoppgave før visning. Bestill komplett, utskriftsvennlig salgsoppgave. Visningspåmelding Gi bud Nyttige lenker Se komplett salgsoppgave Nærområdet Kart Meløysundveien 668, 8157 Meløy Annonseinformasjon FINN-kode 475178028 Sist endret 05. sep. 2026 07:03 Referanse 20-26-1051 Rapporter annonse Annonsene kan være mangelfulle i forhold til lovpålagt opplysningsplikt. Før bindende avtale inngås oppfordres interessenter til å innhente komplett informasjon fra meglerforetaket, selger eller utleier.",2026-09-21T09:39:52+00:00
474102429,https://www.finn.no/realestate/homes/ad.html?finnkode=474102429,Særpreget og idyllisk landbrukseiendom i naturskjønne Espedalen | Vis-Knut heimen,"Espedalsvegen 535, 2657 Svatsum",2657,Svatsum,3 000 000 kr,3 076 090 kr,76 090 kr,,,Gårdsbruk/Småbruk,Selveier,,373 m² (BRA-i),747 m²,,3,,1967,,124 500 m² (eiet),124500,124.5,Rom,3441,106,3,7,"PrivatMegleren Lillehammer v/Hege Mjølstad og Pernille Enger Lunn har gleden av å presentere en særpreget landbrukseiendom i naturskjønne omgivelser i Espedalen. Eiendommen har en rik kulturhistorie og er særlig kjent for Vis-Knut heimen, hvor Vis-Knut bodde fra 1855 til sin død i 1876. Denne består i dag av en sjarmerende bolig-/gjestedel og en museumsdel. Våningshuset byr på romslige oppholdsarealer, to kjøkken, tre soverom, loftstue og bad. I tillegg består tunet av garasje, uthus, eldhus og fjøs, som gir godt med tilleggsareal og flere bruksmuligheter. Her får du en særegen og idyllisk landbrukseiendom med god plass, variert bygningsmasse og en helt spesiell historie, omgitt av vakker natur i Espedalen. Ta kontakt med megler for visning. Velkommen! Minus Vis mindre NB: Knappen for å vise hele beskrivelsen har kun en visuell effekt. Pluss tegn Vis hele beskrivelsen NB: Knappen for å vise hele beskrivelsen har kun en visuell effekt. Salgsoppgaven beskriver vesentlig og lovpålagt informasjon om eiendommen Se komplett salgsoppgave Nyttige lenker Gi bud Bestill salgsoppgave Eiendommens hjemmeside Visning Ta kontakt for å avtale visning. Husk å lese komplett salgsoppgave før visning. Bestill komplett, utskriftsvennlig salgsoppgave. Visningspåmelding Gi bud Nyttige lenker Gi bud Bestill salgsoppgave Eiendommens hjemmeside Nærområdet Kart Espedalsvegen 535, 2657 Svatsum Annonseinformasjon FINN-kode 474102429 Sist endret 14. sep. 2026 06:08 Referanse 55260190 Rapporter annonse Annonsene kan være mangelfulle i forhold til lovpålagt opplysningsplikt. Før bindende avtale inngås oppfordres interessenter til å innhente komplett informasjon fra meglerforetaket, selger eller utleier.",2026-09-21T09:39:53+00:00
475156582,https://www.finn.no/realestate/homes/ad.html?finnkode=475156582,Småbruk på Finnskogen,"Sørskogbygdvegen 2243, 2412 Sørskogbygda",2412,Sørskogbygda,4 100 000 kr,4 205 920 kr,105 920 kr,0 kr,79 785 kr,Gårdsbruk/Småbruk,Selveier,,101 m² (BRA-i),402 m²,,3,,2009,,147 165 m² (eiet),147165,147.2,C - Gul,3420,188,1,1,"Småbruk med Enebolig ,anneks og stor garasje. Enebolig bygget 2009 med 3 soverom, stue med spisestue, bad og eget vaskerom og kjøkken med mye skapplass. samt teknisk rom med bod. Garasjen er på bra.218 kvm, bygget 2017 med et frittstående kjølerom på 19 kvm. Annekset er bygget 2015 som inneholder 2 rom og bad. bra. 72 kvm.",2026-09-21T09:39:54+00:00
466464506,https://www.finn.no/realestate/homes/ad.html?finnkode=466464506,Susort - Som en upløyd mark ligger denne muligheten. Skap din egen drøm med 78 mål eiendom og teig med 30 meter sjølinje,"Susortvegen 343 - 349, 5565 Tysværvåg",5565,Tysværvåg,3 990 000 kr,4 092 040 kr,102 040 kr,,,Gårdsbruk/Småbruk,Selveier,,,,,0,,1920,,78 818 m² (eiet),78818,78.8,,1146,56,2,5,"Her har du en unik mulighet til å skape din egen småbruksdrøm. Susortvegen 349 har en idyllisk og landlig beliggenhet med tilgang til sjøen. Tomten er på 78,7 mål fordelt på fem teiger og består blandt annet av 10,5 mål fulldyrket mark og 44,8 mål med produktiv skog. Det er en teig ved sjøen på 632 kvm og over 30 meter strandlinje. Bygningsmassen som består av gammel løe og bolighus er å anse som rivningsobjekter. Denne muligheten har en ypperlig beliggenhet med byggefeltet på Susort og Kårstø som naboer. Nærhet og enkel logistikk til Stavanger og Haugesund. Når rogfast står ferdig i 2033 vil det ta ca 45 minutter å kjøre til Stavanger sentrum. Fra Susort sør i Tysvær er kjøreavstanden til de nærmeste skolene og fritidsaktivitetene i underkant av 10 minutter med bil, i all hovedsak lokalisert rundt Tysværvåg og Slåttevik. Ekte vestlandsidyll med skoger, svaberg og sjøliv på en klassisk, skjermet måte. Her slipper man bystøy og mas, og kan i stedet nyte stillheten. Velkommen :) Minus Vis mindre NB: Knappen for å vise hele beskrivelsen har kun en visuell effekt. Pluss tegn Vis hele beskrivelsen NB: Knappen for å vise hele beskrivelsen har kun en visuell effekt. Salgsoppgaven beskriver vesentlig og lovpålagt informasjon om eiendommen Se komplett salgsoppgave Nyttige lenker Forhåndsvisning av salgsoppgave som PDF Gi bud Bestill salgsoppgave Visning Ta kontakt for å avtale visning. Husk å lese komplett salgsoppgave før visning. Bestill komplett, utskriftsvennlig salgsoppgave. Visningspåmelding Nyttige lenker Forhåndsvisning av salgsoppgave som PDF Gi bud Bestill salgsoppgave Nærområdet Kart Susortvegen 343 - 349, 5565 Tysværvåg Annonseinformasjon FINN-kode 466464506 Sist endret 31. aug. 2026 20:30 Referanse 63260041 Rapporter annonse Annonsene kan være mangelfulle i forhold til lovpålagt opplysningsplikt. Før bindende avtale inngås oppfordres interessenter til å innhente komplett informasjon fra meglerforetaket, selger eller utleier.",2026-09-21T09:39:55+00:00
475193497,https://www.finn.no/realestate/homes/ad.html?finnkode=475193497,"Langerud Nordre - Aktivt gårdsbruk med 3 boliger, stall og isolert verksted fra 2015 - Idyllisk beliggenhet ved Heddøla!","Øygardsvegen 10, 12 og 28, 3677 Notodden",3677,Notodden,13 920 000 kr,14 282 890 kr,362 890 kr,,539 227 kr,Gårdsbruk/Småbruk,Selveier,,393 m² (BRA-i),458 m²,,7,,1964,2,551 900 m² (eiet),551900,551.9,,4005,83,9,5,"Langerud Nordre er en innholdsrik landbrukseiendom med naturskjønn beliggenhet ved Heddøla på Heddals vestside. Eiendommen utgjør ca. 551 daa., hvor om lag 120 daa. er dyrket mark, 20 daa. beite og 337 daa. produktiv skog. Gården driftes i dag med grasproduksjon, ammeku og hestehold. Gården har en omfattende bygningsmasse med 3 boliger, fjøs, stabbur, verksted- og stallbygning, garasje/skur og nyere redskapslager. Særlig verksted- og stallbygningen fra 2015 byr på gode muligheter med seks stallbokser, stort isolert verksted og betydelige lagerarealer. Her får du en komplett gård med gode driftsmuligheter, flere boenheter og stort potensial. Det er kort vei til Sauland, Notodden og E134. En flott eiendom for deg som ønsker landlig beliggenhet, aktiv gårdsdrift og rikelig med plass! Minus Vis mindre NB: Knappen for å vise hele beskrivelsen har kun en visuell effekt. Pluss tegn Vis hele beskrivelsen NB: Knappen for å vise hele beskrivelsen har kun en visuell effekt. Salgsoppgaven beskriver vesentlig og lovpålagt informasjon om eiendommen Se komplett salgsoppgave Nyttige lenker Bestill prospekt Gi bud Visning Det avholdes visninger på eiendommen fortløpende. Ta kontakt med eiendomsmegler Anne Sofie Strekerud på 976 12 861 / annesofie@landbruksmegling.no for å avtale et passende tidspunkt. Husk å lese komplett salgsoppgave før visning. Bestill komplett, utskriftsvennlig salgsoppgave. Visningspåmelding Gi bud Nyttige lenker Bestill prospekt Gi bud Nærområdet Kart Øygardsvegen 10, 12 og 28, 3677 Notodden Annonseinformasjon FINN-kode 475193497 Sist endret 31. aug. 2026 19:23 Referanse GAR30.2611 Rapporter annonse Annonsene kan være mangelfulle i forhold til lovpålagt opplysningsplikt. Før bindende avtale inngås oppfordres interessenter til å innhente komplett informasjon fra meglerforetaket, selger eller utleier.",2026-09-21T09:39:57+00:00
475173080,https://www.finn.no/realestate/homes/ad.html?finnkode=475173080,UNIK MULIGHED FOR SMÅBRUK - Setereiendom på Kvitfjell samt småbrukseiendom til rivning/​totaloppussing - 21 mål,"Nysetervegen-Svinslåa 157, 2634 Fåvang",2634,Fåvang,790 000 kr,790 000 kr,0 kr,0 kr,505 107 kr,Gårdsbruk/Småbruk,Selveier,,,176 m²,,2,,1920,,20 847 m² (eiet),20847,20.8,,3439,116,5,1,"UNIKT SMÅBRUK VURDERES SOLGT - BELIGGENDE PÅ KVITFJELL Dette er en unik chance for at erhverve et småbruk rett ved Kvitfjell. Eiendommen består af Vestsidevegen 1926 (3439-121/2) som er en småbrukseiendom med svært forfalden bebyggelse, samt en setereiendom på Nysetervegen-Svinslåa 157 (3439-116/5). Eiendommene er samregistreret i landbruksregisteret, men består af 2 seperate gnr/bnr. Eiendommen består af ca. 21 mål, fordelt på tre tieger. Info om Nysetervegen-Svinslåa 157 Nysetervegen-Svinslåa 157 er en ældre setereiendom beliggende på høyfjellet, rundt 850 meter over havet. Eiendommen har et registreret tomteareal på 9.014,6 kvm., fordelt på en tieg. Arealet er allokeret på følgende brukstyper; 5,7 mål fulldyrka jord, 0,3 mål produktiv skog, samt 3,1 mål defineret som annet markslag. Eiendommen har således et samlet lannbruksareal på 5,7 mål. Eiendommen er som anført høytbeliggende, og den fulldyrkede jord har en svært begrænset bonitet, hvor stort set kun græs kan dyrkes. 5.7 mål med græs må anses som en relativ lille arealressource i landbrukssammenhæng. På eiendommen er der opført tre bygninger. Eiendommen er i praksis benyttet som hytte. Bygningen registreret som seterhus er indrettet og brukt som hytte, og består af ca. 40 m2 bebyggelse. Hytta består af stue/kjøkken og to soverum. Den øvrige bebyggelse består af et gammelt lafteskur brukt til sau samt et andet skur. Disse bygninger er i svært dårlig forfatning og må anses som rivningsklare. Samlet set må det konkluderes, at eiendommen reelt set tjener bedst som hytteeiendom og ikke meningsfuldt indgår i et landbruks, særligt set i lyset af eiendommens indretning, beliggenhet samt at arealet på eiendommen er af lille eller ingen landbrugsmæssig betydning. Info om Vestsidevegen 1926 Vestsidevegen 1926 er et gammelt småbruk, som pr. i dag må anses som bestående af rivningsobjekter, hvor en del af den igenværende bygningsmasse er fallefærdig. Eiendommen har et registreret tomteareal på 11.833,30 kvm, fordelt på to tieger. Tiegen med bebyggelse har en størrelse på 6,5 mål, hvoraf 4,6 mål er registreret som fulldyrka mark, 0,2 mål er registreret som produktiv skog og 1,7 mål er registreret som annet markslag. Tiegen er beliggende i svært skrånende terræn, og er i praksis vanskelig at dyrke henset til hældning, udformning og solforhold. Tieg nr. 2 har et areal på 5,3 mål, og hele arealet er registreret som produktiv skog. Tigen er beliggende ca. 400 meter fra hovedtiegen i opadgårende terræn, uten etableret veiforbindelse. Teigen har derfor begrænset udnyttelsespotentiale, særligt henset til beliggenhed og størrelse. På eiendommen er der registreret 5 bygninger. Således består eiendommen af en bygning registreret som enebolig, samt 4 lannbruksbygninger som i praksis er boder/skure. Eiendommen har ikke været beboet de sidste mange år, og det vil kræve betydelige midler at oppusse eiendommen til bebolig tilstand. Tdiligere bygninger er rast sammen. Vesentlige opplysninger BEREGNING AV FORMUESVERDI Formuesverdien beregnes på grunnlag av de opplysninger som har vært tilgjengelig for selger. Dersom arealangivelser og opplysninger om byggetidspunkt ikke stemmer, vil dette kunne påvirke formuesværdien. EIENDOMMENS TILSTAND Huset er ikke å anse som beboelig (har ikke vært bebodd over lengre tid), og det må forventes at alt må gjøres. I realiteten må eiendommen vurderes som et rivningsobjekt.  Med grunnlag i standard er det ikke innhentet tilstandsrapport eller arealoppmåling - kjøper må vurdere totalrenovering opp mot rivning/nybygg. Kjøper oppfordres til å foreta en særlig grundig besiktigelse, gjerne med bistand fra teknisk sakkyndig. Arealer oppgitt er estimert og avvik kan forekomme. Tilstand på elektricitet og vann er ukjent. Bygget vil ikke blive ryddet før salg. På baggrund af de samlede forhold anbefales det derfor, at bygget rives og genopbygges. Der er ikke foretaget opmåling af eiendommen, og BRA er fastsat på baggrund af oplysninger hentet fra nettet og opmåling på kart. P-ROM er fastsat på baggrund af et skøn. Såfremt arealerne har betydning for køber, opfordres han til selv at foretage opmåling. Minus Vis mindre NB: Knappen for å vise hele beskrivelsen har kun en visuell effekt. Pluss tegn Vis hele beskrivelsen NB: Knappen for å vise hele beskrivelsen har kun en visuell effekt. Ta kontakt med selger for komplett informasjon Profilinfo Rettigheter og plikter når du kjøper bolig av en privatperson Visning Ta kontakt for å avtale visning. Nærområdet Kart Nysetervegen-Svinslåa 157, 2634 Fåvang Profilinfo Rettigheter og plikter når du kjøper bolig av en privatperson Annonseinformasjon FINN-kode 475173080 Sist endret 31. aug. 2026 18:04 Rapporter annonse Annonsene kan være mangelfulle i forhold til lovpålagt opplysningsplikt. Før bindende avtale inngås oppfordres interessenter til å innhente komplett informasjon fra meglerforetaket, selger eller utleier.",2026-09-21T09:39:59+00:00
475166224,https://www.finn.no/realestate/homes/ad.html?finnkode=475166224,Bardølsgård - Tradisjonell gård på 669 daa. med sentral beliggenhet på Geilo - 2 boligtomter og stort potensiale!,"Bardølavegen 40, 3580 Geilo",3580,Geilo,12 000 000 kr,12 314 890 kr,314 890 kr,,,Gårdsbruk/Småbruk,Selveier,,98 m² (BRA-i),121 m²,,3,,1890,2,669 600 m² (eiet),669600,669.6,,3330,62,1,5,"Bardølsgård er en tradisjonell og innholdsrik landbrukseiendom på Geilo. Gården har et samlet areal på ca. 669,6 dekar, hvorav rundt 29 dekar er dyrket mark. Eiendommen byr på et klassisk gårdstun med våningshus fra 1890, garasje, låve og redskapshus. Nord for Bardølavegen ligger to tomter regulert til boligformål, på henholdsvis ca. 1,56 og 0,97 dekar. I tillegg følger 200 andeler i Halne Sameige, tilsvarende 0,808 %. Beliggenheten kombinerer landlig ro med kort vei til Geilo sentrum, ca. 1 km unna. Her finnes et bredt utvalg av butikker, serveringssteder og servicetilbud. Bardølsgård passer for deg som ønsker store arealer, et tradisjonelt gårdsmiljø og spennende muligheter- samtidig som Geilos helårstilbud ligger like i nærheten. Velkommen på visning! Minus Vis mindre NB: Knappen for å vise hele beskrivelsen har kun en visuell effekt. Pluss tegn Vis hele beskrivelsen NB: Knappen for å vise hele beskrivelsen har kun en visuell effekt. Salgsoppgaven beskriver vesentlig og lovpålagt informasjon om eiendommen Se komplett salgsoppgave Nyttige lenker Bestill prospekt Gi bud Visning Alle våre visninger har påmelding. Skulle ingen være påmeldt til visningen, vil visningen ikke bli gjennomført. Passer ikke annonsert tidspunkt, ta kontakt så finner vi en løsning. Husk å lese komplett salgsoppgave før visning. Bestill komplett, utskriftsvennlig salgsoppgave. Visningspåmelding Gi bud Nyttige lenker Bestill prospekt Gi bud Nærområdet Kart Bardølavegen 40, 3580 Geilo Annonseinformasjon FINN-kode 475166224 Sist endret 31. aug. 2026 16:59 Referanse GAR30.2610 Rapporter annonse Annonsene kan være mangelfulle i forhold til lovpålagt opplysningsplikt. Før bindende avtale inngås oppfordres interessenter til å innhente komplett informasjon fra meglerforetaket, selger eller utleier.",2026-09-21T09:40:00+00:00
464235480,https://www.finn.no/realestate/homes/ad.html?finnkode=464235480,"Småbruk med renoveringsbehov på 73,7 dekar i Meldal - Hytte med uthus i Resdalen. Ca. 31 daa produktiv skog","Gjelsæterveien 105, 7335 Jerpstad",7335,Jerpstad,590 000 kr,605 840 kr,15 840 kr,,,Gårdsbruk/Småbruk,Selveier,,,,,3,,,,73 700 m² (eiet),73700,73.7,,5059,531,2,5,"Eiendommen består av flere parseller hvorav småbruket ligger i Smedhåggåveien 68 ved Å i Meldal og sætra/hytta ligger i Gjelsæterveien 105 i Resdalen. Bygningene på småbruket består av et våningshus og uthus/fjøs som er i meget dårlig stand som har stått ubebodd i mange år. Kjøper må påregne omfattende totalrenovering. Sætra/hytta i Resdalen består av en enkel hytte og uthus som står på en romslig teig på ca. 34 dekar. Resdalen er kjent som inngangsporten til Trollheimen med flotte turmuligheter sommer som vinter. Minus Vis mindre NB: Knappen for å vise hele beskrivelsen har kun en visuell effekt. Pluss tegn Vis hele beskrivelsen NB: Knappen for å vise hele beskrivelsen har kun en visuell effekt. Salgsoppgaven beskriver vesentlig og lovpålagt informasjon om eiendommen Se komplett salgsoppgave Nyttige lenker NIBIO gårdskart Gi bud Bestill salgsoppgave Eiendommens hjemmeside Visning Ta kontakt for å avtale visning. Husk å lese komplett salgsoppgave før visning. Bestill komplett, utskriftsvennlig salgsoppgave. Visningspåmelding Gi bud Nyttige lenker NIBIO gårdskart Gi bud Bestill salgsoppgave Eiendommens hjemmeside Nærområdet Kart Gjelsæterveien 105, 7335 Jerpstad Annonseinformasjon FINN-kode 464235480 Sist endret 31. aug. 2026 13:19 Referanse 332260025 Rapporter annonse Annonsene kan være mangelfulle i forhold til lovpålagt opplysningsplikt. Før bindende avtale inngås oppfordres interessenter til å innhente komplett informasjon fra meglerforetaket, selger eller utleier.",2026-09-21T09:40:01+00:00
474562380,https://www.finn.no/realestate/homes/ad.html?finnkode=474562380,Småbruk på 125 dekar ved Skar i Misvær. Ideel andel i jordsameie. 10 hyttetomter ved Skarsvatnet,"Skar 8, 8100 Misvær",8100,Misvær,1 750 000 kr,1 794 840 kr,44 840 kr,,,Gårdsbruk/Småbruk,Selveier,,128 m² (BRA-i),278 m²,,4,,1945,,,,,Tomt,1804,225,2,5,"Eiendommen ligger landlig og fritt til i bygda Misvær, ca. 1 times kjøring fra Bodø sentrum. Eiendommen er på 125 dekar hvorav 16,9 daa er dyrka og 69,5 produktiv skog. I tillegg har eiendommen ideel andel i et uregistrert jordsameie som er på totalt 1.483,5 dekar. Gårdstunet består av et romslig våningshus, anneks/uthus, stabbur og driftsbygning/fjøs. Regulert hytteområde ved Skarsvatnet med 10 regulerte hyttetomter. Jaktrettigheter. Minus Vis mindre NB: Knappen for å vise hele beskrivelsen har kun en visuell effekt. Pluss tegn Vis hele beskrivelsen NB: Knappen for å vise hele beskrivelsen har kun en visuell effekt. Salgsoppgaven beskriver vesentlig og lovpålagt informasjon om eiendommen Se komplett salgsoppgave Nyttige lenker NIBIO Gårdskart Gi bud Bestill salgsoppgave Visning Ta kontakt for å avtale visning. Husk å lese komplett salgsoppgave før visning. Bestill komplett, utskriftsvennlig salgsoppgave. Visningspåmelding Gi bud Nyttige lenker NIBIO Gårdskart Gi bud Bestill salgsoppgave Nærområdet Kart Skar 8, 8100 Misvær Annonseinformasjon FINN-kode 474562380 Sist endret 31. aug. 2026 11:56 Referanse 332260046 Rapporter annonse Annonsene kan være mangelfulle i forhold til lovpålagt opplysningsplikt. Før bindende avtale inngås oppfordres interessenter til å innhente komplett informasjon fra meglerforetaket, selger eller utleier.",2026-09-21T09:40:03+00:00
422859831,https://www.finn.no/realestate/homes/ad.html?finnkode=422859831,591 daa landbrukseiendom 7 km fra Rena | Våningshus fra 2019 | 481 daa produktiv skog | Jaktrettigheter,"Bolstadveien 26, 2450 Rena",2450,Rena,7 900 000 kr,8 112 059 kr,212 059 kr,,384 797 kr,Gårdsbruk/Småbruk,Selveier,,125 m² (BRA-i),134 m²,,,,2019,,,,,,3422,18,19,3,,2026-09-21T09:40:04+00:00
475100471,https://www.finn.no/realestate/homes/ad.html?finnkode=475100471,"Sentrumsnært småbruk. En rekke tilpasningsmuligheter. Stort og idyllisk, med lakserett, dyrket mark og ærverdig hus.","Torridalsveien 250, 4630 Kristiansand S",4630,Kristiansand S,8 490 000 kr,8 720 500 kr,230 500 kr,,,Gårdsbruk/Småbruk,Selveier,,209 m² (BRA-i),490 m²,,5,,1780,,142 818 m² (eiet),142818,142.8,,4204,32,4,3,"Kun 8 minutter fra Kristiansand sentrum ligger Torridalsveien 250, et idyllisk og fredfullt småbruk med enormt potensial og en rekke muligheter for tilpasning. Eiendommen er 142,8 dekar, der fulldyrket mark utgjør 10,7 daa. En av teigene ligger ved Otra, hvor småbruket har lakserett og steinbrygge. Rundt gårdstunet står det en eldre låve, en koselig hagestue, en nyere dobbelgarasje og et ærverdig våningshus fra 1780. Låven og hovedhuset bindes sammen av et bolighus fra 2013, innredet med stue, kjøkken, bad, vaskerom og soverom. Store grøntarealer omkranser bebyggelsen, og småbruket har fine uteplasser og nydelig utsikt over landskapet. I hovedhuset er det et luftig kjøkken med egen spiseplass, og boligen har fire soverom, etasjeovn i stuen og et stort bad med tilliggende vaskerom. Velkommen Minus Vis mindre NB: Knappen for å vise hele beskrivelsen har kun en visuell effekt. Pluss tegn Vis hele beskrivelsen NB: Knappen for å vise hele beskrivelsen har kun en visuell effekt. Salgsoppgaven beskriver vesentlig og lovpålagt informasjon om eiendommen Se komplett salgsoppgave Nyttige lenker Bestill salgsoppgave Visning Ta kontakt for å avtale visning. Husk å lese komplett salgsoppgave før visning. Bestill komplett, utskriftsvennlig salgsoppgave. Gi bud Nyttige lenker Bestill salgsoppgave Nærområdet Kart Torridalsveien 250, 4630 Kristiansand S Annonseinformasjon FINN-kode 475100471 Sist endret 04. sep. 2026 04:16 Referanse 9250037 Rapporter annonse Annonsene kan være mangelfulle i forhold til lovpålagt opplysningsplikt. Før bindende avtale inngås oppfordres interessenter til å innhente komplett informasjon fra meglerforetaket, selger eller utleier.",2026-09-21T09:40:05+00:00
474919337,https://www.finn.no/realestate/homes/ad.html?finnkode=474919337,Småbruk i Skjåk med fallrettighet,"Skjåkvegen 422, 2690 Skjåk",2690,Skjåk,2 500 000 kr,2 563 590 kr,63 590 kr,0 kr,592 000 kr,Gårdsbruk/Småbruk,Selveier,,,200 m²,,4,,1952,,,,,,3433,10,1,1,"Småbruk i Skjåk med bolighus og driftsbygning, beliggende midt mellom Bismo og Lom. Bolighus oppført 1952 med påbygg 2021. Driftsbygning oppført 1960 med tilbygg fra 1984 og noe modernisering 2021. Eiendommen har inntekter fra fallrettserstatning med en kapitalisert verdi på 725 000. Minus Vis mindre NB: Knappen for å vise hele beskrivelsen har kun en visuell effekt. Pluss tegn Vis hele beskrivelsen NB: Knappen for å vise hele beskrivelsen har kun en visuell effekt. Ta kontakt med megler for komplett informasjon Nyttige lenker nibio gardskart for eiendommen landbrukstakst Skriu.pdf Salgsoppgave gnr 10 bnr 1 i Skjåk kommune.pdf budskjema gnr 10 br 1 i Skjåk kommune.pdf Visning Ta kontakt for å avtale visning. Nyttige lenker nibio gardskart for eiendommen landbrukstakst Skriu.pdf Salgsoppgave gnr 10 bnr 1 i Skjåk kommune.pdf budskjema gnr 10 br 1 i Skjåk kommune.pdf Nærområdet Kart Skjåkvegen 422, 2690 Skjåk Annonseinformasjon FINN-kode 474919337 Sist endret 29. aug. 2026 12:58 Rapporter annonse Annonsene kan være mangelfulle i forhold til lovpålagt opplysningsplikt. Før bindende avtale inngås oppfordres interessenter til å innhente komplett informasjon fra meglerforetaket, selger eller utleier.",2026-09-21T09:40:06+00:00
474736013,https://www.finn.no/realestate/homes/ad.html?finnkode=474736013,Landbrukseiendom på ca. 220 dekar i Nord-Fron - Omfattende vedlikeholds- og oppgraderingsbehov på bebyggelsen.,"Leinbakkvegen 506, 2642 Kvam",2642,Kvam,770 000 kr,790 340 kr,20 340 kr,,,Gårdsbruk/Småbruk,Selveier,,74 m² (BRA-i),201 m²,,1,,1965,1,219 919 m² (eiet),219919,219.9,,3436,341,3,5,"Eiendomsmegler 1 Lillehammer og Gudbrandsdal presenterer småbruket Leinbakkvegen 506! Eiendommen ""Einstad"" har et betydelig areal og en hytte ved Nedsttjønna, og ligger usjenert til i Nord-Fron kommune og strekker seg over nesten 220 dekar fordelt på to teiger. Omgitt av skog og mark og med utsikt over dalen, er dette en eiendom med stort potensial for den som ønsker mye plass og muligheter for friluftsliv, jakt og fiske. På eiendommen står et eldre våningshus sammen med en driftsbygning og flere uthus. Bygningene er i svært dårlig stand og har behov for omfattende vedlikehold. I tillegg følger det med hytte ved Nedsttjønna med 2 soverom. Til nærmeste dagligvare og servicetilbud, barnehage og barneskole er det ca 15 minutters kjøring. Velkommen til visning! Minus Vis mindre NB: Knappen for å vise hele beskrivelsen har kun en visuell effekt. Pluss tegn Vis hele beskrivelsen NB: Knappen for å vise hele beskrivelsen har kun en visuell effekt. Salgsoppgaven beskriver vesentlig og lovpålagt informasjon om eiendommen Se komplett salgsoppgave Nyttige lenker Bestill salgsoppgave Bladbar salgsoppgave Visning onsdag, 23. september 13:00 – 14:00 Legg til i kalender Kontakt megler for påmelding til visning Husk å lese komplett salgsoppgave før visning. Bestill komplett, utskriftsvennlig salgsoppgave. Visningspåmelding Gi bud Nyttige lenker Bestill salgsoppgave Bladbar salgsoppgave Nærområdet Kart Leinbakkvegen 506, 2642 Kvam Annonseinformasjon FINN-kode 474736013 Sist endret 09. sep. 2026 12:50 Referanse 1311260065 Rapporter annonse Annonsene kan være mangelfulle i forhold til lovpålagt opplysningsplikt. Før bindende avtale inngås oppfordres interessenter til å innhente komplett informasjon fra meglerforetaket, selger eller utleier.",2026-09-21T09:40:08+00:00
466053264,https://www.finn.no/realestate/homes/ad.html?finnkode=466053264,"Meget idyllisk og lite gårdsbruk som er velholdt med låve, uthus/​verksted og et naust. Skap ditt lille småbruk. NY PRIS","Færavågvegen 31, 5685 Uggdal",5685,Uggdal,2 000 000 kr,2 051 090 kr,51 090 kr,,,Gårdsbruk/Småbruk,Selveier,,92 m² (BRA-i),234 m²,,2,,1900,2,268 107 m² (eiet),268107,268.1,Rom,4616,36,7,5,"Drømmer du om det gode livet på landet - med egen strandlinje og naust? Da bør du ta en nærmere titt på denne sjarmerende landbrukseiendommen med boplikt. Her får du muligheten til å skape din egen landlige idyll i rolige og naturskjønne omgivelser, med kort vei til sjøen og eget naust som innbyr til både fiske, båtliv og rekreasjon. Eiendommen byr på gode muligheter for deg som ønsker en mer selvforsynt livsstil. Med dyrkbar jord, tilgang til sjøens ressurser og plass til dyrehold som sau, høns eller andre smådyr. Her kan du høste fra både jord og hav, og nyte gleden av å leve tett på naturen med jakt. Beliggenheten er svært idyllisk og skjermet, omgitt av vakker natur og stillhet som gir rom for ro og livskvalitet. Den korte spaserturen ned til naustet er i seg selv en opplevelse. Bolighuset har en særegen sjarm med flere eldre og originale detaljer som vitner om eiendommens historie og karakter. Dette er en eiendom med sjel, muligheter og en beliggenhet som må oppleves. Minus Vis mindre NB: Knappen for å vise hele beskrivelsen har kun en visuell effekt. Pluss tegn Vis hele beskrivelsen NB: Knappen for å vise hele beskrivelsen har kun en visuell effekt. Salgsoppgaven beskriver vesentlig og lovpålagt informasjon om eiendommen Se komplett salgsoppgave Nyttige lenker Gi bud Bestill salgsoppgave Eiendommens hjemmeside Visning Ta kontakt for å avtale visning. Husk å lese komplett salgsoppgave før visning. Bestill komplett, utskriftsvennlig salgsoppgave. Visningspåmelding Gi bud Nyttige lenker Gi bud Bestill salgsoppgave Eiendommens hjemmeside Nærområdet Kart Færavågvegen 31, 5685 Uggdal Annonseinformasjon FINN-kode 466053264 Sist endret 09. sep. 2026 06:07 Referanse 166260124 Rapporter annonse Annonsene kan være mangelfulle i forhold til lovpålagt opplysningsplikt. Før bindende avtale inngås oppfordres interessenter til å innhente komplett informasjon fra meglerforetaket, selger eller utleier.",2026-09-21T09:40:09+00:00
474870106,https://www.finn.no/realestate/homes/ad.html?finnkode=474870106,Sanddøla | Småbruk på ca. 214 Daa | Jakt og fiskerett | Våningshus m/​leilighet | Garasje og driftsbygning | Traktor m.m,"Sanddøldalsvegen 1020, 7870 Grong",7870,Grong,2 300 000 kr,2 358 890 kr,58 890 kr,,,Gårdsbruk/Småbruk,Selveier,,189 m² (BRA-i),488 m²,,5,,1976,2,214 623 m² (eiet),214623,214.6,,5045,26,11,5,"Velkommen til Sanddøldalsvegen 1020 Innholdsrikt småbruk i Sanddøldalen, perfekt for deg som ønsker nærhet til jakt, fiske og friluftsliv. Eiendommen omfatter ca. 214 daa med dyrkajord, skog og tunområde, og byr på gode muligheter for rekreasjon gjennom hele året. Eiendommen har fiskerett i Stamtjønna og i Sandøla, hvor det kan gå opp laks. På gårdstunet finner du våningshus med to boenheter, garasje og driftsbygning med gode lagringsmuligheter. For den aktive familien ligger Bjørgan Skisenter kun ca. 13 km unna. Eiendommen selges med en del utstyr inkl bla. traktor, traktortilhenger, traktorklipper, snøfres, ved m.m. Velkommen til en hyggelig Aktiv visning! Minus Vis mindre NB: Knappen for å vise hele beskrivelsen har kun en visuell effekt. Pluss tegn Vis hele beskrivelsen NB: Knappen for å vise hele beskrivelsen har kun en visuell effekt. Salgsoppgaven beskriver vesentlig og lovpålagt informasjon om eiendommen Se komplett salgsoppgave Visning Ta kontakt for å avtale visning. Husk å lese komplett salgsoppgave før visning. Bestill komplett, utskriftsvennlig salgsoppgave. Visningspåmelding Gi bud Nærområdet Kart Sanddøldalsvegen 1020, 7870 Grong Annonseinformasjon FINN-kode 474870106 Sist endret 10. sep. 2026 15:49 Referanse 1706260091 Rapporter annonse Annonsene kan være mangelfulle i forhold til lovpålagt opplysningsplikt. Før bindende avtale inngås oppfordres interessenter til å innhente komplett informasjon fra meglerforetaket, selger eller utleier.",2026-09-21T09:40:11+00:00
474643619,https://www.finn.no/realestate/homes/ad.html?finnkode=474643619,Barekstad - landleg eigedom på 20 mål med strandlinje - 5 bygningar tilsaman - renoveringsbehov,"Barekstadvegen 10, 6916 Barekstad",6916,Barekstad,1 450 000 kr,1 501 300 kr,51 300 kr,,83 988 kr,Gårdsbruk/Småbruk,Selveier,,143 m² (BRA-i),245 m²,,4,,1950,2,20 557 m² (eiet),20557,20.6,,4602,4,4,7,"Velkommen til Barekstadvegen 10! Ein landleg eigedom med stort potensial, fleire uthus og naust ved sjøen. Dette er ein stad med rom for å skape sitt eige, omkransa av vestnorsk kystnatur. Eigedomen består av: -Einebustad frå ca 1950 -Utebod/hønsehus: ca 9 m2 -Utebod/vedahus: ca 27 m2 -Sjøbu: ca 21 m2 -Naust: ca 45 m2 Alle bygningane ber preg av manglande vedlikehald og har stort renoveringsbehov. -Stor eigedom på over 20 mål Til Barekstad går det fleire daglege rutebåter, og i bua på kaia er det laga til eit flott leikerom/kafe/bibliotek som øyas befolkning kan nytte. Velkommen til visning! Minus Vis mindre NB: Knappen for å vise hele beskrivelsen har kun en visuell effekt. Pluss tegn Vis hele beskrivelsen NB: Knappen for å vise hele beskrivelsen har kun en visuell effekt. Salgsoppgaven beskriver vesentlig og lovpålagt informasjon om eiendommen Se komplett salgsoppgave Nyttige lenker Bestill salgsoppgave Gi bud Visning Det går rutebåt den 10.09 frå Florø til Barekstad kl. 14.35. Retur til Florø kl 16.55. Vi ønskjer på førehand å vite om du kjem på vising og ber deg om å melde deg på via finn.no, eiendomsmegler1/sogn og fjordane eller kontakt meklar på tlf 48167099. Dette gjer vi for å kunne yte bedre service til kundane våre. Om det ikkje er påmeldingar til vising, vert den avlyst. Ta kontakt om ikkje oppsatt tidspunkt passer. Husk å lese komplett salgsoppgave før visning. Bestill komplett, utskriftsvennlig salgsoppgave. Visningspåmelding Gi bud Nyttige lenker Bestill salgsoppgave Gi bud Nærområdet Kart Barekstadvegen 10, 6916 Barekstad Annonseinformasjon FINN-kode 474643619 Sist endret 02. sep. 2026 10:22 Referanse 1000260079 Rapporter annonse Annonsene kan være mangelfulle i forhold til lovpålagt opplysningsplikt. Før bindende avtale inngås oppfordres interessenter til å innhente komplett informasjon fra meglerforetaket, selger eller utleier.",2026-09-21T09:40:12+00:00
467858669,https://www.finn.no/realestate/homes/ad.html?finnkode=467858669,"Sjeldent småbruk med hele 24,9 mål tomt og sjølinje | Attraktiv beliggenhet | Tilknyttet boligfelt | Frittstående uthus","Hammarvikbakkan 11, 7263 Hamarvik",7263,Hamarvik,6 990 000 kr,7 165 840 kr,175 840 kr,,392 784 kr,Gårdsbruk/Småbruk,Selveier,,92 m² (BRA-i),140 m²,,3,,1926,2,24 947 m² (eiet),24947,24.9,Rom,5014,9,11,5,"Heimdal Eiendomsmegling har gleden av å presentere Hammarvikbakkan 11 - en sjelden eiendom med fantastisk beliggenhet på populære Hamarvika. Eiendommen kombinerer en attraktiv og familievennlig beliggenhet med en stor tomt på hele 24,9 mål og sjølinje. Kvaliteter: Stor tomt med hele 24,9 mål hvorav store deler av tomta er avstatt til boligbebyggelse Sjeldent god beliggenhet i et av Frøyas mest populære boligområder Utmerket beliggenhet med tilknytning til etablert boligfelt Frittstående uthus/fjøs på 48 m² Potensiale for tomteutvikling Nytt tak fra 2021 Gode solforhold Fantastisk natur Minus Vis mindre NB: Knappen for å vise hele beskrivelsen har kun en visuell effekt. Pluss tegn Vis hele beskrivelsen NB: Knappen for å vise hele beskrivelsen har kun en visuell effekt. Salgsoppgaven beskriver vesentlig og lovpålagt informasjon om eiendommen Se komplett salgsoppgave Nyttige lenker Eiendommens hjemmeside Visning onsdag, 23. september 17:00 – 18:00 Legg til i kalender Alle våre visninger har påmelding. Meld deg opp til ønsket visningstidspunkt via linken  visningspåmelding , eller kontakt megler på telefon, SMS eller mail. Vi anbefaler at salgsoppgaven lastes ned digitalt, og oppfordrer alle til å lese komplett salgsoppgave før visning. Skulle det mot formodning ikke være påmeldte til angitt visningstidspunkt vil ikke visning bli gjennomført. Husk å lese komplett salgsoppgave før visning. Bestill komplett, utskriftsvennlig salgsoppgave. Visningspåmelding Gi bud Nyttige lenker Eiendommens hjemmeside Nærområdet Kart Hammarvikbakkan 11, 7263 Hamarvik Annonseinformasjon FINN-kode 467858669 Sist endret 11. sep. 2026 10:28 Referanse 8-26-0212 Rapporter annonse Annonsene kan være mangelfulle i forhold til lovpålagt opplysningsplikt. Før bindende avtale inngås oppfordres interessenter til å innhente komplett informasjon fra meglerforetaket, selger eller utleier.",2026-09-21T09:40:13+00:00
474854227,https://www.finn.no/realestate/homes/ad.html?finnkode=474854227,"Gårdsbruk på 1.506 dekar, hvorav 42 dekar fulldyrket. Våningshus med 2 boligenheter. Seter. Jakt- og fiskerettigheter.","Heglemsvegen 42, 7863 Overhalla",7863,Overhalla,4 450 000 kr,4 562 340 kr,112 340 kr,,,Gårdsbruk/Småbruk,Selveier,,437 m² (BRA-i),,,8,,1965,,,,,,5047,78,2,5,"BELIGGENHET Eiendommen ligger fint til i vakre omgivelser med kulturlandskap og skogsområder kun 10 minutters biltur til Ranemsletta som er kommunesenteret i Overhalla kommune. JORD, SKOG OG TUN Eiendommen består av i alt 1.505,9 dekar eiendomsgrunn, hvorav 42 dekar fulldyrket, 7,5 dekar innmarksbeite, 533 dekar produktiv skog, 191 dekar annet markslag, 35,8 dekar vei/tun/vann/annet og 696,6 dekar ikke klassifisert. Se vedlagt link til NIBIO gårdskart. JAKT OG FISKE Jakt- og fiskerettigheter tilligger eiendommen. BYGNINGER Våningshus m/2 boligenheter, garasje, driftsbygning, hagebod og dukkestue. I tillegg en setervoll m/seterbu. Velkommen til visning den 16. september fra kl. 16.00 til kl. 17.00! Minus Vis mindre NB: Knappen for å vise hele beskrivelsen har kun en visuell effekt. Pluss tegn Vis hele beskrivelsen NB: Knappen for å vise hele beskrivelsen har kun en visuell effekt. Salgsoppgaven beskriver vesentlig og lovpålagt informasjon om eiendommen Se komplett salgsoppgave Nyttige lenker NIBIO gårdskart Gi bud Bestill salgsoppgave Eiendommens hjemmeside Visning Ta kontakt for å avtale visning. Husk å lese komplett salgsoppgave før visning. Bestill komplett, utskriftsvennlig salgsoppgave. Visningspåmelding Gi bud Nyttige lenker NIBIO gårdskart Gi bud Bestill salgsoppgave Eiendommens hjemmeside Nærområdet Kart Heglemsvegen 42, 7863 Overhalla Annonseinformasjon FINN-kode 474854227 Sist endret 17. sep. 2026 06:02 Referanse 332260041 Rapporter annonse Annonsene kan være mangelfulle i forhold til lovpålagt opplysningsplikt. Før bindende avtale inngås oppfordres interessenter til å innhente komplett informasjon fra meglerforetaket, selger eller utleier.",2026-09-21T09:40:14+00:00
473643110,https://www.finn.no/realestate/homes/ad.html?finnkode=473643110,Idyllisk gårdseiendom like ved Veressjøen. 596 daa totalt. 8 hyttetomter. Jakt- og fiske. Setervoll i nasjonalparken.,"Veresvegen 1448 A og B, 7660 Vuku",7660,Vuku,4 290 000 kr,4 398 640 kr,108 640 kr,,291 031 kr,Gårdsbruk/Småbruk,Selveier,,320 m² (BRA-i),695 m²,,8,,1930,,595 991 m² (eiet),595991,596.0,Rom,5038,196,2,5,"Velkommen til Væren Nordre (Vestre) - en fantastisk beliggende gårdseiendom like ved Veressjøen, omgitt av storslått natur og med rike muligheter for jakt, fiske og friluftsliv året rundt. Eiendommen er på ca. 596 daa, hvorav ca. 18 daa dyrket mark, ca. 385 daa skog, ca. 10,9 daa tun/vei/annet og ca. 182 daa annet markslag. I tillegg følger 8 fradelte og regulerte hyttetomter på ca. 600 til 800m², med opparbeidet veg. Bebyggelsen på eiendommen består av våningshus (vertikaldelt tomannsbolig), masstu, uthus/garasje og lager/driftsbygning, samt bruksrett til Bringsvollen i nasjonalparken, med to seterbygninger. Bebyggelsen selges som den står, med et omfattende rehabiliterings- og/eller saneringsbehov. Velkommen til visning, husk påmelding! Minus Vis mindre NB: Knappen for å vise hele beskrivelsen har kun en visuell effekt. Pluss tegn Vis hele beskrivelsen NB: Knappen for å vise hele beskrivelsen har kun en visuell effekt. Salgsoppgaven beskriver vesentlig og lovpålagt informasjon om eiendommen Se komplett salgsoppgave Visning Ved annonsert visning er det viktig at du melder deg på visningen ved å bruke visningspåmeldingsknappen eller kontakter megler. Annonserte visninger hvor det ikke er noen påmeldte innen kl. 16.00 dagen før visningsdagen vil ikke bli avholdt. For visninger utover dette, ta direkte kontakt med megler. Husk å lese komplett salgsoppgave før visning. Bestill komplett, utskriftsvennlig salgsoppgave. Visningspåmelding Gi bud Nærområdet Kart Veresvegen 1448 A og B, 7660 Vuku Annonseinformasjon FINN-kode 473643110 Sist endret 07. sep. 2026 10:27 Referanse 1709260061 Rapporter annonse Annonsene kan være mangelfulle i forhold til lovpålagt opplysningsplikt. Før bindende avtale inngås oppfordres interessenter til å innhente komplett informasjon fra meglerforetaket, selger eller utleier.",2026-09-21T09:40:15+00:00
466733108,https://www.finn.no/realestate/homes/ad.html?finnkode=466733108,"Småbruk | Idyllisk beliggenhet | Våningshus, driftsbygning, seterhus og naust, selve naustet fjernet i 2025 | Jakt","Rovdestranda 47, 6141 Rovde",6141,Rovde,2 190 000 kr,2 263 740 kr,73 740 kr,,189 044 kr,Gårdsbruk/Småbruk,Selveier,,100 m² (BRA-i),143 m²,,3,,1920,3,192 864 m² (eiet),192864,192.9,,,,,7,"Velkommen til Rovedstranda 47! Småbruk beliggende på Rovde i Vanylven. Søker du et småbruk med en fin beliggenhet med nærhet til sjø og fjell, et rolig område og med jaktrett? Da bør du sjekke det her flott bruket med en koselig og innbydende bolig, en godt vedlikeholdt driftsbygning, et litet seterhus beliggende for seg selv og nausttomt. Høres det ut som noe for deg? Ta da kontakt med megler i dag! Et småbruk der din småbruksdrøm kan bli sann i idylliskt område med naturen tett innpå. Boligen går over tre etasjer og inneholder blandt annet tre soverom, baderom og sauna på ca. 3,2 kvm, vaskerom, åpen stue/kjøkken løsning. Du får også en romslig altan med gode solforhold. Driftsbygningen går over tre etasjer. Boligen har virtuell visning. Velkommen til en hyggelig visning! Minus Vis mindre NB: Knappen for å vise hele beskrivelsen har kun en visuell effekt. Pluss tegn Vis hele beskrivelsen NB: Knappen for å vise hele beskrivelsen har kun en visuell effekt. Salgsoppgaven beskriver vesentlig og lovpålagt informasjon om eiendommen Se komplett salgsoppgave Nyttige lenker Bestill komplett, utskriftsvennlig salgsoppgave Se komplett salgsoppgave Virtuell visning Visning Vi i Notar ønsker å avholde så gode visninger som mulig. Derfor har vi påmeldingsvisninger. Da vet vi hvor mange som kommer, og kan sette av nok tid til alle. Trykk på linken  visningspåmelding  for å avtale tidspunkt. Visninger uten påmeldte innen kl. 16:00 dagen i forkant, vil ikke bli avholdt. Hvis det ikke er oppsatt visningstidspunkt eller oppsatt tidspunktet ikke skulle passe, kontakt megler for avtale om privatvisning. Velkommen til visning. Visningspåmelding Gi bud Nyttige lenker Bestill komplett, utskriftsvennlig salgsoppgave Se komplett salgsoppgave Virtuell visning Nærområdet Kart Rovdestranda 47, 6141 Rovde Annonseinformasjon FINN-kode 466733108 Sist endret 04. sep. 2026 10:41 Referanse NO3.2690 Rapporter annonse Annonsene kan være mangelfulle i forhold til lovpålagt opplysningsplikt. Før bindende avtale inngås oppfordres interessenter til å innhente komplett informasjon fra meglerforetaket, selger eller utleier.",2026-09-21T09:40:16+00:00
421499946,https://www.finn.no/realestate/homes/ad.html?finnkode=421499946,Unik mulighet på Helgeland: Innholdsrik fjellgård  på hele 1963 dekar med jakt-. fiske og næringsmuligheter.,"HATTFJELLDALSVEIEN 959, 8694 Hattfjelldal",8694,Hattfjelldal,4 600 000 kr,4 611 500 kr,11 500 kr,0 kr,365 313 kr,Gårdsbruk/Småbruk,Selveier,,,150 m²,,6,,2020,2,,,,B - Lysegrønn,1826,84,3,1,Dette er et av de mest konkrete objektene som er tilgjengelige for en kjøper som ønsker en kombinasjon av næringsdrift og store utmarksarealer helt inntil nasjonalparkens randsoner i nord. Du finner mer informasjon om nåværende drift på deres offisielle nettside Gryteselv Fjellgård .,2026-09-21T09:40:18+00:00
474542996,https://www.finn.no/realestate/homes/ad.html?finnkode=474542996,"Tidligere småbruk med enebolig, låve, naust og garasje. 177 dekar tomt. Landlig og idyllisk i Gildeskål kommune.","Grimstadveien 19, 8145 Storvik",8145,Storvik,1 990 000 kr,2 045 840 kr,55 840 kr,,455 981 kr,Gårdsbruk/Småbruk,Selveier,,157 m² (BRA-i),286 m²,,4,,1920,,177 193 m² (eiet),177193,177.2,G - Rød,1838,1,13,5,"Velkommen til Grimstadveien 19! Tidligere småbruk på drøyt 177 dekar med landlig og idyllisk beliggenhet på Grimstad, Gildeskål kommune. Eiendommen består av enebolig/våningshus, stor låve, eldre sommerfjøs, naust ved havet - og praktisk garasje. Eiendommen har et betydelig oppgraderingsbehov. Eneboligen er fra ca. 1920, med tradisjonell planløsning for byggeåret. Her er øverste etasje innredet med fire soverom, mens hovedplanet består av entré, lys og romslig stue, kjøkken, bad, vaskerom og WC-rom. Tilliggende våningshuset finnes en stor låve fordelt over to plan, samt en praktisk dobbelgarasje som i dag er benyttet som ekstra lagringsplass. I tillegg finnes en eldre sommerfjøs - og et praktisk naust med bilvei frem, drøyt 350m i luftlinje fra hovedhuset. Eiendommen er underlagt driveplikt i henhold til jordlova. Velkommen til visning! Minus Vis mindre NB: Knappen for å vise hele beskrivelsen har kun en visuell effekt. Pluss tegn Vis hele beskrivelsen NB: Knappen for å vise hele beskrivelsen har kun en visuell effekt. Salgsoppgaven beskriver vesentlig og lovpålagt informasjon om eiendommen Se komplett salgsoppgave Nyttige lenker Eiendommens hjemmeside Bestill salgsoppgave Visning Ta kontakt for å avtale visning. Husk å lese komplett salgsoppgave før visning. Bestill komplett, utskriftsvennlig salgsoppgave. Visningspåmelding Gi bud Nyttige lenker Eiendommens hjemmeside Bestill salgsoppgave Nærområdet Kart Grimstadveien 19, 8145 Storvik Annonseinformasjon FINN-kode 474542996 Sist endret 04. sep. 2026 06:01 Referanse 2260226 Rapporter annonse Annonsene kan være mangelfulle i forhold til lovpålagt opplysningsplikt. Før bindende avtale inngås oppfordres interessenter til å innhente komplett informasjon fra meglerforetaket, selger eller utleier.",2026-09-21T09:40:19+00:00
424440806,https://www.finn.no/realestate/homes/ad.html?finnkode=424440806,Volda /​ Bjørke - Gårdsbruk med geitemelkproduksjon - 577 dekar + ideel andel i jordsameie - Melkekvote,"Leira 101, 6190 Bjørke",6190,Bjørke,4 650 000 kr,4 780 240 kr,130 240 kr,,,Gårdsbruk/Småbruk,Selveier,,338 m² (BRA-i),338 m²,,,,1948,,,,,,1577,233,2,3,"Velkommen til Nilsgarden som ligger vakkert til innerst i Hjørundfjorden ved Bjørke i Volda kommune. Gården ligger flott til på en høyde med fin utsikt utover Hjørundfjorden og fjellene rundt. Eiendommen er på ca 577 dekar + ideel andel i jordsameie. Melkekvote på geitemelk (82.255 liter). Gårdstunet består av et innholdsrikt våningshus, driftsbygning for geitemelkproduksjon, stabbur med garasje og kjeller med ysteri og vedlager, stålhall nyttet til husdyrproduksjon, redskapshus, naust ved Hjørundfjorden og sæterhus i Bakkedal. Minus Vis mindre NB: Knappen for å vise hele beskrivelsen har kun en visuell effekt. Pluss tegn Vis hele beskrivelsen NB: Knappen for å vise hele beskrivelsen har kun en visuell effekt. Salgsoppgaven beskriver vesentlig og lovpålagt informasjon om eiendommen Se komplett salgsoppgave Nyttige lenker Eiendommens hjemmeside NIBIO Gårdskart Visning Ta kontakt for å avtale visning. Husk å lese komplett salgsoppgave før visning. Bestill komplett, utskriftsvennlig salgsoppgave. Visningspåmelding Gi bud Nyttige lenker Eiendommens hjemmeside NIBIO Gårdskart Nærområdet Kart Leira 101, 6190 Bjørke Annonseinformasjon FINN-kode 424440806 Sist endret 30. aug. 2026 04:06 Referanse 39250051 Rapporter annonse Annonsene kan være mangelfulle i forhold til lovpålagt opplysningsplikt. Før bindende avtale inngås oppfordres interessenter til å innhente komplett informasjon fra meglerforetaket, selger eller utleier.",2026-09-21T09:40:20+00:00
473718444,https://www.finn.no/realestate/homes/ad.html?finnkode=473718444,Gårdsbruk i Vingelen med flott beliggenhet. 347 daa fulldyrket jord. Seter og jaktrettigheter,"Nordate 130, 2542 Vingelen",2542,Vingelen,5 950 000 kr,6 104 840 kr,154 840 kr,,473 610 kr,Gårdsbruk/Småbruk,Selveier,,220 m² (BRA-i),260 m²,,5,,1920,,2 571 925 m² (eiet),2571925,2571.9,,3426,10,30,5,"Velkommen til Tollefshagen! Veletablert landbrukseiendom i Vingelen med et samlet areal på ca. 2 572 daa, bestående av bl.a. 347 daa fulldyrket jord, 80 daa innmarksbeite og 297 daa produktiv skog. Eiendommen har inntil nå vært drevet med aktiv melkeproduksjon. Pent gårdstun med fin og usjenert beliggenhet sentralt i bygda. Setereiendom 8 km fra gården i flott landskap. Jordveien er oppgradert senere år. Redskapshus med verksted oppført i 2018. Driftsbygdning med fjøs fra 1960, ombygd 1990 og tilbygd ungdyrfjøs 2010. Stort og trivelig bolighus i laft som senere er tilbygd og oppgradert. Jaktrettigheter i Forollhogna med reinsjakt 8 av 10 år. I tillegg rypejakt m.m. Konsesjonsbelagt eiendom med bo- og driveplikt. Det er ikke odel på eiendommen. Minus Vis mindre NB: Knappen for å vise hele beskrivelsen har kun en visuell effekt. Pluss tegn Vis hele beskrivelsen NB: Knappen for å vise hele beskrivelsen har kun en visuell effekt. Salgsoppgaven beskriver vesentlig og lovpålagt informasjon om eiendommen Se komplett salgsoppgave Nyttige lenker Bestill salgsoppgave Visning Ønsker du å delta på visningen ber vi deg melde deg på slik at vi vet at du kommer. Visningen avholdes bare dersom det er påmeldte. Ta gjerne kontakt med megler før visning hvis du har noen spørsmål. Velkommen! Husk å lese komplett salgsoppgave før visning. Bestill komplett, utskriftsvennlig salgsoppgave. Visningspåmelding Gi bud Nyttige lenker Bestill salgsoppgave Nærområdet Kart Nordate 130, 2542 Vingelen Annonseinformasjon FINN-kode 473718444 Sist endret 27. aug. 2026 11:19 Referanse 6024260104 Rapporter annonse Annonsene kan være mangelfulle i forhold til lovpålagt opplysningsplikt. Før bindende avtale inngås oppfordres interessenter til å innhente komplett informasjon fra meglerforetaket, selger eller utleier.",2026-09-21T09:40:21+00:00
474089661,https://www.finn.no/realestate/homes/ad.html?finnkode=474089661,"Småbruk med innholdsrikt tun, jord, skog og flere driftsbygninger | Oppgradert våningshus og stor låve | Garasje/​verkste","Tinghusvegen 45, 2270 Flisa",2270,Flisa,5 500 000 kr,5 638 590 kr,138 590 kr,,644 169 kr,Gårdsbruk/Småbruk,Selveier,,164 m² (BRA-i),667 m²,,3,,1912,,80 500 m² (eiet),80500,80.5,Rom,3418,110,29,5,"Velkommen til Tinghusvegen 45! Et innholdsrikt småbruk med et sjarmerende våningshus, stor låve og flere praktiske uthus. Eiendommen ligger landlig til i et åpent landskap i Åsnes, med kort vei til Flisa sentrum. Her får du god plass og store driftsbygninger som gir rom for dyrehold eller en plasskrevende hobby. Våningshuset er betydelig oppgradert med bl.a. etterisolering, nytt tak og kjøkken, samt et tilbygg med bad og vaskerom fra 2016. Velkommen til visning! Minus Vis mindre NB: Knappen for å vise hele beskrivelsen har kun en visuell effekt. Pluss tegn Vis hele beskrivelsen NB: Knappen for å vise hele beskrivelsen har kun en visuell effekt. Salgsoppgaven beskriver vesentlig og lovpålagt informasjon om eiendommen Se komplett salgsoppgave Nyttige lenker Bestill salgsoppgave horizontal Visning Ønsker du å delta på visningen ber vi deg melde deg på slik at vi vet at du kommer. Da kan vi bistå alle best mulig og gi deg tiden du trenger på visningen. Ta gjerne kontakt med megler før visning hvis du har noen spørsmål. Velkommen! Husk å lese komplett salgsoppgave før visning. Bestill komplett, utskriftsvennlig salgsoppgave. Visningspåmelding Gi bud Nyttige lenker Bestill salgsoppgave horizontal Nærområdet Kart Tinghusvegen 45, 2270 Flisa Annonseinformasjon FINN-kode 474089661 Sist endret 07. sep. 2026 15:34 Referanse 6039260070 Rapporter annonse Annonsene kan være mangelfulle i forhold til lovpålagt opplysningsplikt. Før bindende avtale inngås oppfordres interessenter til å innhente komplett informasjon fra meglerforetaket, selger eller utleier.",2026-09-21T09:40:23+00:00
474573639,https://www.finn.no/realestate/homes/ad.html?finnkode=474573639,Landbrukseiendom med flott beliggenhet på Indre Mittet,"Indre Mittet 12, 6363 Mittet",6363,Mittet,2 490  000 kr,2 553 340 kr,63 340 kr,,132 783 kr,Gårdsbruk/Småbruk,Selveier,,226 m² (BRA-i),226 m²,,6,,1860,,588 800 m² (eiet),588800,588.8,Rom,1539,147,3,5,"Landbrukseiendom med naturskjønn og landlig beliggenhet på Indre Mittet i Rauma kommune. Eiendommen ligger i et rolig område og byr på gode muligheter for både landbruksdrift, dyrehold og et aktivt liv på bygda. Eiendommen omfatter et våningshus, driftsbygning, stabbur samt sommerfjøs. Bebyggelsen danner et tradisjonelt og funksjonelt gårdstun med gode bruks- og lagringsmuligheter. Våningshuset har en innholdsrik planløsning over to etasjer. Første etasje inneholder vindfang, gang, to stuer, kjøkken, soverom, bad og kammers/bod. Andre etasje består av to ganger, mellomgang og fem soverom. Eiendommen har et samlet areal på om lag 588,5 dekar og fremstår som en attraktiv landbrukseiendom med betydelige utmarks- og arealressurser. Her får man en sjelden mulighet til å overta en tradisjonell gårdseiendom i naturskjønne omgivelser, med nærhet til fjord, fjell og flotte friluftsområder. Minus Vis mindre NB: Knappen for å vise hele beskrivelsen har kun en visuell effekt. Pluss tegn Vis hele beskrivelsen NB: Knappen for å vise hele beskrivelsen har kun en visuell effekt. Salgsoppgaven beskriver vesentlig og lovpålagt informasjon om eiendommen Se komplett salgsoppgave Nyttige lenker Eiendommens hjemmeside Bestill salgsoppgave Visning Ta kontakt for å avtale visning. Husk å lese komplett salgsoppgave før visning. Bestill komplett, utskriftsvennlig salgsoppgave. Visningspåmelding Gi bud Nyttige lenker Eiendommens hjemmeside Bestill salgsoppgave Nærområdet Kart Indre Mittet 12, 6363 Mittet Annonseinformasjon FINN-kode 474573639 Sist endret 10. sep. 2026 06:01 Referanse 13260181 Rapporter annonse Annonsene kan være mangelfulle i forhold til lovpålagt opplysningsplikt. Før bindende avtale inngås oppfordres interessenter til å innhente komplett informasjon fra meglerforetaket, selger eller utleier.",2026-09-21T09:40:24+00:00
473278334,https://www.finn.no/realestate/homes/ad.html?finnkode=473278334,Småbruk til salgs. En sjelden fjordeiendom i hjertet av Malangen,"Malangsveien 2571, 9056 Mortenhals",9056,Mortenhals,5 356 000 kr,5 490 990 kr,134 990 kr,0 kr,562 583 kr,Gårdsbruk/Småbruk,Selveier,,,186 m²,,3,,1959,3,,,,Renovert år,5532,82,2,1,"Velkommen til Maurset – et allsidig og velholdt småbruk med attraktiv beliggenhet på Mortenhals i Malangen. Eiendommen ligger i naturskjønne og rolige omgivelser, med nærhet til sjø, fjell og flotte friluftsområder.. Sommerstid byr området på lyse netter, grønne enger og rikt friluftsliv. Vinteren gir magiske nordlys opplevelser og snødekte fjell Eiendommen passer like godt for aktive gårdbrukere som for familier som søker mer plass, frihet og nærhet til naturen.",2026-09-21T09:40:25+00:00
474540774,https://www.finn.no/realestate/homes/ad.html?finnkode=474540774,Landlig småbruk 76 daa | Innholdsrik eiendom med sjøutsikt | Fin natur med turmuligheter,"Hindbergvegen 61, 7690 Mosvik",7690,Mosvik,1 790 000 kr,1 835 840 kr,45 840 kr,,,Gårdsbruk/Småbruk,Selveier,,283 m² (BRA-i),597 m²,,9,,1966,,76 496 m² (eiet),76496,76.5,,5053,355,4,5,"Velkommen til Hindbergvegen 61, presentert av EiendomsMegler 1 v/John Sivert Brandt! Landlig småbruk med navnet Elverum i Framverran. Eiendommen ligger fritt og usjenert til med god avstand til annen bebyggelse, gode solforhold og utsikt mot både sjø, skog og landbruksarealer. Av flere kvaliteter kan vi spesielt nevne: Ca. 76 mål eiendom med jordbruksarealer, innmarksbeite og produktiv skog Enebolig med BRA på 283 m² fordelt over tre plan Kårhus med BRA 45 m² i tillegg til hovedboligen Uthus på 190 m², sagbruk/bod på 42 m² og garasje på 37 m² Privat grunnboret brønn og septikanlegg Husk påmelding til visning! Velkommen! Minus Vis mindre NB: Knappen for å vise hele beskrivelsen har kun en visuell effekt. Pluss tegn Vis hele beskrivelsen NB: Knappen for å vise hele beskrivelsen har kun en visuell effekt. Salgsoppgaven beskriver vesentlig og lovpålagt informasjon om eiendommen Se komplett salgsoppgave Nyttige lenker Eiendommens hjemmeside Bestill salgsoppgave Visning Ta kontakt for å avtale visning. Husk å lese komplett salgsoppgave før visning. Bestill komplett, utskriftsvennlig salgsoppgave. Visningspåmelding Gi bud Nyttige lenker Eiendommens hjemmeside Bestill salgsoppgave Nærområdet Kart Hindbergvegen 61, 7690 Mosvik Annonseinformasjon FINN-kode 474540774 Sist endret 17. sep. 2026 13:16 Referanse 52260207 Rapporter annonse Annonsene kan være mangelfulle i forhold til lovpålagt opplysningsplikt. Før bindende avtale inngås oppfordres interessenter til å innhente komplett informasjon fra meglerforetaket, selger eller utleier.",2026-09-21T09:40:26+00:00
474071722,https://www.finn.no/realestate/homes/ad.html?finnkode=474071722,Sjarmerende småbruk med renoveringsbehov | Nesten 5 mål tomt | Nydelig utsikt | Gode solforhold | Mye bygningsmasse,"Møkkelgardsvegen 190, 6658 Rindalsskogen",6658,Rindalsskogen,650 000 kr,667 340 kr,17 340 kr,,309 016 kr,Gårdsbruk/Småbruk,Selveier,,167 m² (BRA-i),626 m²,,5,,1861,,4 882 m² (eiet),4882,4.9,,5061,51,54,5,"BRA-i: 2. etasje: 81  kvm 2 ganger, 5 soverom, bad. 1. etasje: 86  kvm Vindfang, gang, 2 stuer, kjøkken, bad, toalett. TBA: 1. etasje: 8  kvm Garasje 1 BRA-e: 1. etasje: 58  kvm Garasje 2 BRA-e: 1. etasje: 42  kvm Låve BRA-e: 1. etasje: 359  kvm",2026-09-21T09:40:28+00:00
462743913,https://www.finn.no/realestate/homes/ad.html?finnkode=462743913,"Spektakulær eiendom med bolig oppført i 2020 - Låve med festlokale, naust ved sjøen - 1354 mål tomt -  Privat strand","Strandågården 55, 8093 Kjerringøy",8093,Kjerringøy,15 300 000 kr,15 683 590 kr,383 590 kr,,41 292 kr,Gårdsbruk/Småbruk,Selveier,,251 m² (BRA-i),414 m²,,5,,2020,2,1 354 728 m² (eiet),1354728,1354.7,B - Mørkegrønn,1804,120,5,5,"Velkommen til Strandågården 55! Nyere bolig oppført i 2020 med høy standard. Beliggenhet rett under Strandåtinden. Dette er et sted hvor man virkelig kan kjenne på roen og nyte omgivelsene. Hovedhuset byr på en innbydende atmosfære med gjennomtenkte materialvalg og en planløsning som fungerer utmerket i hverdagen. Her finner man blant annet stue i åpen løsning mot kjøkken, samt tre soverom som gir plass til hele familien. I tillegg til hovedhuset finnes det et gjestehus og en låve på eiendommen, noe som gir utallige muligheter for den rette kjøperen. Eiendommen er fordelt over 7 parseller i tillegg til at eiendommen er med i jordsameie med jakt- og fiskerett. Den ene parsellen ligger ved havet med egen privat strand. En ekstremt sjelden anledning på Kjerringøy! Minus Vis mindre NB: Knappen for å vise hele beskrivelsen har kun en visuell effekt. Pluss tegn Vis hele beskrivelsen NB: Knappen for å vise hele beskrivelsen har kun en visuell effekt. Salgsoppgaven beskriver vesentlig og lovpålagt informasjon om eiendommen Se komplett salgsoppgave Nyttige lenker Gi bud Bestill salgsoppgave Eiendommens hjemmeside Visning Det vil kun gjennomføres private visninger. Ta kontakt med megler. Husk å lese komplett salgsoppgave før visning. Bestill komplett, utskriftsvennlig salgsoppgave. Visningspåmelding Gi bud Nyttige lenker Gi bud Bestill salgsoppgave Eiendommens hjemmeside Nærområdet Kart Strandågården 55, 8093 Kjerringøy Annonseinformasjon FINN-kode 462743913 Sist endret 02. sep. 2026 06:02 Referanse 85260062 Rapporter annonse Annonsene kan være mangelfulle i forhold til lovpålagt opplysningsplikt. Før bindende avtale inngås oppfordres interessenter til å innhente komplett informasjon fra meglerforetaket, selger eller utleier.",2026-09-21T09:40:29+00:00
468032870,https://www.finn.no/realestate/homes/ad.html?finnkode=468032870,"Småbruk sentralt på Tyristrand med utsikt mot Tyrifjorden | Låve, dobbelgarasje m/​ loft og garasjebygning | Bør oppleves","Kindsåsveien 71, 3533 Tyristrand",3533,Tyristrand,6 000 000 kr,6 151 350 kr,151 350 kr,,728 498 kr,Gårdsbruk/Småbruk,Selveier,,147 m² (BRA-i),516 m²,,3,,1859,2,35 000 m² (eiet),35000,35.0,Rom,3305,255,10,5,"Har du drømt om å etablere deg på et småbruk, samtidig som det er kort vei for barna til barnehage, skole og fritidsaktiviteter? Denne eiendommen byr på en sjelden kombinasjon av landlig idyll og en praktisk hverdag, med det meste familien trenger innen rekkevidde. Den tradisjonelle låvebrua tilfører småbruket både sjarm og særpreg, og understreker den autentiske gårdsfølelsen som gjør eiendommen helt spesiell. Våningshus fra 1859 med røtter i laftekonstruksjon ble gjennomgående oppgradert i 2004 med nytt tak, ny kledning, nye vinduer og dører, og et nytt inngangsparti med bad, gang og vaskerom. Dobbelgarasje fra 2003 m/loft. Stor låve med mye lagringsplass. Flere uteplasser, inkludert innglasset utestue. Velholdt og sjarmerende. Velkommen på visning! Minus Vis mindre NB: Knappen for å vise hele beskrivelsen har kun en visuell effekt. Pluss tegn Vis hele beskrivelsen NB: Knappen for å vise hele beskrivelsen har kun en visuell effekt. Salgsoppgaven beskriver vesentlig og lovpålagt informasjon om eiendommen Se komplett salgsoppgave Nyttige lenker Bestill salgsoppgave Visning EiendomsMegler 1 Ringerike sine visninger har påmelding. Påmelding gjøres enkelt ved å benytte knappen i finnannonsen. Ta kontakt med megler dersom oppsatt tidspunkt ikke passer. Det vil ikke bli avholdt visning uten påmelding, frist for påmelding er senest kl. 12.00 på visningsdagen. Husk å laste ned salgsoppgaven digitalt før visning. Velkommen til en hyggelig visning! For visninger utover de annonserte, ta kontakt med megler på telefon 971 59 590. Husk å lese komplett salgsoppgave før visning. Bestill komplett, utskriftsvennlig salgsoppgave. Visningspåmelding Gi bud Nyttige lenker Bestill salgsoppgave Nærområdet Kart Kindsåsveien 71, 3533 Tyristrand Annonseinformasjon FINN-kode 468032870 Sist endret 27. aug. 2026 13:58 Referanse 1210260178 Rapporter annonse Annonsene kan være mangelfulle i forhold til lovpålagt opplysningsplikt. Før bindende avtale inngås oppfordres interessenter til å innhente komplett informasjon fra meglerforetaket, selger eller utleier.",2026-09-21T09:40:30+00:00
474446344,https://www.finn.no/realestate/homes/ad.html?finnkode=474446344,"Sjarmerende småbruk med utsikt over Steinsfjorden |Våningshus, to fritidsboliger, låve og uthus |Ca. 25 min fra Sandvika","Lyseveien 76, 3531 Krokkleiva",3531,Krokkleiva,12 950 000 kr,13 274 840 kr,324 840 kr,,1 564 984 kr,Gårdsbruk/Småbruk,Selveier,,219 m² (BRA-i),566 m²,,3,,2002,3,23 823 m² (eiet),23823,23.8,Rom,3310,230,6,5,"Høyt og usjenert beliggende i åssiden over Sundvollen finner du dette innholdsrike småbruket med fantastisk utsikt over både Steinsfjorden og Tyrifjorden. Her kan du nyte rolige omgivelser, vakker natur og en landlig livsstil, samtidig som servicetilbud er innen kort kjøreavstand. Eiendommen strekker seg over ca. 23,9 dekar og byr på et trivelig tun med et romslig våningshus fra 2002, to sjarmerende fritidsboliger, stor låve med verksted og garasjeplass, samt flere stabbur og uthus. Den store terrassen rundt våningshuset gir rikelig med plass til møblering og sosiale sammenkomster, samtidig som den flotte utsikten kan nytes til fulle. Dette er en eiendom med sjelden beliggenhet, ca. 25 min fra Sandvika, med stor boltreplass og mange bruksmuligheter. Velkommen til visning! Minus Vis mindre NB: Knappen for å vise hele beskrivelsen har kun en visuell effekt. Pluss tegn Vis hele beskrivelsen NB: Knappen for å vise hele beskrivelsen har kun en visuell effekt. Salgsoppgaven beskriver vesentlig og lovpålagt informasjon om eiendommen Se komplett salgsoppgave Nyttige lenker Meld interesse Se komplett salgsoppgave Gi bud Visning Velkommen til visning! Meld deg på ved å trykke ""visningspåmelding"" i våre boligannonser. Ta gjerne kontakt med megler i forkant av visningen om du har spørsmål. Visningspåmelding Gi bud Nyttige lenker Meld interesse Se komplett salgsoppgave Gi bud Nærområdet Kart Lyseveien 76, 3531 Krokkleiva Annonseinformasjon FINN-kode 474446344 Sist endret 09. sep. 2026 15:42 Referanse 510260113 Rapporter annonse Annonsene kan være mangelfulle i forhold til lovpålagt opplysningsplikt. Før bindende avtale inngås oppfordres interessenter til å innhente komplett informasjon fra meglerforetaket, selger eller utleier.",2026-09-21T09:40:32+00:00
474078575,https://www.finn.no/realestate/homes/ad.html?finnkode=474078575,Småbruk med stort potensial | Tomt på 281 dekar| Usjenert plassering i Ytredalen | Flott utsikt |,"Vadheimsvegen 2967, 6973 Sande i Sunnfjord",6973,Sande i Sunnfjord,1 990 000 kr,2 054 800 kr,64 800 kr,,281 250 kr,Gårdsbruk/Småbruk,Selveier,,136 m² (BRA-i),165 m²,,2,,1981,,281 186 m² (eiet),281186,281.2,Rom,4647,152,3,5,"Velkommen til Vadheimsvegen 2967 - Eit lite småbruk i landlege omgivelser Eigedomen ligg fint til i Ytredalen og strekkjer seg over heile 281 dekar fordelt på fleire teigar i dalføret. På tunet finn du eit hovudhus frå 1981, som er bygd over to etasjar og er innreda med bla. to stover, 2 bad, garasje. Huset har eit generelt behov for oppgradering, og gir dermed ein god sjanse til å forme staden slik du sjølv vil. Verdt å merke seg: Stor eigartomt på over 281 dekar. Flott utsikt nedover dalføret Integrert garasje i huset. Terrasse med utgang frå stova. Fiskerett i Drægebøvatnet og Lona Eigedomen er konsesjonspliktig og kommunen har opplyst at det vil pålegges buplikt ved kjøp. Velkommen til visning - hugs påmelding til meklar! Minus Vis mindre NB: Knappen for å vise hele beskrivelsen har kun en visuell effekt. Pluss tegn Vis hele beskrivelsen NB: Knappen for å vise hele beskrivelsen har kun en visuell effekt. Salgsoppgaven beskriver vesentlig og lovpålagt informasjon om eiendommen Se komplett salgsoppgave Nyttige lenker Bestill salgsoppgave Gi bud Visning torsdag, 24. september 17:15 – 18:15 Legg til i kalender Husk å lese komplett salgsoppgave før visning. Bestill komplett, utskriftsvennlig salgsoppgave. Visningspåmelding Gi bud Nyttige lenker Bestill salgsoppgave Gi bud Nærområdet Kart Vadheimsvegen 2967, 6973 Sande i Sunnfjord Annonseinformasjon FINN-kode 474078575 Sist endret 09. sep. 2026 14:32 Referanse 2000260126 Rapporter annonse Annonsene kan være mangelfulle i forhold til lovpålagt opplysningsplikt. Før bindende avtale inngås oppfordres interessenter til å innhente komplett informasjon fra meglerforetaket, selger eller utleier.",2026-09-21T09:40:34+00:00
474457072,https://www.finn.no/realestate/homes/ad.html?finnkode=474457072,"Drømmer du om småbruk? Dette fine bruket m/​ to hus, garasjer og uthus på 27 daa tomt ca. 6 km sør for Flisa kan bli ditt","Kvesetmoen 54 og 56, 2266 Arneberg",2266,Arneberg,3 200 000 kr,3 281 390 kr,81 390 kr,,386 930 kr,Gårdsbruk/Småbruk,Selveier,,361 m² (BRA-i),580 m²,,7,,1960,2,27 000 m² (eiet),27000,27.0,,3418,203,26,7,"Velkommen til Kvesetmoen 54 og 56, et småbruk med landlig beliggenhet blant åker og eng på Arneberg ca. 6 km sør for sentrum av Flisa. Bruket har 23,3 daa er fulldyrka mark hvor det i dag dyrkes korn. Tunet består av to hus, to garasjer og ett uthus. De to husene rommer bl.a. til sammen syv soverom, tre bad, flere stuer og to kjøkken. Med andre ord en innholdsrik eiendom med rikelig av muligheter for både to- og firbeinte som å bo i det ene og leie ut det andre, eller kanskje ser du etter en eiendom med plass til både de yngre og eldre i familien? Merk deg dette: - Syv soverom og tre bad - Uthus med korntørke og traktorgarasje - To garasjer - Fint for både to- og firbeinte - Landlig og usjenert beliggenhet Minus Vis mindre NB: Knappen for å vise hele beskrivelsen har kun en visuell effekt. Pluss tegn Vis hele beskrivelsen NB: Knappen for å vise hele beskrivelsen har kun en visuell effekt. Salgsoppgaven beskriver vesentlig og lovpålagt informasjon om eiendommen Se komplett salgsoppgave Visning lørdag, 26. september 13:00 – 13:30 Legg til i kalender Ved annonsert visning er det viktig at du melder deg på visningen ved å bruke visningspåmeldingsknappen eller kontakter megler. Annonserte visninger hvor det ikke er noen påmeldte innen kl. 16.00 dagen før visningsdagen vil ikke bli avholdt. For visninger utover dette, ta direkte kontakt med megler. Husk å lese komplett salgsoppgave før visning. Bestill komplett, utskriftsvennlig salgsoppgave. Visningspåmelding Gi bud Nærområdet Kart Kvesetmoen 54 og 56, 2266 Arneberg Annonseinformasjon FINN-kode 474457072 Sist endret 18. sep. 2026 09:07 Referanse 1212260086 Rapporter annonse Annonsene kan være mangelfulle i forhold til lovpålagt opplysningsplikt. Før bindende avtale inngås oppfordres interessenter til å innhente komplett informasjon fra meglerforetaket, selger eller utleier.",2026-09-21T09:40:35+00:00
473868683,https://www.finn.no/realestate/homes/ad.html?finnkode=473868683,"Idyllisk småbruk - Ca 129 da - Stor, velholdt enebolig - Garasje fra 2017 - Driftsbygninger - Flotte, solrike uteområder","Øklandsvegen 807, 5551 Auklandshamn",5551,Auklandshamn,4 790 000 kr,4 925 500 kr,135 500 kr,,,Gårdsbruk/Småbruk,Selveier,,174 m² (BRA-i),216 m²,,4,,1952,,129 087 m² (eiet),129087,129.1,,4612,35,10,5,"Velkommen til Øklandsvegen 807 - Et solrikt småbruk med stor, velholdt enebolig, garasje, løe og saue/hønsehus. Totalt ca 129 da eiendom: -Ca 114 da prod. skog -Ca 8 da overfl.dyrka jord -Ca 0,9 da innmarksbeite Småbruket ligger i naturskjønne omgivelser med nærhet til sjøen, samtidig som det er kort vei til butikk, skole og bhg. Boligen ble betydelig oppgradert i 2010-2014. 1. etg: Luftig, åpen stue-/kjøkkenløsning m/peisovn, pent, flislagt bad, gang m/trapp og entré. 2. etg: 4 gode soverom. Altan. Kjeller med vaskerom og 3 kjellerrom. God parkering i romslig garasje (2017) og asfaltert gårdsplass. Flotte, solrike uteområder og hage! Høydepunkter: -Småbruk med oppgradert enebolig over 3 et -Ca 129 da -Garasje og driftsbygninger -Kan vurderes solgt med kun enebolig (uten bnr. 19 og 26) Minus Vis mindre NB: Knappen for å vise hele beskrivelsen har kun en visuell effekt. Pluss tegn Vis hele beskrivelsen NB: Knappen for å vise hele beskrivelsen har kun en visuell effekt. Salgsoppgaven beskriver vesentlig og lovpålagt informasjon om eiendommen Se komplett salgsoppgave Nyttige lenker Se komplett salgsoppgave Bestill komplett salgsoppgave Gi bud Visning Trykk på ""Visningspåmelding""-knappen for enkelt å melde deg på. Vi gjør oppmerksom på at visning ikke blir avholdt, dersom det ikke er påmeldte innen kl 14:00 visningsdagen. Velkommen til visning! Husk å lese komplett salgsoppgave før visning. Bestill komplett, utskriftsvennlig salgsoppgave. Visningspåmelding Gi bud Nyttige lenker Se komplett salgsoppgave Bestill komplett salgsoppgave Gi bud Nærområdet Kart Øklandsvegen 807, 5551 Auklandshamn Annonseinformasjon FINN-kode 473868683 Sist endret 15. sep. 2026 14:52 Referanse 1-0304/26 Rapporter annonse Annonsene kan være mangelfulle i forhold til lovpålagt opplysningsplikt. Før bindende avtale inngås oppfordres interessenter til å innhente komplett informasjon fra meglerforetaket, selger eller utleier.",2026-09-21T09:40:36+00:00
474506384,https://www.finn.no/realestate/homes/ad.html?finnkode=474506384,Drømmested ved Dølisjøen. Innholdsrik landbrukseiendom med 52 daa fulldyrka mark,"Dølisjøvegen 117 og 119, 2110 Slåstad",2110,Slåstad,5 950 000 kr,6 099 840 kr,149 840 kr,,,Gårdsbruk/Småbruk,Selveier,,,423 m²,,3,,1875,1,67 200 m² (eiet),67200,67.2,Rom,3415,23,2,5,"Idyllisk landbrukseiendom ved Dølisjøen. Perfekt for familieliv, hestehold og hobbyvirksomhet! Enebolig på én flate, kårbolig og stor driftsbygning med festsal. Langnes er en velholdt og innholdsrik landbrukseiendom med en idyllisk og solrik plassering i åpne LNF omgivelser med grense mot og utsikt over Dølisjøen på Slåstad. Bebyggelsen består av et modernisert hovedhus (122 kvm BRA + 18 kvm helårs vinterhage) med alle funksjoner på ett plan og vannbåren bergvarme, en frittliggende og oppgradert kårbolig (61 kvm BRA), samt en stor driftsbygning (ca. 240 kvm BTA) innredet med sjarmerende festsal/låveloft, 2 toaletter, verksted, maskinrom/garasje og dyrebinger/stall. En allsidig eiendom som egner seg for storfamilien, generasjonsbolig, hestehold/smådyrhold, hobbyvirksomhet eller utleie. Minus Vis mindre NB: Knappen for å vise hele beskrivelsen har kun en visuell effekt. Pluss tegn Vis hele beskrivelsen NB: Knappen for å vise hele beskrivelsen har kun en visuell effekt. Salgsoppgaven beskriver vesentlig og lovpålagt informasjon om eiendommen Se komplett salgsoppgave Nyttige lenker Bestill prospekt Gi bud Visning Ta kontakt for å avtale visning. Husk å lese komplett salgsoppgave før visning. Bestill komplett, utskriftsvennlig salgsoppgave. Visningspåmelding Gi bud Nyttige lenker Bestill prospekt Gi bud Nærområdet Kart Dølisjøvegen 117 og 119, 2110 Slåstad Annonseinformasjon FINN-kode 474506384 Sist endret 03. sep. 2026 16:24 Referanse GAR149.2615 Rapporter annonse Annonsene kan være mangelfulle i forhold til lovpålagt opplysningsplikt. Før bindende avtale inngås oppfordres interessenter til å innhente komplett informasjon fra meglerforetaket, selger eller utleier.",2026-09-21T09:40:37+00:00
474112172,https://www.finn.no/realestate/homes/ad.html?finnkode=474112172,"Idyllisk landbrukseiendom/​småbruk med flott og attraktiv beliggenhet. Kun 7,5 km fra Røros sentrum!","Stikkillåsveien 31, 7375 Røros",7375,Røros,6 490 000 kr,6 653 340 kr,163 340 kr,,,Gårdsbruk/Småbruk,Selveier,,311 m² (BRA-i),429 m²,,7,,2009,,431 178 m² (eiet),431178,431.2,C - Lysegrønn,5025,132,218,17,"Velkommen til Østre Stikkillåsvollen, et idyllisk småbruk med ca. 431 mål tomt, spennende bygningsmasse og nydelig utsikt over Stikkillen. Eiendommen ligger usjenert til på en høyde med gode solforhold og byr på både ro, natur og kort vei til bylivet. Våningshuset (2009) som er påbygd i 2022 er romslig, godt vedlikeholdt og har blant annet vannbåren varme og innglasset terrasse. Stor uteplass med pergola og badestamp. Her er det lagt godt til rette for trivsel, både inne og ute. Her kan du flytte rett inn! Driftsbygningen med festlokale, garasje, høytørke og stall gir gode muligheter for småskala husdyrhold, hest eller lagring. I tillegg følger et eldre kårhus med fremtidig utleiepotensial, samt uthus og leskur. Eiendommen har fiskerett og strandlinje mot både Stikkilen og Djupsjøen. Eiendommen inngår i felles jaktlag med naboeiendommer, der kvoten per nå er 4 dyr/år. Dette kan endre seg med periodene i kommunal hjorteviltplan. Valdet er en del av Storwartz jaktfelt. Minus Vis mindre NB: Knappen for å vise hele beskrivelsen har kun en visuell effekt. Pluss tegn Vis hele beskrivelsen NB: Knappen for å vise hele beskrivelsen har kun en visuell effekt. Salgsoppgaven beskriver vesentlig og lovpålagt informasjon om eiendommen Se komplett salgsoppgave Nyttige lenker Gi bud Bestill salgsoppgave Eiendommens hjemmeside Hjemmeside Nyttige lenker Gi bud Bestill salgsoppgave Eiendommens hjemmeside Hjemmeside Nærområdet Kart Stikkillåsveien 31, 7375 Røros Se hele annonsen Annonseinformasjon FINN-kode 474112172 Sist endret 18. sep. 2026 15:26 Referanse 13260046 Rapporter annonse Annonsene kan være mangelfulle i forhold til lovpålagt opplysningsplikt. Før bindende avtale inngås oppfordres interessenter til å innhente komplett informasjon fra meglerforetaket, selger eller utleier.",2026-09-21T09:40:38+00:00
459360411,https://www.finn.no/realestate/homes/ad.html?finnkode=459360411,"Gårdsbruk med melk-og kjøttproduksjon. Totalt 715,9 dekar hvorav 229,5 dekar er dyrket. Kvote på 190 tonn.","Bjørndalsvegen 411, 7944 Indre Nærøy",7944,Indre Nærøy,4 100 000 kr,4 203 590 kr,103 590 kr,,,Gårdsbruk/Småbruk,Selveier,,,,,3,,1982,,,,,,5060,9,8,5,"Landbrukseiendom med fin beliggenhet ved Bjørndal i Ytre Namdal. Gårdstunet består av et romslig våningshus som må renoveres/ferdigstilles, driftsbygning for melkeproduksjon, garasje og en eldre driftsbygning. I tillegg er det en eldre driftsbygning, redskapshus, revhus og gammel smie/kvernhus på eiendommen. Gården er i full drift med melk-og kjøttproduksjon. Melkekvote på 190 tonn. Eiendommen er på totalt 715,9 dekar hvorav 229,5 dekar er dyrket. I tillegg har eiendommen andel i Bjørndal fellesbeitelag. Jaktrettigheter. Det er kort vei, ca. 12 km. til Rørvik med de fleste service funksjoner som butikker, skole, barnehage, flyplass og offentlige tjenester. Avstand til Kolvereid er ca. 17 km. Minus Vis mindre NB: Knappen for å vise hele beskrivelsen har kun en visuell effekt. Pluss tegn Vis hele beskrivelsen NB: Knappen for å vise hele beskrivelsen har kun en visuell effekt. Salgsoppgaven beskriver vesentlig og lovpålagt informasjon om eiendommen Se komplett salgsoppgave Nyttige lenker NIBIO gårdskart Gi bud Bestill salgsoppgave Eiendommens hjemmeside Visning Ta kontakt for å avtale visning. Husk å lese komplett salgsoppgave før visning. Bestill komplett, utskriftsvennlig salgsoppgave. Visningspåmelding Gi bud Nyttige lenker NIBIO gårdskart Gi bud Bestill salgsoppgave Eiendommens hjemmeside Nærområdet Kart Bjørndalsvegen 411, 7944 Indre Nærøy Annonseinformasjon FINN-kode 459360411 Sist endret 21. aug. 2026 13:54 Referanse 332260016 Rapporter annonse Annonsene kan være mangelfulle i forhold til lovpålagt opplysningsplikt. Før bindende avtale inngås oppfordres interessenter til å innhente komplett informasjon fra meglerforetaket, selger eller utleier.",2026-09-21T09:40:40+00:00
410904334,https://www.finn.no/realestate/homes/ad.html?finnkode=410904334,Småbruk med stort våningshus påbygd i 2017 | Nyere dobbelgarasje | Over 20 dekar med tomt,"Frænvegen 18, 6480 Aukra",6480,Aukra,3 950 000 kr,4 049 840 kr,99 840 kr,,502 678 kr,Gårdsbruk/Småbruk,Selveier,,261 m² (BRA-i),442 m²,,5,,1951,,20 180 m² (eiet),20180,20.2,G - Gul,1547,5,27,5,"Velkommen til Frænvegen 18 - presentert av EiendomsMegler 1 ved Amund Sønslien. Småbruk med landlig beliggenhet på Gossen. Eiendommen består av ca 20.000 kvm tomt, hvor ca. 12 dekar er dyrkamark. Boligen er jevnlig oppgradert og i 2017 ble boligen tilbygget med kjellerstue, nytt bad og vaskerom i 1. etasje, samt nytt soverom med walk-in-garderobe på loftet. Utvendig er det dobbelgarasje som var oppført i 2020. Det er også en eldre driftsbygning. Denne benyttes i dag til lagring og isolert hønsehus. Kort om eiendommen: - Fin tomt på ca. 20.000 m² med landlig beliggenhet på Gossen. Kort vei til badestrand. - Romslig oppusset enebolig på tre plan med 5 soverom, 2 stuer og 2 bad Last ned prospektet eller kontakt megler for mer informasjon. Velkommen til en hyggelig visning! - Husk visningspåmelding. Minus Vis mindre NB: Knappen for å vise hele beskrivelsen har kun en visuell effekt. Pluss tegn Vis hele beskrivelsen NB: Knappen for å vise hele beskrivelsen har kun en visuell effekt. Salgsoppgaven beskriver vesentlig og lovpålagt informasjon om eiendommen Se komplett salgsoppgave Nyttige lenker Eiendommens hjemmeside Bestill salgsoppgave Visning Ta kontakt for å avtale visning. Husk å lese komplett salgsoppgave før visning. Bestill komplett, utskriftsvennlig salgsoppgave. Visningspåmelding Gi bud Nyttige lenker Eiendommens hjemmeside Bestill salgsoppgave Nærområdet Kart Frænvegen 18, 6480 Aukra Annonseinformasjon FINN-kode 410904334 Sist endret 01. sep. 2026 06:00 Referanse 13250200 Rapporter annonse Annonsene kan være mangelfulle i forhold til lovpålagt opplysningsplikt. Før bindende avtale inngås oppfordres interessenter til å innhente komplett informasjon fra meglerforetaket, selger eller utleier.",2026-09-21T09:40:42+00:00
463485539,https://www.finn.no/realestate/homes/ad.html?finnkode=463485539,"Småbruk m/​stort potensiale| Stor tomt på 13,5 mål |Almenningsrett | Rolig og barnevennlig | Kort veg til Eidsvoll","Skakkland 13, 2080 Eidsvoll",2080,Eidsvoll,3 490 000 kr,3 578 640 kr,88 640 kr,,689 953 kr,Gårdsbruk/Småbruk,Selveier,,110 m² (BRA-i),196 m ²,,3,,1933,2,13 536 m² (eiet),13536,13.5,Rom,3240,21,14,7,"Velkommen til et idyllisk småbruk i Eidsvoll, med enebolig, låve og uthus. Eiendommen ligger langs Østsidevegen, m/nærhet til skoler, barnehager, dagligvarehandel, treningssenter og flotte naturområder. Eidsvoll sentrum ligger kun ca. 3 km unna med togstasjon - kun 9 min til Oslo lufthavn Gardermoen og nærmeste bussholdeplass er kun 2 minutters gange fra eiendommen. Eneboligen er idyllisk beliggende i naturskjønne og rolige omgivelser. Skrånet tomt som egner seg godt for dyrehold og dyrking av grønnsaker. Eneboligen er oppgradert i perioden 1960 2026, med blant annet tilbygg, nye vinduer på alle soverommene, ny panel på deler av låve og uthus, samt ny grunnmur på endeveggen av låven. Hus oppført i 1933 etter datidens byggeskikk, rapporten påpeker naturlige avvik fra dagens byggekrav. Minus Vis mindre NB: Knappen for å vise hele beskrivelsen har kun en visuell effekt. Pluss tegn Vis hele beskrivelsen NB: Knappen for å vise hele beskrivelsen har kun en visuell effekt. Salgsoppgaven beskriver vesentlig og lovpålagt informasjon om eiendommen Se komplett salgsoppgave Visning Ta kontakt for å avtale visning. Husk å lese komplett salgsoppgave før visning. Bestill komplett, utskriftsvennlig salgsoppgave. Visningspåmelding Gi bud Nærområdet Kart Skakkland 13, 2080 Eidsvoll Annonseinformasjon FINN-kode 463485539 Sist endret 01. sep. 2026 11:32 Referanse 1205260095 Rapporter annonse Annonsene kan være mangelfulle i forhold til lovpålagt opplysningsplikt. Før bindende avtale inngås oppfordres interessenter til å innhente komplett informasjon fra meglerforetaket, selger eller utleier.",2026-09-21T09:40:43+00:00
474248433,https://www.finn.no/realestate/homes/ad.html?finnkode=474248433,Sjarmerende landbrukseiendom med ca. 692 daa | Flott gårdstun | Kun 5 km til Flå sentrum,"Strindebergvegen 47, 3539 Flå",3539,Flå,3 390 000 kr,3 476 100 kr,86 100 kr,,77 913 kr,Gårdsbruk/Småbruk,Selveier,,145 m² (BRA-i),145 m²,,2,,1918,2,691 600 m² (eiet),691600,691.6,G - Rød,3320,28,5,5,"Velkommen til Strindeberg - en sjarmerende og tradisjonsrik landbrukseiendom med fredelig og usjenert beliggenhet, flott utsyn over dalføret og kun ca. 5 km til Flå sentrum. Eiendommen har et hyggelig og samlet gårdstun bestående av våningshus, driftsbygning/låve og stabbur. Våningshuset er opprinnelig oppført i 1918 og ble omfattende oppgradert i 2007/2008, blant annet med nytt kjøkken og bad. Her får du lune oppholdsrom, god plass og en stemningsfull atmosfære. Driftsbygningen byr på gode bruks- og lagringsmuligheter, mens stabburet fra 1700-tallet tilfører tunet særpreg og historie. Eiendommen utgjør ca. 692 dekar fordelt på dyrket mark, beite, produktiv skog og utmark. Her ligger forholdene til rette for skogsdrift, dyrehold, jakt, fiske og et aktivt friluftsliv rett utenfor døren. Samtidig er det kort vei til butikker, skole, barnehage, tog og øvrige servicetilbud. En sjelden mulighet for deg som drømmer om gårdslivet - med natur, plass og frihet i vakre omgivelser. Velkommen! Minus Vis mindre NB: Knappen for å vise hele beskrivelsen har kun en visuell effekt. Pluss tegn Vis hele beskrivelsen NB: Knappen for å vise hele beskrivelsen har kun en visuell effekt. Salgsoppgaven beskriver vesentlig og lovpålagt informasjon om eiendommen Se komplett salgsoppgave Nyttige lenker Gi bud Bestill salgsoppgave Eiendommens hjemmeside Visning Ta kontakt for å avtale visning. Husk å lese komplett salgsoppgave før visning. Bestill komplett, utskriftsvennlig salgsoppgave. Visningspåmelding Nyttige lenker Gi bud Bestill salgsoppgave Eiendommens hjemmeside Nærområdet Kart Strindebergvegen 47, 3539 Flå Annonseinformasjon FINN-kode 474248433 Sist endret 03. sep. 2026 06:06 Referanse 28260206 Rapporter annonse Annonsene kan være mangelfulle i forhold til lovpålagt opplysningsplikt. Før bindende avtale inngås oppfordres interessenter til å innhente komplett informasjon fra meglerforetaket, selger eller utleier.",2026-09-21T09:40:44+00:00
474087293,https://www.finn.no/realestate/homes/ad.html?finnkode=474087293,"Landlig småbruk med stort potensial | Våningshus, låve, bryggerhus og anneks | Idyllisk og landlig beliggenhet i Vang","Sankt Mikaels veg 312, 2324 Vang på Hedmarken",2324,Vang på Hedmarken,5 850 000 kr,5 997 340 kr,147 340 kr,,103 505 kr,Gårdsbruk/Småbruk,Selveier,,128 m² (BRA-i),516 m²,,3,,1932,2,21 331 m² (eiet),21331,21.3,Rom,3403,125,4,7,"Velkommen til Sankt Mikaels Veg 312! Et sjarmerende småbruk med et innholdsrikt tun og landlig beliggenhet. Eiendommen byr på en fredelig og landlig atmosfære, med en stor tomt som gir rikelig med plass for hage, lek og dyrehold. Våningshuset er hyggelig og jevnlig vedlikeholdt, med flere stuer og et romslig kjøkken med spiseplass. Beliggenheten er barnevennlig, med kort vei til servicetilbud i Løten og Hamar. Høydepunkter: - Innholdsrikt tun med våningshus, låve, bryggerhus og anneks - Våningshus over to plan med tre soverom - Peis og vedovn for ekstra varme og hygge - Tak tekket med teglstein fra 2015 - Nyere luft-til-luft varmepumpe (2023) - Stor låve med carport, verksted og rikelig med lagringsplass Velkommen til visning! Minus Vis mindre NB: Knappen for å vise hele beskrivelsen har kun en visuell effekt. Pluss tegn Vis hele beskrivelsen NB: Knappen for å vise hele beskrivelsen har kun en visuell effekt. Salgsoppgaven beskriver vesentlig og lovpålagt informasjon om eiendommen Se komplett salgsoppgave Nyttige lenker Meld interesse Se komplett salgsoppgave Gi bud horizontal Visning Velkommen til visning! Meld deg på ved å trykke ""visningspåmelding"" i våre boligannonser. Visning med megler til stede vil ikke bli avholdt uten påmeldinger. Påmeldingsfrist er innen kl 0800 på selve visningsdagen. Det ønskes kun seriøse henvendelser. Ta gjerne kontakt med megler i forkant av visningen om du har spørsmål. Visningspåmelding Gi bud Nyttige lenker Meld interesse Se komplett salgsoppgave Gi bud horizontal Nærområdet Kart Sankt Mikaels veg 312, 2324 Vang på Hedmarken Annonseinformasjon FINN-kode 474087293 Sist endret 08. sep. 2026 07:02 Referanse 504260153 Rapporter annonse Annonsene kan være mangelfulle i forhold til lovpålagt opplysningsplikt. Før bindende avtale inngås oppfordres interessenter til å innhente komplett informasjon fra meglerforetaket, selger eller utleier.",2026-09-21T09:40:46+00:00
474126324,https://www.finn.no/realestate/homes/ad.html?finnkode=474126324,"Hesteeiendom med to staller, driftsbygning og store beiteområder. Våningshus m/​ 2 soverom.","Rødbergvegen 169, 2235 Matrand",2235,Matrand,6 000 000 kr,6 151 090 kr,151 090 kr,,230 147 kr,Gårdsbruk/Småbruk,Selveier,,196 m² (BRA-i),196 m²,,2,,1935,,442 000 m² (eiet),442000,442.0,,3416,29,10,5,"Eiendommen ligger i landlige og fredelige omgivelser i Eidskog, med en stor tomt på ca. 442 dekar.  Dette er en eiendom spesielt godt egnet for hestehold, med en driftsbygning som inneholder stallrom, og et nyere stallbygg fra 2010 med 14 bokser og vaskeplass. Flere le- og fôringsskur i luftegårdene og rikelig med lagringsplass i kjeller og driftsbygninger. Våningshuset har en praktisk planløsning med to soverom, vedfyring og utgang til en stor balkong med utsikt over det grønne landskapet. Eiendommen består av blant annet av 8 daa dyrket mark og 334 daa samlet skogareal. Minus Vis mindre NB: Knappen for å vise hele beskrivelsen har kun en visuell effekt. Pluss tegn Vis hele beskrivelsen NB: Knappen for å vise hele beskrivelsen har kun en visuell effekt. Salgsoppgaven beskriver vesentlig og lovpålagt informasjon om eiendommen Se komplett salgsoppgave Nyttige lenker Bestill salgsoppgave Visning onsdag, 23. september 17:00 – 18:00 Legg til i kalender Ønsker du å delta på visningen ber vi deg melde deg på slik at vi vet at du kommer. Da kan vi bistå alle best mulig og gi deg tiden du trenger på visningen. Visningen avholdes bare dersom det er påmeldte senest 8 timer før visning. Ta gjerne kontakt med megler før visning hvis du har noen spørsmål. Velkommen! Husk å lese komplett salgsoppgave før visning. Bestill komplett, utskriftsvennlig salgsoppgave. Visningspåmelding Gi bud Nyttige lenker Bestill salgsoppgave Nærområdet Kart Rødbergvegen 169, 2235 Matrand Annonseinformasjon FINN-kode 474126324 Sist endret 02. sep. 2026 13:58 Referanse 6024260038 Rapporter annonse Annonsene kan være mangelfulle i forhold til lovpålagt opplysningsplikt. Før bindende avtale inngås oppfordres interessenter til å innhente komplett informasjon fra meglerforetaket, selger eller utleier.",2026-09-21T09:40:47+00:00
465916721,https://www.finn.no/realestate/homes/ad.html?finnkode=465916721,"Sentralt beliggende småbruk nær skole, butikk og flotte turområder","Postveien 30, 4824 Bjorbekk",4824,Bjorbekk,4 700 000 kr,4 818 590 kr,118 590 kr,,,Gårdsbruk/Småbruk,Selveier,,212 m² (BRA-i),300 m²,,4,,1883,3,12 655 m² (eiet),12655,12.7,,4203,437,354,5,"Velkommen til Kaddan! Et sentralt beliggende småbruk på Asdal på ca 12.500 kvm. Eiendommen ligger i et barnevennlig og veletablert boligområde ca 6 kilometer vest for Arendal sentrum. Det er trygg gangavstand til Asdal barne- og ungdomsskole samt kort vei til dagligvare, buss og  kafeer. Videre byr nærmiljøet på flotte tur-og aktivitetsmuligheter med lysløype, idrettsplass og skogsløyper. Bolighuset inneholder bl.a. fire soverom to stuer romslig kjøkken og to bad. Flere hyggelige uteplasser. Frittliggende uthus. I tillegg til tomten rund boligen har man en tilhørende skogsteig. Velkommen til visning! Minus Vis mindre NB: Knappen for å vise hele beskrivelsen har kun en visuell effekt. Pluss tegn Vis hele beskrivelsen NB: Knappen for å vise hele beskrivelsen har kun en visuell effekt. Salgsoppgaven beskriver vesentlig og lovpålagt informasjon om eiendommen Se komplett salgsoppgave Nyttige lenker Meld interesse Se komplett salgsoppgave Gi bud Visning Velkommen til visning! Meld deg på ved å trykke ""visningspåmelding"" i våre boligannonser. Ta gjerne kontakt med megler i forkant av visningen om du har spørsmål. Visningspåmelding Gi bud Nyttige lenker Meld interesse Se komplett salgsoppgave Gi bud Nærområdet Kart Postveien 30, 4824 Bjorbekk Annonseinformasjon FINN-kode 465916721 Sist endret 21. aug. 2026 19:31 Referanse 603260015 Rapporter annonse Annonsene kan være mangelfulle i forhold til lovpålagt opplysningsplikt. Før bindende avtale inngås oppfordres interessenter til å innhente komplett informasjon fra meglerforetaket, selger eller utleier.",2026-09-21T09:40:48+00:00
473929373,https://www.finn.no/realestate/homes/ad.html?finnkode=473929373,"Landlig, fint gårdsbruk med 120 daa produktiv skog. Vedlikeholdt enebolig, tømmerhytte fra 2002 & driftsbygning fra 2000","Åsbygdsveien 945 og 947, 2450 Rena",2450,Rena,6 690 000 kr,6 863 640 kr,173 640 kr,,328 782 kr,Gårdsbruk/Småbruk,Selveier,,219 m² (BRA-i),768 m²,,2,,1981,2,183 468 m² (eiet),183468,183.5,,3422,19,14,5,"Velkommen til Åsbygdsveien 945 og 947! Et fint gårdsbruk på ca. 183,4 daa som består av bla. 56,3 daa fulldyrka jord og ca. 120 daa produktiv skog. Eiendommen ""Endeløsmyren"" er bebygd med en enebolig fra 1981, en fritidsbolig fra 2002, en driftsbygning fra 2000, samt en stall og en lekestue fra ukjent årstall. Tunet er opparbeidet med gruset innkjøring med rundkjøring, plen og variert beplantning. Boligen er godt vedlikeholdt i perioden 2018 til 2024. Rundt boligen er det en stor terrasse med sol hele dagen og fin utsikt! Eiendommen har en landlig og fin beliggenhet i et jord- og skogbruksområde i Øvre Åsbygda. Her bor du rolig til med fine muligheter for jakt, fiske og friluftsliv i nærområdet. Det er ca. 10 km til Rena sentrum med butikker og ulike servicetilbud, samt togstasjon. Minus Vis mindre NB: Knappen for å vise hele beskrivelsen har kun en visuell effekt. Pluss tegn Vis hele beskrivelsen NB: Knappen for å vise hele beskrivelsen har kun en visuell effekt. Salgsoppgaven beskriver vesentlig og lovpålagt informasjon om eiendommen Se komplett salgsoppgave Visning lørdag, 26. september 13:00 – 14:00 Legg til i kalender mandag, 28. september 17:00 – 18:00 Legg til i kalender Ved annonsert visning er det viktig at du melder deg på visningen ved å bruke visningspåmeldingsknappen eller kontakter megler. Annonserte visninger hvor det ikke er noen påmeldte innen kl. 16.00 dagen før visningsdagen vil ikke bli avholdt. For visninger utover dette, ta direkte kontakt med megler. Husk å lese komplett salgsoppgave før visning. Bestill komplett, utskriftsvennlig salgsoppgave. Visningspåmelding Gi bud Nærområdet Kart Åsbygdsveien 945 og 947, 2450 Rena Annonseinformasjon FINN-kode 473929373 Sist endret 14. sep. 2026 20:53 Referanse 1211260126 Rapporter annonse Annonsene kan være mangelfulle i forhold til lovpålagt opplysningsplikt. Før bindende avtale inngås oppfordres interessenter til å innhente komplett informasjon fra meglerforetaket, selger eller utleier.",2026-09-21T09:40:49+00:00
466618844,https://www.finn.no/realestate/homes/ad.html?finnkode=466618844,Herskapsbolig på 513 m² av kvalitetshåndverk & kårhus 170 m². Snekkerverksted 314 m² & garasje/​verksted 349 m². Se film!,"Sortasvegen 87, 7517 Hell",7517,Hell,19 400 000 kr,19 886 090 kr,486 090 kr,,,Gårdsbruk/Småbruk,Selveier,,683 m² (BRA-i),1 357 m²,,5,,2013,,23 891 m² (eiet),23891,23.9,B - Mørkegrønn,5035,154,11,5,"Velkommen til Sortasvegen 87- en imponerende og innholdsrik eiendom med en gjennomført standard. Særdeles velholdt og gjennomført, med høy standard på både bolig, driftsbygninger og uteområder. Tilstandsrapporten viser 44 TG1 & 6 TG 0. Se film! Eiendommen byr på hele 1357m² BRA fordelt på bolig, garasje- og driftsbygninger, og ligger fritt og solrikt til på en tomt på 24 mål. Dette er en eiendom for deg som ønsker noe helt utenom det vanlige. Her er noen av boligens  kvaliteter vi ønsker å fremheve: -Stor og påkostet hovedbolig oppført i 2013. -Vannbåren varme fra 2 borehull. -Kårbolig gir fleksible bruksmuligheter for storfamilie, generasjonsbosetting eller utleie. -Representativ hall på ca. 41m² med åpen løsning, galleri og særpreget trapp. -Stue- og spisestue på ca. 80m². -Egen utleiedel integrert i boligen. -Privat hovedsuite med eget bad og garderoberom. -Dobbelgarasje med direkte adkomst til boligen. -Flere store garasje-, lager- og driftsbygninger med betydelige bruksarealer. Minus Vis mindre NB: Knappen for å vise hele beskrivelsen har kun en visuell effekt. Pluss tegn Vis hele beskrivelsen NB: Knappen for å vise hele beskrivelsen har kun en visuell effekt. Salgsoppgaven beskriver vesentlig og lovpålagt informasjon om eiendommen Se komplett salgsoppgave Nyttige lenker Gi bud Bestill salgsoppgave Eiendommens hjemmeside Hjemmeside Visning Ta kontakt for å avtale visning. Husk å lese komplett salgsoppgave før visning. Bestill komplett, utskriftsvennlig salgsoppgave. Visningspåmelding Gi bud Nyttige lenker Gi bud Bestill salgsoppgave Eiendommens hjemmeside Hjemmeside Nærområdet Kart Sortasvegen 87, 7517 Hell Annonseinformasjon FINN-kode 466618844 Sist endret 03. sep. 2026 06:01 Referanse 83250112 Rapporter annonse Annonsene kan være mangelfulle i forhold til lovpålagt opplysningsplikt. Før bindende avtale inngås oppfordres interessenter til å innhente komplett informasjon fra meglerforetaket, selger eller utleier.",2026-09-21T09:40:50+00:00
474096686,https://www.finn.no/realestate/homes/ad.html?finnkode=474096686,"Svært innholdsrikt småbruk med bolig, utleiehytter, bobil parkering til 26 og gode utviklingsmuligheter","Hulfjellveien 155, 3750 Drangedal",3750,Drangedal,11 500 000 kr,11 788 890 kr,288 890 kr,,114 465 kr,Gårdsbruk/Småbruk,Selveier,,334 m² (BRA-i),883 m²,,6,,1957,,89 400 m² (eiet),89400,89.4,Rom,4016,29,21,5,"Hulfjell er et unikt og svært innholdsrikt småbruk på ca. 89,4 dekar, med over 600 meter strandlinje mot vakre Toke. Her kombineres bolig, utleie, opplevelser og næringsmuligheter i en sjelden helhet. Eiendommen har fire utleiehytter, 26 bobilplasser med strøm, sanitæranlegg, to brygger, båtplasser, vannpark, besøksgård og aktiviteter for store og små. Med etablert infrastruktur, omfattende bygningsmasse og detaljregulert område ligger det svært godt til rette for videre drift og utvikling. Både strømforsyning og renseanlegg er tilrettelagt for utvidelse. Kun fem minutter fra Drangedal sentrum, med kort vei til Gautefall, Kragerø og Grenlandsområdet. Minus Vis mindre NB: Knappen for å vise hele beskrivelsen har kun en visuell effekt. Pluss tegn Vis hele beskrivelsen NB: Knappen for å vise hele beskrivelsen har kun en visuell effekt. Salgsoppgaven beskriver vesentlig og lovpålagt informasjon om eiendommen Se komplett salgsoppgave Visning Ta kontakt for å avtale visning. Husk å lese komplett salgsoppgave før visning. Bestill komplett, utskriftsvennlig salgsoppgave. Visningspåmelding Gi bud Nærområdet Kart Hulfjellveien 155, 3750 Drangedal Annonseinformasjon FINN-kode 474096686 Sist endret 18. sep. 2026 10:23 Referanse 1302260116 Rapporter annonse Annonsene kan være mangelfulle i forhold til lovpålagt opplysningsplikt. Før bindende avtale inngås oppfordres interessenter til å innhente komplett informasjon fra meglerforetaket, selger eller utleier.",2026-09-21T09:40:52+00:00
465126984,https://www.finn.no/realestate/homes/ad.html?finnkode=465126984,"Kleive- Småbruk med velholdt enebolig, ridebane og nyere driftsbygning med stallplasser, slakterom og carport","Istadvegen 823, 6453 Kleive",6453,Kleive,5 200 000 kr,5 331 090 kr,131 090 kr,,777 658 kr,Gårdsbruk/Småbruk,Selveier,,163 m² (BRA-i),196 m²,,4,,1974,,17 296 m² (eiet),17296,17.3,C - Oransje,1506,71,46,5,"Eiendomsmegler MNEF Randi Hollingen har gleden av å presentere denne unike eiendommen på Kleive. Eiendommen består av en enebolig som blant annet inneholder 4 soverom, 2 bad, vaskerom, lagringsplass, stue, kjøkken og stor veranda med basseng. Boligen er jevnlig modernisert og vedlikeholdt av dagens eier. Videre har eiendommen en nyere driftsbygning oppført i 2019 med carport, slakteri, stall for 4 hester og stort lagerlokale.  Eiendommen har stor ridebane, som er bygd opp med riktig sand og underlag for hester. Dette er en sjelden mulighet for deg som liker jakt og/ eller hestesport, eller bare er ute etter en boligeiendom med landlig beliggenhet og god plass på tomten. Velkommen til visning! Minus Vis mindre NB: Knappen for å vise hele beskrivelsen har kun en visuell effekt. Pluss tegn Vis hele beskrivelsen NB: Knappen for å vise hele beskrivelsen har kun en visuell effekt. Salgsoppgaven beskriver vesentlig og lovpålagt informasjon om eiendommen Se komplett salgsoppgave Nyttige lenker Gi bud Bestill salgsoppgave Eiendommens hjemmeside Visning Ta kontakt for å avtale visning. Husk å lese komplett salgsoppgave før visning. Bestill komplett, utskriftsvennlig salgsoppgave. Visningspåmelding Gi bud Nyttige lenker Gi bud Bestill salgsoppgave Eiendommens hjemmeside Nærområdet Kart Istadvegen 823, 6453 Kleive Annonseinformasjon FINN-kode 465126984 Sist endret 13. sep. 2026 09:32 Referanse 45251217 Rapporter annonse Annonsene kan være mangelfulle i forhold til lovpålagt opplysningsplikt. Før bindende avtale inngås oppfordres interessenter til å innhente komplett informasjon fra meglerforetaket, selger eller utleier.",2026-09-21T09:40:53+00:00
460868555,https://www.finn.no/realestate/homes/ad.html?finnkode=460868555,Strandbygda - Småbruk med innholdsrik enebolig og usjenert tomt. Stor driftsbygning. Ca. 8 km fra Elverum.,"Strandbygdvegen 757, 2411 Elverum",2411,Elverum,6 400 000 kr,,Kr 6 400 000 Prisantydning,,849 964 kr,Gårdsbruk/Småbruk,Selveier,,288 m² (BRA-i),1 449 m²,,4,,1998,,36 672 m² (eiet),36672,36.7,Rom,3420,23,25,5,"Velkommen til Strandbygdvegen 757! Opset Øvre er et innholdsrikt småbruk med en usjenert beliggenhet i Strandbygda, kun 8 km fra Elverum. Gårdstunet ligger innerst i en privat vei, omkranset av jorder og skog, med utsikt mot vest over Glomma. Eiendommen har en stor driftsbygning som i dag er benyttet til kyllingproduksjon med leveringsavtale. Våningshuset har en særegen planløsning over fire halvplan. Eiendommen har egne brønner og privat avløp. Velkommen til visning! Minus Vis mindre NB: Knappen for å vise hele beskrivelsen har kun en visuell effekt. Pluss tegn Vis hele beskrivelsen NB: Knappen for å vise hele beskrivelsen har kun en visuell effekt. Salgsoppgaven beskriver vesentlig og lovpålagt informasjon om eiendommen Se komplett salgsoppgave Nyttige lenker Bestill salgsoppgave Visning Ta kontakt for å avtale visning. Husk å lese komplett salgsoppgave før visning. Bestill komplett, utskriftsvennlig salgsoppgave. Visningspåmelding Gi bud Nyttige lenker Bestill salgsoppgave Nærområdet Kart Strandbygdvegen 757, 2411 Elverum Annonseinformasjon FINN-kode 460868555 Sist endret 02. sep. 2026 08:16 Referanse 6024260075 Rapporter annonse Annonsene kan være mangelfulle i forhold til lovpålagt opplysningsplikt. Før bindende avtale inngås oppfordres interessenter til å innhente komplett informasjon fra meglerforetaket, selger eller utleier.",2026-09-21T09:40:54+00:00
474005790,https://www.finn.no/realestate/homes/ad.html?finnkode=474005790,SKIEN-GJERPEN Småbruk 30 dekar - 2 boliger og uthus - landlig kun 6 km fra Sentrum,"Holmsvegen 203 og 195, 3721 Skien",3721,Skien,5 500 000 kr,5 658 490 kr,158 490 kr,,944 408 kr,Gårdsbruk/Småbruk,Selveier,,335 m² (BRA-i),550 m²,,4,,1982,,30 223 m² (eiet),30223,30.2,E - Gul,4003,123,12,5,"Idyllisk småbruk med 2 boliger og uthus samt tilhørende jorder og skog Stille og fredelig (nest) innerst i blindveg Eiendommen består av ca 30 dekar, herunder 7,8 dekar fulldyrka jord og 18,6 dekar skog. Bygningsmassen: Holmsvegen 203 (hovedboligen) Innholdsrik enebolig over tre plan, med flotte uteplasser, oppgradert kjøkken, 2 (1) romslige stuer og 3 (4) soverom. Her får du en bolig som kombinerer moderne komfort med landlig sjarm, perfekt for barnefamilier eller deg som ønsker god plass og fleksible løsninger. Holmsvegen 195 (eldre våninghus/utleiebolig) Eldre bolig med oppgraderingsbehov.Deler av boligen leies ut. Uthus med stor dobbel garasje/verksted, samt hovedetasje med stort åpent rom, trenings-/aktivitetsrom, verksted og bod Minus Vis mindre NB: Knappen for å vise hele beskrivelsen har kun en visuell effekt. Pluss tegn Vis hele beskrivelsen NB: Knappen for å vise hele beskrivelsen har kun en visuell effekt. Salgsoppgaven beskriver vesentlig og lovpålagt informasjon om eiendommen Se komplett salgsoppgave Nyttige lenker Bestill salgsoppgave Visning Kontakt Landbruksmegler Anders Lia, tlf. 9176 0001 for å avtale visning. Husk å lese komplett salgsoppgave før visning. Bestill komplett, utskriftsvennlig salgsoppgave. Visningspåmelding Gi bud Nyttige lenker Bestill salgsoppgave Nærområdet Kart Holmsvegen 203 og 195, 3721 Skien Annonseinformasjon FINN-kode 474005790 Sist endret 31. aug. 2026 04:13 Referanse 41260154 Rapporter annonse Annonsene kan være mangelfulle i forhold til lovpålagt opplysningsplikt. Før bindende avtale inngås oppfordres interessenter til å innhente komplett informasjon fra meglerforetaket, selger eller utleier.",2026-09-21T09:40:55+00:00
459225609,https://www.finn.no/realestate/homes/ad.html?finnkode=459225609,"Idyllisk småbruk med våningshus, løe og naust med 184 dekar tomt - Strandlinje","Håvardsholmvegen 292, 5554 Valevåg",5554,Valevåg,6 490 000 kr,6 680 750 kr,190 750 kr,,,Gårdsbruk/Småbruk,Selveier,,87 m² (BRA-i),223 m²,,3,,1900,,184 670 m² (eiet),184670,184.7,,4612,112,2,5,"Velkommen til Håvardsholmvegen 292 - Et idyllisk småbruk med våningshus, løe og naust i landlige omgivelser. Lang sjølinje og naust med god plass til båt. Stor tomt på 184,6 dekar fordelt over tre teiger med: Fulldyrka jord(6,4 dekar), innmarksbeite(1,8 dekar) og produktiv skog(161,4 dekar). Eiendommen har våningshus, nybygget låve fra 2024(opprinnelig grunnmur fra 1840/1900) og naust. Hovedhuset har fått flere viktige oppgraderinger som nytt tak med Monier teglestein og nye vinduer fra Førre trevare i 2023, men har samtidig bevart mye av sin opprinnelige karakter. Noen minutters avstand til barnehage og skole i Førde, Sveio. Umiddelbar nærhet til natur og flotte turområder. Eiendommen er benyttet som fritidseiendom siden 1975, av nåværende eier siden 2010. Velkommen på visning! Minus Vis mindre NB: Knappen for å vise hele beskrivelsen har kun en visuell effekt. Pluss tegn Vis hele beskrivelsen NB: Knappen for å vise hele beskrivelsen har kun en visuell effekt. Salgsoppgaven beskriver vesentlig og lovpålagt informasjon om eiendommen Se komplett salgsoppgave Nyttige lenker Se komplett salgsoppgave Bestill komplett salgsoppgave Gi bud Visning Trykk på ""Visningspåmelding""-knappen for enkelt å melde deg på. Vi gjør oppmerksom på at visning ikke blir avholdt, dersom det ikke er påmeldte. Velkommen til visning! Husk å lese komplett salgsoppgave før visning. Bestill komplett, utskriftsvennlig salgsoppgave. Visningspåmelding Gi bud Nyttige lenker Se komplett salgsoppgave Bestill komplett salgsoppgave Gi bud Nærområdet Kart Håvardsholmvegen 292, 5554 Valevåg Annonseinformasjon FINN-kode 459225609 Sist endret 15. sep. 2026 14:06 Referanse 1-0115/26 Rapporter annonse Annonsene kan være mangelfulle i forhold til lovpålagt opplysningsplikt. Før bindende avtale inngås oppfordres interessenter til å innhente komplett informasjon fra meglerforetaket, selger eller utleier.",2026-09-21T09:40:56+00:00
473636208,https://www.finn.no/realestate/homes/ad.html?finnkode=473636208,"Myrer | Velholdt gårdsbruk 495 dekar med tre boliger, jorder og skog på Enebakkneset | Rike natur- og friluftsmuligheter","Myrerveien 29, 1910 Enebakkneset",1910,Enebakkneset,9 600 000 kr,9 841 090 kr,241 090 kr,,350 045 kr,Gårdsbruk/Småbruk,Selveier,,423 m² (BRA-i),423 m²,,2,,1982,2,495 400 m² (eiet),495400,495.4,Rom,3205,487,3,5,"Myrer er en innholdsrik landbrukseiendom på ca. 495 dekar, idyllisk og usjenert plassert på Enebakkneset i Lillestrøm kommune, helt på grensen til Indre Østfold. Gården har vært i familiens eie siden 1888 og dagens eiere er 4. generasjon. Eiendommen byr på sol fra morgen til kveld, et rikt dyreliv og tre boliger (våningshus, kårbolig og sidebygning) samt stabbur og redskapshus. Arealet fordeler seg på 127 dekar dyrket mark leid bort til korn/gras, og ca. 323 dekar produktiv skog fordelt på fem skifter. Krokedalsbekken renner gjennom eiendommen og utgjør fylkesgrensen. Her bor du naturskjønt til med kort vei til turstier, Minjarudkollen, fiske og bademuligheter ved Langtjern og Øyeren. Det er ca. 45 minutter med bil til Lillestrøm og 30 minutter til Askim/Mysen. Minus Vis mindre NB: Knappen for å vise hele beskrivelsen har kun en visuell effekt. Pluss tegn Vis hele beskrivelsen NB: Knappen for å vise hele beskrivelsen har kun en visuell effekt. Salgsoppgaven beskriver vesentlig og lovpålagt informasjon om eiendommen Se komplett salgsoppgave Nyttige lenker Bestill prospekt Gi bud Visning Ta kontakt for å avtale visning. Husk å lese komplett salgsoppgave før visning. Bestill komplett, utskriftsvennlig salgsoppgave. Visningspåmelding Gi bud Nyttige lenker Bestill prospekt Gi bud Nærområdet Kart Myrerveien 29, 1910 Enebakkneset Annonseinformasjon FINN-kode 473636208 Sist endret 20. aug. 2026 13:15 Referanse GAR30.2634 Rapporter annonse Annonsene kan være mangelfulle i forhold til lovpålagt opplysningsplikt. Før bindende avtale inngås oppfordres interessenter til å innhente komplett informasjon fra meglerforetaket, selger eller utleier.",2026-09-21T09:40:58+00:00
467978789,https://www.finn.no/realestate/homes/ad.html?finnkode=467978789,"Landlig småbruk med 20,8 mål eiertomt | Våningshus med terrasse | Stor garasje m/​ verksted og hagestue","Høyjordveien 555, 3158 Andebu",3158,Andebu,4 950 000 kr,5 074 840 kr,124 840 kr,,,Gårdsbruk/Småbruk,Selveier,,136 m² (BRA-i),261 m²,,4,,1910,2,20 794 m² (eiet),20794,20.8,Rom,3907,209,19,5,"Velkommen til Høyjordveien 555. Et sjarmerende våningshus på en stor eiertomt med landlig beliggenhet i Andebu. Eiendommen ligger i et åpent og rolig landskap omgitt av jorder og skog, på en tomt på over 20 mål. Våningshuset har fire soverom fordelt over to etasjer og er jevnlig vedlikeholdt, med nytt tak med glaserte takstein fra 2017 og oppgraderte vinduer. Stuen har en klassisk vedovn og utgang til en sørvendt terrasse. Kjøkkenet har spiseplass og innredning med profilerte fronter. Boligen har bad med gulvvarme og et separat vaskerom med toalett. Eiendommen byr på rikelig lagringsplass i en stor, frittstående garasje-/driftsbygning med verksted og en tilhørende hagestue med skyvbare glassfelt mot hagen. Ved inngangspartiet er det en steinlagt uteplass. Velkommen til visning. Minus Vis mindre NB: Knappen for å vise hele beskrivelsen har kun en visuell effekt. Pluss tegn Vis hele beskrivelsen NB: Knappen for å vise hele beskrivelsen har kun en visuell effekt. Salgsoppgaven beskriver vesentlig og lovpålagt informasjon om eiendommen Se komplett salgsoppgave Nyttige lenker Bestill salgsoppgave Visning Ønsker du å delta på visningen ber vi deg melde deg på slik at vi vet at du kommer. Da kan vi bistå alle best mulig og gi deg tiden du trenger på visningen. Kontakt gjerne megler før visning hvis du har spørsmål. Visningen avholdes bare dersom det er påmeldte. Hvis det ikke er oppsatt visningstidspunkt eller tidspunkt ikke passer, kontakt megler. Husk å lese komplett salgsoppgave før visning. Bestill komplett, utskriftsvennlig salgsoppgave. Visningspåmelding Gi bud Nyttige lenker Bestill salgsoppgave Nærområdet Kart Høyjordveien 555, 3158 Andebu Annonseinformasjon FINN-kode 467978789 Sist endret 15. sep. 2026 10:43 Referanse 2865260259 Rapporter annonse Annonsene kan være mangelfulle i forhold til lovpålagt opplysningsplikt. Før bindende avtale inngås oppfordres interessenter til å innhente komplett informasjon fra meglerforetaket, selger eller utleier.",2026-09-21T09:40:59+00:00
466494261,https://www.finn.no/realestate/homes/ad.html?finnkode=466494261,"Attraktiv landbrukseiendom på 7.356 daa, ca. 250 daa jord og 44 528 m³ stående tømmer, jakt,  to boliger og to hytter","Simonstad 251, 4868 Selåsvatn",4868,Selåsvatn,17 000 000 kr,17 426 090 kr,426 090 kr,,190 365 kr,Gårdsbruk/Småbruk,Selveier,,437 m² (BRA-i),437 m²,,0,,1838,2,7 356 558 m² (eiet),7356558,7356.6,D - Gul,4217,44,22,5,"Landbrukseiendom på Simonstad i Åmli kommune med et samlet areal på ca. 7 356 dekar. Eiendommen består av ca. 250,9 dekar fulldyrka jord, ca. 4 622 dekar produktiv skog og store utmarksarealer. Jordene ligger samlet i større skifter. Jorder er bortleid gjennom en forpaktningsavtale med løpetid på 10 år fra 2022, med 1 års oppsigelsestid ved salg. Det er i dag inntekter på ca kr 200.000,- fra kårbolig, jorder, festetomter og solcelleavtale. Skogen utgjør en betydelig del av eiendommen med et beregnet stående volum på 44 528 m³ og en årlig tilvekst på 1208 m³. Utmarksarealene gir gode jaktmuligheter med elg, hjort og småvilt. Jakt på eiendommen er kjent for og være svært attraktivt. I området er det også gode muligheter for fiske og bruk av båt i flere vann og elver. Tunet ligger rolig og trukket tilbake fra veien og består av våningshus, kårbolig og flere driftsbygninger. I skogen ligger også to hytter idyllisk til ved Ufselva, som benyttes til jakt, skogsarbeid og fritid. Minus Vis mindre NB: Knappen for å vise hele beskrivelsen har kun en visuell effekt. Pluss tegn Vis hele beskrivelsen NB: Knappen for å vise hele beskrivelsen har kun en visuell effekt. Salgsoppgaven beskriver vesentlig og lovpålagt informasjon om eiendommen Se komplett salgsoppgave Nyttige lenker Gi bud Bestill salgsoppgave Eiendommens hjemmeside Visning Ta kontakt for å avtale visning. Husk å lese komplett salgsoppgave før visning. Bestill komplett, utskriftsvennlig salgsoppgave. Visningspåmelding Gi bud Nyttige lenker Gi bud Bestill salgsoppgave Eiendommens hjemmeside Nærområdet Kart Simonstad 251, 4868 Selåsvatn Annonseinformasjon FINN-kode 466494261 Sist endret 31. aug. 2026 06:02 Referanse 330260017 Rapporter annonse Annonsene kan være mangelfulle i forhold til lovpålagt opplysningsplikt. Før bindende avtale inngås oppfordres interessenter til å innhente komplett informasjon fra meglerforetaket, selger eller utleier.",2026-09-21T09:41:01+00:00
409906926,https://www.finn.no/realestate/homes/ad.html?finnkode=409906926,"Risebru Vestre - Stort, ærverdig bolighus | Stabbur registrert som våningshus | Robuste driftsbygninger | 275 daa tomt!","Risebruvegen 2, 4, 6 & 8, 2054 Mogreina",2054,Mogreina,16 900 000 kr,17 343 750 kr,443 750 kr,,787 860 kr,Gårdsbruk/Småbruk,Selveier,,508 m² (BRA-i),994 m²,,4,,1641,,274 675 m² (eiet),274675,274.7,G - Oransje,3209,198,2,7,"Velkommen til Risebru Vestre - en betydelig gårdseiendom med stort utviklings- og brukspotensial, presentert av Henrik Drabløs v/EIE Jessheim. En sjelden mulighet til å overta en kulturhistorisk og vakkert restaurert gårdseiendom med røtter tilbake til 1500-tallet - kombinert med betydelig potensial for videre drift og utvikling. På eiendommen finner du et solid og godt ivaretatt våningshus fra 1600-tallet, oppgradert med respekt for opprinnelig stil, et sjarmerende stabbur registrert som våningshus/bolighus, herberge med utleiemuligheter og to robuste driftsbygninger. Driftsbygningene åpner for en rekke bruksområder, som lager, verksted, dyrehold, hestevirksomhet eller annen landbruks- og næringsrelatert aktivitet. Tomten omfatter ca. 275 mål med beiteområder, skog og kulturlandskap, og er godt tilrettelagt for hestehold, dyrehold og landbruksrelatert virksomhet. Eiendommen har også etablerte områder for hagebruk med frukttrær, bær, urter og hasselnøtter. Velkommen til visning! Minus Vis mindre NB: Knappen for å vise hele beskrivelsen har kun en visuell effekt. Pluss tegn Vis hele beskrivelsen NB: Knappen for å vise hele beskrivelsen har kun en visuell effekt. Salgsoppgaven beskriver vesentlig og lovpålagt informasjon om eiendommen Se komplett salgsoppgave Nyttige lenker Gi bud Bestill salgsoppgave Eiendommens hjemmeside Visning Ta kontakt for å avtale visning. Husk å lese komplett salgsoppgave før visning. Bestill komplett, utskriftsvennlig salgsoppgave. Visningspåmelding Nyttige lenker Gi bud Bestill salgsoppgave Eiendommens hjemmeside Nærområdet Kart Risebruvegen 2, 4, 6 & 8, 2054 Mogreina Annonseinformasjon FINN-kode 409906926 Sist endret 17. sep. 2026 14:47 Referanse 20251064 Rapporter annonse Annonsene kan være mangelfulle i forhold til lovpålagt opplysningsplikt. Før bindende avtale inngås oppfordres interessenter til å innhente komplett informasjon fra meglerforetaket, selger eller utleier.",2026-09-21T09:41:02+00:00
473803329,https://www.finn.no/realestate/homes/ad.html?finnkode=473803329,Småbruk på ca. 117 mål. 35 minutter til Ryen og Oslo S. Usjenert og landlig. Lang strandlinje mot Hobølelva.,"Vaglenveien 63, 1825 Tomter",1825,Tomter,7 450 000 kr,7 637 340 kr,187 340 kr,,821 350 kr,Gårdsbruk/Småbruk,Selveier,,129 m² (BRA-i),495 m²,,2,,1800,,117 176 m² (eiet),117176,117.2,Rom,3118,820,4,5,"Velkommen til Vaglenveien 63! En landbrukseiendom/småbruk med eldre våningshus, låve og verksted, på en stor tomt Her bor du landlig og tilbaketrukket i Indre Østfold, med nærhet til skog og mark. Eiendommen består av et våningshus med historisk preg, en romslig låve og et frittstående verksted. Tomten er på over 117 dekar og gir rikelig med plass. Våningshuset har en fleksibel planløsning med kjøkken i begge etasjer, og trenger modernisering for å møte dagens krav til standard. Dette er en eiendom for deg som ønsker en svært koselig gårdseiendom og ser potensialet. Høydepunkter: Eiet tomt på 117 dekar Våningshus med oppgraderingsbehov Stor låve og separat verksted/bod Vestvendt terrasse med utgang fra stuen Vedovn og varmepumpe i stuen, i 1. etasje Velkommen. Minus Vis mindre NB: Knappen for å vise hele beskrivelsen har kun en visuell effekt. Pluss tegn Vis hele beskrivelsen NB: Knappen for å vise hele beskrivelsen har kun en visuell effekt. Salgsoppgaven beskriver vesentlig og lovpålagt informasjon om eiendommen Se komplett salgsoppgave Nyttige lenker Gi Bud Eiendommens hjemmeside på Krogsveen.no Social Video Visning For å delta på visning, ber vi om at du melder deg på. Da sikrer vi at du får nødvendig informasjon. Kontakt megler dersom annet tidspunkt ønskes. Husk å lese salgsoppgaven før visningen, så du stiller forberedt. Ønsker du kun å bli holdt orientert, kan du fra eiendommens hjemmeside få varsel om solgtpris, eller kontakte megler. Visningspåmelding Gi bud Nyttige lenker Gi Bud Eiendommens hjemmeside på Krogsveen.no Social Video Nærområdet Kart Vaglenveien 63, 1825 Tomter Annonseinformasjon FINN-kode 473803329 Sist endret 07. sep. 2026 11:24 Referanse KR46.2688 Rapporter annonse Annonsene kan være mangelfulle i forhold til lovpålagt opplysningsplikt. Før bindende avtale inngås oppfordres interessenter til å innhente komplett informasjon fra meglerforetaket, selger eller utleier.",2026-09-21T09:41:04+00:00
473740205,https://www.finn.no/realestate/homes/ad.html?finnkode=473740205,"Gårdsbruk på Løtopt, Sokndal kommune.","Løtoptveien 326, 4380 Hauge i Dalane",4380,Hauge i Dalane,8 500 000 kr,8 713 590 kr,213 590 kr,,,Gårdsbruk/Småbruk,Selveier,,,,,3,,2002,3,711 600 m² (eiet),711600,711.6,,1111,35,2,5,"Gårdsbruk for salg! Fint beliggende  i landlige omgivelser med flott utsikt over Steinsvatnet. Eiendommen  har en beliggenhet i et område med mye turisme Eiendommens bygninger: Våningshus med garasje. Driftsbygning. Redskapshus/verksted. Skogshytte. Eiendommen har et areal på totalt 711,6 daa hvorav: 0 daa er fulldyrket 47,1 daa overflatedyrket jord 31,5 daa er innmarksbeite 210,5 daa skog 422,5 daa annet areal Produksjon:  kjøtt på sau og storfe. Konsesjonspliktig. Minus Vis mindre NB: Knappen for å vise hele beskrivelsen har kun en visuell effekt. Pluss tegn Vis hele beskrivelsen NB: Knappen for å vise hele beskrivelsen har kun en visuell effekt. Salgsoppgaven beskriver vesentlig og lovpålagt informasjon om eiendommen Se komplett salgsoppgave Nyttige lenker Bestill salgsoppgave Visning FRIST FOR PÅMELDING TIL VISNINGEN 27. AUGUST ER ONSDAG 26. AUGUST KL 16.00 Ønsker du å delta på visningen ber vi deg melde deg på slik at vi vet at du kommer. Da kan vi bistå alle best mulig og gi deg tiden du trenger på visningen. Kontakt gjerne megler før visning hvis du har spørsmål. Visningen avholdes bare dersom det er påmeldte. Hvis det ikke er oppsatt visningstidspunkt eller tidspunkt ikke passer, kontakt megler. Husk å lese komplett salgsoppgave før visning. Bestill komplett, utskriftsvennlig salgsoppgave. Visningspåmelding Gi bud Nyttige lenker Bestill salgsoppgave Nærområdet Kart Løtoptveien 326, 4380 Hauge i Dalane Annonseinformasjon FINN-kode 473740205 Sist endret 28. aug. 2026 16:34 Referanse 2403250202 Rapporter annonse Annonsene kan være mangelfulle i forhold til lovpålagt opplysningsplikt. Før bindende avtale inngås oppfordres interessenter til å innhente komplett informasjon fra meglerforetaket, selger eller utleier.",2026-09-21T09:41:05+00:00
473329473,https://www.finn.no/realestate/homes/ad.html?finnkode=473329473,"Malmefjorden - Landbrukseiendom i vakre omgivelser på ca. 560 daa - Våningshus fra 2003, eldre våningshus og låve - Jakt","Kolbergvegen 50 og 52, 6445 Malmefjorden",6445,Malmefjorden,7 500 000 kr,7 688 590 kr,188 590 kr,,294 686 kr,Gårdsbruk/Småbruk,Selveier,,231 m² (BRA-i),231 m²,,3,,2003,,560 000 m² (eiet),560000,560.0,,1579,60,1,5,"Velkommen til gården Nøsen! Eiendommen ligger på Øvre Kolberg i Malmefjorden ca. 15 minutter kjøring fra Molde.  Det er gang- og sykkelavstand til Mobarn Sylte og Malme barnehage og Sylte barneskole. Fra eiendommen er det nydelig utsikt over Malmefjorden. - Gårdstunet består av våningshus oppført i 2003, eldre våningshus (total renoveringsobjekt) og eldre driftsbygning. Eiendommen består av 3 matrikler (60/1, 60/2 og 60/5) som tilhører landbrukseiendommen. Eiendommen har totalt 4 teiger med samlet areal på ca. 560 daa. -Eiendomme har jaktrett. Eiendommen er en det av Indre Fræna jaktvald. Våningshuset fra 2003 inkluderer følgende: 1. etasje: Hall m/trapp, stue/kjøkken, soverom, bad, vaskerom og toalettrom. Underetasje: Gang m/trapperom, soverom, soverom, bod, bod og bad. Boligen fremstår svært egnet for en familie. Ved behov for ytterligere soverom, kan eventuelt bodareal bruksendres. Minus Vis mindre NB: Knappen for å vise hele beskrivelsen har kun en visuell effekt. Pluss tegn Vis hele beskrivelsen NB: Knappen for å vise hele beskrivelsen har kun en visuell effekt. Salgsoppgaven beskriver vesentlig og lovpålagt informasjon om eiendommen Se komplett salgsoppgave Nyttige lenker Gi bud Bestill salgsoppgave Eiendommens hjemmeside Visning Ta kontakt for å avtale visning. Husk å lese komplett salgsoppgave før visning. Bestill komplett, utskriftsvennlig salgsoppgave. Visningspåmelding Gi bud Nyttige lenker Gi bud Bestill salgsoppgave Eiendommens hjemmeside Nærområdet Kart Kolbergvegen 50 og 52, 6445 Malmefjorden Annonseinformasjon FINN-kode 473329473 Sist endret 01. sep. 2026 06:11 Referanse 45260079 Rapporter annonse Annonsene kan være mangelfulle i forhold til lovpålagt opplysningsplikt. Før bindende avtale inngås oppfordres interessenter til å innhente komplett informasjon fra meglerforetaket, selger eller utleier.",2026-09-21T09:41:07+00:00
464467711,https://www.finn.no/realestate/homes/ad.html?finnkode=464467711,Søndre Boger gård - Sentral beliggenhet nær Ski med fire boenheter og stort potensiale - Godt tilrettelagt for hestehold,"Siggerudveien 665 og 666, 1425 Ski",1425,Ski,18 490 000 kr,18 967 140 kr,477 140 kr,,186 311 kr,Gårdsbruk/Småbruk,Selveier,,300 m² (BRA-i),300 m²,,5,,1876,2,362 700 m² (eiet),362700,362.7,,3207,95,1,5,"Søndre Boger gård har sentral beliggenhet mellom Siggerud og Ski. Her bor du med nærhet til både marka og omkringliggende byer. Eiendommen innehar et totalt areal på 362,7 daa., hvorav 17,8 daa. er dyrket mark og 308,9 daa. produktiv skog. Innholdsrik eiendom med stall, ridebane og beitemuligheter på egen eiendom. Stort potensiale for leieinntekter med blant annet bolighus med 3 boenheter. Revekjøkkenet er utleid og registrert i matrikkelen som enebolig. Stabbuet er innredet, men ikke omsøkt. Eiendommen er i tillegg godt tilrettelagt for hobbymekanikeren eller den bilinteresserte med bla. hobbyverksted med solceller og egen vindmølle og garasje med hele 6 porter. En svært innholdsrik eiendom med stort potensiale og gode muligheter for utleie. Velkommen på visning! Minus Vis mindre NB: Knappen for å vise hele beskrivelsen har kun en visuell effekt. Pluss tegn Vis hele beskrivelsen NB: Knappen for å vise hele beskrivelsen har kun en visuell effekt. Salgsoppgaven beskriver vesentlig og lovpålagt informasjon om eiendommen Se komplett salgsoppgave Nyttige lenker Bestill prospekt Gi bud Visning Ta kontakt for å avtale visning. Husk å lese komplett salgsoppgave før visning. Bestill komplett, utskriftsvennlig salgsoppgave. Visningspåmelding Gi bud Nyttige lenker Bestill prospekt Gi bud Nærområdet Kart Siggerudveien 665 og 666, 1425 Ski Annonseinformasjon FINN-kode 464467711 Sist endret 30. aug. 2026 04:14 Referanse GAR30.2637 Rapporter annonse Annonsene kan være mangelfulle i forhold til lovpålagt opplysningsplikt. Før bindende avtale inngås oppfordres interessenter til å innhente komplett informasjon fra meglerforetaket, selger eller utleier.",2026-09-21T09:41:08+00:00
470008888,https://www.finn.no/realestate/homes/ad.html?finnkode=470008888,Småbruk på ca. 400 mål med driftsbygninger | Våningshus med moderniseringsbehov | Landlig beliggenhet i Svatsum,"Svatsum Øverbygd 678, 2657 Svatsum",2657,Svatsum,1 350 000 kr,1 384 840 kr,34 840 kr,,,Gårdsbruk/Småbruk,Selveier,,184 m² (BRA-i),224 m²,,3,,1920,3,400 800 m² (eiet),400800,400.8,,3441,92,11,5,"Velkommen til Svatsum Øverbygd 678! Et småbruk med en eldre bolig, driftsbygninger og et stort tomteareal. Eiendommen ligger landlig til i Svatsum, med kort vei til dagligvare. Våningshuset fra 1920 er utvidet i etapper og har en eldre standard med moderniseringsbehov, men gir et godt utgangspunkt for den som vil skape sitt eget hjem. Gården er omfattende med flere uthus, låve og garasje som gir rikelig med lagringsplass og rom for ulike aktiviteter. Eiendommen er på ca. 400 mål. Høydepunkter: - Småbruk med ca. 400 mål eiet tomt - Våningshus med moderniseringsbehov - Låve/fjøs, garasje, stabbur og flere uthus - Ny luft-til-luft varmepumpe fra 2024 - Jøtul vedovner og åpen peis - Sørvestvendt veranda Velkommen til visning! Minus Vis mindre NB: Knappen for å vise hele beskrivelsen har kun en visuell effekt. Pluss tegn Vis hele beskrivelsen NB: Knappen for å vise hele beskrivelsen har kun en visuell effekt. Salgsoppgaven beskriver vesentlig og lovpålagt informasjon om eiendommen Se komplett salgsoppgave Nyttige lenker Meld interesse Se komplett salgsoppgave Gi bud Visning Velkommen til visning! Meld deg på ved å trykke ""visningspåmelding"" i våre boligannonser. Visning med megler til stede vil ikke bli avholdt uten påmeldinger. Ta gjerne kontakt med megler i forkant av visningen om du har spørsmål. Visningspåmelding Gi bud Nyttige lenker Meld interesse Se komplett salgsoppgave Gi bud Nærområdet Kart Svatsum Øverbygd 678, 2657 Svatsum Annonseinformasjon FINN-kode 470008888 Sist endret 19. aug. 2026 12:20 Referanse 503260176 Rapporter annonse Annonsene kan være mangelfulle i forhold til lovpålagt opplysningsplikt. Før bindende avtale inngås oppfordres interessenter til å innhente komplett informasjon fra meglerforetaket, selger eller utleier.",2026-09-21T09:41:09+00:00
473772466,https://www.finn.no/realestate/homes/ad.html?finnkode=473772466,"Småbruk med sentral beliggenhet og flott utsikt. 110 dekar, hvorav 107 dekar produktiv skog. Jaktrettigheter.","Gjølmeslibakken 17, 7300 Orkanger",7300,Orkanger,1 750 000 kr,1 794 840 kr,44 840 kr,,,Gårdsbruk/Småbruk,Selveier,,155 m² (BRA-i),178 m²,,3,,1934,,110 300 m² (eiet),110300,110.3,G - Rød,5059,257,51,5,"BELIGGENHET: Eiendommen ligger svært sentralt med flott utsikt utover Orkanger. JORD, SKOG OG TUN Eiendommen består av i alt 110,3 dekar eiendomsgrunn, hvorav 107,5 dekar produktiv skog, 2,2 dekar annet markslag og 0,6 dekar vei. JAKT Jaktrettigheter tilligger eiendommen. Gjølme-Gjønnes Grunneierlag SA disponerer ca. 23.351 dekar som er fordelt på 2 jaktlag. Nærværende eiendom sokner til Ålvatnet jaktlag som disponerer ca. 20% av arealet. Velkommen til visning torsdag 27. august fra kl. 16.00 til 16.30! Minus Vis mindre NB: Knappen for å vise hele beskrivelsen har kun en visuell effekt. Pluss tegn Vis hele beskrivelsen NB: Knappen for å vise hele beskrivelsen har kun en visuell effekt. Salgsoppgaven beskriver vesentlig og lovpålagt informasjon om eiendommen Se komplett salgsoppgave Nyttige lenker NIBIO gårdskart Gi bud Bestill salgsoppgave Eiendommens hjemmeside Visning Ta kontakt for å avtale visning. Husk å lese komplett salgsoppgave før visning. Bestill komplett, utskriftsvennlig salgsoppgave. Visningspåmelding Gi bud Nyttige lenker NIBIO gårdskart Gi bud Bestill salgsoppgave Eiendommens hjemmeside Nærområdet Kart Gjølmeslibakken 17, 7300 Orkanger Annonseinformasjon FINN-kode 473772466 Sist endret 28. aug. 2026 06:02 Referanse 332260036 Rapporter annonse Annonsene kan være mangelfulle i forhold til lovpålagt opplysningsplikt. Før bindende avtale inngås oppfordres interessenter til å innhente komplett informasjon fra meglerforetaket, selger eller utleier.",2026-09-21T09:41:10+00:00
433099335,https://www.finn.no/realestate/homes/ad.html?finnkode=433099335,"Småbruk ca.1,5 time fra Oslo med sjarm og muligheter | 40,7 dekar | Enebolig, låve og verksted.","Vellingrovegen 521, 2264 Grinder",2264,Grinder,2 500 000 kr,2 563 830 kr,63 830 kr,,,Gårdsbruk/Småbruk,Selveier,,193 m² (BRA-i),428 m²,,4,,1974,,40 700 m² (eiet),40700,40.7,G - Mørkegrønn,3417,47,17,7,"Ca. 40,7 dekar med jord og skog, gode lagringsmuligheter og tilgang til jakt og fiske i nærområdet. Kan selges fullt utstyrt. Skogteig  Holtmyra  (gnr/bnr 52/36) på ca. 12,1 dekar med variert skog, herunder bjørk til vedproduksjon, gran og furuskog medfølger i tillegg. Teigen ligger i tilknytning til eiendommen og følger småbruket. Ta også kontakt for visning når du ønsker. Tlf/sms til 90134553  Velkommen Minus Vis mindre NB: Knappen for å vise hele beskrivelsen har kun en visuell effekt. Pluss tegn Vis hele beskrivelsen NB: Knappen for å vise hele beskrivelsen har kun en visuell effekt. Salgsoppgaven beskriver vesentlig og lovpålagt informasjon om eiendommen Se komplett salgsoppgave Nyttige lenker Gi bud Bestill salgsoppgave Eiendommens hjemmeside Visning Ta kontakt for å avtale visning. Husk å lese komplett salgsoppgave før visning. Bestill komplett, utskriftsvennlig salgsoppgave. Visningspåmelding Nyttige lenker Gi bud Bestill salgsoppgave Eiendommens hjemmeside Nærområdet Kart Vellingrovegen 521, 2264 Grinder Annonseinformasjon FINN-kode 433099335 Sist endret 15. sep. 2026 13:14 Referanse 31250156 Rapporter annonse Annonsene kan være mangelfulle i forhold til lovpålagt opplysningsplikt. Før bindende avtale inngås oppfordres interessenter til å innhente komplett informasjon fra meglerforetaket, selger eller utleier.",2026-09-21T09:41:12+00:00
413974334,https://www.finn.no/realestate/homes/ad.html?finnkode=413974334,"Hel tomannsbolig med leieinntekter - Stall, to ridebaner, trippelgarasje & stabbur. 15 min fra Lillestrøm","Hølandsveien 57 A &amp; B, 1903 Gan",1903,Gan,9 990 000 kr,10 259 340 kr,269 340 kr,,286 162 kr,Gårdsbruk/Småbruk,Selveier,,255 m² (BRA-i),255 m²,,5,,1900,,288 400 m² (eiet),288400,288.4,,3205,455,28,3,"Velkommen til Hølandsveien 57A&B - En flott landbrukseiendom som består av en hel tomannsbolig med leieinntekter, trippelgarasje, stabbur, stall og to ridebaner. Tomannsboligen er opprinnelig oppført ca. 1900 og ble i 2005 ombygd til en horisontaldelt tomannsbolig med egen inngang i hver etasje. Kjøkken og stue i begge etasjer ble betydelig oppgradert i 2021, og fremstår som moderne og funksjonelle. Stallen har 11 stallplasser, og i etasjen over er det et herlig oppholdsrom med god boltreplass til både hverdag og fest. Her er det også et innredet treningsrom. Videre er det to ridebaner. Denne eiendommen gir deg en unik mulighet til å bo idyllisk og landlig, men samtidig kort vei til både Lillestrøm og Oslo. Det er gangavstand til skole og barnehage. Minus Vis mindre NB: Knappen for å vise hele beskrivelsen har kun en visuell effekt. Pluss tegn Vis hele beskrivelsen NB: Knappen for å vise hele beskrivelsen har kun en visuell effekt. Salgsoppgaven beskriver vesentlig og lovpålagt informasjon om eiendommen Se komplett salgsoppgave Nyttige lenker Eiendommens hjemmeside Visning Alle våre visninger har påmelding. På denne måten sikrer vi at megler har god oversikt og tid til å imøtekomme alle interessenter på beste måte. Dette er veldig verdifullt for boligkjøpere og for oss. Det er enkelt å melde seg på, og du kan like enkelt melde deg av. Kontakt også gjerne megler i forkant av visning dersom du har spørsmål. Husk å lese komplett salgsoppgave før visning. Bestill komplett, utskriftsvennlig salgsoppgave. Visningspåmelding Gi bud Nyttige lenker Eiendommens hjemmeside Nærområdet Kart Hølandsveien 57 A &amp; B, 1903 Gan Annonseinformasjon FINN-kode 413974334 Sist endret 21. aug. 2026 04:06 Referanse 24230038 Rapporter annonse Annonsene kan være mangelfulle i forhold til lovpålagt opplysningsplikt. Før bindende avtale inngås oppfordres interessenter til å innhente komplett informasjon fra meglerforetaket, selger eller utleier.",2026-09-21T09:41:13+00:00
473036783,https://www.finn.no/realestate/homes/ad.html?finnkode=473036783,Kruke - Unik kulturskatt | Storgård i Heidal | 3159 daa. | 8 000 kubikk hogstmoden skog | Andel i sameie på 13 000 daa.,"Øverbygdsvegen 1230, 2676 Heidal",2676,Heidal,19 000 000 kr,19 476 090 kr,476 090 kr,,584 503 kr,Gårdsbruk/Småbruk,Selveier,,293 m² (BRA-i),434 m²,,0,,1805,,,,,,3437,184,1,5,"Kruke er en av de best bevarte og mest unike kulturskattene i Gudbrandsdalen. Det monumentale gårdstunet i Heidal består av 20 bygninger med røtter fra 1600-tallet, inkludert et fredet våningshus, kårbolig, Marcellolåven og selskapslokaler i det ombygde fjøset. Eiendommen har et totalareal på ca. 3147 daa, med 235 daa jordbruksareal og 1218 daa produktiv skog. Fra tunet er det en nydelig utsikt over kulturlandskapet og utmerkede solforhold. Med eiendommen følger et idyllisk setertun på Kruksætra og en historisk fiskebu med beite- og fiskerett i Øvre Heidal Sameie (13 000 daa). Kruke er en sjelden landbrukseiendom med store naturressurser som egner seg perfekt for skogsdrift, jakt, fiske og historisk gårdsturisme. Minus Vis mindre NB: Knappen for å vise hele beskrivelsen har kun en visuell effekt. Pluss tegn Vis hele beskrivelsen NB: Knappen for å vise hele beskrivelsen har kun en visuell effekt. Salgsoppgaven beskriver vesentlig og lovpålagt informasjon om eiendommen Se komplett salgsoppgave Nyttige lenker Bestill prospekt Gi bud Hjemmeside Visning Ta kontakt for å avtale visning. Husk å lese komplett salgsoppgave før visning. Bestill komplett, utskriftsvennlig salgsoppgave. Visningspåmelding Gi bud Nyttige lenker Bestill prospekt Gi bud Hjemmeside Nærområdet Kart Øverbygdsvegen 1230, 2676 Heidal Annonseinformasjon FINN-kode 473036783 Sist endret 18. aug. 2026 10:51 Referanse GAR30.2664 Rapporter annonse Annonsene kan være mangelfulle i forhold til lovpålagt opplysningsplikt. Før bindende avtale inngås oppfordres interessenter til å innhente komplett informasjon fra meglerforetaket, selger eller utleier.",2026-09-21T09:41:14+00:00
469995524,https://www.finn.no/realestate/homes/ad.html?finnkode=469995524,"Innholdsrikt småbruk med våningshus, driftsbygning & uthus | Naturskjønne omgivelser | Nytt tak 2015 | Tomt på 6283 m²","Skaugdalsveien 905, 7100 Rissa",7100,Rissa,1 999 000 kr,2 050 060 kr,51 060 kr,,1 044 800 kr,Gårdsbruk/Småbruk,Selveier,,198 m² (BRA-i),777 m²,,7,,1976,2,6 284 m² (eiet),6284,6.3,,5054,106,19,5,"Velkommen til Skaugdalsveien 905! - innholdsrikt småbruk med våningshus, driftsbygning og uthus. Tomten er på 6 283m², med totalt 6 bygninger. Her bor du i naturskjønne omgivelser, med kort avstand til både turmuligheter, skole og nødvendige fasiliteter. Våningshuset strekker seg over tre plan og er på 198m². Her finner du bl.a. romslige oppholdsrom som stue, kjøkken, bad og hele syv soverom. Her er det god plass til å innrede og muligheter for kreativ utfoldelse. Verdt å merke seg: Nytt tak fra 2015 Sikringsskap skiftet Tomt på ca. 6,3 dekar Syv romslige soverom Potensiale for å huse og trene hester Perfekt for deg som ønsker god plass Stort kjøkken og stue med lysinnslipp fra tre himmelretninger Velkommen til visning! Minus Vis mindre NB: Knappen for å vise hele beskrivelsen har kun en visuell effekt. Pluss tegn Vis hele beskrivelsen NB: Knappen for å vise hele beskrivelsen har kun en visuell effekt. Salgsoppgaven beskriver vesentlig og lovpålagt informasjon om eiendommen Se komplett salgsoppgave Nyttige lenker Eiendommens hjemmeside Visning Alle våre visninger har påmelding. Meld deg opp til ønsket visningstidspunkt via linken  visningspåmelding , eller kontakt megler på telefon, SMS eller mail. Vi anbefaler at salgsoppgaven lastes ned digitalt, og oppfordrer alle til å lese komplett salgsoppgave før visning. Skulle det mot formodning ikke være påmeldte til angitt visningstidspunkt vil ikke visning bli gjennomført. Husk å lese komplett salgsoppgave før visning. Bestill komplett, utskriftsvennlig salgsoppgave. Visningspåmelding Gi bud Nyttige lenker Eiendommens hjemmeside Nærområdet Kart Skaugdalsveien 905, 7100 Rissa Annonseinformasjon FINN-kode 469995524 Sist endret 09. sep. 2026 18:12 Referanse 14-26-0131 Rapporter annonse Annonsene kan være mangelfulle i forhold til lovpålagt opplysningsplikt. Før bindende avtale inngås oppfordres interessenter til å innhente komplett informasjon fra meglerforetaket, selger eller utleier.",2026-09-21T09:41:16+00:00
473271448,https://www.finn.no/realestate/homes/ad.html?finnkode=473271448,Landbrukseiendom på 421 dekar med flott beliggenhet ved Lysøysundet.,"Oldnesveien 9, 7168 Lysøysundet",7168,Lysøysundet,1 990 000 kr,2 040 840 kr,50 840 kr,,,Gårdsbruk/Småbruk,Selveier,,60 m² (BRA-i),73 m²,,2,,,,,,,Tomt,5057,68,1,5,"Eiendommen ligger landlig og idyllisk til i Olden i Ørland kommune. Omgitt av jordbruksarealer, skog og vakker trøndersk natur. Fra eiendommen er det kort avstand til sjøen og de attraktive friluftsområdene som ligger rundt Lysøysundet og Olden. Her er det gode muligheter for jakt, fiske, båtliv og naturopplevelser året rundt. Det er kort vei, ca. 5 min med bil til Lysøysundet med bla. dagligvarebutikk og restaurant/pub. Til Bjugn er det ca. 15 min kjøretur og Brekstad ca. 30 min. Eiendommen er på 421 dekar hvorav 80,7 dekar er dyrka og 150,6 dekar produktiv skog. Gårdstunet inneholder et koselig bolighus (kårbolig) og et stabbur. I tillegg er det et tidligere våningshus som er kondemnabelt etter en brann og grunnmur etter tidligere driftsbygning. Minus Vis mindre NB: Knappen for å vise hele beskrivelsen har kun en visuell effekt. Pluss tegn Vis hele beskrivelsen NB: Knappen for å vise hele beskrivelsen har kun en visuell effekt. Salgsoppgaven beskriver vesentlig og lovpålagt informasjon om eiendommen Se komplett salgsoppgave Nyttige lenker NIBIO gårdskart Gi bud Bestill salgsoppgave Eiendommens hjemmeside Visning Ta kontakt for å avtale visning. Husk å lese komplett salgsoppgave før visning. Bestill komplett, utskriftsvennlig salgsoppgave. Visningspåmelding Gi bud Nyttige lenker NIBIO gårdskart Gi bud Bestill salgsoppgave Eiendommens hjemmeside Nærområdet Kart Oldnesveien 9, 7168 Lysøysundet Annonseinformasjon FINN-kode 473271448 Sist endret 18. sep. 2026 06:02 Referanse 332260034 Rapporter annonse Annonsene kan være mangelfulle i forhold til lovpålagt opplysningsplikt. Før bindende avtale inngås oppfordres interessenter til å innhente komplett informasjon fra meglerforetaket, selger eller utleier.",2026-09-21T09:41:17+00:00
473020002,https://www.finn.no/realestate/homes/ad.html?finnkode=473020002,Solrikt og koselig småbruk tilrettelagt for hestehold. Sjarmerende enebolig med bad oppusset i 2026. Stor låve på 250m².,"Horndalsvegen 756, 2410 Hernes",2410,Hernes,2 400 000 kr,2 461 390 kr,61 390 kr,,424 850 kr,Gårdsbruk/Småbruk,Selveier,,106 m² (BRA-i),356 m²,,2,,1939,2,65 991 m² (eiet),65991,66.0,Rom,3420,100,124,5,"Velkommen til Horndalsvegen 756! Et koselig småbruk på ca. 66 mål med ca. 19,8 mål fulldyrka jord og ca. 36,8 mål produktiv skog. Småbruket ""Dalseng"" er bebygd med en enebolig fra 1939 og en låve fra ukjent årstall. Boligen har en god planløsning med entré, kjøkken, stue og bad/vaskerom i 1. etasje, samt 2 soverom i 2. etasje. Boligen har nyoppusset baderom, men har behov for noe oppgraderinger og modernisering for å tilfredsstille dagens krav til standard. Småbruket har en solrik og landlig beliggenhet i Horndalen i Hernes. Det er fine friarealer i umiddelbar nærhet, og området er kjent for å ha et rikholdig dyreliv og fine jaktmuligheter. Fra eiendommen er det ca. 8 km til barneskole, barnehage og til Herneshallen med en rekke aktivitetstilbud, samt ca. 13,5 km til Elverum sentrum. Minus Vis mindre NB: Knappen for å vise hele beskrivelsen har kun en visuell effekt. Pluss tegn Vis hele beskrivelsen NB: Knappen for å vise hele beskrivelsen har kun en visuell effekt. Salgsoppgaven beskriver vesentlig og lovpålagt informasjon om eiendommen Se komplett salgsoppgave Visning Ta kontakt for å avtale visning. Husk å lese komplett salgsoppgave før visning. Bestill komplett, utskriftsvennlig salgsoppgave. Visningspåmelding Gi bud Nærområdet Kart Horndalsvegen 756, 2410 Hernes Annonseinformasjon FINN-kode 473020002 Sist endret 18. sep. 2026 10:24 Referanse 1211260054 Rapporter annonse Annonsene kan være mangelfulle i forhold til lovpålagt opplysningsplikt. Før bindende avtale inngås oppfordres interessenter til å innhente komplett informasjon fra meglerforetaket, selger eller utleier.",2026-09-21T09:41:18+00:00
473277302,https://www.finn.no/realestate/homes/ad.html?finnkode=473277302,Gårdsbruk med meget pent opparbeidet/​beliggende tun. Sykkel avstand til Steinkjer. Flott utsikt og sol. Barnevennlig,"Rådesvegen 295, 7718 Steinkjer",7718,Steinkjer,8 900 000 kr,9 123 590 kr,223 590 kr,,605 202 kr,Gårdsbruk/Småbruk,Selveier,,334 m² (BRA-i),625 m²,,5,,1917,,807 000 m² (eiet),807000,807.0,,5006,182,2,5,"Øver Råde er en velholdt attraktiv boplass og landbrukseiendom beliggende i Ogndal i Steinkjer kommune. Eiendommen har et totalareal på 807,9 daa. Av dette er 153,7 daa fulldyrket jord, 23,4 daa beiter, 613,6 daa produktiv skog, samt utmark og annet areal. Romslig gårdstun som ligger fint til med utsikt mot både Fossemvatnet og Reinsvatnet. Pent opparbeidet og skjermet hageareal med terrasser, jacuzzi, hagestue, vannspeil, beplantning, grønnsakhage mm. Bebyggelsen består av trønderlån med bla. 2 bad, 6 soverom, 3 stue og stort kjøkken. Garasje med isolert kontor og hjemmekino, samt en eldre driftsbygning som benyttes som lagringsplass. Våningshus fremstår som herskapelig og i meget god stand. Bygningen ble betydelig oppusset 2000/2001, videre ble gang, inkl bla. bad, inngangsparti tatt 2020. Stue oppusset 2015. Flott beliggenhet med vid utsikt og gode solforhold Jorda leies i dag ut til beiter og kornproduksjon. Eiendommen har jaktrettigheter. Minus Vis mindre NB: Knappen for å vise hele beskrivelsen har kun en visuell effekt. Pluss tegn Vis hele beskrivelsen NB: Knappen for å vise hele beskrivelsen har kun en visuell effekt. Salgsoppgaven beskriver vesentlig og lovpålagt informasjon om eiendommen Se komplett salgsoppgave Nyttige lenker Eiendommens hjemmeside Bestill salgsoppgave Visning Ta kontakt for å avtale visning. Husk å lese komplett salgsoppgave før visning. Bestill komplett, utskriftsvennlig salgsoppgave. Visningspåmelding Gi bud Nyttige lenker Eiendommens hjemmeside Bestill salgsoppgave Nærområdet Kart Rådesvegen 295, 7718 Steinkjer Annonseinformasjon FINN-kode 473277302 Sist endret 03. sep. 2026 06:00 Referanse 52260040 Rapporter annonse Annonsene kan være mangelfulle i forhold til lovpålagt opplysningsplikt. Før bindende avtale inngås oppfordres interessenter til å innhente komplett informasjon fra meglerforetaket, selger eller utleier.",2026-09-21T09:41:20+00:00
473268523,https://www.finn.no/realestate/homes/ad.html?finnkode=473268523,"Eldre småbruk med skogteiger, skogskoie og andel i privatsameie med jakt- og fiskerettigheter. Usjenert beliggenhet.","Brendavegen 109, 2930 Bagn",2930,Bagn,1 800 000 kr,1 846 390 kr,46 390 kr,,19 484 kr,Gårdsbruk/Småbruk,Selveier,,135 m² (BRA-i),275 m²,,3,,1850,2,270 197 m² (eiet),270197,270.2,,3449,50,2,5,"Drømmer du om et eldre småbruk med usjenerte beliggenhet, naturskjønne omgivelser og kort vei til fine fjellområder? Da bør du ta en nærmere titt på  Søre Brenn . Gårdstunet ligger i Lundebygda, om lag 3 km fra E16 og kun ca. 10 minutters kjøring fra Bagn sentrum. På gårdstunet finner du et tradisjonelt bygningsmiljø bestående av våningshus, stabbur, eldhus, låve, fjøs og garasje. På Bagn Vestås følger det i tillegg med en enkel skogskoie og et uthus. Eiendommen omfatter også skogteiger samt andel i Bagn og Reinli Privatsameige. Småbruket har behov for oppgradering og vedlikehold, men byr samtidig på et spennende utgangspunkt for deg som ønsker å sette ditt eget preg på eiendommen og videreutvikle dens potensial. Velkommen til visning! Minus Vis mindre NB: Knappen for å vise hele beskrivelsen har kun en visuell effekt. Pluss tegn Vis hele beskrivelsen NB: Knappen for å vise hele beskrivelsen har kun en visuell effekt. Salgsoppgaven beskriver vesentlig og lovpålagt informasjon om eiendommen Se komplett salgsoppgave Visning Ta kontakt for å avtale visning. Husk å lese komplett salgsoppgave før visning. Bestill komplett, utskriftsvennlig salgsoppgave. Visningspåmelding Gi bud Nærområdet Kart Brendavegen 109, 2930 Bagn Annonseinformasjon FINN-kode 473268523 Sist endret 26. aug. 2026 18:36 Referanse 1201260087 Rapporter annonse Annonsene kan være mangelfulle i forhold til lovpålagt opplysningsplikt. Før bindende avtale inngås oppfordres interessenter til å innhente komplett informasjon fra meglerforetaket, selger eller utleier.",2026-09-21T09:41:21+00:00
465708748,https://www.finn.no/realestate/homes/ad.html?finnkode=465708748,"NATURKSJØNN SMÅBRUKSIDYLL PÅ 113 DAA | 3 badstuer, badebrønn og sjarmerende gårdstun | Solrik beliggenhet","Skogaveien 15, 7113 Husbysjøen",7113,Husbysjøen,3 400 000 kr,3 486 090 kr,86 090 kr,,,Gårdsbruk/Småbruk,Selveier,,289 m² (BRA-i),289 m²,,3,,1989,,113 660 m² (eiet),113660,113.7,D - Gul,5054,160,10,7,"Velkommen til Skogaveien 15 - en innholdsrik landbrukseiendom med idyllisk og usjenert beliggenhet. Her får du en sjelden mulighet til å sikre deg en eiendom i naturskjønne omgivelser, med frodige jorder, vakker natur og flotte utsiktsforhold. Med fjøsbygning, flere uthus og produktive arealer ligger forholdene godt til rette for deg som ønsker god plass rundt deg og nærhet til naturen. Kvaliteter verdt å fremheve: - Romslig våningshus på hele 289 kvadratmeter - Flere gode soverom og fleksible bruksmuligheter - Store og innbydende oppholdsrom med god plass til hele familien - Sjarmerende gårdstun med fjøsbygning og flere uthus - Tre badstuer; elektrisk badstu, røykbadstu og vedfyrt badstu - Stor garasje med montert elbil-lader - Varmepumpe og vedfyring - Flislagt kjelleretasje med flere gode oppholds- og bruksrom - Fjøsbygning med muligheter for dyrehold, lagring eller hobbyvirksomhet - Produktiv skog og jordbruksarealer med gode utnyttelsesmuligheter Velkommen til hyggelig visning! Minus Vis mindre NB: Knappen for å vise hele beskrivelsen har kun en visuell effekt. Pluss tegn Vis hele beskrivelsen NB: Knappen for å vise hele beskrivelsen har kun en visuell effekt. Salgsoppgaven beskriver vesentlig og lovpålagt informasjon om eiendommen Se komplett salgsoppgave Nyttige lenker Gi bud Bestill salgsoppgave Eiendommens hjemmeside Hjemmeside Visning Ta kontakt for å avtale visning. Husk å lese komplett salgsoppgave før visning. Bestill komplett, utskriftsvennlig salgsoppgave. Visningspåmelding Gi bud Nyttige lenker Gi bud Bestill salgsoppgave Eiendommens hjemmeside Hjemmeside Nærområdet Kart Skogaveien 15, 7113 Husbysjøen Annonseinformasjon FINN-kode 465708748 Sist endret 18. sep. 2026 13:10 Referanse 7260030 Rapporter annonse Annonsene kan være mangelfulle i forhold til lovpålagt opplysningsplikt. Før bindende avtale inngås oppfordres interessenter til å innhente komplett informasjon fra meglerforetaket, selger eller utleier.",2026-09-21T09:41:23+00:00
473333678,https://www.finn.no/realestate/homes/ad.html?finnkode=473333678,"Sjarmerende småbruk i havgapet! Enebolig m/​utleiemulighet fra 1981, dobbelgarasje, torvsjå, uthus og stabbur - 106 mål","Demmevegen 47, 6295 Myklebust",6295,Myklebust,1 750 000 kr,1 795 100 kr,45 100 kr,,478 718 kr,Gårdsbruk/Småbruk,Selveier,,234 m² (BRA-i),383 m²,,5,,1981,,106 717 m² (eiet),106717,106.7,Rom,1508,814,11,5,"Demmevegen 47 er et sjarmerende småbruk på Myklebust på Harøya som byr på en idyllisk beliggenhet, nydelig utsikt og mange muligheter Tore Magerøy i EIE eiendomsmegling Molde ønsker hjertelig velkommen til det som kan bli ditt nye hjem! Bygningmassen har oppussingsbehov/oppgraderingsbehov, men det gir muligheter for å skape tilpasse det etter egne behov. Eneboligen er fra 80-tallet og har stort sett standard fra den tiden, men med sin gode og praktiske planløsning har man et godt utgangspunkt! Kjøkken og stue oppusset i nyere tid. Dobbelgarasje inntil huset. Videre har man torvsjå med traktorgarasje, stabbur og uthus. Det er ikke i drift på eiendommen i dag. Eiendommen er fordelt over 9 teiger med totalt 106,7 dekar (daa) med følgende arealfordeling: Fulldyrka jord - 25 daa. Innmarksbeite - 5 daa. Uproduktiv skog - 5,5 daa. Myr uten skog - 59,4 daa. Jorddekt fastmark - 1,6 daa. Skrinn fastmark - 7,8 daa. Bebygd, samf., vann, bre - 2,5 daa. Husk påmelding! Minus Vis mindre NB: Knappen for å vise hele beskrivelsen har kun en visuell effekt. Pluss tegn Vis hele beskrivelsen NB: Knappen for å vise hele beskrivelsen har kun en visuell effekt. Salgsoppgaven beskriver vesentlig og lovpålagt informasjon om eiendommen Se komplett salgsoppgave Nyttige lenker Gi bud Bestill salgsoppgave Eiendommens hjemmeside Visning mandag, 21. september 16:00 – 17:00 Legg til i kalender For å yte premium rådgivning, har alle våre visninger påmelding. Dette sikrer at megler har god oversikt og tid til å imøtekomme alle interessenter på aller beste måte. Dersom ingen melder seg 24 timer før visning , blir visningen avlyst. Husk å lese komplett salgsoppgave før visning. Bestill komplett, utskriftsvennlig salgsoppgave. Visningspåmelding Nyttige lenker Gi bud Bestill salgsoppgave Eiendommens hjemmeside Nærområdet Kart Demmevegen 47, 6295 Myklebust Annonseinformasjon FINN-kode 473333678 Sist endret 11. sep. 2026 09:51 Referanse 21260164 Rapporter annonse Annonsene kan være mangelfulle i forhold til lovpålagt opplysningsplikt. Før bindende avtale inngås oppfordres interessenter til å innhente komplett informasjon fra meglerforetaket, selger eller utleier.",2026-09-21T09:41:24+00:00
468150605,https://www.finn.no/realestate/homes/ad.html?finnkode=468150605,"Idyllisk beliggende landbrukseiendom med våningshus, større bygningsmasse og flere gbnr | Oppussingsobjekt","Kalfossvegen 29 og 41, 2280 Gjesåsen",2280,Gjesåsen,4 200 000 kr,4 306 090 kr,106 090 kr,,,Gårdsbruk/Småbruk,Selveier,,271 m² (BRA-i),1 443 m²,,3,,1951,2,159 977 m² (eiet),159977,160.0,,3418,79,4,7,"Innholdsrik landbrukseiendom med et stort, åpent tun, flere gårds- og bruksnummer og større bygningsmasse! Dette er en idyllisk beliggende eiendom i et rolig kulturlandskap i Åsnes. Våningshuset er romslig med tre soverom og flere stuer, og gir gode muligheter for småskala landbruk, enkelt dyrehold eller plasskrevende hobbyer. På det store tunet finner du en driftsbygning med dobbel garasje, et potetlager og et sjarmerende stabbur. Et eldre bolighus og en låve beliggende i noe avstand fra hovedtunet medfølger også. Det må påregnes kostnad knyttet til oppussing av bygningsmassen og oppgradering av avløpsanlegget. Jord med driveplikt er forpaktet bort med kontrakt ut 2029. Fra eiendommen er det kort vei til Flisa sentrum med de fleste servicetilbud. Velkommen til visning! Minus Vis mindre NB: Knappen for å vise hele beskrivelsen har kun en visuell effekt. Pluss tegn Vis hele beskrivelsen NB: Knappen for å vise hele beskrivelsen har kun en visuell effekt. Salgsoppgaven beskriver vesentlig og lovpålagt informasjon om eiendommen Se komplett salgsoppgave Nyttige lenker Meld interesse Se komplett salgsoppgave Gi bud Visning tirsdag, 22. september 16:00 – 17:00 Legg til i kalender Velkommen til visning! Meld deg på ved å trykke ""visningspåmelding"" i våre boligannonser. Visning med megler til stede vil ikke bli avholdt uten påmeldinger. Påmeldingsfrist er innen kl 16 00 dagen før annonsert visning. Det ønskes kun seriøse henvendelser . Ta gjerne kontakt med megler i forkant av visningen om du har spørsmål. Visningspåmelding Gi bud Nyttige lenker Meld interesse Se komplett salgsoppgave Gi bud Nærområdet Kart Kalfossvegen 29 og 41, 2280 Gjesåsen Annonseinformasjon FINN-kode 468150605 Sist endret 11. sep. 2026 19:23 Referanse 514260037 Rapporter annonse Annonsene kan være mangelfulle i forhold til lovpålagt opplysningsplikt. Før bindende avtale inngås oppfordres interessenter til å innhente komplett informasjon fra meglerforetaket, selger eller utleier.",2026-09-21T09:41:26+00:00
473329297,https://www.finn.no/realestate/homes/ad.html?finnkode=473329297,"Landbrukseiendom med stor skog! Jord og beiter, 2 boliger, stor låve og vognskjul","Rakkestadveien 684, 1764 Halden",1764,Halden,9 000 000 kr,9 226 090 kr,226 090 kr,,443 911 kr,Gårdsbruk/Småbruk,Selveier,,282 m² (BRA-i),282 m²,,3,,1988,,1 719 000 m² (eiet),1719000,1719.0,D - Gul,3101,131,1,7,"Arealer Totalt bruksareal: 282,0 m² BRA-i: 282,0 m² BRA-e: 231,0 m² BRA-b: 0,0 m² I tillegg kommer TBA (terrasse-/balkongareal): 8,0 m² BRA-i: Internt bruksareal. BRA-e: Eksternt bruksareal. Dersom dette arealet befinner seg i sameie, borettslag, aksjesalg e.l. vil normalt sett disse arealene ikke være eid av boligen, de er kun disponert på salgstidspunktet. Arealet kan f. eks. omrokeres av styret i ettertid. BRA-b: Innglasset balkong. GUA: Gulvareal. ALH: Areal med lav himlingshøyde. Se vedlagte tilstandsrapport for nærmere beskrivelse av arealene. Arealene er oppmålt av bygningssakkyndig og ikke kontrollert/oppmålt av eiendomsmegler. Arealene er oppgitt iht NS 3940 Areal- og volumberegninger av bygninger. Ryggerød er en innholdsrik landbrukseiendom med attraktiv beliggenhet i Rokke-området nord i Halden kommune. Eiendommen ligger med direkte adkomst fra fylkesvei 220 og har kort vei til Halden sentrum, samtidig som den byr på rolig og naturnær beliggenhet omgitt av skog, jordbrukslandskap og gode rekreasjonsmuligheter. Eiendommen fremstår som en tradisjonell skog- og landbrukseiendom med et velordnet tun og betydelige utmarksressurser. Eiendommen omfatter totalt ca. 1 719 dekar og består av om lag 27 dekar fulldyrket jord og ca.  1 680 dekar skog og utmark samt tun- og bebygde arealer. Arealene ligger samlet i én hovedteig, noe som gir gode driftsmessige forhold og enkel forvaltning av ressursene. Skogressursene utgjør eiendommens største verdigrunnlag. Den produktive skogen omfatter om lag 1 632 dekar ifølge skogbruksplanen, og består hovedsakelig av furuskog på lave og middels boniteter. Eiendommen har store sammenhengende skogarealer med betydelige langsiktige produksjonsmuligheter, god adkomst til offentlig veinett og etablert velteplass for tømmerdrift. Det foreligger oppdatert skogbruksplan som gir et godt grunnlag for videre skogforvaltning. Jordbruksarealene ligger i tilknytning til tunet og fremstår som lettdrevne arealer med tilfredsstillende arrondering. I tillegg finnes et tidligere jordbruksareal som de senere årene har vært benyttet til juletre-produksjon, og som representerer et potensial for videre bruk. Tunet består av en romslig hovedbolig fra 1988 og en eldre kårbolig, Tradisjonell låve/driftsbygning og et lite vognskjul. Hovedbolig er bygget i år 1988 og har gjennomgått flere oppgraderinger de senere år, blant annet nytt kjøkken og oppgraderinger av deler av det elektriske anlegget. Boligen har en romslig og funksjonell planløsning fordelt over tre plan, vannbåren varme og gode bokvaliteter for en familie som ønsker å kombinere bolig og landbruk. Det opprinnelige våningshuset; kårboligen har rehabiliteringsbehov, men fremstår med et stort potensial. Kårboligen representerer et utviklingspotensial for den som ønsker å restaurere og bevare gårdens historiske preg. Således kan gården passe både som generasjonsbruk eller gi gode muligheter til leieinntekter. Bygningenes plassering danner et firkant-tun og bidrar til et tradisjonelt og autentisk gårds-miljø. Låven har stor bruks-flate og kan benyttes til lager, for redskaper eller andre formål. Eiendommen passer godt for kjøpere som ønsker en omfattende skogeiendom kombinert med bolig, jakt- og friluftsmuligheter og et aktivt gårdstun. De store sammenhengende arealene, skogressursene og den landlige beliggenheten gir gode rammer for både næringsmessig utnyttelse og livskvalitet på bygda.",2026-09-21T09:41:27+00:00
466662732,https://www.finn.no/realestate/homes/ad.html?finnkode=466662732,"Unik mulighet! Nydelig landbrukseiendom på 1214 mål i naturskjønne omgivelser. Bolig, driftsbygning, garasje og naust","Vardnesvegen 120, 6475 Midsund",6475,Midsund,3 750 000 kr,3 845 100 kr,95 100 kr,,200 027 kr,Gårdsbruk/Småbruk,Selveier,,314 m² (BRA-i),871 m²,,8,,1916,,1 214 102 m² (eiet),1214102,1214.1,Rom,1506,515,1,5,"Velkommen til Vardnesvegen 120! Presentert av EIE eiendomsmegling v/Tore Magerøy. Lengst vest i Molde kommune finner man denne fantastiske eiendommen som strekker seg over hele 1 214 dekar. Her får man muligheten til å eie et lite stykke Norge. Boligen byr på strandlinje og fjell. Bade- og fiskemuligheter og jaktrettigheter. Midsund ligger omtrent 10 minutter unna med bil. Her finner man skole, barnehage, dagligvarebutikker og andre fasiliteter. Ellers har man nærhet til et eldorardo av turmuligheter i kort avstand. Boligen ble opprinnelig oppført i 1916, men har to betydelige tilbygg i 1963 og 1970. Driftsbygningen har BTA på 466 kvm. Det er en eldre bygning som er påbygd i flere omganger, og sist på 70-tallet. Garasje fra 70-tallet og to naust fra 1700/1800-tallet. Eiendommens areal fordeler slik iht Gårdskart: 48,7 daa fulldyrka jord 13,7 daa overflatedyrka jord 23,0 daa innmarksbeite 419,2 daa produktiv skog 709,5 daa annet areal Meld deg på visning! Minus Vis mindre NB: Knappen for å vise hele beskrivelsen har kun en visuell effekt. Pluss tegn Vis hele beskrivelsen NB: Knappen for å vise hele beskrivelsen har kun en visuell effekt. Salgsoppgaven beskriver vesentlig og lovpålagt informasjon om eiendommen Se komplett salgsoppgave Nyttige lenker Gi bud Bestill salgsoppgave Eiendommens hjemmeside Visning onsdag, 23. september 16:30 – 17:30 Legg til i kalender For å yte premium rådgivning, har alle våre visninger påmelding. Dette sikrer at megler har god oversikt og tid til å imøtekomme alle interessenter på aller beste måte. Dersom ingen melder seg 24 timer før visning , blir visningen avlyst. Husk å lese komplett salgsoppgave før visning. Bestill komplett, utskriftsvennlig salgsoppgave. Visningspåmelding Nyttige lenker Gi bud Bestill salgsoppgave Eiendommens hjemmeside Nærområdet Kart Vardnesvegen 120, 6475 Midsund Annonseinformasjon FINN-kode 466662732 Sist endret 10. sep. 2026 15:21 Referanse 21260111 Rapporter annonse Annonsene kan være mangelfulle i forhold til lovpålagt opplysningsplikt. Før bindende avtale inngås oppfordres interessenter til å innhente komplett informasjon fra meglerforetaket, selger eller utleier.",2026-09-21T09:41:28+00:00
468127559,https://www.finn.no/realestate/homes/ad.html?finnkode=468127559,Sjelden mulighet i Tveit | 2 boliger | Garasje | 647 mål jord & skog | Jakt- & fiskerett | 5m båtplass i elva,"Ryensveien 13, 4658 Tveit",4658,Tveit,11 000 000 kr,11 293 280 kr,293 280 kr,,,Gårdsbruk/Småbruk,Selveier,,396 m² (BRA-i),396 m²,,6,,1887,,647 455 m² (eiet),647455,647.5,,4204,112,15,5,"Drømmer du om en landbrukseiendom med naturskjønne omgivelser og gode bruks- og utviklingsmuligheter? Her får du en sjelden kombinasjon av to oppgraderte boliger, dyrket mark og store skogarealer - idyllisk beliggende i Tveit. På eiendommen finner du 22,8 dekar fulldyrket jord, et romslig og velstelt gårdstun og hele 622 dekar skog som strekker seg fra Brattvollheia mot Farvannet. Som grunneier har du også jakt- og fiskerett, samt 5 meter bryggeplass i elva. Gårdstunet består av en romslig kårbolig fra 1987 med tilhørende garasje, samt et sjarmerende våningshus fra 1887 med egen hybel. Dette gir stor fleksibilitet, enten du ønsker generasjonsbolig, god plass til familien eller meget gode leieinntekter. Kort fortalt en innholdsrik eiendom med mange muligheter - velkommen til visning! Minus Vis mindre NB: Knappen for å vise hele beskrivelsen har kun en visuell effekt. Pluss tegn Vis hele beskrivelsen NB: Knappen for å vise hele beskrivelsen har kun en visuell effekt. Salgsoppgaven beskriver vesentlig og lovpålagt informasjon om eiendommen Se komplett salgsoppgave Nyttige lenker Gi bud Last ned salgsoppgave Visning For visning, kontakt: Selger Reidar Aabel - telefon 975 68 401 eller eiendomsmegler Tore Stray - telefon 913 80 350 Husk å lese komplett salgsoppgave før visning. Bestill komplett, utskriftsvennlig salgsoppgave. Visningspåmelding Gi bud Nyttige lenker Gi bud Last ned salgsoppgave Nærområdet Kart Ryensveien 13, 4658 Tveit Annonseinformasjon FINN-kode 468127559 Sist endret 13. sep. 2026 10:40 Referanse STR1.26212 Rapporter annonse Annonsene kan være mangelfulle i forhold til lovpålagt opplysningsplikt. Før bindende avtale inngås oppfordres interessenter til å innhente komplett informasjon fra meglerforetaket, selger eller utleier.",2026-09-21T09:41:30+00:00
462402533,https://www.finn.no/realestate/homes/ad.html?finnkode=462402533,"Landlig småbruk m/​våningshus, låve m/​garasje og 31,5 daa tomt | Nytt kjøkken (2022) og bad (2024) | Kort vei til Hamar","Kongsvegen 563, 2322 Ridabu",2322,Ridabu,4 450 000 kr,4 562 340 kr,112 340 kr,,882 913 kr,Gårdsbruk/Småbruk,Selveier,,223 m² (BRA-i),443 m²,,4,,1881,2,31 535 m² (eiet),31535,31.5,,3403,193,6,7,"Kongsvegen 563 er et sjarmerende småbruk med et innholdsrikt våningshus og en stor låve med mange muligheter   særlig for den nevenyttige med behov for god plass til hobby og prosjekter. Eiendommen har en fin beliggenhet med stor eiet tomt i landlige omgivelser. Det opprinnelige våningshuset fra 1881 er senere tilbygget i 1974 og 2022. Boligen er innholdsrik med fire soverom og flere stuer med lun atmosfære og flotte uteplassser. Kjøkkenet ble utvidet, renovert og fikk ny innredning i 2022, og boligens bad er nylig ombygget i 2024. Den store låven gir rikelig med plass til garasje, verksted og lagring. Eiendommen ligger på en idyllisk eiertomt på over 31 daa - hvorav 21,5 daa med driveplikt, og har kort vei til servicetilbud i både Løten og Hamar. Oppgradering av avløpsanlegg står for tur. Minus Vis mindre NB: Knappen for å vise hele beskrivelsen har kun en visuell effekt. Pluss tegn Vis hele beskrivelsen NB: Knappen for å vise hele beskrivelsen har kun en visuell effekt. Salgsoppgaven beskriver vesentlig og lovpålagt informasjon om eiendommen Se komplett salgsoppgave Nyttige lenker Meld interesse Se komplett salgsoppgave Gi bud Visning Velkommen til visning! Meld deg på ved å trykke ""visningspåmelding"" i våre boligannonser. Visning med megler til stede vil ikke bli avholdt uten påmeldinger. Ta gjerne kontakt med megler i forkant av visningen om du har spørsmål. Visningspåmelding Gi bud Nyttige lenker Meld interesse Se komplett salgsoppgave Gi bud Nærområdet Kart Kongsvegen 563, 2322 Ridabu Annonseinformasjon FINN-kode 462402533 Sist endret 14. aug. 2026 13:28 Referanse 504260045 Rapporter annonse Annonsene kan være mangelfulle i forhold til lovpålagt opplysningsplikt. Før bindende avtale inngås oppfordres interessenter til å innhente komplett informasjon fra meglerforetaket, selger eller utleier.",2026-09-21T09:41:31+00:00
473054867,https://www.finn.no/realestate/homes/ad.html?finnkode=473054867,"Småbruk med våningshus, kårhus og driftsbygning | Eigedom på 330mål | Jakt og fiskerett | Fallrettsleige |","Lølandsvegen 188, 6953 Leirvik i Sogn",6953,Leirvik i Sogn,3 000 000 kr,3 090 050 kr,90 050 kr,,406 054 kr,Gårdsbruk/Småbruk,Selveier,,224 m² (BRA-i),255 m²,,5,,1971,,330 800 m² (eiet),330800,330.8,Rom,4637,89,5,5,"Velkommen til Lølandsvegen 188 og 186! Eit småbruk med stort potensial, som inkluderer våningshus, kårhus og ein driftsbygning. Eigedomen ligg i rolege og naturskjønne omgivnader i Hyllestad. Her finn du eit våningshus frå 1971 og eit kårhus frå 1978, begge med behov for modernisering. Driftsbygningen gir rikeleg med plass til lagring eller verkstad. Garden har totalt eit areal på ca. 330daa som fordelar seg på 7 teigar. Høgdepunkt: Småbruk med våningshus, kårhus og driftsbygning Fallrettsleige frå kraftutbygging, samt festetomter Driftsbygning/låve med innlagt straum Våningshuset har stor terrasse og overbygd altan Eiga vasskjelde frå borehol (pumpe frå 2024) Jakt  fiskerett Velkommen til visning -hugs påmelding til meklar! Minus Vis mindre NB: Knappen for å vise hele beskrivelsen har kun en visuell effekt. Pluss tegn Vis hele beskrivelsen NB: Knappen for å vise hele beskrivelsen har kun en visuell effekt. Salgsoppgaven beskriver vesentlig og lovpålagt informasjon om eiendommen Se komplett salgsoppgave Nyttige lenker Bestill salgsoppgave Gi bud Visning Ta kontakt for å avtale visning. Husk å lese komplett salgsoppgave før visning. Bestill komplett, utskriftsvennlig salgsoppgave. Visningspåmelding Gi bud Nyttige lenker Bestill salgsoppgave Gi bud Nærområdet Kart Lølandsvegen 188, 6953 Leirvik i Sogn Annonseinformasjon FINN-kode 473054867 Sist endret 27. aug. 2026 13:48 Referanse 2000260160 Rapporter annonse Annonsene kan være mangelfulle i forhold til lovpålagt opplysningsplikt. Før bindende avtale inngås oppfordres interessenter til å innhente komplett informasjon fra meglerforetaket, selger eller utleier.",2026-09-21T09:41:32+00:00
462879314,https://www.finn.no/realestate/homes/ad.html?finnkode=462879314,"Tidligere småbruk med bolig, stor driftsbygning, eldre uthus og anneks. Idyllisk plass i flott kulturlandskap.","Kynnstadvegen 42, 2412 Sørskogbygda",2412,Sørskogbygda,1 990 000 kr,2 040 840 kr,50 840 kr,,,Gårdsbruk/Småbruk,Selveier,,107 m² (BRA-i),625 m²,,3,,1865,,6 029 m² (eiet),6029,6.0,Rom,3420,180,163,5,"Velkommen til Kynnstadvegen 42! Tidligere småbruk i Kynnberget, der jord og skog er skilt ut. Eiendommen ligger usjenert, høyt og fritt, omkranset av kulturlandskap. Her finner du et hyggelig gårdstun med en staslig, gammel enebolig med stor stue og stort kjøkken. Stor driftsbygning med fjøs og låve. Eldre uthus delvis i tømmer. Kårbolig i tømmer med stue, kjøkken og soverom.  Eiendommen ligger ca 20 km fra bysentrum i Elverum og ca 5 km fra bygdesenteret i Sørskogbygda med dagligvarebutikk og skole. Bebyggelsen har en eldre standard og påkostninger bør påregnes. En mengde maskiner og verktøy både for tre- og metallarbeid medfølger i salget. Minus Vis mindre NB: Knappen for å vise hele beskrivelsen har kun en visuell effekt. Pluss tegn Vis hele beskrivelsen NB: Knappen for å vise hele beskrivelsen har kun en visuell effekt. Salgsoppgaven beskriver vesentlig og lovpålagt informasjon om eiendommen Se komplett salgsoppgave Nyttige lenker Bestill salgsoppgave Visning Ønsker du å delta på visningen ber vi deg melde deg på slik at vi vet at du kommer. Da kan vi bistå alle best mulig og gi deg tiden du trenger på visningen. Visningen avholdes bare dersom det er påmeldte senest 5 timer før visning. Ta gjerne kontakt med megler før visning hvis du har noen spørsmål. Velkommen! Husk å lese komplett salgsoppgave før visning. Bestill komplett, utskriftsvennlig salgsoppgave. Visningspåmelding Gi bud Nyttige lenker Bestill salgsoppgave Nærområdet Kart Kynnstadvegen 42, 2412 Sørskogbygda Annonseinformasjon FINN-kode 462879314 Sist endret 07. sep. 2026 20:24 Referanse 6014260197 Rapporter annonse Annonsene kan være mangelfulle i forhold til lovpålagt opplysningsplikt. Før bindende avtale inngås oppfordres interessenter til å innhente komplett informasjon fra meglerforetaket, selger eller utleier.",2026-09-21T09:41:34+00:00
473264029,https://www.finn.no/realestate/homes/ad.html?finnkode=473264029,Hylland- Hyggelig småbruk m/​renoveringsbehov. Kort vei til Åmot. Flott utsikt over Hyllandshylen. Hytte i skogen,"Raulandsvegen 290, 3890 Vinje",3890,Vinje,3 500 000 kr,3 588 590 kr,88 590 kr,,,Gårdsbruk/Småbruk,Selveier,,145 m² (BRA-i),196 m²,,5,,1935,,355 980 m² (eiet),355980,356.0,G - Rød,4036,39,10,5,"Velkommen til småbruket Hylland Sudigard på Åmot i Vinje kommune. Småbruket ligger på en høyde med flott utsikt over vannet Hyllandshylen og fjellene rundt. Tunet ligger ca. 2,5 km nord for Åmot sentrum som har både skole, barnehage, idrettsanlegg, butikker m.m. Eiendommen er på totalt 355,9 dekar eiet grunn, fordelt på 16,7 dekar fulldyrka jord, 4 dekar innmarksbeite, 130,8 dekar produktiv skog og 198,4 dekar annet markslag. Eiendommen har i tillegg 50% av et jordsameie på totalt 2.285,5 dekar vest for hovedteigen. Her finner du også en hyggelig hytte som er et godt utgangspunkt for turer og jakt. Ved Kastetjønn har eiendommen også et båthus. Tunet består av et eldre våningshus med renoveringsbehov, låve, stabbur og Røkebu. Syd for tunet har eiendommen en dobbel garasje. Tunet har lang grense til Hyllandshylen med fiske og bademuligheter. Her har du en fantastisk mulighet til å skape din egen drøm! Minus Vis mindre NB: Knappen for å vise hele beskrivelsen har kun en visuell effekt. Pluss tegn Vis hele beskrivelsen NB: Knappen for å vise hele beskrivelsen har kun en visuell effekt. Salgsoppgaven beskriver vesentlig og lovpålagt informasjon om eiendommen Se komplett salgsoppgave Nyttige lenker Gi bud Bestill salgsoppgave Eiendommens hjemmeside Visning Ta kontakt for å avtale visning. Husk å lese komplett salgsoppgave før visning. Bestill komplett, utskriftsvennlig salgsoppgave. Visningspåmelding Gi bud Nyttige lenker Gi bud Bestill salgsoppgave Eiendommens hjemmeside Nærområdet Kart Raulandsvegen 290, 3890 Vinje Annonseinformasjon FINN-kode 473264029 Sist endret 25. aug. 2026 06:07 Referanse 330260027 Rapporter annonse Annonsene kan være mangelfulle i forhold til lovpålagt opplysningsplikt. Før bindende avtale inngås oppfordres interessenter til å innhente komplett informasjon fra meglerforetaket, selger eller utleier.",2026-09-21T09:41:35+00:00
411503136,https://www.finn.no/realestate/homes/ad.html?finnkode=411503136,Fantastisk småbruk rett ved sjøen! To våningshus - Båthus med dyptvannsbrygge - 500m strandlinje - 1t fra Trondheim!,"Nordre Korsnes 18 og 16, 7633 Frosta",7633,Frosta,8 750 000 kr,8 969 840 kr,219 840 kr,,,Gårdsbruk/Småbruk,Selveier,,210 m² (BRA-i),505 m²,,5,,1870,2,37 007 m² (eiet),37007,37.0,Rom,5036,67,7,5,"Velkommen til Korsnes Nordre - et sted med sjel, historie og enorme muligheter! En unik eiendom med fantastisk beliggenhet ved fjorden på Frosta. Her får du 500 meter strandlinje, romslig båthus, egen dyptvannsbrygge, to våningshus, låve og opparbeidede uteområder med platting og sittegrupper. En eiendom med særpreg, historie og sjeldent god atmosfære   perfekt for deg som drømmer om noe helt utenom det vanlige, enten det er som feriested, generasjonseiendom eller en eksklusiv bolig med kort vei til Trondheim, Levanger og Værnes. Interessenter oppfordres til å sette seg inn i salgsoppgave og kontakte megler ved spørsmål. Minus Vis mindre NB: Knappen for å vise hele beskrivelsen har kun en visuell effekt. Pluss tegn Vis hele beskrivelsen NB: Knappen for å vise hele beskrivelsen har kun en visuell effekt. Salgsoppgaven beskriver vesentlig og lovpålagt informasjon om eiendommen Se komplett salgsoppgave Nyttige lenker Meld interesse Se komplett salgsoppgave Gi bud Visning Ta kontakt for å avtale visning. Visningspåmelding Gi bud Nyttige lenker Meld interesse Se komplett salgsoppgave Gi bud Nærområdet Kart Nordre Korsnes 18 og 16, 7633 Frosta Annonseinformasjon FINN-kode 411503136 Sist endret 03. sep. 2026 12:29 Referanse 818250138 Rapporter annonse Annonsene kan være mangelfulle i forhold til lovpålagt opplysningsplikt. Før bindende avtale inngås oppfordres interessenter til å innhente komplett informasjon fra meglerforetaket, selger eller utleier.",2026-09-21T09:41:36+00:00
451591400,https://www.finn.no/realestate/homes/ad.html?finnkode=451591400,"Ny pris! Brenne- Velholdt gårdsbruk på 1.507 daa med to bolighus, gode driftsbygninger og ca. 11.600 m3 hogstmoden skog!","Brenneveien 260 og 262, 1730 Ise",1730,Ise,14 990 000 kr,15 379 640 kr,389 640 kr,,408 778 kr,Gårdsbruk/Småbruk,Selveier,,361 m² (BRA-i),361 m²,,9,,1840,2,1 507 500 m² (eiet),1507500,1507.5,,3105,3030,1,5,"Brenne har idyllisk og rolig beliggenhet i Varteig i Sarpsborg kommune. Gården fremstår som svært velholdt og byr blant annet på to oppgraderte bolighus, isolert verksted og vognskjul. Brenne har et stort potensiale og er et godt utgangspunkt for enten hobbymekanikeren, den hundeinteresserte eller for jaktentusiasten! Gården har et totalt areal på 1 507,5 daa.,  hvor 188,9 daa. er dyrket mark og  1 205,8 daa. produktiv skog. Det foreligger skogbruksplan fra 2005, framskrevet i 2019. Registreringene for skogbruksplanen er ajourført i des. 2025, hvor det nå er ca. 11.600 m3 i HK5. Det er økologisk drift på det dyrkede arealet, arealene er utleid ut 2032. Brenne er et godt eksempel på at gårdens ressurser og bygningsmasse er løpende vedlikeholdt og ivaretatt. Velkommen på visning! Minus Vis mindre NB: Knappen for å vise hele beskrivelsen har kun en visuell effekt. Pluss tegn Vis hele beskrivelsen NB: Knappen for å vise hele beskrivelsen har kun en visuell effekt. Salgsoppgaven beskriver vesentlig og lovpålagt informasjon om eiendommen Se komplett salgsoppgave Nyttige lenker Bestill prospekt Gi bud Visning Ta kontakt for å avtale visning. Husk å lese komplett salgsoppgave før visning. Bestill komplett, utskriftsvennlig salgsoppgave. Visningspåmelding Gi bud Nyttige lenker Bestill prospekt Gi bud Nærområdet Kart Brenneveien 260 og 262, 1730 Ise Annonseinformasjon FINN-kode 451591400 Sist endret 13. aug. 2026 12:59 Referanse GAR30.25105 Rapporter annonse Annonsene kan være mangelfulle i forhold til lovpålagt opplysningsplikt. Før bindende avtale inngås oppfordres interessenter til å innhente komplett informasjon fra meglerforetaket, selger eller utleier.",2026-09-21T09:41:37+00:00
465987523,https://www.finn.no/realestate/homes/ad.html?finnkode=465987523,Veikåker Gård - En idyllisk og kulturhistorisk perle med strandlinje langs Krøderfjorden - Unik mulighet!,"Veikåkerveien 2 m.fl., 3536 Noresund",3536,Noresund,22 500 000 kr,23 077 390 kr,577 390 kr,,,Gårdsbruk/Småbruk,Selveier,,453 m² (BRA-i),453 m²,,5,,,2,4 051 100 m² (eiet),4051100,4051.1,,3318,219,1,5,"Veikåker Gård ligger flott på en høyde med vestvendt og vid utsikt. En helhetlig eiendom hvor historie, natur og ressurser smelter sammen til noe mer enn en tradisjonell gård. Her får du en unik kombinasjon av landlig ro og aktiv gårdsdrift, med røtter flere hundre år tilbake i tid. Det er en innholdsrik bygningsmasse med blant et kulturhistorisk hovedhus, gamlestue og et redskapshus med verksted. Det er gode arealer og bygninger for alt fra utegris, hester, hundehold, høns og dyrking. Det ble i 2014/16 bygget kaldfjøs for storfe. I låven finnes bakerovn, et eldre landhandleri og et stort potensiale. Gården har 140 daa. dyrket mark og 59 daa. innmarksbeite. Det er 3.273 daa. med produktiv skog med jevn hogstklassefordeling og blant annet ca. 11.975 kubikk hogstmoden skog. Velkommen! Minus Vis mindre NB: Knappen for å vise hele beskrivelsen har kun en visuell effekt. Pluss tegn Vis hele beskrivelsen NB: Knappen for å vise hele beskrivelsen har kun en visuell effekt. Salgsoppgaven beskriver vesentlig og lovpålagt informasjon om eiendommen Se komplett salgsoppgave Nyttige lenker Bestill prospekt Gi bud Video tomt Private bilder Video gård Veikåker kapell Visning Det avholdes privatvisninger på gården fortløpende. Ta kontakt med megler på annesofie@landbruksmegling.no / +47 976 12 861 for å avtale tidspunkt. Husk å lese komplett salgsoppgave før visning. Bestill komplett, utskriftsvennlig salgsoppgave. Visningspåmelding Gi bud Nyttige lenker Bestill prospekt Gi bud Video tomt Private bilder Video gård Veikåker kapell Nærområdet Kart Veikåkerveien 2 m.fl., 3536 Noresund Annonseinformasjon FINN-kode 465987523 Sist endret 13. aug. 2026 11:49 Referanse GAR30.2613 Rapporter annonse Annonsene kan være mangelfulle i forhold til lovpålagt opplysningsplikt. Før bindende avtale inngås oppfordres interessenter til å innhente komplett informasjon fra meglerforetaket, selger eller utleier.",2026-09-21T09:41:38+00:00
410855665,https://www.finn.no/realestate/homes/ad.html?finnkode=410855665,"Attraktivt gårdsbruk på 123,9 daa, stort våningshus, velholdt stabbur, verksted, bryggerhus/​garasje. Skog og dyrka mark","Nyveien 797, 1963 Fosser",1963,Fosser,6 590 000 kr,6 756 140 kr,166 140 kr,,412 928 kr,Gårdsbruk/Småbruk,Selveier,,379 m² (BRA-i),379 m²,,6,,1924,,123 975 m² (eiet),123975,124.0,,3226,14,5,5,"Velkommen til Nyveien 797, et attraktivt gårdsbruk på ca 123,9 dekar med hyggelig gårdstun, skog og dyrket mark, kun 10 min med bil fra Bjørkelangen og 40 min fra Lillestrøm. Her er det mulig å leve ut gårdsdrømmen i landlige omgivelser, uten å måtte flytte langt fra sentrale strøk. Tunet består av et stort våningshus, et verksted med leieinntekter, et bryggerhus med tilbygd garasje, og et velholdt stabbur, plassert på en høyde, midt på tunet. Dyrka mark er leid bort, og skogen er samlet på to nærliggende teiger. Våningshuset fremstår velholdt med spisestue, stue, flott kjøkken fra 2012 med kjølerom, toalettrom, vaskerom, flere soverom og tre bad, hvorav ett oppgradert i 2014. Fra spisestuen er det utgang til en stor, solrik terrasse med utepeis og fint utsyn sydover. Minus Vis mindre NB: Knappen for å vise hele beskrivelsen har kun en visuell effekt. Pluss tegn Vis hele beskrivelsen NB: Knappen for å vise hele beskrivelsen har kun en visuell effekt. Salgsoppgaven beskriver vesentlig og lovpålagt informasjon om eiendommen Se komplett salgsoppgave Visning Ved annonsert visning er det viktig at du melder deg på visningen ved å bruke visningspåmeldingsknappen eller kontakter megler. Annonserte visninger hvor det ikke er noen påmeldte innen kl. 16.00 dagen før visningsdagen kan være avlyst. Ta kontakt med megler Kenneth Sverre mobil 93029613 for å avtale visning. Husk å lese komplett salgsoppgave før visning. Bestill komplett, utskriftsvennlig salgsoppgave. Visningspåmelding Gi bud Nærområdet Kart Nyveien 797, 1963 Fosser Annonseinformasjon FINN-kode 410855665 Sist endret 18. sep. 2026 11:22 Referanse 1107250088 Rapporter annonse Annonsene kan være mangelfulle i forhold til lovpålagt opplysningsplikt. Før bindende avtale inngås oppfordres interessenter til å innhente komplett informasjon fra meglerforetaket, selger eller utleier.",2026-09-21T09:41:39+00:00
464358573,https://www.finn.no/realestate/homes/ad.html?finnkode=464358573,"Småbruk med nydelig utsikt, flott beliggenhet og gode solforhold, leieinntekter på 16.000,-/​mnd, tilrettelagt for hest","Nestingvegen 86 og 88, 7074 Spongdal",7074,Spongdal,10 000 000 kr,10 251 090 kr,251 090 kr,,379 927 kr,Gårdsbruk/Småbruk,Selveier,,291 m² (BRA-i),1 467 m²,,8,,1960,,11 599 m² (eiet),11599,11.6,E - Oransje,5001,220,3,7,"Kvaliteter ved småbruket Brålykkja, Nestingvegen 86-88 Småbruket Brålykkja ved Spongdal, Byneset, er på ca. 11.6 mål, har to romslige boenheter, nydelig utsikt og mange mulige bruksområder. Med veletablerte Stall Brålykkja er det lagt grunnlag for et fremtidsrettet opplegg for et mest mulig naturlig hestehold med god hestevelferd og trivsel for folk og dyr. Også svært gode muligheter for grønnsaksdyrking, frukt og bær og smådyrhold. En sjelden anledning bare 25 minutter fra Trondheim sentrum! Eiendommen byr på en stor hovedbolig, med en terrasse på ca 32 kvm med eksepsjonelle solforhold og panorama mot fjord og fjell. Kårleiligheten, som er utleid for 16.000,- pr mnd, har samme vakre utsikt og solforhold, og en terrasse på 47 kvm. Romslig stall med mulighet for å leie ut inntil 9 stallplasser. Med kr 4000,- per plass kan det utgjøre 36 000,- leieinntekter, totalt kr 52 000,- i månedlige leieinntekter. Velkommen på visning! Minus Vis mindre NB: Knappen for å vise hele beskrivelsen har kun en visuell effekt. Pluss tegn Vis hele beskrivelsen NB: Knappen for å vise hele beskrivelsen har kun en visuell effekt. Salgsoppgaven beskriver vesentlig og lovpålagt informasjon om eiendommen Se komplett salgsoppgave Nyttige lenker Gi bud Bestill salgsoppgave Eiendommens hjemmeside Visning søndag, 27. september 13:00 – 14:00 Legg til i kalender Velkommen til visning! Alle våre visninger har påmelding. På denne måten sikrer vi at megler har god oversikt og tid til å imøtekomme alle interessenter på beste måte. Dette er veldig verdifullt for boligkjøpere og for oss. Det er enkelt å melde seg på, og du kan like enkelt melde deg av. Kontakt også gjerne megler i forkant av visning dersom du har spørsmål. søndag, 27. september 13:00 – 14:00 Legg til i kalender Velkommen til visning! Alle våre visninger har påmelding. På denne måten sikrer vi at megler har god oversikt og tid til å imøtekomme alle interessenter på beste måte. Dette er veldig verdifullt for boligkjøpere og for oss. Det er enkelt å melde seg på, og du kan like enkelt melde deg av. Kontakt også gjerne megler i forkant av visning dersom du har spørsmål. Husk å lese komplett salgsoppgave før visning. Bestill komplett, utskriftsvennlig salgsoppgave. Visningspåmelding Gi bud Nyttige lenker Gi bud Bestill salgsoppgave Eiendommens hjemmeside Nærområdet Kart Nestingvegen 86 og 88, 7074 Spongdal Annonseinformasjon FINN-kode 464358573 Sist endret 14. sep. 2026 22:44 Referanse 164260093 Rapporter annonse Annonsene kan være mangelfulle i forhold til lovpålagt opplysningsplikt. Før bindende avtale inngås oppfordres interessenter til å innhente komplett informasjon fra meglerforetaket, selger eller utleier.",2026-09-21T09:41:41+00:00
465276821,https://www.finn.no/realestate/homes/ad.html?finnkode=465276821,"Enebolig med  Anneks /​garasje. Strandlinje, naust. Stor eiet tomt på hele 103 dekar, Leinesveien 13 i Steigen","Leinesveien 13, 8285 Leines",8285,Leines,3 550 000 kr,3 657 740 kr,107 740 kr,,339 657 kr,Gårdsbruk/Småbruk,Selveier,,229 m² (BRA-i),252 m²,,3,,1956,3,103 411 m² (eiet),103411,103.4,Rom,,,,5,"Velkommen til en flott eiendom med bolighus og Anneks med garasje. Tomten på hele 103 dekar som er fordelt på flere teiger. Eiendommen har strandlinje og det er oppført naust nede ved sjøen Hovedboligen er oppført i 1956 og er på 137kvm, fordelt over 2 etasjer + kjeller. 1 etasje er med gang, trapperom, wc rom, kjøkken og stue. 2 etasje er med gang, bad og 3 soverom. kjelleren er med vaskerom og boder. Annekset/garasjen er på 117kvm, fordelt over 2 etasjer. 1 etasjen er med vindfang, trapperom,. soverom og bad . Garasjen er på ca. 23kvm. 2 etasjen er med stue, kjøkken og baderom. Eiendommen ligger i  naturskjønne omgivelser på Skålvoll, ca 4 km øst for Leines og har en flott utsikt utover fjorden. Minus Vis mindre NB: Knappen for å vise hele beskrivelsen har kun en visuell effekt. Pluss tegn Vis hele beskrivelsen NB: Knappen for å vise hele beskrivelsen har kun en visuell effekt. Salgsoppgaven beskriver vesentlig og lovpålagt informasjon om eiendommen Se komplett salgsoppgave Nyttige lenker Bestill komplett, utskriftsvennlig salgsoppgave Se komplett salgsoppgave Visning Vi i Notar ønsker å avholde så gode visninger som mulig. Derfor har vi påmeldingsvisninger. Da vet vi hvor mange som kommer, og kan sette av nok tid til alle. Trykk på linken  visningspåmelding  for å avtale tidspunkt. Visninger uten påmeldte innen kl. 16:00 dagen i forkant, vil ikke bli avholdt. Velkommen til visning. Visningspåmelding Gi bud Nyttige lenker Bestill komplett, utskriftsvennlig salgsoppgave Se komplett salgsoppgave Nærområdet Kart Leinesveien 13, 8285 Leines Annonseinformasjon FINN-kode 465276821 Sist endret 15. sep. 2026 12:34 Referanse NO7.2625 Rapporter annonse Annonsene kan være mangelfulle i forhold til lovpålagt opplysningsplikt. Før bindende avtale inngås oppfordres interessenter til å innhente komplett informasjon fra meglerforetaket, selger eller utleier.",2026-09-21T09:41:42+00:00
465581452,https://www.finn.no/realestate/homes/ad.html?finnkode=465581452,Nordre Flater gård- Halvpart av tomannsbolig på sameiet gård på 255 daa. - Sjelden mulighet!,"Flaterveien 41B, 3440 Røyken",3440,Røyken,5 900 000 kr,6 057 990 kr,157 990 kr,,,Gårdsbruk/Småbruk,Selveier,,208 m² (BRA-i),208 m²,,3,,1995,3,255 358 m² (eiet),255358,255.4,,3203,259,2,5,"Drømmer du om det idylliske gårdslivet, men ønsker ikke å stå for alle forpliktelsene på egenhånd? På Nordre Flater gård har du muligheten! Gården ligger solrikt til i usjenerte omgivelser. Det er sameiet tomt på om lag 255,3 daa., hvor hver seksjon har ideell andel 1/3. Sameiet består av bla. 226,1 daa. produktiv skog og 22,4 daa. dyrket mark. Attraktivt område som byr på flotte turmuligheter gjennom hele året. Fellesområdet inneholder blant annet stall, carportanlegg, stabbur og traktorgarasje. Her er det gode muligheter både for å dyrke egne grønsaker, kløye ved og ha både hest og hund. Seksjonen har egen vestvendt hage i noe skrånet terreng. Boligen er en halvpart av tomannsbolig over 3 plan. Det er en spennende planløsning med bla. 3 soverom. En sjelden mulighet som må oppleves! Minus Vis mindre NB: Knappen for å vise hele beskrivelsen har kun en visuell effekt. Pluss tegn Vis hele beskrivelsen NB: Knappen for å vise hele beskrivelsen har kun en visuell effekt. Salgsoppgaven beskriver vesentlig og lovpålagt informasjon om eiendommen Se komplett salgsoppgave Nyttige lenker Bestill prospekt Gi bud Visning Våre visninger har påmelding. Er ingen påmeldt annonsert visning før fredag 21. august kl. 20:00, avholdes ikke visningen. Husk å lese komplett salgsoppgave før visning. Bestill komplett, utskriftsvennlig salgsoppgave. Visningspåmelding Gi bud Nyttige lenker Bestill prospekt Gi bud Nærområdet Kart Flaterveien 41B, 3440 Røyken Annonseinformasjon FINN-kode 465581452 Sist endret 12. aug. 2026 14:02 Referanse GAR30.2628 Rapporter annonse Annonsene kan være mangelfulle i forhold til lovpålagt opplysningsplikt. Før bindende avtale inngås oppfordres interessenter til å innhente komplett informasjon fra meglerforetaket, selger eller utleier.",2026-09-21T09:41:43+00:00
466444841,https://www.finn.no/realestate/homes/ad.html?finnkode=466444841,"Bøvågen | Eldre småbruk med bolighus, dobbel garasje, løe, naust og naustetomt | 89 mål tomt | Ikke boplikt","Bøgjerdet 10, 5937 Bøvågen",5937,Bøvågen,3 200 000 kr,3 281 090 kr,81 090 kr,,650 375 kr,Gårdsbruk/Småbruk,Selveier,,130 m² (BRA-i),459 m²,,5,,1953,3,89 346 m² (eiet),89346,89.3,,4631,424,71,5,"Velkommen til Bøgjerdet 10! Eiendommen har en flott og naturskjønn beliggenhet sentralt i Bøvågen. Fra eiendommen er det kort avstand til barnehage, skole og nærbutikk (Bunnpris Bøvågen). Ungdomsskole finner man på Manger, med en kjøretid på ca. 10 12 minutter. På Manger finner man også et godt servicetilbud med blant annet dagligvarebutikker, kafé, servicetjenester og øvrige handelstilbud. Til Knarvik tar det ca. 30 35 minutter med bil. For den turglade er det flere flotte turområder like ved. Innhold: Kjeller: 2 uinnredet kjellerrom 1. etasje: Stue, kjøkken, soverom, bad, gang og gang med trapp Loft: Gang, gang med trapp og 4 soverom I tillegg er det flere bygninger på eiendommen: - Løe som er av god størrelse - Naust og naustetomt i gangavstand - To garasjer - Nyere bod/utestue Minus Vis mindre NB: Knappen for å vise hele beskrivelsen har kun en visuell effekt. Pluss tegn Vis hele beskrivelsen NB: Knappen for å vise hele beskrivelsen har kun en visuell effekt. Salgsoppgaven beskriver vesentlig og lovpålagt informasjon om eiendommen Se komplett salgsoppgave Nyttige lenker Eiendommens hjemmeside Interessert i denne eiendommen? Visning Velkommen på visning! Ta kontakt eiendomsmegler via linken  visningspåmelding  i annonsen for å melde deg på til visningen. Frist for påmelding er kl.16.00 dagen før det oppsatte visningstidspunktet. Dersom du har meldt deg på til visning, men blir forhindret i å møte må du varsle eiendomsmegleren på sms til tlf. 95265904. Visn ingen gjennomføres bare dersom det er noen påmeldte. Husk å lese komplett salgsoppgave før visning. Bestill komplett, utskriftsvennlig salgsoppgave. Visningspåmelding Gi bud Nyttige lenker Eiendommens hjemmeside Interessert i denne eiendommen? Nærområdet Kart Bøgjerdet 10, 5937 Bøvågen Annonseinformasjon FINN-kode 466444841 Sist endret 14. sep. 2026 12:39 Referanse 12260032 Rapporter annonse Annonsene kan være mangelfulle i forhold til lovpålagt opplysningsplikt. Før bindende avtale inngås oppfordres interessenter til å innhente komplett informasjon fra meglerforetaket, selger eller utleier.",2026-09-21T09:41:44+00:00
432210806,https://www.finn.no/realestate/homes/ad.html?finnkode=432210806,Trollnes - Prakteiendom med særdeles rik historie. Ca 60 mål tomt med lang strandlinje til Trollnesvann. Eget badehus.,"Aremarkveien 1199, 1792 Tistedal",1792,Tistedal,16 000 000 kr,16 401 390 kr,401 390 kr,,981 908 kr,Gårdsbruk/Småbruk,Selveier,,367 m² (BRA-i),594 m²,,7,,1910,,58 756 m² (eiet),58756,58.8,,3101,142,29,7,"Et lite kongerike venter deg på vakre Trollnes. Eiendommen er opprinnelig oppført som jaktgård for familien Anker. Slående vakker natur, helt usjenert fra omverdenen. Bygningsmassen er imponerende og er holdt godt vedlike gjennom årene. A little kingdom awaits you at beautiful Trollnes. The property was originally built as a hunting lodge for the Anker family. Strikingly beautiful nature, completely unobstructed from the outside world. The building complex is impressive and has been well maintained over the years. Im schönen Trollnes erwartet Sie ein kleines Königreich für sich allein. Das Anwesen wurde ursprünglich als Jagdschloss der Familie Anker erbaut. Beeindruckend schöne Natur, völlig unverbaut von der Außenwelt und ohne störende Lichtverhältnisse. Minus Vis mindre NB: Knappen for å vise hele beskrivelsen har kun en visuell effekt. Pluss tegn Vis hele beskrivelsen NB: Knappen for å vise hele beskrivelsen har kun en visuell effekt. Salgsoppgaven beskriver vesentlig og lovpålagt informasjon om eiendommen Se komplett salgsoppgave Visning På Trollnes avholdes kun privat visning. Det vil bli mulighet med egen oppmøtetid lør. 25.oktober etter avtale med megler. Velkommen! Husk å lese komplett salgsoppgave før visning. Bestill komplett, utskriftsvennlig salgsoppgave. Visningspåmelding Gi bud Nærområdet Kart Aremarkveien 1199, 1792 Tistedal Annonseinformasjon FINN-kode 432210806 Sist endret 18. sep. 2026 13:21 Referanse 1101250136 Rapporter annonse Annonsene kan være mangelfulle i forhold til lovpålagt opplysningsplikt. Før bindende avtale inngås oppfordres interessenter til å innhente komplett informasjon fra meglerforetaket, selger eller utleier.",2026-09-21T09:41:45+00:00
469923994,https://www.finn.no/realestate/homes/ad.html?finnkode=469923994,Ny Pris! Vakkert småbruk med sjø- og fjellutsikt - Solceller og batteri,"Ervikveien 25, 8866 Mindlandet",8866,Mindlandet,2 100 000 kr,2 158 085 kr,58 085 kr,0 kr,106 382 kr,Gårdsbruk/Småbruk,Selveier,,,167 m²,,4,,1954,,172 542 m² (eiet),172542,172.5,,1820,83,10,1,"Ervika er et småbruk på Mindland i Alstahaug, midt på Helgelandskysten. Fra tunet ser du fjorden og De Syv Søstre; nordlyset er et vanlig skue fra september til april. Eiendommen har vært et levende småbruk med sau, høner og grønnsakshage — og er klar til å være det fortsatt. Våningshuset (1954, tilbygg 1984) er jevnlig vedlikeholdt, med flere oppgraderinger de senere årene. Hovedetasjen rommer vindfang, kjøkken, stue, bad og soverom; loftet har tre soverom, gang og bad. Kjøkkenet ble innredet i 2012, med takhøye overskap, benkeplate i massiv eik og en moderne vedovn i steinsatt nisje. Hovedetasjen er tilnærmet totalrenovert med nye overflater og nytt elektrisk anlegg, og badet i hovedetasjen ble pusset opp i 2020. Kjelleren bærer den daglige driften med fire bruksrom: forplantingsrom med dyrkingslys, matbod, strømrom og hønseopplæringsrom. Taket på våningshuset har passert sin levetid og må skiftes — se Vesentlige opplysninger og vedlagt tilstandsrapport. Strøm: Bakkemontert solcelleanlegg på 8,3 kW med hybridinverter og 20 kWh LiFePO4-batteribank i kjellerens strømrom. Anlegget dekker store deler av strømbehovet og gir reservestrøm når nettet er nede. Installasjonen er fagmessig utført, og dokumentasjon følger med huset. Driftsbygningen (ca. 1949) har en grunnflate på ca. 234 m². I første etasje: fjøs på 61 m², hønsehus på 23 m², hundehus på 20 m², vedskjul og fraukjeller, samt en stor hundegård med tak oppført i 2019. På låven er det 82 m² lager og et delvis innredet verksted. I nordenden er det delvis innredet et rom med store vinduer mot fjorden, i dag brukt som treningsrom (ikke godkjent for varig opphold). Bua (ca. 1942) er et naust på ca. 22 m² som står på påler i fjæra, bygget i tradisjonell helgelandsk byggemåte. Plass til småbåt og det som hører sjøen til. Denne krever noe stabiliseringsarbeid og nytt enkelt tak, men i dag står det fast og tørt under taket. I skogkanten står en lavvo på ca. 6 meter i diameter, med plankegulv og vedovn — stedet man går til for å høre regnet på lerretet. Tomten er på ca. 172 dekar: 11,1 dekar fulldyrket jord, 7,8 dekar innmarksbeite, og resten bjørkeskog, myr og åpen fastmark som strekker seg ned til egen strandlinje. En bekk renner gjennom tomta fra åsen og faller som foss i bjørkeskogen. Skogen gir masse ved til eget uttak. Se flere bilder, plantegninger og matrikkelkart på eiendommens egen nettside: https://ervika.smithforge.app",2026-09-21T09:41:47+00:00
370097122,https://www.finn.no/realestate/homes/ad.html?finnkode=370097122,"50 mål stor eiendom m/​hovedhus og utleiebolig - Stall - Perfekt for hestehold -  Hobbyverksted -  3,5 km til Jessheim","Markvegen 18, 2052 Jessheim",2052,Jessheim,18 900 000 kr,19 373 740 kr,473 740 kr,,1 092 419 kr,Gårdsbruk/Småbruk,Selveier,,319 m² (BRA-i),772 m²,,5,,1985,1,49 528 m² (eiet),49528,49.5,Rom,3209,81,57,5,"En unik eiendom i Markvegen på Ekornrud/Jessheim er tilsalgs - kun 3,7 km fra Jessheim sentrum finner du denne lekre eiendommen i skjermede omgivelser. Den tidligere rideskolen har nyrenovert stall ombygd til lager, brakke m/to bokser, verksted/garasje, hovedhus og utleie bolig. Itillegg er det store paddocker og tilrettelagt for ridebane - turveier og galopp spor. Dette stedet er ideelt for videre drift innen hestehold eller annen virksomhet. Eiendommen tilbyr også muligheter for utvikling, med tilknytning til sentrale fasiliteter og enkel adkomst til hovedveier. Buss fra hovedvegen 4-6 ganger i timen og ca 10 min til OSL Gardermoen samt togstasjon i sentrum. Velkommen! Minus Vis mindre NB: Knappen for å vise hele beskrivelsen har kun en visuell effekt. Pluss tegn Vis hele beskrivelsen NB: Knappen for å vise hele beskrivelsen har kun en visuell effekt. Salgsoppgaven beskriver vesentlig og lovpålagt informasjon om eiendommen Se komplett salgsoppgave Visning søndag, 27. september 15:00 – 16:00 Legg til i kalender Husk å lese komplett salgsoppgave før visning. Bestill komplett, utskriftsvennlig salgsoppgave. Visningspåmelding Gi bud Nærområdet Kart Markvegen 18, 2052 Jessheim Annonseinformasjon FINN-kode 370097122 Sist endret 16. sep. 2026 14:47 Referanse 1205240254 Rapporter annonse Annonsene kan være mangelfulle i forhold til lovpålagt opplysningsplikt. Før bindende avtale inngås oppfordres interessenter til å innhente komplett informasjon fra meglerforetaket, selger eller utleier.",2026-09-21T09:41:48+00:00
468057562,https://www.finn.no/realestate/homes/ad.html?finnkode=468057562,"Småbruk m/​ stort hesteanlegg og to boenheter | Ridehall, ridebane og stall | Våningshus m/​ basseng | 45 min fra Oslo","Nannestadvegen 216, 2030 Nannestad",2030,Nannestad,20 000 000 kr,20 501 090 kr,501 090 kr,,467 898 kr,Gårdsbruk/Småbruk,Selveier,,360 m² (BRA-i),2 319 m²,,5,,1900,,14 464 m² (eiet),14464,14.5,,3238,21,17,5,"Velkommen til Nannestadvegen 216! Et innholdsrikt småbruk med flotte fasiliteter for hestehold, modernisert våningshus og et sjarmerende stabbur. Landlig og barnevennlig beliggenhet i Nannestad, med kort vei til sentrum og Gardermoen. Tunet er vakkert beplantet og gir en lun ramme rundt bygningene, omgitt av store jordbruksområder og skog. Eiendommen er betydelig påkostet og tilrettelagt for et aktivt liv med hest, med ridebane, paddocker og flere driftsbygninger. Høydepunkter: Stor ridehall og stall med 12 hestebokser Våningshus påbygget og modernisert i 2009 Innendørs svømmebasseng Tidsriktig kjøkken med corean benkeplate Stabbur innredet som fullverdig boenhet Solcelleanlegg fra 2024 Dobbelgarasje (plass til 4 biler) Velkommen til visning! Minus Vis mindre NB: Knappen for å vise hele beskrivelsen har kun en visuell effekt. Pluss tegn Vis hele beskrivelsen NB: Knappen for å vise hele beskrivelsen har kun en visuell effekt. Salgsoppgaven beskriver vesentlig og lovpålagt informasjon om eiendommen Se komplett salgsoppgave Nyttige lenker Se komplett salgsoppgave Visning Kun privatvisning etter avtale med megler. Visningen har obligatorisk påmelding. Kravet om påmelding har vi  for å kunne gi deg og andre visningsdeltakere en best mulig opplevelse og service knyttet til gjennomføring av visningen. Velkommen! Husk å lese komplett salgsoppgave før visning. Bestill komplett, utskriftsvennlig salgsoppgave. Visningspåmelding Gi bud Nyttige lenker Se komplett salgsoppgave Nærområdet Kart Nannestadvegen 216, 2030 Nannestad Annonseinformasjon FINN-kode 468057562 Sist endret 08. sep. 2026 15:51 Referanse 20-26-0693 Rapporter annonse Annonsene kan være mangelfulle i forhold til lovpålagt opplysningsplikt. Før bindende avtale inngås oppfordres interessenter til å innhente komplett informasjon fra meglerforetaket, selger eller utleier.",2026-09-21T09:41:51+00:00
467984557,https://www.finn.no/realestate/homes/ad.html?finnkode=467984557,Idyllisk og praktfull eiendom | Godt vedlikeholdt | Tilrettelagt for dyrehold | Verksted,"Sandbekkveien 352, 1892 Degernes",1892,Degernes,11 000 000 kr,11 276 090 kr,276 090 kr,,1 207 125 kr,Gårdsbruk/Småbruk,Selveier,,341 m² (BRA-i),341 m²,,5,,1977,3,314 693 m² (eiet),314693,314.7,D - Gul,3120,155,5,5,"Sandbekkveien 352 er en idyllisk og praktfull eiendom med rolig og landlig beliggenhet. Eiendommen er godt ivaretatt over tid og fremstår som solid og gjennomført. Med ca. 67 mål dyrket mark og ca. 257 daa skog ligger forholdene svært godt til rette for både landbruk, rekreasjon og et aktivt liv ute. skogen fordeler seg på to teiger. Her er det god plass for både små og store, med rom for lek, utfoldelse og gode opplevelser i trygge omgivelser. Eiendommen er tilrettelagt for dyrehold med egen silo og funksjonelle driftsløsninger, i tillegg til egen korntørke. Et meget pent og solid verksted med to porter gir gode muligheter for både arbeid og hobby. Dette er en eiendom som gir deg muligheten til å ta over noe solid og velholdt - og samtidig skape din egen hverdag og nye minner i årene som kommer. Det er gode muligheter for å ta ut tømmer ut av skogen! Minus Vis mindre NB: Knappen for å vise hele beskrivelsen har kun en visuell effekt. Pluss tegn Vis hele beskrivelsen NB: Knappen for å vise hele beskrivelsen har kun en visuell effekt. Salgsoppgaven beskriver vesentlig og lovpålagt informasjon om eiendommen Se komplett salgsoppgave Nyttige lenker Gi bud Bestill salgsoppgave Eiendommens hjemmeside Visning Ta kontakt for å avtale visning. Husk å lese komplett salgsoppgave før visning. Bestill komplett, utskriftsvennlig salgsoppgave. Visningspåmelding Gi bud Nyttige lenker Gi bud Bestill salgsoppgave Eiendommens hjemmeside Nærområdet Kart Sandbekkveien 352, 1892 Degernes Annonseinformasjon FINN-kode 467984557 Sist endret 23. aug. 2026 18:03 Referanse 329260021 Rapporter annonse Annonsene kan være mangelfulle i forhold til lovpålagt opplysningsplikt. Før bindende avtale inngås oppfordres interessenter til å innhente komplett informasjon fra meglerforetaket, selger eller utleier.",2026-09-21T09:41:53+00:00
472807091,https://www.finn.no/realestate/homes/ad.html?finnkode=472807091,"Bud mottatt! - Stor landbrukseiendom med våningshus, kårbolig, melkekvote, driftsbygning og jaktrett","Kjellstadlia 58 og 59, Langøylia 37, 6218 Hellesylt",6218,Hellesylt,4 500 000 kr,4 627 390 kr,127 390 kr,,414 022 kr,Gårdsbruk/Småbruk,Selveier,,262 m² (BRA-i),262 m²,,4,,1987,,1 423 263 m² (eiet),1423263,1423.3,,1525,80,2,5,"Gårdsbruk på Kjellstadli i Langedalen, like ved kommunegrensa mot Volda kommune, ca. 13 km fra Hellesylt. Kjellstadli gnr/nr 80/2 er å anse som hovedbruket i drifta, med: Driftsbygning for melk- og storfekjøttproduksjon og tilhørende silo for surfor. Melkekvote på bruket er 97.294 liter, disponert av foretaket til hjemmelshaverne. Bolighus fra 1987 med kjeller, hovedetasje og loft. Kårbolig, opprinnelig oppført ca. 1878. Langøylia gnr/bnr 81/2, tilleggsjord med: Bolighus Langøylia 37, opprinnelig oppført ca. 1900. Driftsbygning antatt oppført ca. 1962, brukt til enkel lagring Arealgrunnlaget består i hovedsak av: Ca. 106,6 da dyrka jord Ca. 53,1 da innmarksbeite Ca. 428,6 da produktiv skog Øvrig areal er klassifisert som uproduktiv skog, grunnlendt fastmark, bebygd areal, ikke klassifisert areal etc. Samla areal er 1422,7 da, i tillegg til andel i felles utmark. Øvrige retter/verdier, i hovedsak: Hjortejakt Inntekter fra bortfesting av hyttetomter Framtidig fallrettsleie Minus Vis mindre NB: Knappen for å vise hele beskrivelsen har kun en visuell effekt. Pluss tegn Vis hele beskrivelsen NB: Knappen for å vise hele beskrivelsen har kun en visuell effekt. Salgsoppgaven beskriver vesentlig og lovpålagt informasjon om eiendommen Se komplett salgsoppgave Nyttige lenker Gi bud Bestill salgsoppgave Eiendommens hjemmeside Hjemmeside Visning Ta kontakt for å avtale visning. Husk å lese komplett salgsoppgave før visning. Bestill komplett, utskriftsvennlig salgsoppgave. Visningspåmelding Gi bud Nyttige lenker Gi bud Bestill salgsoppgave Eiendommens hjemmeside Hjemmeside Nærområdet Kart Kjellstadlia 58 og 59, Langøylia 37, 6218 Hellesylt Annonseinformasjon FINN-kode 472807091 Sist endret 26. aug. 2026 10:13 Referanse 21250012 Rapporter annonse Annonsene kan være mangelfulle i forhold til lovpålagt opplysningsplikt. Før bindende avtale inngås oppfordres interessenter til å innhente komplett informasjon fra meglerforetaket, selger eller utleier.",2026-09-21T09:41:54+00:00
472393466,https://www.finn.no/realestate/homes/ad.html?finnkode=472393466,"Landlig perle på Seljordshei med 682 daa, jakt, skogressurser og solide driftsbygninger","Heivegen 498, 3840 Seljord",3840,Seljord,5 900 000 kr,6 048 590 kr,148 590 kr,,,Gårdsbruk/Småbruk,Selveier,,226 m² (BRA-i),245 m²,,3,,1973,,682 886 m² (eiet),682886,682.9,,4022,23,1,5,"Gravalid er en innholdsrik landbrukseiendom med flott og usjenert beliggenhet på Seljordshei, omgitt av vakker natur, skog og kulturlandskap. Tunet har en sjelden og genuin gårdsfølelse, med rolige omgivelser som skaper en helt spesiell atmosfære. Eiendommen omfatter om lag 468 daa produktiv skog med langsiktige verdier, i tillegg til jaktmuligheter med både elg- og småviltjakt. Tre ubebygde hyttetomter gir et attraktivt utviklingspotensial for fremtidig eier. Adkomsten til tunet er enkel og lite bratt, noe som sikrer god tilgjengelighet. Den omfattende bygningsmassen består av blant annet våningshus, en stor og velholdt driftsbygning med god takhøyde, stabbur og flere uthus, som gir stor fleksibilitet og mange bruksmuligheter. Dette er en sjelden perle i naturskjønne omgivelser! Minus Vis mindre NB: Knappen for å vise hele beskrivelsen har kun en visuell effekt. Pluss tegn Vis hele beskrivelsen NB: Knappen for å vise hele beskrivelsen har kun en visuell effekt. Salgsoppgaven beskriver vesentlig og lovpålagt informasjon om eiendommen Se komplett salgsoppgave Nyttige lenker Meld interesse Se komplett salgsoppgave Gi bud Visning Ta kontakt for å avtale visning. Visningspåmelding Gi bud Nyttige lenker Meld interesse Se komplett salgsoppgave Gi bud Nærområdet Kart Heivegen 498, 3840 Seljord Annonseinformasjon FINN-kode 472393466 Sist endret 11. aug. 2026 15:50 Referanse 609260224 Rapporter annonse Annonsene kan være mangelfulle i forhold til lovpålagt opplysningsplikt. Før bindende avtale inngås oppfordres interessenter til å innhente komplett informasjon fra meglerforetaket, selger eller utleier.",2026-09-21T09:41:56+00:00
472552780,https://www.finn.no/realestate/homes/ad.html?finnkode=472552780,"Flott småbruk på ca. 39 mål m/​bolig på 203 m², låve på ca. 160 m² og uthus på 67 m². Landlig og tilbaketrukket m/​utsikt.","Kleggen 26, 3048 Drammen",3048,Drammen,8 900 000 kr,9 123 590 kr,223 590 kr,,1 436 969 kr,Gårdsbruk/Småbruk,Selveier,,203 m² (BRA-i),270 m²,,4,,1850,2,39 201 m² (eiet),39201,39.2,Rom,3301,103,8,5,"Velkommen til Kleggen 26! Småbruket ligger tilbaketrukket på en skrånende tomt med skog tett innpå i bakkant og åpne jordbruksarealer rundt. Likevel er hverdagen fleksibel, med kort vei til både Gulskogen og Drammen sentrum med det meste av servicetilbud samt sentrumsfasiliteter. Bygningene har et moderniserings- og vedlikeholdsbehov, og gir en god mulighet til å skape sitt eget drømmested. Det er gode solforhold med utsikt mot Åssiden og Drammenselva. Kort fortalt: - Eiet tomt på ca. 39,2 mål med bl.a. fulldyrket jord og produktiv skog. - Ca. 26,6 mål av tomten er avsatt til boligbebyggelse iht. kommuneplanen. - Boligen har bl.a. flere stuer, 2 kjøkken, 2 bad, toalettrom og 4 soverom. - Stor låve og praktisk uthus med gode lagringsmuligheter (manglende brukstillatelse). Minus Vis mindre NB: Knappen for å vise hele beskrivelsen har kun en visuell effekt. Pluss tegn Vis hele beskrivelsen NB: Knappen for å vise hele beskrivelsen har kun en visuell effekt. Salgsoppgaven beskriver vesentlig og lovpålagt informasjon om eiendommen Se komplett salgsoppgave Nyttige lenker Gi Bud Eiendommens hjemmeside på Krogsveen.no Visning Visning ved henvendelse megler. For å delta på visning, ber vi om at du melder deg på. Da sikrer vi at du får nødvendig informasjon og at det er satt av tilstrekkelig med tid. Kontakt megler dersom annet tidspunkt ønskes. Husk å lese salgsoppgaven før visningen, så du stiller forberedt. Ønsker du kun å bli holdt orientert, kan du fra eiendommens hjemmeside få varsel om solgtpris, eller kontakte megler. Visningspåmelding Gi bud Nyttige lenker Gi Bud Eiendommens hjemmeside på Krogsveen.no Nærområdet Kart Kleggen 26, 3048 Drammen Annonseinformasjon FINN-kode 472552780 Sist endret 24. aug. 2026 10:30 Referanse KR20.26234 Rapporter annonse Annonsene kan være mangelfulle i forhold til lovpålagt opplysningsplikt. Før bindende avtale inngås oppfordres interessenter til å innhente komplett informasjon fra meglerforetaket, selger eller utleier.",2026-09-21T09:41:57+00:00
467262193,https://www.finn.no/realestate/homes/ad.html?finnkode=467262193,Bolås | Landbrukseiendom m/​ totalt areal på 2.297 daa. | 342 daa. Fulldyrka | 2 Bolighus | Driftsbygning på 1970 kvm.BTA,"Gosenvegen 281, 7717 Steinkjer",7717,Steinkjer,7 900 000 kr,8 098 590 kr,198 590 kr,,607 637 kr,Gårdsbruk/Småbruk,Selveier,,347 m² (BRA-i),373 m²,,7,,1890,,2 297 531 m² (eiet),2297531,2297.5,,5006,167,1,5,"Bolås er en eiendom med relativt mye dyrka mark og skog i Steinkjer kommune. Eiendommen har bygningsmasse tilpasset talledrift evt lager og kornproduksjon. Idyllisk gårdstun med naturlig arrondering, flott opparbeidet uteområde og godt med boltreplass. 2. etasje av stabbur er innredet som selskapslokale. Jorda består av mye leir og silt med et mindre areal med moldjord som kan være noe fuktig. Arealene er i dag utleid. Beitene er sammenhengende og noe mer brattlendte. Skogen har mye skog i vekst der hoveddelen er yngre produksjonsskog. Det er jakt på eiendommen. Bolighusene fremstår i brukbar stand. I våninghuset er det påbegynt renovert av tidligere kårende, kjøkken og bad er oppgradert. Kårboligen leies ut pr i dag. Eiendommen ligger 3 km fra skole og barnehage på Røysinga og 12 km nord for Steinkjer. Totalt sett en eiendom med en mye potensiale i jord, skog og bygninger. Minus Vis mindre NB: Knappen for å vise hele beskrivelsen har kun en visuell effekt. Pluss tegn Vis hele beskrivelsen NB: Knappen for å vise hele beskrivelsen har kun en visuell effekt. Salgsoppgaven beskriver vesentlig og lovpålagt informasjon om eiendommen Se komplett salgsoppgave Nyttige lenker Eiendommens hjemmeside Bestill salgsoppgave Visning Det avholdes kun private visninger av eiendommen. Ta kontakt med megler for konkret avtale om tidspunkt. Tidligste budfrist på eiendommen settes til 03.09.2026 kl. 12:00, bud med kortere frist kan ikke videreformidles av megler. Ved eventuelle bud etter 03.09.2026 konferer megler. Husk å lese komplett salgsoppgave før visning. Bestill komplett, utskriftsvennlig salgsoppgave. Visningspåmelding Gi bud Nyttige lenker Eiendommens hjemmeside Bestill salgsoppgave Nærområdet Kart Gosenvegen 281, 7717 Steinkjer Annonseinformasjon FINN-kode 467262193 Sist endret 08. aug. 2026 00:34 Referanse 53250242 Rapporter annonse Annonsene kan være mangelfulle i forhold til lovpålagt opplysningsplikt. Før bindende avtale inngås oppfordres interessenter til å innhente komplett informasjon fra meglerforetaket, selger eller utleier.",2026-09-21T09:41:58+00:00
422041607,https://www.finn.no/realestate/homes/ad.html?finnkode=422041607,"Småbruk | Bolig, naust, løde og eldre kårbolig og ubebygd naustareal | Jaktrett og fiskerett | Flott utsikt over fjorden","Vartdalsstranda 961, 6170 Vartdal",6170,Vartdal,3 200 000 kr,3 281 000 kr,81 000 kr,,1 012 907 kr,Gårdsbruk/Småbruk,Selveier,,228 m² (BRA-i),228 m²,,3,,1917,2,173 256 m² (eiet),173256,173.3,,,,,7,"Velkommen til Vartdalsstranda 961! Småbruk beliggende i vakre omgivelser med naust og del i felles utmark som gir jaktrett og fiskerett. Strandlinje og en kort kjøretur til de fleste fasiliteter. Er dette småbruksdrømmen du søker etter? Da bør du melde deg til megler og på visning! Bruket er bestående av et våningshus som har blitt betydelig renovert og modernisert i perioden 2014/2015, et stort naust ned ved fjorden, en eldre låve og en kårbolig (gamlehuset) som står innfor totalrenovering. Eiendommen består av flere teiger der en består av ubebygd naustareal. Romslig våningshus med en standard der du kan flytte rett inn. Her får du muligheten til turer på sjøen, på Sætra og at drive smått med dyr og dyrking. Bolighuset har virtuell visning. Velkommen til en hyggelig visning! Minus Vis mindre NB: Knappen for å vise hele beskrivelsen har kun en visuell effekt. Pluss tegn Vis hele beskrivelsen NB: Knappen for å vise hele beskrivelsen har kun en visuell effekt. Salgsoppgaven beskriver vesentlig og lovpålagt informasjon om eiendommen Se komplett salgsoppgave Nyttige lenker Bestill komplett, utskriftsvennlig salgsoppgave Se komplett salgsoppgave Virtuell visning Visning Vi i Notar ønsker å avholde så gode visninger som mulig. Derfor har vi påmeldingsvisninger. Da vet vi hvor mange som kommer, og kan sette av nok tid til alle. Trykk på linken  visningspåmelding  for å avtale tidspunkt. Visninger uten påmeldte innen kl. 16:00 dagen i forkant, vil ikke bli avholdt. Hvis det ikke er oppsatt visningstidspunkt eller oppsatt tidspunktet ikke skulle passe, kontakt megler for avtale om privatvisning. Velkommen til visning. Visningspåmelding Gi bud Nyttige lenker Bestill komplett, utskriftsvennlig salgsoppgave Se komplett salgsoppgave Virtuell visning Nærområdet Kart Vartdalsstranda 961, 6170 Vartdal Annonseinformasjon FINN-kode 422041607 Sist endret 07. aug. 2026 21:23 Referanse NO3.24200 Rapporter annonse Annonsene kan være mangelfulle i forhold til lovpålagt opplysningsplikt. Før bindende avtale inngås oppfordres interessenter til å innhente komplett informasjon fra meglerforetaket, selger eller utleier.",2026-09-21T09:41:59+00:00
465291046,https://www.finn.no/realestate/homes/ad.html?finnkode=465291046,"Småbruk med stor tomt på ca. 31 mål i usjenert og landlig område | Låve, anneks, garasje og bod | Kort vei til Minnesund","Habberstadvangen 310, 2092 Minnesund",2092,Minnesund,3 000 000 kr,3 076 090 kr,76 090 kr,,889 813 kr,Gårdsbruk/Småbruk,Selveier,,151 m² (BRA-i),315 m²,,2,,1972,,30 825 m² (eiet),30825,30.8,,3240,181,4,7,"Velkommen til Habberstadvangen 310! En innholdsrik eiendom med stor tomt og flere bygninger i landlige og fredelige omgivelser. Dette er et innholdsrikt småbruk med en stor eiertomt på nesten 29 mål. Eiendommen ligger tilbaketrukket til med skogen som nærmeste nabo. Her kan du realisere et liv på landet, med god avstand til naboer og en rolig atmosfære. Eneboligen har en vestvendt altan og store uteområder som gir god plass til hobby. Modernisering må påregnes. Kort kjøreavstand til Minnesund og Eidsvoll. Høydepunkter: - To store eiertomter på til sammen 30 825 m² - 2,7 mål fulldyrka jord - Låve på 93 m² med innlagt strøm - Garasje på 25 m² - Anneks på 31 m² med innlagt strøm - Ildsted i stuen for ekstra varme og hygge - Privat brønn og septiktank - Kort vei til Minnesund Velkommen! Minus Vis mindre NB: Knappen for å vise hele beskrivelsen har kun en visuell effekt. Pluss tegn Vis hele beskrivelsen NB: Knappen for å vise hele beskrivelsen har kun en visuell effekt. Salgsoppgaven beskriver vesentlig og lovpålagt informasjon om eiendommen Se komplett salgsoppgave Nyttige lenker Bestill salgsoppgave Visning Ønsker du å delta på visningen ber vi deg melde deg på slik at vi vet at du kommer. Da kan vi bistå alle best mulig og gi deg tiden du trenger på visningen. Visningen avholdes bare dersom det er påmeldte senest 8 timer før visning. Ta gjerne kontakt med megler før visning hvis du har noen spørsmål. Velkommen! Husk å lese komplett salgsoppgave før visning. Bestill komplett, utskriftsvennlig salgsoppgave. Visningspåmelding Gi bud Nyttige lenker Bestill salgsoppgave Nærområdet Kart Habberstadvangen 310, 2092 Minnesund Annonseinformasjon FINN-kode 465291046 Sist endret 20. aug. 2026 09:51 Referanse 6035260267 Rapporter annonse Annonsene kan være mangelfulle i forhold til lovpålagt opplysningsplikt. Før bindende avtale inngås oppfordres interessenter til å innhente komplett informasjon fra meglerforetaket, selger eller utleier.",2026-09-21T09:42:01+00:00
472124111,https://www.finn.no/realestate/homes/ad.html?finnkode=472124111,"Småbruk/​landbrukseiendom med fantastisk beliggenhet. 5 teiger, totalt 34800m². Solrik tomt med flott utsikt.","Frostavegen 2160, 7633 Frosta",7633,Frosta,1 450 000 kr,1 487 340 kr,37 340 kr,,223 963 kr,Gårdsbruk/Småbruk,Selveier,,,,,3,,,,34 744 m² (eiet),34744,34.7,G - Rød,5036,94,3,5,"Frostavegen 2160 er en landbrukseiendom med en flott og attraktiv beliggenhet. Eiendommen består av 3 bygningskropper, hvor bolighuset består av en tømmerkasse, men anses som rivningsobjekt. Fra eiendommen har man flott utsikt i flere retninger, i tillegg til svært gode solforhold. Her får man fjordutsikt både sør- og nordsiden. Eiendommen er totalt 34800 m² Hvor 32700m² er fulldyrka jord, 200m² er produktiv skog, 200m² er annet markslag og 1700m² er bebygd areal. 3 av jordteigene ligger rundt boligen, mens 2 av jordteigene ligger ved sjøen i Sørgrenda. Det tilhører også et lite og nyrenovert uthust/nøst med jordkjeller. Ca. 500 meter ned til sjøen mot sør, hvor det er fine badeplasser med strand. Minus Vis mindre NB: Knappen for å vise hele beskrivelsen har kun en visuell effekt. Pluss tegn Vis hele beskrivelsen NB: Knappen for å vise hele beskrivelsen har kun en visuell effekt. Salgsoppgaven beskriver vesentlig og lovpålagt informasjon om eiendommen Se komplett salgsoppgave Nyttige lenker Gi bud Bestill salgsoppgave Eiendommens hjemmeside Hjemmeside Visning Ta kontakt for å avtale visning. Husk å lese komplett salgsoppgave før visning. Bestill komplett, utskriftsvennlig salgsoppgave. Visningspåmelding Gi bud Nyttige lenker Gi bud Bestill salgsoppgave Eiendommens hjemmeside Hjemmeside Nærområdet Kart Frostavegen 2160, 7633 Frosta Annonseinformasjon FINN-kode 472124111 Sist endret 21. sep. 2026 06:02 Referanse 70260117 Rapporter annonse Annonsene kan være mangelfulle i forhold til lovpålagt opplysningsplikt. Før bindende avtale inngås oppfordres interessenter til å innhente komplett informasjon fra meglerforetaket, selger eller utleier.",2026-09-21T09:42:02+00:00
454081109,https://www.finn.no/realestate/homes/ad.html?finnkode=454081109,Landbrukseiendom på ca. 753 daa. Oppgraderingsbehov. Mange muligheter. Landlig beliggenhet.,"Ørbekkvegen 260 og 294, 2410 Hernes",2410,Hernes,3 000 000 kr,3 096 290 kr,96 290 kr,,467 072 kr,Gårdsbruk/Småbruk,Selveier,,237 m² (BRA-i),244 m²,,5,,1969,,753 900 m² (eiet),753900,753.9,F - Oransje,3420,149,125,5,"Landbrukseiendommen Nylund er en stor eiendom med landlig beliggenhet ved Ørbekken i Elverum kommune. Eiendommen utgjør ca. 753 dekar og byr på store arealer, varierte ressurser og gode utviklingsmuligheter. Hovedbølet består av en innholdsrik enebolig med eldre standard og behov for oppgraderinger, men med et solid utgangspunkt. Boligen inneholder blant annet fem soverom og to stuer. Sokkeletasjen har garasje, kjellerstue og gode lagringsmuligheter. På tunet finnes to uthus samt et eldre anneks. Arealet består blant annet av ca. 565 daa skog. Beliggenheten er landlig med kort vei til store skogsområder og gode turmuligheter året rundt. Flishøgda byr på ca. 60 km oppkjørte skiløyper. Det er ca. 9 km til dagligvare i Søre Osen og ca. 30 km til Elverum sentrum. Minus Vis mindre NB: Knappen for å vise hele beskrivelsen har kun en visuell effekt. Pluss tegn Vis hele beskrivelsen NB: Knappen for å vise hele beskrivelsen har kun en visuell effekt. Salgsoppgaven beskriver vesentlig og lovpålagt informasjon om eiendommen Se komplett salgsoppgave Nyttige lenker Bestill prospekt fra tilbyder Hva blir boligen solgt for? Visning Vi oppfordrer til å benytte visningspåmelding, dette sikrer god oppfølging fra megler. Ta gjerne kontakt med megler i forkant av visning dersom du har spørsmål. Husk å lese salgsoppgaven før visningen. Velkommen! Husk å lese komplett salgsoppgave før visning. Bestill komplett, utskriftsvennlig salgsoppgave. Visningspåmelding Gi bud Nyttige lenker Bestill prospekt fra tilbyder Hva blir boligen solgt for? Nærområdet Kart Ørbekkvegen 260 og 294, 2410 Hernes Annonseinformasjon FINN-kode 454081109 Sist endret 10. aug. 2026 04:07 Referanse 82250227 Rapporter annonse Annonsene kan være mangelfulle i forhold til lovpålagt opplysningsplikt. Før bindende avtale inngås oppfordres interessenter til å innhente komplett informasjon fra meglerforetaket, selger eller utleier.",2026-09-21T09:42:03+00:00
461646035,https://www.finn.no/realestate/homes/ad.html?finnkode=461646035,"Flott småbruk tilpasset dyrehold. 40 min. unna Oslo. Stor anvendelig driftsbygning. Stall, betydelig oppgradert bolig!","Riggesemveien 156, 1827 Hobøl",1827,Hobøl,10 900 000 kr,11 173 888 kr,273 888 kr,,1 018 490 kr,Gårdsbruk/Småbruk,Selveier,,267 m² (BRA-i),282 m²,,3,,1927,,15 600 m² (eiet),15600,15.6,Rom,3118,854,10,7,"Arealer Totalt bruksareal: 282,0 m² BRA-i: 267,0 m² BRA-e: 15,0 m² BRA-b:  m² I tillegg kommer TBA (terrasse-/balkongareal): 49,0 m² BRA-i: Internt bruksareal. BRA-e: Eksternt bruksareal. Dersom dette arealet befinner seg i sameie, borettslag, aksjesalg e.l. vil normalt sett disse arealene ikke være eid av boligen, de er kun disponert på salgstidspunktet. Arealet kan f. eks. omrokeres av styret i ettertid. BRA-b: Innglasset balkong. GUA: Gulvareal. ALH: Areal med lav himlingshøyde. Se vedlagte tilstandsrapport for nærmere beskrivelse av arealene. Arealene er oppmålt av bygningssakkyndig og ikke kontrollert/oppmålt av eiendomsmegler. Arealene er oppgitt iht NS 3940 Areal- og volumberegninger av bygninger. Smedebøl er et svært pent og konsesjonsfritt småbruk som omgis av en idyllisk atmosfære rundt tunet. Her møtes du av et herskapelig hovedhus, vakre uteområder og en harmonisk helhet som skaper en sjelden landlig ro. Eiendommen er godt tilrettelagt for hestehold, med ridebane, en stall med fire stallbokser, samt mulighet for en femte. Stallen er bygget i samme stil som huset og forsterker gårdstunets sjarmerende uttrykk. Boligen oppleves romslig og elegant, med mulighet for å etablere hybel. Med moderne renseanlegg for vann og kort vei til E18 ligger eiendommen praktisk til, kun rundt 40 minutter fra Oslo - perfekt for deg som ønsker en landlig livsstil uten å gi slipp på nærheten til byen. Riggesemveien 156 er både velholdt og innholdsrikt, med landlig og samtidig sentral beliggenhet i Hobøl. Eiendommen fremstår som et gjennomført og funksjonelt bruk, særlig godt tilrettelagt for dyrehold, herunder spesielt hest. Tunet er romslig og pent opparbeidet, og bygningsmassen holder gjennomgående god standard. Eiendommen består av våningshus, driftsbygning/låve, stall og geite-/hønsehus samt et uthus. Småbruket har egen ridebane. Strukturen på tunet gir et helhetlig og ryddig inntrykk. Dette er en eiendom som egner seg godt for kjøper som ønsker å kombinere bolig med stall for egne hester. Boligen er oppgradert og tilbygget med ""egen avdeling med egen inngangsdør"" i år 2004. Den store låven er romslig og har rikelig med muligheter. Her har man mye boltreplass til f. eks. hobby, produksjon, lagerseksjoner. Det anses at bygningen har inntektspotensial i form av utleie til (mini) lager, bil, båt etc. Stallen har 4 bokser og eller god infrastruktur til bruk som stall eller småfe-fjøs. Bygningen danner et intimt og skjermet tun.",2026-09-21T09:42:05+00:00
472004941,https://www.finn.no/realestate/homes/ad.html?finnkode=472004941,Småbruk sentralt i Sandefjord - Spennende utviklingspotensiale - Dyrket mark - Oppussingsprosjekt,"Moveien 69B, 3221 Sandefjord",3221,Sandefjord,8 990 000 kr,9 215 840 kr,225 840 kr,,216 751 kr,Gårdsbruk/Småbruk,Selveier,,120 m² (BRA-i),573 m²,,2,,,2,19 429 m² (eiet),19429,19.4,,3907,41,54,5,"Her finner du et småbruk med en flott og romslig tomt på hele 19 429 m² hvor ca.6 000 m² er avsatt til fremtidig/nåværende boligformål i kommuneplanens arealdel. Eiendommen byr på gode solforhold og dyrkbare arealer, med gode muligheter for videre utvikling. Dette er en eiendom som passer perfekt for deg som alltid har drømt om å drive småbruk, men samtidig ønsker en sentral beliggenhet med enkel tilgang til det du trenger i hverdagen. Låve og bolig gir et godt utgangspunkt for deg som vil sette ditt eget preg og videreutvikle eiendommen til noe helt eget. Boligen fremstår som et oppussingsobjekt med spennende muligheter. Den inneholder stue, kjøkken, bad og gang i første etasje. I andre etasje finner du kjøkken, toalettrom og to soverom. Oppgraderinger må påregnes, med stort potensiale. Minus Vis mindre NB: Knappen for å vise hele beskrivelsen har kun en visuell effekt. Pluss tegn Vis hele beskrivelsen NB: Knappen for å vise hele beskrivelsen har kun en visuell effekt. Salgsoppgaven beskriver vesentlig og lovpålagt informasjon om eiendommen Se komplett salgsoppgave Nyttige lenker Gi Bud Eiendommens hjemmeside på Krogsveen.no Visning For å delta på visning, ber vi om at du melder deg på. Da sikrer vi at du får nødvendig informasjon og at det er satt av tilstrekkelig med tid. Kontakt megler dersom annet tidspunkt ønskes. Husk å lese salgsoppgaven før visningen, så du stiller forberedt. NB. Visning utgår dersom det ikke er noen påmeldte. Ønsker du kun å bli holdt orientert, kan du fra eiendommens hjemmeside få varsel om solgtpris, eller kontakte megler. Visningspåmelding Gi bud Nyttige lenker Gi Bud Eiendommens hjemmeside på Krogsveen.no Nærområdet Kart Moveien 69B, 3221 Sandefjord Annonseinformasjon FINN-kode 472004941 Sist endret 31. aug. 2026 17:21 Referanse KR22.25454 Rapporter annonse Annonsene kan være mangelfulle i forhold til lovpålagt opplysningsplikt. Før bindende avtale inngås oppfordres interessenter til å innhente komplett informasjon fra meglerforetaket, selger eller utleier.",2026-09-21T09:42:06+00:00
472302780,https://www.finn.no/realestate/homes/ad.html?finnkode=472302780,Småbruk/​ fritidseiendom,"Hattfjelldalsveien 777 A+B, 8694 Hattfjelldal",8694,Hattfjelldal,2 750 000 kr,2 750 000 kr,0 kr,0 kr,0 kr,Gårdsbruk/Småbruk,Selveier,,,267 m²,,8,,1974,,,,,,1886,84,7,1,"Hus og bygninger Våningshus (hovedhus): Våningshus 1 Frittstående bolig , byggeår for først oppførte hovedbygg ca 1955. Tilbygg nr 1 ca 1969 og nr 2 i 1986. Første oppførte bygg er oppført i laft av tømmer. Våningshuset har Kjeller bestående av forrom og potetrom. 1 etg: vindfang, innergang med trapp til 2 etg og kjeller, bad/wc, kjøkken stue og vaskerom 2 etg.: trappeoppgang, innergang med snekkerbod samt 4 stk soverom + trapp opp til kvist/loft. Våningshus 2 Frittstående bolig fra 1974 og 1984, 1 etg Vindfang, wc, bad, etr/inngang, soverom 1,2,3 og 4 . Soverom 4 har dør til terasse, stue,dør ut til terasse, kjøkken, vaskerom, yttergang med dør til terreng samt bod nr 1 og 2. Kjøkken totalt renovert i i 2014/2016 Driftsbygning: Fjøs- oppføringsår 1968, 1 etg 125 m2 og 2 etg 126 m2. Bygningen er fundamentert på gjødselkjeller u.k husdyrrom og ringmur av betong i rom forøvrig. Bygningen har fjøsloft med kjørebru i røstvegg. I husdyrrom er innmontert båsinnredning. Fjøset må rehabiliteres for å kunne tas i bruk til aktiv drift. Andre opplysninger: Garage med 5 stk, garageplass, rom for fast brensel og bakerom/bod. Røkeri bygd ca 1997 i tradiasjonell byggeutførelse, bindingsverk, med ildsted for fast brendsel. Vannkilde; egen brønn Avløp; Septiktank",2026-09-21T09:42:07+00:00
472114307,https://www.finn.no/realestate/homes/ad.html?finnkode=472114307,"Småbruk på 109 mål med jaktrettigheter, hogstmoden skog og øko jord","Evjevannsveien 30, 4980 Gjerstad",4980,Gjerstad,1 250 000 kr,1 250 000 kr,0 kr,0 kr,0 kr,Gårdsbruk/Småbruk,Selveier,,,164 m²,,4,,1761,2,109 000 m² (eiet),109000,109.0,,4211,31,1,1,"Drømmer du om et sted med mer plass, mer natur og muligheten til å skape noe eget? Denne nydelige plassen ser etter en ny eier som skal få glede av alt naturen og stedet har å by på. For den som ønsker å være selvberget er dette stedet ideelt, med en stor hogstmoden skog, jaktrettigheter og jord som er økologisk drevet. Det er mulighet for tilskudd til utvidelse av jordet og utbedring av bygninger. Om det frister å bo på Sørlandet ligger denne eiendommen landlig og fredelig til i Gjerstad kommune. Stedet er omgitt av skog, vann og natur, samtidig som du har kort vei til nødvendige servicetilbud. Her får du et småbruk med god boltreplass og mange muligheter. Et perfekt sted f.eks. om du vil være selvberget eller være litt ""off-grid"". 96 mål skog (hogstmoden) 15 mål dyrkbar jord (økologisk drevet) Jaktrettigheter Gruve Gården ligger vakkert til i et område med bosetting tilbake til vikingtid (og sikkert eldre), og er en prisgunstig mulighet for å realisere småbruksdrømmen. Skogen er hogsmoden - en mulighet for umiddelbar inntekt. Eller man kan fortsette med plukkhogst som nå - hvor mangfold og naturlig urskog er bevart. Jorda er økologisk drevet. Det renner to bekker igjennom eiendommen. Huset består idag av to enheter, og er ideelt for flere å bo sammen eller utleie, om man skulle ønske det. Her er det mange muligheter for den kreative. Bygningsmasse: - Hovedhus - tomannsbolig med mulighet for sammenslående, og strot loft med potensiale. - Låve med fjøs og høyloft - Skjul/verksted Alle store rom i huset har egen vedovn eller peis. Nåværende eier har planer for oppgradering av eiendommen, og deler gjerne dem med ny eier. Dette er en eiendom for deg som ser muligheter. Enten du ønsker et roligere liv på landet, et sted for hobbybruk, småskala dyrehold, selvberging eller bare ønsker god plass rundt deg, kan dette være et spennende utgangspunkt. Det flotte gamle huset som er bygget av solid malmfuru og reisverk, men enkelte deler av huset bør oppgraderes. Huset har nytt sikringsskap og  nytt elektrisk anlegg i stordelen av boligen. Boligen er pr idag delt og har vært brukt som tomannsbolig, men kan enkelt åpnes til ett stort hus igjen, noe som gir mange muligheter for den som vil ha mye plass eller for utleie. Uteområde Eiendommen byr på god plass til både dyrking, dyrehold, ved-/tømmerproduksjon, hobbyprosjekter og rekreasjon. Her kan du nyte stillheten, høre fuglesangen og følge årstidene tett på. Skogen er hogsmoden og gir mulighet for inntekter umiddelbart. For den friluftsinteresserte finnes flotte turmuligheter i nærområdet, og området passer godt både for jakt-, sopp- og bærinteresserte, og det er skianlegg og badevann i nærheten. VISNING - PÅMELDING Velkommen til visning fredag 28. eller søndag 30. august. PÅMELDING - du må melde deg på visning og avtale tidspunkt. Det er vanskelig å formidle atmosfæren på en eiendom som denne gjennom tekst alene. Dette er et sted som må oppleves. Ta gjerne kontakt dersom du har spørsmål eller ønsker å melde deg på visning. Gården selges privat og er konsesjonspliktig. Vesentlige opplysninger Huset bærer naturlig preg av sin alder, og trenger omfattende oppgradering. For den rette kjøperen betyr dette en unik mulighet til å utvikle en eiendom med stor potensial. - Konstruksjon: Enkelte bjelker bør byttes, en vegg har seget litt over tid og bør rettes opp. - Tak: Det er registrert lekkasje som bør rettes opp. - Sanitær: Det er idag ikke innlagt toalett eller dusj. - Avløp: Nytt avløpssystem må etableres og godkjennes av kommunen. - Vannforsyning: Eiendommen har vann fra egen brønn. Det foreligger ingen tilstandsrapport på huset, og vi anbefaler derfor befaring før kjøp slik at du får et godt inntrykk av eiendommens muligheter og nødvendige tiltak. Det er driveplikt. Den er i dag ivaretatt av en som slår gresset på jordet. Det er boplikt i minst 5 år etter innflytting. Det er landbrukstakst på eiendommen. Minus Vis mindre NB: Knappen for å vise hele beskrivelsen har kun en visuell effekt. Pluss tegn Vis hele beskrivelsen NB: Knappen for å vise hele beskrivelsen har kun en visuell effekt. Ta kontakt med selger for komplett informasjon Nyttige lenker Verdi av jord- og skogbrukseiendom Fossbrekke Gjerstad.pdf BUDSKJEMA pdf.pdf grunnboksutskrift_Evjevannsveien 30 Gjerstad.pdf Profilinfo Rettigheter og plikter når du kjøper bolig av en privatperson Visning Ta kontakt for å avtale visning. Nyttige lenker Verdi av jord- og skogbrukseiendom Fossbrekke Gjerstad.pdf BUDSKJEMA pdf.pdf grunnboksutskrift_Evjevannsveien 30 Gjerstad.pdf Nærområdet Kart Evjevannsveien 30, 4980 Gjerstad Profilinfo Rettigheter og plikter når du kjøper bolig av en privatperson Annonseinformasjon FINN-kode 472114307 Sist endret 01. sep. 2026 11:45 Rapporter annonse Annonsene kan være mangelfulle i forhold til lovpålagt opplysningsplikt. Før bindende avtale inngås oppfordres interessenter til å innhente komplett informasjon fra meglerforetaket, selger eller utleier.",2026-09-21T09:42:08+00:00
413091577,https://www.finn.no/realestate/homes/ad.html?finnkode=413091577,"Unik sjønær eiendom som passer både til gårdsbruk, bolig, fritid og et utviklingsprosjekt |","Bersagelveien 1008, 4308 Sandnes",4308,Sandnes,9 700 000 kr,9 943 590 kr,243 590 kr,,65 804 kr,Gårdsbruk/Småbruk,Selveier,,107 m² (BRA-i),107 m²,,2,,1848,2,155 790 m² (eiet),155790,155.8,Rom,1108,88,4,7,"Velkommen til Bersagelveien 1008 - Naturskjønn eiendom som ligger landlig og idyllisk til. Kort vei til Sandnes og Stavanger! Bak denne eiendommen ligger et potensial som kan appellere  til investorer, utbyggere og ellers dem som vil skape noe unikt i attraktiv, kystnær beliggenhet. Eller trekke seg tilbake med mindre gårdsdrift og gjerne noen dyr. Areal og innhold: - ca 35 mål sjønært areal (avsatt til fritid i kommuneplanen) - ca 100 mål tilleggsareal (under planvurdering fra fritid til lnf) - ca 20 mål gressproduksjon - ca 25 m sjølinje - Bruksrett til flott naust tomt og båtplass - Vernet gårdsbruk fra 1848 Kjøpet er konsesjonsbetinget. Driveplikt(Ivaretatt av stabil aktør). Det er ikke boplikt, heller ikke odelsrett på eiendommen. Minus Vis mindre NB: Knappen for å vise hele beskrivelsen har kun en visuell effekt. Pluss tegn Vis hele beskrivelsen NB: Knappen for å vise hele beskrivelsen har kun en visuell effekt. Salgsoppgaven beskriver vesentlig og lovpålagt informasjon om eiendommen Se komplett salgsoppgave Nyttige lenker Meld interesse Se komplett salgsoppgave Gi bud Visning Velkommen til visning! Meld deg på ved å trykke ""visningspåmelding"" i våre boligannonser. Visning med megler til stede vil ikke bli avholdt uten påmeldinger. Ta gjerne kontakt med megler i forkant av visningen om du har spørsmål. Visningspåmelding Gi bud Nyttige lenker Meld interesse Se komplett salgsoppgave Gi bud Nærområdet Kart Bersagelveien 1008, 4308 Sandnes Annonseinformasjon FINN-kode 413091577 Sist endret 06. aug. 2026 15:09 Referanse 703250199 Rapporter annonse Annonsene kan være mangelfulle i forhold til lovpålagt opplysningsplikt. Før bindende avtale inngås oppfordres interessenter til å innhente komplett informasjon fra meglerforetaket, selger eller utleier.",2026-09-21T09:42:10+00:00
465188718,https://www.finn.no/realestate/homes/ad.html?finnkode=465188718,"Landbrukseiendom på 940 dekar - herskapelig våningshus, idyllisk hage, bryggerhus, skogshytte, skog og jord","Svarstadtunet 4, 3275 Svarstad",3275,Svarstad,14 000 000 kr,14 351 090 kr,351 090 kr,,,Gårdsbruk/Småbruk,Selveier,,368 m² (BRA-i),368 m²,,7,,1894,2,940 000 m² (eiet),940000,940.0,,3909,31,5,7,"Velkommen til Svarstad gård - en sjelden og innholdsrik landbrukseiendom på ca. 940 dekar, sentralt beliggende midt i Svarstad. Eiendommen kombinerer herskapelig gårdspreg og romslig tun med gangavstand til skole, barnehage, butikker og servicetilbud. Her får du et stort og herskapelig våningshus med egen hybel-/utleiedel, driftsbygning, idyllisk hage med drivhus og et nyere bryggerhus med mange bruksmuligheter. Bryggerhuset har tidligere vært benyttet til arrangementer/servering, herunder bar, og kan gi muligheter for videre bruk eller utleie til aktivitet, selskap, kontor, hobby eller annen tilpasset virksomhet. Eiendommen omfatter også ca. 117 daa dyrket mark, betydelige skogressurser med ca. 662 daa produktiv skog og egen skogshytte. Det ligger til rette for flere andre mulige inntektskilder, blant annet fra hybel-/utleiedel i våningshuset, bortleie av jordbruksareal, jaktrettigheter og fremtidig uttak av tømmer fra skogen. Minus Vis mindre NB: Knappen for å vise hele beskrivelsen har kun en visuell effekt. Pluss tegn Vis hele beskrivelsen NB: Knappen for å vise hele beskrivelsen har kun en visuell effekt. Salgsoppgaven beskriver vesentlig og lovpålagt informasjon om eiendommen Se komplett salgsoppgave Nyttige lenker Gi bud Bestill salgsoppgave Eiendommens hjemmeside Visning Ta kontakt for å avtale visning. Husk å lese komplett salgsoppgave før visning. Bestill komplett, utskriftsvennlig salgsoppgave. Visningspåmelding Gi bud Nyttige lenker Gi bud Bestill salgsoppgave Eiendommens hjemmeside Nærområdet Kart Svarstadtunet 4, 3275 Svarstad Annonseinformasjon FINN-kode 465188718 Sist endret 04. sep. 2026 11:12 Referanse 330250005 Rapporter annonse Annonsene kan være mangelfulle i forhold til lovpålagt opplysningsplikt. Før bindende avtale inngås oppfordres interessenter til å innhente komplett informasjon fra meglerforetaket, selger eller utleier.",2026-09-21T09:42:11+00:00
464143373,https://www.finn.no/realestate/homes/ad.html?finnkode=464143373,"Slåttun - Konsesjonsfritt småbruk på 24,3 dekar med stort potensiale, sentralt i Bø. 20 daa dyrka jord mot Bøelva.","Slåttunvegen 40, 3802 Bø i Telemark",3802,Bø i Telemark,2 800 000 kr,2 871 090 kr,71 090 kr,,155 867 kr,Gårdsbruk/Småbruk,Selveier,,197 m² (BRA-i),310 m²,,3,,1954,3,24 234 m² (eiet),24234,24.2,G - Rød,4020,6,6,7,"Idyllisk småbruk med landlig og solrik beliggenhet - kun ca. 2,5 km fra Bø sentrum. Eiendommen strekker seg over ca. 24 dekar og byr på gode solforhold, romslige uteområder og flott utsikt mot Bøelva og omkringliggende natur. Her ligger alt til rette for deg som ønsker god plass, dyrehold eller et hyggelig sted i landlige omgivelser. Eiendommen har arealer egnet til dyrking og gir gode muligheter for både mindre landbruksdrift, hobbydyrking eller selvforsyning. Tunet fremstår romslig og opparbeidet med et flatt gruset område som egner seg godt til parkering, lagring eller oppstilling av maskiner, og kan også gi mulighet for oppføring av ny driftsbygning (forutsatt godkjenning fra kommunen). Våningshuset går over to plan med kjeller, og det medfølger uthus med lagringsmuligheter. Boligen har behov for oppgradering og fremstår som et spennende prosjekt med stort potensiale Minus Vis mindre NB: Knappen for å vise hele beskrivelsen har kun en visuell effekt. Pluss tegn Vis hele beskrivelsen NB: Knappen for å vise hele beskrivelsen har kun en visuell effekt. Salgsoppgaven beskriver vesentlig og lovpålagt informasjon om eiendommen Se komplett salgsoppgave Nyttige lenker Gi bud Bestill salgsoppgave Eiendommens hjemmeside Visning Ta kontakt for å avtale visning. Husk å lese komplett salgsoppgave før visning. Bestill komplett, utskriftsvennlig salgsoppgave. Visningspåmelding Gi bud Nyttige lenker Gi bud Bestill salgsoppgave Eiendommens hjemmeside Nærområdet Kart Slåttunvegen 40, 3802 Bø i Telemark Annonseinformasjon FINN-kode 464143373 Sist endret 13. aug. 2026 06:01 Referanse 330260022 Rapporter annonse Annonsene kan være mangelfulle i forhold til lovpålagt opplysningsplikt. Før bindende avtale inngås oppfordres interessenter til å innhente komplett informasjon fra meglerforetaket, selger eller utleier.",2026-09-21T09:42:13+00:00
472228745,https://www.finn.no/realestate/homes/ad.html?finnkode=472228745,"Idyllisk landbrukseiendom ""hestegård"" på 151,5 dekar med våningshus og stall/​låve","Bjørntvedtvegen 165, 3740 Skien",3740,Skien,12 000 000 kr,12 301 350 kr,301 350 kr,,420 111 kr,Gårdsbruk/Småbruk,Selveier,,207 m² (BRA-i),237 m²,,5,,1900,,151 500 m² (eiet),151500,151.5,F - Oransje,4003,221,5,7,"Meglerhuset Telemark v/ Jørn Eik-Nilsen har gleden av å presentere Bjørntvedtvegen 165. En sjelden og attraktiv landbrukseiendom med særegen beliggenhet på Bjørntvedt i Skien. Her får du en komplett gårdseiendom med lange tradisjoner innen jordbruk, romslige jorder av god kvalitet og fullt utbygd hesteanlegg. Eiendommen totalt 151,5 dekar hovedsaklig fordelt på 86,7 dekar fulldyrket jord, 47,4 dekar produktiv skog og et bebygget tun med oppgradert våningshus fra ca. 1900 og en romslig stall/låve fra 1970. Stallen er tilrettelagt for hestehold med 16 hestebokser fordelt på to deler, inngjerdet beiteområde og longeringsgrop. Våningshuset er over 2 etasjer og byr på romslig planløsning med kjøkken, 3 stuer, 3 soverom, 2 bad og flere disponible rom. Eiendommen har meget sentral beliggenhet med nærhet til både Porsgrunn og Skien sentrum, og kombinerer landlig hverdagsliv med byens fasiliteter innenfor kort rekkevidde. Minus Vis mindre NB: Knappen for å vise hele beskrivelsen har kun en visuell effekt. Pluss tegn Vis hele beskrivelsen NB: Knappen for å vise hele beskrivelsen har kun en visuell effekt. Salgsoppgaven beskriver vesentlig og lovpålagt informasjon om eiendommen Se komplett salgsoppgave Nyttige lenker Gi bud Bestill salgsoppgave Eiendommens hjemmeside Hjemmeside Visning Ta kontakt for å avtale visning. Husk å lese komplett salgsoppgave før visning. Bestill komplett, utskriftsvennlig salgsoppgave. Visningspåmelding Gi bud Nyttige lenker Gi bud Bestill salgsoppgave Eiendommens hjemmeside Hjemmeside Nærområdet Kart Bjørntvedtvegen 165, 3740 Skien Annonseinformasjon FINN-kode 472228745 Sist endret 09. sep. 2026 06:02 Referanse 90260112 Rapporter annonse Annonsene kan være mangelfulle i forhold til lovpålagt opplysningsplikt. Før bindende avtale inngås oppfordres interessenter til å innhente komplett informasjon fra meglerforetaket, selger eller utleier.",2026-09-21T09:42:14+00:00
472129247,https://www.finn.no/realestate/homes/ad.html?finnkode=472129247,Idyllisk og pent opparbeidet småbruk med godkjent utleie i bolig og flott beliggenhet | Jaktrett | 21 daa dyrket mark,"Skeisdalsvegen 459, 6631 Batnfjordsøra",6631,Batnfjordsøra,3 500 000 kr,3 588 850 kr,88 850 kr,,355 537 kr,Gårdsbruk/Småbruk,Selveier,,202 m² (BRA-i),418 m²,,3,,1978,,189 339 m² (eiet),189339,189.3,Rom,1557,21,18,5,"Hjertelig velkommen til Skeisdalsvegen 459, presentert av Sondre Gjetøy v/EIE eiendomsmegling. Et idyllisk og gjennomgående flott småbruk med god beliggenhet. Småbruket består i hovedsak av 21 daa fulldyrket jord og 147 daa produktiv skog. Det er våningshus og driftsbygning på eiendommen. I tillegg er det jaktrett i felles jaktlag. Våningshuset har gjennomgående god standard og godkjent utleie i underetasjen. Det er opparbeidet pent uteområde med flott utsikt ut mot fjorden. Velkommen på visning, husk påmelding! Minus Vis mindre NB: Knappen for å vise hele beskrivelsen har kun en visuell effekt. Pluss tegn Vis hele beskrivelsen NB: Knappen for å vise hele beskrivelsen har kun en visuell effekt. Salgsoppgaven beskriver vesentlig og lovpålagt informasjon om eiendommen Se komplett salgsoppgave Nyttige lenker Gi bud Bestill salgsoppgave Eiendommens hjemmeside Visning Ta kontakt for å avtale visning. Husk å lese komplett salgsoppgave før visning. Bestill komplett, utskriftsvennlig salgsoppgave. Visningspåmelding Nyttige lenker Gi bud Bestill salgsoppgave Eiendommens hjemmeside Nærområdet Kart Skeisdalsvegen 459, 6631 Batnfjordsøra Annonseinformasjon FINN-kode 472129247 Sist endret 10. sep. 2026 14:21 Referanse 21260171 Rapporter annonse Annonsene kan være mangelfulle i forhold til lovpålagt opplysningsplikt. Før bindende avtale inngås oppfordres interessenter til å innhente komplett informasjon fra meglerforetaket, selger eller utleier.",2026-09-21T09:42:16+00:00
443007589,https://www.finn.no/realestate/homes/ad.html?finnkode=443007589,"Ny pris! Augunsrud, Veggli. Idyllisk, usjenert småbruk/​generasjonsbolig. Flott utsikt. Stor tomt. Visning i høstferien.","Heimsetervegen 43, 3628 Veggli",3628,Veggli,10 950 000 kr,11 224 840 kr,274 840 kr,,48 991 kr,Gårdsbruk/Småbruk,Selveier,,436 m² (BRA-i),436 m²,,5,,2017,,165 543 m² (eiet),165543,165.5,E - Mørkegrønn,3336,24,2,7,"Småbruket Augunsrud ligger usjenert og koselig til på et nydelig tun ca 650 meter over havet, passe kort vei opp i solsiden fra Veggli sentrum og tureldoradoet Vegglifjell. Plass til flere familier. Totalt areal på 165 daa; 127 daa er skog, 2,8 daa er dyrket mark og 3,6 daa er innmarksbeite. Ekte smågårdsidyll med mange bruksmuligheter. Tunet har våningshus, kårbolig, drengestue, og to driftsbygninger oppført 2013-2021 etter TEK-17 samt garasje og låve. Meget god teknisk standard og kvalitetsmessig utførelse. Våningshuset på hele 347 m² er fra 2017, og kårboligen og drengestuen er fra 2014. De nyere bygningene har vannbåren gulvvarme fra flisfyringsanlegg anno 2014. På tunet er det to driftsbygninger fra 2013 og 2021 med store porter og støpte gulv, samt garasje og en sjarmerende låve. Gårdstunet ligger fredelig og naturskjønt med i hovedsak skog og kort vei opp til høyfjellet. Det er muligheter for jakt, fiske og utmarksliv i nærområdet, og spennende muligheter for småbruket. Minus Vis mindre NB: Knappen for å vise hele beskrivelsen har kun en visuell effekt. Pluss tegn Vis hele beskrivelsen NB: Knappen for å vise hele beskrivelsen har kun en visuell effekt. Salgsoppgaven beskriver vesentlig og lovpålagt informasjon om eiendommen Se komplett salgsoppgave Nyttige lenker Gi bud Bestill salgsoppgave Eiendommens hjemmeside Visning søndag, 04. oktober 14:00 – 15:00 Legg til i kalender Husk å lese komplett salgsoppgave før visning. Bestill komplett, utskriftsvennlig salgsoppgave. Visningspåmelding Gi bud Nyttige lenker Gi bud Bestill salgsoppgave Eiendommens hjemmeside Nærområdet Kart Heimsetervegen 43, 3628 Veggli Annonseinformasjon FINN-kode 443007589 Sist endret 17. sep. 2026 08:35 Referanse 328250020 Rapporter annonse Annonsene kan være mangelfulle i forhold til lovpålagt opplysningsplikt. Før bindende avtale inngås oppfordres interessenter til å innhente komplett informasjon fra meglerforetaket, selger eller utleier.",2026-09-21T09:42:18+00:00
471415916,https://www.finn.no/realestate/homes/ad.html?finnkode=471415916,Braatebækken | 318 daa | Moderne våningshus | Gamlestua med sjel | 18 daa innmarksbeite | Eldorado for jakt og fiske,"Eltdalsvegen 1280, 2430 Jordet",2430,Jordet,5 700 000 kr,5 843 590 kr,143 590 kr,,44 590 kr,Gårdsbruk/Småbruk,Selveier,,112 m² (BRA-i),112 m²,,3,,2012,,332 740 m² (eiet),332740,332.7,,3421,51,24,5,"Braatebækken er en innholdsrik og sjarmerende landeiendom i Trysil Knuts Fjellverden. Her bor du 600 moh. i et åpent og solrikt landskap. Gårdstunet består av et moderne våningshus fra 2012, en sjarmerende Gamlestue, garasje, uthus og hønsehus. Eiendommen har et totalareal på ca. 318 daa, som inkluderer 18 daa innmarksbeite i direkte tilknytning til tunet og ca. 300 daa produktiv skog med god arrondering for maskinell drift. Området er et rent eldorado for jakt og fiske, med storørret i Elta samt rype- og skogsfugljakt rett utenfor døren. Braatebækken er en komplett eiendom med unike muligheter nær fjell og natur. Her ligger alt til rette for skogsdrift, dyrehold og fantastiske friluftsopplevelser. Velkommen til Eltdalen! Minus Vis mindre NB: Knappen for å vise hele beskrivelsen har kun en visuell effekt. Pluss tegn Vis hele beskrivelsen NB: Knappen for å vise hele beskrivelsen har kun en visuell effekt. Salgsoppgaven beskriver vesentlig og lovpålagt informasjon om eiendommen Se komplett salgsoppgave Nyttige lenker Bestill prospekt Gi bud Visning Ta kontakt for å avtale visning. Husk å lese komplett salgsoppgave før visning. Bestill komplett, utskriftsvennlig salgsoppgave. Visningspåmelding Gi bud Nyttige lenker Bestill prospekt Gi bud Nærområdet Kart Eltdalsvegen 1280, 2430 Jordet Annonseinformasjon FINN-kode 471415916 Sist endret 04. aug. 2026 07:27 Referanse GAR30.2653 Rapporter annonse Annonsene kan være mangelfulle i forhold til lovpålagt opplysningsplikt. Før bindende avtale inngås oppfordres interessenter til å innhente komplett informasjon fra meglerforetaket, selger eller utleier.",2026-09-21T09:42:19+00:00
413890603,https://www.finn.no/realestate/homes/ad.html?finnkode=413890603,"Småbruket ""Grønlund"" med 32,5 mål tomt. Låve. Mulighet for hestehold. Nær Sylling sentrum, likevel landlig beliggende.","Gunnerudveien 2, 3410 Sylling",3410,Sylling,7 990 000 kr,8 190 840 kr,200 840 kr,,537 510 kr,Gårdsbruk/Småbruk,Selveier,,268 m² (BRA-i),340 m²,,6,,1923,2,32 500 m² (eiet),32500,32.5,Rom,3312,174,13,7,"Velkommen til småbruket ""Grønlund""! Stor enebolig på ca. 232 kvm med bl.a. 4 stuer, 6 soverom og 2 verandaer Eneboligen er funksjonell, men har jevnt over oppgraderings- og moderniseringsbehov Innredet anneks (ikke bruksendret), 2 doblegarasjer (én er ikke byggemeldt) og stor låve Eiendommen er godt egnet for hestehold (bl.a. tilrettelagt med 3 bokser i låve, paddock og beiter) Tomt på ca. 32,5 mål med bl.a. 25,5 mål fulldyrka jord, 2,1 mål produktiv skog Rolige omgivelser i nærområdet med omkringliggende landbruksarealer Eiendommen har en sentral og likevel tilbaketrukket beliggenhet i Sylling Kort vei til barne-/ungdomsskole, idrettsanlegg, matbutikk og fjorden med badestrand Ca. 25 min til Drammen, ca. 40 min til Asker og ca. 55 min til Oslo Minus Vis mindre NB: Knappen for å vise hele beskrivelsen har kun en visuell effekt. Pluss tegn Vis hele beskrivelsen NB: Knappen for å vise hele beskrivelsen har kun en visuell effekt. Salgsoppgaven beskriver vesentlig og lovpålagt informasjon om eiendommen Se komplett salgsoppgave Nyttige lenker Gi Bud Eiendommens hjemmeside på Krogsveen.no Visning Visning holdes etter avtale, benytt ""visningspåmelding"" for å bli kontaktet av megler. Husk å lese salgsoppgaven før visningen, så du stiller forberedt. Ønsker du kun å bli holdt orientert, kan du fra eiendommens hjemmeside få varsel om solgtpris, eller kontakte megler. Visningspåmelding Gi bud Nyttige lenker Gi Bud Eiendommens hjemmeside på Krogsveen.no Nærområdet Kart Gunnerudveien 2, 3410 Sylling Annonseinformasjon FINN-kode 413890603 Sist endret 20. sep. 2026 22:04 Referanse KR20.2527 Rapporter annonse Annonsene kan være mangelfulle i forhold til lovpålagt opplysningsplikt. Før bindende avtale inngås oppfordres interessenter til å innhente komplett informasjon fra meglerforetaket, selger eller utleier.",2026-09-21T09:42:20+00:00
457326307,https://www.finn.no/realestate/homes/ad.html?finnkode=457326307,"Pent oppusset småbruk i Lesund på Aure med innholdsrik enebolig, romslig tomt og flott utsikt.","Åkvikvegen 21, 6698 Lesund",6698,Lesund,2 350 000 kr,2 410 140 kr,60 140 kr,,474 411 kr,Gårdsbruk/Småbruk,Selveier,,133 m² (BRA-i),316 m²,,4,,1931,,10 012 m² (eiet),10012,10.0,Rom,1576,69,15,5,"Aktiv Eiendomsmegling v/ Gunnar A. Kjønnøy presenterer Åkvikvegen 21! Et lite, sjarmerende småbruk beliggende i landlige omgivelser i Lesund i Aure kommune. Denne eiendommen tilbyr en romslig tomt med naturterreng og plen, perfekt for de som ønsker å nyte fredelige omgivelser. Området har gode solforhold og offentlig transport er lett tilgjengelig med kun 450 meter til nærmeste bussholdeplass. Flott sjøutsikt! Eneboligen, opprinnelig fra 1931,  har gjennomgått omfattende oppgraderinger, inkludert nytt kjøkken i 2021,  begge bad i 2023, og de fleste vinduer siden 2016 mm. Planløsningen består av entré, stue, kjøkken, fire soverom og to bad. Eiendommen har også en låve med et bruksareal på 126 m². Noe oppussing gjenstår enda. Velkommen til visning! Minus Vis mindre NB: Knappen for å vise hele beskrivelsen har kun en visuell effekt. Pluss tegn Vis hele beskrivelsen NB: Knappen for å vise hele beskrivelsen har kun en visuell effekt. Salgsoppgaven beskriver vesentlig og lovpålagt informasjon om eiendommen Se komplett salgsoppgave Visning Ta kontakt for å avtale visning. Husk å lese komplett salgsoppgave før visning. Bestill komplett, utskriftsvennlig salgsoppgave. Visningspåmelding Gi bud Nærområdet Kart Åkvikvegen 21, 6698 Lesund Annonseinformasjon FINN-kode 457326307 Sist endret 09. sep. 2026 11:32 Referanse 1601260037 Rapporter annonse Annonsene kan være mangelfulle i forhold til lovpålagt opplysningsplikt. Før bindende avtale inngås oppfordres interessenter til å innhente komplett informasjon fra meglerforetaket, selger eller utleier.",2026-09-21T09:42:21+00:00
471257987,https://www.finn.no/realestate/homes/ad.html?finnkode=471257987,"Landlig småbruk uten boplikt med ca. 17 mål tomt, låve, stall og nærhet til vann | Kort vei til Gautefall og Kragerø","Stengerveien 135, 3760 Neslandsvatn",3760,Neslandsvatn,5 200 000 kr,5 331 090 kr,131 090 kr,,236 238 kr,Gårdsbruk/Småbruk,Selveier,,137 m² (BRA-i),422 m²,,2,,1938,,17 010 m² (eiet),17010,17.0,Rom,4016,20,38,5,"Velkommen til et innholdsrikt småbruk med ca. 17 mål eiet tomt, uten boplikt i naturskjønne omgivelser. Eiendommen består av våningshus med vinterhage, to soverom og alkove, samt låve, stall og garasje - perfekt for deg som ønsker god plass, dyrehold eller hobbyvirksomhet. Her bor du med umiddelbar nærhet til flott turterreng, badeplasser, skiløyper og Toke, samtidig som barnehage, skole, dagligvare og togstasjon ligger kun ca. 8 minutters kjøretur unna. Kragerø nås på ca. 25 minutter, mens Gautefall skisenter ligger ca. 30 minutter fra eiendommen. Boligen har vedovn og to luft-til-luft varmepumper, gode parkeringsmuligheter og en stor tomt med terrasser, plen og beplantning - en eiendom som kombinerer landlig idyll med kort vei til både service og flotte naturopplevelser. Velkommen på visning! Minus Vis mindre NB: Knappen for å vise hele beskrivelsen har kun en visuell effekt. Pluss tegn Vis hele beskrivelsen NB: Knappen for å vise hele beskrivelsen har kun en visuell effekt. Salgsoppgaven beskriver vesentlig og lovpålagt informasjon om eiendommen Se komplett salgsoppgave Nyttige lenker Gi bud Bestill salgsoppgave Eiendommens hjemmeside Visning Ta kontakt for å avtale visning. Husk å lese komplett salgsoppgave før visning. Bestill komplett, utskriftsvennlig salgsoppgave. Visningspåmelding Gi bud Nyttige lenker Gi bud Bestill salgsoppgave Eiendommens hjemmeside Nærområdet Kart Stengerveien 135, 3760 Neslandsvatn Annonseinformasjon FINN-kode 471257987 Sist endret 27. aug. 2026 06:12 Referanse 322260130 Rapporter annonse Annonsene kan være mangelfulle i forhold til lovpålagt opplysningsplikt. Før bindende avtale inngås oppfordres interessenter til å innhente komplett informasjon fra meglerforetaket, selger eller utleier.",2026-09-21T09:42:23+00:00
469267447,https://www.finn.no/realestate/homes/ad.html?finnkode=469267447,"Fantastisk eiendom med egen strandlinje | Brygge, sjøbu og låve | Ingen boplikt| Garasje og p-plass på Farestad |","Rosnesveien 31, 4516 Mandal",4516,Mandal,14 900 000 kr,15 273 590 kr,373 590 kr,,532 245 kr,Gårdsbruk/Småbruk,Selveier,,131 m² (BRA-i),193 m²,,4,,1923,2,9 673 m² (eiet),9673,9.7,,4205,22,10,5,"Eiendomsmegler Norge har gleden av å presentere Rosnesveien 31. Velkommen til en sjelden perle på Rosnes! Her får du en idyllisk sørlandseiendom med stor tomt på nærmere 10 mål, privat strandlinje og brygge. Sjarmerende sørlandshus med sjel og historie. I tillegg følger tradisjonell låve og sjøbu. Eiendommen byr på en rolig og usjenert beliggenhet med svært gode solforhold og den ekte sørlandsidyllen mange drømmer om. Med naturskjønne omgivelser og nærhet til sjøen ligger alt til rette for rekreasjon. Eiendommen har en helt spesiell adkomst via hengebro og forbi den historiske trehusbegyggelsen- dette understreker den private og særpregede beliggenheten. På landsiden, Kniben, disponerer eiendommen garasje og p-plass. Adkomst med båt til egen brygge eller via hengebro. Velkommen! Minus Vis mindre NB: Knappen for å vise hele beskrivelsen har kun en visuell effekt. Pluss tegn Vis hele beskrivelsen NB: Knappen for å vise hele beskrivelsen har kun en visuell effekt. Salgsoppgaven beskriver vesentlig og lovpålagt informasjon om eiendommen Se komplett salgsoppgave Nyttige lenker Eiendommens hjemmeside Interessert i denne eiendommen? Visning Eiendomsmegler Norge sine visninger har påmelding. Påmelding gjøres enkelt ved å benytte knappen under. Ta kontakt med megler dersom oppsatt tidspunkt ikke passer. Det vil ikke bli avholdt visning uten påmelding, frist for påmelding er senest kl. 15.00 dagen før oppsatt visning. Husk å laste ned salgsoppgaven digitalt før visning. Velkommen til en hyggelig visning! Husk å lese komplett salgsoppgave før visning. Bestill komplett, utskriftsvennlig salgsoppgave. Visningspåmelding Gi bud Nyttige lenker Eiendommens hjemmeside Interessert i denne eiendommen? Nærområdet Kart Rosnesveien 31, 4516 Mandal Annonseinformasjon FINN-kode 469267447 Sist endret 02. aug. 2026 09:59 Referanse 55260059 Rapporter annonse Annonsene kan være mangelfulle i forhold til lovpålagt opplysningsplikt. Før bindende avtale inngås oppfordres interessenter til å innhente komplett informasjon fra meglerforetaket, selger eller utleier.",2026-09-21T09:42:24+00:00
471532115,https://www.finn.no/realestate/homes/ad.html?finnkode=471532115,"Småbruk uten boplikt i naturskjønne omgivelser ved Randsfjorden - gode solforhold, romslig tomt og flere uthus","Vestsidevegen 1598, 2863 Vestsida",2863,Vestsida,1 490 000 kr,1 507 900 kr,17 900 kr,,264 661 kr,Gårdsbruk/Småbruk,Selveier,,142 m² (BRA-i),262 m²,,2,,1975,,23 399 m² (eiet),23399,23.4,,,,,5,"Velkommen til et småbruk uten boplikt på vestsiden av Randsfjorden i Søndre Land kommune. Eiendommen har gjennom mange år vært benyttet som fritidsbolig og ligger i rolige, landlige og naturskjønne omgivelser med gode solforhold og nærhet til skog, mark og Randsfjorden med gode muligheter for friluftsliv, bading, fiske og båtliv. Boligen er oppført i 1975 over én etasje med lav kjeller, og har et bruksareal (BRA) på 142 m². Planløsningen består av entré, trapperom, gang, bad, kjøkken, stue, spisestue og to soverom, samt kjeller med boder og teknisk rom. Fra stuen er det utgang til veranda på 6 m². Boligen holder en normal eldre standard og fremstår som godt vedlikeholdt. På eiendommen finnes også en garasje på 55 m² samt flere uthus og lagringsbygninger som gir gode oppbevarings- og br Minus Vis mindre NB: Knappen for å vise hele beskrivelsen har kun en visuell effekt. Pluss tegn Vis hele beskrivelsen NB: Knappen for å vise hele beskrivelsen har kun en visuell effekt. Salgsoppgaven beskriver vesentlig og lovpålagt informasjon om eiendommen Se komplett salgsoppgave Nyttige lenker Bestill komplett, utskriftsvennlig salgsoppgave Se komplett salgsoppgave Visning Vi i Notar ønsker å avholde så gode visninger som mulig. Derfor har vi påmeldingsvisninger. Da vet vi hvor mange som kommer, og kan sette av nok tid til alle. Trykk på linken  visningspåmelding  for å avtale tidspunkt. Hvis det ikke er oppsatt visningstidspunkt eller oppsatt tidspunktet ikke skulle passe, kontakt megler for avtale om privatvisning. Velkommen til visning. Visningspåmelding Gi bud Nyttige lenker Bestill komplett, utskriftsvennlig salgsoppgave Se komplett salgsoppgave Nærområdet Kart Vestsidevegen 1598, 2863 Vestsida Annonseinformasjon FINN-kode 471532115 Sist endret 18. sep. 2026 12:13 Referanse NO24.2672 Rapporter annonse Annonsene kan være mangelfulle i forhold til lovpålagt opplysningsplikt. Før bindende avtale inngås oppfordres interessenter til å innhente komplett informasjon fra meglerforetaket, selger eller utleier.",2026-09-21T09:42:25+00:00
469152682,https://www.finn.no/realestate/homes/ad.html?finnkode=469152682,Velholdt og idyllisk småbruk med flott utsikt over Laugen. Oppgradert bolighus. Jaktrettigheter,"Byavegen 119, 7357 Skaun",7357,Skaun,7 990 000 kr,8 190 840 kr,200 840 kr,,81 821 kr,Gårdsbruk/Småbruk,Selveier,,124 m² (BRA-i),687 m²,,4,,1780,,284 100 m² (eiet),284100,284.1,Rom,5029,163,2,5,"Velkommen til Byavegen 119! Flott og velholdt småbruk med idyllisk beliggenhet i Eggkleiva. Eiendommen er på totalt ca. 284 dekar hvorav ca. 34,6 dekar er fulldyrket jord og ca. 191 dekar er produktiv skog. Gården er tilknyttet Børsa grunneierlag og Børsa elgjaktlag. Eiendommen har også ca. 300m lang strandlinje til Laugen. Bolighuset på eiendommen er vesentlig oppgradert i senere tid. Her er det blant annet gjort følgende: - 2001: Vinduer i 1. etasje ble skiftet - 2013: Vinduer i 2. etasje ble skiftet - 2014: Oppgradert el-anlegg. Ny varmepumpe i stabbur og stue i bolighus. - 2015: Ny taktekking, nedløp og pipehatter. Satt inn stålrør i pipe og montering av nye ovner på kjøkken og stue. - 2016: Bad ble totalrenovert - 2023: Nytt kjøkken På eiendommen har man også 2 låver/dritsbygninger hvorav den ene har innredet slakterom. Perfekt for jaktinteresserte. I tillegg har man et velholdt stabbur med god lagringsplass og innredet rom på loft samt en mastu. Velkommen til visning! Minus Vis mindre NB: Knappen for å vise hele beskrivelsen har kun en visuell effekt. Pluss tegn Vis hele beskrivelsen NB: Knappen for å vise hele beskrivelsen har kun en visuell effekt. Salgsoppgaven beskriver vesentlig og lovpålagt informasjon om eiendommen Se komplett salgsoppgave Nyttige lenker Energiattest Byavegen 119.pdf Eiendommens hjemmeside Bestill salgsoppgave Visning Ta kontakt for å avtale visning. Husk å lese komplett salgsoppgave før visning. Bestill komplett, utskriftsvennlig salgsoppgave. Visningspåmelding Gi bud Nyttige lenker Energiattest Byavegen 119.pdf Eiendommens hjemmeside Bestill salgsoppgave Nærområdet Kart Byavegen 119, 7357 Skaun Annonseinformasjon FINN-kode 469152682 Sist endret 02. sep. 2026 06:00 Referanse 45260075 Rapporter annonse Annonsene kan være mangelfulle i forhold til lovpålagt opplysningsplikt. Før bindende avtale inngås oppfordres interessenter til å innhente komplett informasjon fra meglerforetaket, selger eller utleier.",2026-09-21T09:42:27+00:00
471169051,https://www.finn.no/realestate/homes/ad.html?finnkode=471169051,"Nøtterøy - Vakker gård med et flott hovedhus m/​sidefløy, 4 utleieleiligheter, hesteanlegg med staller, ridebane mm.","Strengsdalveien 29, 3140 Nøtterøy",3140,Nøtterøy,18 800 000 kr,19 271 090 kr,471 090 kr,,387 286 kr,Gårdsbruk/Småbruk,Selveier,,414 m² (BRA-i),414 m²,,9,,1670,,258 320 m² (eiet),258320,258.3,G - Oransje,3911,79,4,5,"Kjønnerød Gård er en vakker og velholdt landbrukseiendom sentralt på Nøtterøy, med et pent opparbeidet gårdstun bestående av både eldre, oppgraderte bygninger og nyere tilskudd. Det hvitmalte våningshuset kan stamme fra ca. 1670 og ble utvidet med sidefløy i 2001. I 2015 ble et leilighetsbygg med fire godkjente utleieleiligheter ferdigstilt, og disse er utleid i dag. Eiendommen gir dermed gode muligheter for både utleie og flerfamiliebruk. Den påbygde låven fra 1800-tallet rommer blant annet 8 stallbokser, mens den eldste delen har vært brukt til selskaper og markedsaktiviteter. Eiendommen har også varmestue/flislager, to utegangsstaller, garasje, sommerstue/anneks, hønsehus og ridebane. Tunet er vakkert opparbeidet med plen, store trær, hesteinnhegninger og gruset gårdsplass, med en naturlig inndeling mellom drift og privatområde. Eiendommen omfatter 258,5 dekar, er konsesjonspliktig, men uten odel. Gården kombinerer landbruk, hestehold og solide leieinntekter i attraktive omgivelser. Minus Vis mindre NB: Knappen for å vise hele beskrivelsen har kun en visuell effekt. Pluss tegn Vis hele beskrivelsen NB: Knappen for å vise hele beskrivelsen har kun en visuell effekt. Salgsoppgaven beskriver vesentlig og lovpålagt informasjon om eiendommen Se komplett salgsoppgave Nyttige lenker Gi bud Bestill salgsoppgave Eiendommens hjemmeside Visning Ta kontakt for å avtale visning. Husk å lese komplett salgsoppgave før visning. Bestill komplett, utskriftsvennlig salgsoppgave. Visningspåmelding Gi bud Nyttige lenker Gi bud Bestill salgsoppgave Eiendommens hjemmeside Nærområdet Kart Strengsdalveien 29, 3140 Nøtterøy Annonseinformasjon FINN-kode 471169051 Sist endret 28. juli 2026 15:05 Referanse 329260028 Rapporter annonse Annonsene kan være mangelfulle i forhold til lovpålagt opplysningsplikt. Før bindende avtale inngås oppfordres interessenter til å innhente komplett informasjon fra meglerforetaket, selger eller utleier.",2026-09-21T09:42:28+00:00
468397195,https://www.finn.no/realestate/homes/ad.html?finnkode=468397195,En historisk perle fra 1921 kan nå bli din - Idyllisk og sjarmerende gårdsbruk helt for seg selv og med flott utsikt!,"Risåsvegen 109, 2436 Våler i Solør",2436,Våler i Solør,5 500 000 kr,5 638 890 kr,138 890 kr,,125 976 kr,Gårdsbruk/Småbruk,Selveier,,183 m² (BRA-i),656 m²,,3,,1921,2,388 952 m² (eiet),388952,389.0,,3419,12,9,7,"Vi har gleden av å presentere denne eiendommen i Risåsvegen 109 som ligger landlig og idyllisk til i Risåsen på en liten høyde med utsikt utover nærliggende områder, skog- og landbruksarealer. Dette er et gårsbruk med ca. 389 daa tomt hvorav dyrket jord utgjør ca. 39,8 daa, skog ca. 338,8 daa, annet markslag ca. 1,7 daa og bebygd tun på ca. 8,7 daa. Tunet er bebygd med våningshus, uthus/garasje, låve, stabbur og koje. Våningshuset er velholdt med bl.a. nyere bad, kjøkken fra 2020 og gjennomgående oppusset i senere tid. I tillegg har eiendommen seter med seterbygning. En eiendom hvor både to- og firbeinte vil trives godt. Merk deg dette: - Sjarmerende våningshus med tre soverom og tre bad - Stor driftsbygning med muligheter - Egen seter - Rolig og landlig, ca. 9 km fra Våler sentrum Minus Vis mindre NB: Knappen for å vise hele beskrivelsen har kun en visuell effekt. Pluss tegn Vis hele beskrivelsen NB: Knappen for å vise hele beskrivelsen har kun en visuell effekt. Salgsoppgaven beskriver vesentlig og lovpålagt informasjon om eiendommen Se komplett salgsoppgave Visning Ved annonsert visning er det viktig at du melder deg på visningen ved å bruke visningspåmeldingsknappen eller kontakter megler. Annonserte visninger hvor det ikke er noen påmeldte innen kl. 16.00 dagen før visningsdagen vil ikke bli avholdt. For visninger utover dette, ta direkte kontakt med megler. Husk å lese komplett salgsoppgave før visning. Bestill komplett, utskriftsvennlig salgsoppgave. Visningspåmelding Gi bud Nærområdet Kart Risåsvegen 109, 2436 Våler i Solør Annonseinformasjon FINN-kode 468397195 Sist endret 18. sep. 2026 09:19 Referanse 1212260065 Rapporter annonse Annonsene kan være mangelfulle i forhold til lovpålagt opplysningsplikt. Før bindende avtale inngås oppfordres interessenter til å innhente komplett informasjon fra meglerforetaket, selger eller utleier.",2026-09-21T09:42:29+00:00
469079132,https://www.finn.no/realestate/homes/ad.html?finnkode=469079132,"Skauen Farm | attraktivt småbruk på ca. 19,4 daa | hestesenter og kattepensjonat | kun 10 km fra Fredrikstad sentrum","Ekveien 14, 1623 Gressvik",1623,Gressvik,11 900 000 kr,12 212 390 kr,312 390 kr,,950 841 kr,Gårdsbruk/Småbruk,Selveier,,145 m² (BRA-i),145 m²,,3,,1977,1,19 400 m² (eiet),19400,19.4,,3107,23,9,5,"Skauen Farm ligger åpent og solrikt til i landlige omgivelser med fin utsikt over kulturlandskapet. Småbruket har en rolig og fredelig beliggenhet helt innerst i privat vei, uten gjennomkjøring. Eiendommen drives i dag med et eget kattepensjonat med plass til 34 katter fordelt på 2 avdelinger. I tillegg er det en stall på eiendommen med stallbokser, ridebane m/flom-belysning og paddocker. Det er også grillhytte og hagestue på tomten.  Liten skog med mulighet for uttak av ved til eget bruk. Tunet består av et bolighus på ett plan fra 1977,  tilbygget i 1986. Det er en romslig driftsbygning med 9 stallbokser for oppstalling av hest og kattepensjonat. Videre finnes det et redskapshus med god lagringsplass. Det er kort vei til skoler, barnehager, servicetilbud og gode pendlermuligheter. Minus Vis mindre NB: Knappen for å vise hele beskrivelsen har kun en visuell effekt. Pluss tegn Vis hele beskrivelsen NB: Knappen for å vise hele beskrivelsen har kun en visuell effekt. Salgsoppgaven beskriver vesentlig og lovpålagt informasjon om eiendommen Se komplett salgsoppgave Nyttige lenker Bestill prospekt Gi bud Visning Ta kontakt for å avtale visning. Husk å lese komplett salgsoppgave før visning. Bestill komplett, utskriftsvennlig salgsoppgave. Visningspåmelding Gi bud Nyttige lenker Bestill prospekt Gi bud Nærområdet Kart Ekveien 14, 1623 Gressvik Annonseinformasjon FINN-kode 469079132 Sist endret 26. juli 2026 12:25 Referanse GAR30.2656 Rapporter annonse Annonsene kan være mangelfulle i forhold til lovpålagt opplysningsplikt. Før bindende avtale inngås oppfordres interessenter til å innhente komplett informasjon fra meglerforetaket, selger eller utleier.",2026-09-21T09:42:30+00:00
421623043,https://www.finn.no/realestate/homes/ad.html?finnkode=421623043,"Renovert småbruk med sjøbu, 2 båtplasser, jakt- og fiskerettigheter - Ingen boplikt!","Hovdansveien 28, 4904 Tvedestrand",4904,Tvedestrand,5 950 000 kr,6 100 100 kr,150 100 kr,,493 031 kr,Gårdsbruk/Småbruk,Selveier,,100 m² (BRA-i),291 m²,,3,,1890,2,40 350 m² (eiet),40350,40.4,,4213,96,42,3,"Velkommen til Hovdansveien 28 - et idyllisk og innholdsrikt småbruk på vakre Hovdan, øst for Tvedestrand. Her får du Sørlandsidyll med nærhet til sjø, ferskvann og skog - kun 15 minutter fra sentrum og under 30 minutter fra Arendal. Eiendommen er renovert og byr på jorde, skog, låve, uthus/garasje og jaktrettigheter - perfekt for hobbybruk, dyrehold eller et roligere liv tett på naturen. Det følger med sjøbu, to båtplasser og fiskerettigheter i Hovdansvann. Ingen boplikt gir stor fleksibilitet - et sjeldent sted hvor ro, natur og muligheter møtes. Velkommen til visning! Minus Vis mindre NB: Knappen for å vise hele beskrivelsen har kun en visuell effekt. Pluss tegn Vis hele beskrivelsen NB: Knappen for å vise hele beskrivelsen har kun en visuell effekt. Salgsoppgaven beskriver vesentlig og lovpålagt informasjon om eiendommen Se komplett salgsoppgave Visning Ta kontakt for å avtale visning. Husk å lese komplett salgsoppgave før visning. Bestill komplett, utskriftsvennlig salgsoppgave. Visningspåmelding Gi bud Nærområdet Kart Hovdansveien 28, 4904 Tvedestrand Annonseinformasjon FINN-kode 421623043 Sist endret 23. juli 2026 20:29 Referanse 01007725 Rapporter annonse Annonsene kan være mangelfulle i forhold til lovpålagt opplysningsplikt. Før bindende avtale inngås oppfordres interessenter til å innhente komplett informasjon fra meglerforetaket, selger eller utleier.",2026-09-21T09:42:32+00:00
470587620,https://www.finn.no/realestate/homes/ad.html?finnkode=470587620,"En ranch i byen +/​- Småbruk med 2 boliger, stall/​låve og ca. 40.000 kr/​mnd i leieinntekter","Prestmovegen 4, 7514 Stjørdal",7514,Stjørdal,9 750 000 kr,10 011 740 kr,261 740 kr,,,Gårdsbruk/Småbruk,Selveier,,281 m² (BRA-i),562 m²,,8,,1924,,35 000 m² (eiet),35000,35.0,,,,,3,"Prestmovegen 4 er en sjelden mulighet på Prestmoen: et konsesjonsfritt småbruk med ca. 35 dekar eiet tomt, to boliger, stall/låve og stabbur – landlig og avskjermet, men samtidig med gangavstand til Stjørdal sentrum. Eiendommen er i dag utleid med samlede leieinntekter på ca. 40.000 kr per måned. Dette gir ny eier en betydelig økonomisk buffer og gjør eiendommen særlig interessant for kjøpere som ønsker å kombinere småbruksliv, plass og inntektsmulighet. Om tomten Eiendommen har et samlet areal på ca. 35 dekar. Ifølge opplysninger fra Gårdskart består arealet av ca. 25 dekar fulldyrket jord, ca. 3,7 dekar produktiv skog og ca. 6,1 dekar annet markslag.",2026-09-21T09:42:33+00:00
470565732,https://www.finn.no/realestate/homes/ad.html?finnkode=470565732,Småbruk i Telemark,"Kleivvegen 60, 3854 Nissedal",3854,Nissedal,2 200 000 kr,2 255 000 kr,55 000 kr,0 kr,1 301 160 kr,Gårdsbruk/Småbruk,Selveier,,,118 m²,,3,,1910,2,13 477 m² (eiet),13477,13.5,,4030,5,17,1,Nordgården i Nordbygda ligger flott til med utsikt over store deler av innsjøen Nisser. Småbruket er på ca 14 mål med beitemark og skog. Eiendommen grenser til Nordbøåne og har inntekter fra fallrettigheter. Det er egen brønn med meget god vannkvalitet og renseanlegg med stor kapasitet som betyr det kan bygges ut på tomten. Strøminntaket er lagt i grøft både til huset og låven. Det er kort vei til fine skiløyper vinterstid og til nærbutikken. Fine turmuligheter for naturelskere i området. Det er boplikt eller man må søke om konsesjon fra kommunen for nærengsdrift (som vi har). Gården har potensiale både for småbrukere og firma som vil skape et unikt sted for grupper.,2026-09-21T09:42:34+00:00
467999745,https://www.finn.no/realestate/homes/ad.html?finnkode=467999745,Da selges  Systua på  Småbruk,"Synnfjellvegen    171    2880, 2880 Nord-Torpa",2880,Nord-Torpa,620 000 kr,625 000 kr,5 000 kr,0 kr,0 kr,Gårdsbruk/Småbruk,Selveier,,,60 m²,,2,,1950,2,4 875 m² (eiet),4875,4.9,,3448,85,8,1,"Jeg har ei systue som jeg vil selge det er 2 gars og bruks nr. der og det er 1 1/2 etasje der er Kjøkken nede,  gang,   stue og  1 soverom nede. oppe er det  gang  og et soverom. Huset trenger en oppdatering da den ikke har vært brukt på noen år",2026-09-21T09:42:35+00:00
467938824,https://www.finn.no/realestate/homes/ad.html?finnkode=467938824,"Landbrukseiendom/​småbruk på 179 mål med egen gårdssag. Jakt, fiske og flotte friluftsområder.","Setesdalsveien 417, 4619 Mosby",4619,Mosby,9 400 000 kr,9 636 090 kr,236 090 kr,,,Gårdsbruk/Småbruk,Selveier,,288 m² (BRA-i),288 m²,,5,,1948,3,179 300 m² (eiet),179300,179.3,,4204,28,51,5,"Meget god beliggenhet på Mosby, bare ca 10 km fra Kristiansand sentrum og ca. 7 km til Vennesla sentrum. Barnevennlige og rolige omgivelser i etablert og hyggelig nærområde. Stor tomt med mange muligheter. Mosby Oppvekstsenter med 1-7 skole, barnehage, butikker, bensinstasjon og Moseid bakeri. Ca 3 km til Torridal skole, kirke, idrettsanlegg med klubbhus, fotballbaner og flerbrukshall. Nærhet til flotte turområder og Otra med bade og fiskemuligheter. Eiendommen utgjør ca 179 mål. Det er felles jaktlag for storvilt (elg og hjort). Småvilt rådyr, hare og fugl kan jaktes på egen grunn. Fiskerett i Homevann. Dette er en eiendom med mange muligheter Tomta består av ca. 5 mål dyrket mark, , 164 mål produktiv skog. Velkommen til Visningen ! Må sees Minus Vis mindre NB: Knappen for å vise hele beskrivelsen har kun en visuell effekt. Pluss tegn Vis hele beskrivelsen NB: Knappen for å vise hele beskrivelsen har kun en visuell effekt. Salgsoppgaven beskriver vesentlig og lovpålagt informasjon om eiendommen Se komplett salgsoppgave Nyttige lenker Eiendommens hjemmeside Interessert i denne eiendommen? Visning Ta kontakt for å avtale visning. Husk å lese komplett salgsoppgave før visning. Bestill komplett, utskriftsvennlig salgsoppgave. Visningspåmelding Gi bud Nyttige lenker Eiendommens hjemmeside Interessert i denne eiendommen? Nærområdet Kart Setesdalsveien 417, 4619 Mosby Annonseinformasjon FINN-kode 467938824 Sist endret 09. sep. 2026 11:18 Referanse 53260036 Rapporter annonse Annonsene kan være mangelfulle i forhold til lovpålagt opplysningsplikt. Før bindende avtale inngås oppfordres interessenter til å innhente komplett informasjon fra meglerforetaket, selger eller utleier.",2026-09-21T09:42:36+00:00
432837806,https://www.finn.no/realestate/homes/ad.html?finnkode=432837806,"Landbrukseiendom med våningshus, driftsbygning, jakt- og fiskerett ved Farstadelva","Farstadvegen 1624, 6444 Farstad",6444,Farstad,5 200 000 kr,5 350 390 kr,150 390 kr,,143 613 kr,Gårdsbruk/Småbruk,Selveier,,315 m² (BRA-i),315 m²,,7,,1953,,179 011 m² (eiet),179011,179.0,G - Rød,1579,87,21,7,"Svorva Gård! Landlig eiendom på Farstad med våningshus, driftsbygning og garasje. Eiendommen har et samlet areal på ca. 178 dekar, hvorav om lag 75 dekar er fulldyrket jord og 44 dekar skog av høy bonitet. Resten består av utmark, myr og tun. Våningshuset er opprinnelig fra 1953 og har god planløsning over flere etasjer med blant annet stue, kjøkken, bad, fire soverom, vaskerom og boder. På tunet står også en romslig driftsbygning med mange bruksmuligheter og en garasje med plass til to biler. Eiendommen grenser til Farstadelva, som byr på gode fiske- og naturopplevelser i vakre omgivelser. Det følger både jaktrett på rådyr og hjort, samt fiskerett i elva. Jord og skog gir gode ressurser for den som ønsker å drive mindre produksjon eller hobbybruk. Beliggenheten er fredelig og solrik, med kort vei til Farstadstranden, Storholmen og Atlanterhavsvegen - et flott sted for deg som ønsker et rolig og landlig liv tett på naturen. Velkommen til en hyggelig visning! Minus Vis mindre NB: Knappen for å vise hele beskrivelsen har kun en visuell effekt. Pluss tegn Vis hele beskrivelsen NB: Knappen for å vise hele beskrivelsen har kun en visuell effekt. Salgsoppgaven beskriver vesentlig og lovpålagt informasjon om eiendommen Se komplett salgsoppgave Nyttige lenker Eiendommens hjemmeside Bestill salgsoppgave Visning Ta kontakt for å avtale visning. Husk å lese komplett salgsoppgave før visning. Bestill komplett, utskriftsvennlig salgsoppgave. Visningspåmelding Gi bud Nyttige lenker Eiendommens hjemmeside Bestill salgsoppgave Nærområdet Kart Farstadvegen 1624, 6444 Farstad Annonseinformasjon FINN-kode 432837806 Sist endret 17. aug. 2026 14:34 Referanse 13250312 Rapporter annonse Annonsene kan være mangelfulle i forhold til lovpålagt opplysningsplikt. Før bindende avtale inngås oppfordres interessenter til å innhente komplett informasjon fra meglerforetaket, selger eller utleier.",2026-09-21T09:42:38+00:00
469935354,https://www.finn.no/realestate/homes/ad.html?finnkode=469935354,LANDBRUKSEIENDOM I MANNDALEN - OLMMAIVAHBALGGIS 465,"Olmmaivahbalggis 465, 9144 Samuelsberg",9144,Samuelsberg,4 400 000 kr,4 511 090 kr,111 090 kr,,774 560 kr,Gårdsbruk/Småbruk,Selveier,,159 m² (BRA-i),189 m²,,4,,1986,,1 338 412 m² (eiet),1338412,1338.4,D - Gul,5540,32,8,3,"Gårdsbruk som består av bolighus med utleiedel, dobbelgarasje, uthus og driftsbygning for melk- og kjøttproduksjon herunder egen ysteriavdeling. Drifta ble gradvis nedlagt i løpet av 2025, men dersom det utføres nødvendig oppryddingsarbeid, vedlikehold og oppgraderinger kan gården driftes på nytt. Gården består av seks parseller: gnr. 32 bnr. 8, 9, 10 og 5, gnr. 32 bnr. 54 og gnr. 35 bnr. 122. Tilsammen utgjør alle parseller et betydelig areal som kan gi grunnlag for videre drift. Bygninger Enebolig/våningshus med utleiedel i sokkel: Normal standard for et hus som er oppført i 1986, men huset har behov for vedlikehold/oppgradering. Huset har stått tomt gjennom sist vinter. Hovedplan: vindfang, entre, bad, tre soverom, bod og stue/kjøkken. Kjellerboder: vindfang, flere boder, teknisk rom og kjøerom. Kjellerleilighet: vindfang, bod, gang, soverom, bad/vaskerom og stue/kjøkken Garasje: Dobbelgarasje fra 1986 med enkel standard og stort etterslep på vedlikehold. Uthus: Enkelt bygning med ukjent byggeår. Driftsbygning: Stor driftsbygning på tilsammen 1291 m2 som ble oppgradert og påbygd i 2014. Bygget har ikke vært i bruk på en stund noe som gir økt risiko for skader når bygget tas i bruk. Tilstanden til byggets tekniske installasjoner er svært usikre, og det må påregnes betydelig vedlikehold og oppgraderinger for å få bygget til å fungere slik som forutsatt. Dyreavdelingen, som består av forsentral og løsdriftsfjøs med melkestall, er av laftede tømmervegger. Resten av bygget hvor det er egne avdelinger for kjøttproduksjon, melkeromsavdeling og ysteriavdeling er oppført i isolert bindingsverk. Denne delen av driftsbygningen er betydelig påkostet, og har en høy teknisk verdi. Kaldlager for driftsutstyr er delvis isolert. Melkekvote Eiendommen hadde ved aktiv drift en selveid melkekvote på 136.641 liter. Basert på gjeldende regelverk for omsetning av melkekvoter er kvotens antatte verdi på ca. kr. 649.045. Arealgrunnlag Eiendommens areal er hentet fra NIBIO sine nettsider som forutsettes å gi et riktig bilde av størrelse og klassifisering. Avvik kan ikke utelukkes. Fulldyrka jord: 136,1 daa Overflatedyrka jord: 19 da Innmarksbeite: 60,6 daa Skog av høy bonitet: 67,3 daa Skog av middels bonitet: 126,9 daa Uproduktiv skog: 113,3 daa Åpen jorddekt fastmark: 12,1 daa Åpen grunnlendt fastmark: 119 daa Bebygd, vann, bre: 15,7 daa Ikke klassifisert: 668,1 daa Rasutsatt område Området er rasutsatt. Eneboligen ligger utenfor rasfarlig område, men er flomutsatt fra Manndalselva. Driftsbygningen ligger innenfor rekkevidde for snøras samt jord- og flomskred. Salgsoppgave og visning Ta kontakt med advokat Rune Gustavsen på ""Send melding"" for å få tilsendt salgsoppgave. Visning kan ikke påregnes avholdt før i andre halvdel av august. Minus Vis mindre NB: Knappen for å vise hele beskrivelsen har kun en visuell effekt. Pluss tegn Vis hele beskrivelsen NB: Knappen for å vise hele beskrivelsen har kun en visuell effekt. Ta kontakt med megler for komplett informasjon Visning Ta kontakt for å avtale visning. Nærområdet Kart Olmmaivahbalggis 465, 9144 Samuelsberg Annonseinformasjon FINN-kode 469935354 Sist endret 16. juli 2026 17:17 Referanse 7617 Rapporter annonse Annonsene kan være mangelfulle i forhold til lovpålagt opplysningsplikt. Før bindende avtale inngås oppfordres interessenter til å innhente komplett informasjon fra meglerforetaket, selger eller utleier.",2026-09-21T09:42:39+00:00
469440153,https://www.finn.no/realestate/homes/ad.html?finnkode=469440153,"Sørvendt landbrukseiendom på 2.967,3 daa med attraktiv beliggenhet ved Aursunden på Glåmos. Jakt- og fiskerettigheter.",Velkommen til Aursundveien 1272 - Engesvollen.,1272,- Engesvollen.,2 350 000 kr,2 410 140 kr,60 140 kr,,88 183 kr,Gårdsbruk/Småbruk,Selveier,,146 m² (BRA-i),394 m²,,4,,1910,2,2 967 349 m² (eiet),2967349,2967.3,,5025,72,2,5,"Velkommen til Engesvollen - Aursundveien 1272. En sjelden mulighet til å sikre seg en stor eiendom på 2.967,3 daa med dyrket mark, skog og utmark i naturskjønne omgivelser ved Aursunden. Eiendommen har jakt- og fiskerettigheter samt en eierandel på 53/100 i jordsameie gnr. 400 bnr. 1 (jordsameiet er totalt 1.472 daa). Fra eiendommen er det storslått utsikt over Aursunden og de omkringliggende fjellområdene. Bygningsmassen består av hus, fjøs, løe og gapahuk. Eksisterende bolig er kondemnabel, men for den rette kjøperen ligger alt til rette for å skape en unik drømmeplass i vakker fjellnatur. En sjelden eiendom med store naturressurser, gode rekreasjonsmuligheter og betydelig utviklingspotensial. Velkommen på visning! Minus Vis mindre NB: Knappen for å vise hele beskrivelsen har kun en visuell effekt. Pluss tegn Vis hele beskrivelsen NB: Knappen for å vise hele beskrivelsen har kun en visuell effekt. Salgsoppgaven beskriver vesentlig og lovpålagt informasjon om eiendommen Se komplett salgsoppgave Visning Passer ikke oppsatt visningstidspunkt? Ta kontakt med megler eller selger Bjørn Sandnes på tlf. 419 28 726 for å avtale en annen tid. Husk å lese komplett salgsoppgave før visning. Bestill komplett, utskriftsvennlig salgsoppgave. Visningspåmelding Gi bud Nærområdet Kart Aursundveien 1272, 7372 Glåmos Annonseinformasjon FINN-kode 469440153 Sist endret 21. sep. 2026 09:57 Referanse 1705260035 Rapporter annonse Annonsene kan være mangelfulle i forhold til lovpålagt opplysningsplikt. Før bindende avtale inngås oppfordres interessenter til å innhente komplett informasjon fra meglerforetaket, selger eller utleier.",2026-09-21T09:42:41+00:00
466671978,https://www.finn.no/realestate/homes/ad.html?finnkode=466671978,325 da dyrket. 575da prod skog. Pent beliggende gårdsbruk. Aktivt landbruksmiljø. Utsikt til Snåsavatnet. Barnevennlig,"Klingvegen 36, 7717 Steinkjer",7717,Steinkjer,10 500 000 kr,10 763 590 kr,263 590 kr,,851 036 kr,Gårdsbruk/Småbruk,Selveier,,429 m² (BRA-i),441 m²,,7,,1920,,1 305 300 m² (eiet),1305300,1305.3,,5006,314,1,5,"Nordgård Nordre er en landbrukseiendom med flott beliggenhet nært Snåsavatnet i Stod i Steinkjer Kommune. Eiendommen består av trønderlån, moderne potetlager med produksjonslokale, stabbur og lagerbygg. Eiendommen har grense mot Snåsavatnet. Eiendommen inneholder en utmarksteig mellom Hatlingvatnet og Åsvatnet, her står det et sommerfjøs og hustufter etter en seter. Det dyrkes korn på eiendommen i dag, tidligere korn i vekstskifte med potet. Det er jaktrett på eiendommen, samt andel i fallrett. Selger opplyser at eksisterende potetlager kan benyttes til om lag halv konsesjon for slaktegris og nær full konsesjon for verpehøns; interessenter oppfordres til å kontrollere dette mot gjeldende arealkrav og konsesjonsgrenser hos Landbruksdirektoratet. Minus Vis mindre NB: Knappen for å vise hele beskrivelsen har kun en visuell effekt. Pluss tegn Vis hele beskrivelsen NB: Knappen for å vise hele beskrivelsen har kun en visuell effekt. Salgsoppgaven beskriver vesentlig og lovpålagt informasjon om eiendommen Se komplett salgsoppgave Nyttige lenker Eiendommens hjemmeside Bestill salgsoppgave Visning Ta kontakt for å avtale visning. Husk å lese komplett salgsoppgave før visning. Bestill komplett, utskriftsvennlig salgsoppgave. Visningspåmelding Gi bud Nyttige lenker Eiendommens hjemmeside Bestill salgsoppgave Nærområdet Kart Klingvegen 36, 7717 Steinkjer Annonseinformasjon FINN-kode 466671978 Sist endret 22. juli 2026 06:02 Referanse 52250355 Rapporter annonse Annonsene kan være mangelfulle i forhold til lovpålagt opplysningsplikt. Før bindende avtale inngås oppfordres interessenter til å innhente komplett informasjon fra meglerforetaket, selger eller utleier.",2026-09-21T09:42:42+00:00
469302668,https://www.finn.no/realestate/homes/ad.html?finnkode=469302668,Småbruk til salgs i vakre Setesdal,"Setesdalsvegen 3236, 4748 Rysstad",4748,Rysstad,3 200 000 kr,3 280 000 kr,80 000 kr,0 kr,397 530 kr,Gårdsbruk/Småbruk,Selveier,,148 m² (BRA-i),178 m²,,3,,1912,2,8 200 m² (eiet),8200,8.2,,4221,68,29,1,"Et idyllisk, meget sentralt småbruk midt på Rysstad! Her har du gå-avstand til alt du trenger, og du har 8,2 mål til disposisjon. Det hører med ei lita øy i otra på 1,7 mål, og eiendommen har egen vannlinje i tillegg. Det er tilrettelagt for hestehold. Jeg har hatt både hester og høner her. Hagen er idyllisk, med frukt-trær og ei stor, flott lønn. Huset er bygd i 1912, og den eine delen har laft i veggene. Det er totalrenovert et bad i 2020, og taket er bytta i 2015. Varmtvannstanken ble bytta i 2025, og det ble installert ny varmepumpe i 2023. Låven har innlagd vann, og et isolert rom. Innlagt vann og gode muligheter for både oppbevaring og hobby-dyrehold.",2026-09-21T09:42:43+00:00
469111265,https://www.finn.no/realestate/homes/ad.html?finnkode=469111265,(Visning 27. august) Ulnes : Gård med støl og hytte på Gomostølen | Bolighus med to boenheter | Regulerte fritidstomter,"Graneisleie 190, 2918 Ulnes",2918,Ulnes,6 300 000 kr,6 463 590 kr,163 590 kr,0 kr,1 102 938 kr,Gårdsbruk/Småbruk,Selveier,,347 m² (BRA-i),347 m²,,7,,1936,3,,,,F - Oransje,3451,47,14,3,,2026-09-21T09:42:45+00:00
468698212,https://www.finn.no/realestate/homes/ad.html?finnkode=468698212,"Småbruk med store arealressurser, ridebane og utviklingsmuligheter.","Farstadvegen 1657, 6444 Farstad",6444,Farstad,2 490 000 kr,2 553 640 kr,63 640 kr,,185 092 kr,Gårdsbruk/Småbruk,Selveier,,96 m² (BRA-i),142 m²,,4,,1935,,144 775 m² (eiet),144775,144.8,Rom,1579,87,71,5,"Aktiv Eiendomsmegling v/ Erik Ulseth ønsker velkommen til Farstadvegen 1657, et småbruk med landlig og naturskjønn beliggenhet på Farstad i Hustadvika. Eiendommen omfatter ca. 47 dekar fulldyrka jord, 14 dekar innmarksbeite og 61 dekar produktiv skog. De gode arealressursene gir muligheter for landbruk, dyrehold eller annen arealkrevende virksomhet. Kort kjøreavstand til dagligvarebutikk, barnehage og skole. Eneboligen fra 1935 har et bruksareal på 142 m² fordelt på tre etasjer. Boligen er under renovering og har blant annet fått nytt tak, rehabilitert pipe og delvis fornyet drenering. På eiendommen finnes også driftsbygning, ridebane og egen trafostasjon. Eiendommen fremstår som et spennende prosjekt for deg som ønsker å utvikle et småbruk i landlige omgivelser. Minus Vis mindre NB: Knappen for å vise hele beskrivelsen har kun en visuell effekt. Pluss tegn Vis hele beskrivelsen NB: Knappen for å vise hele beskrivelsen har kun en visuell effekt. Salgsoppgaven beskriver vesentlig og lovpålagt informasjon om eiendommen Se komplett salgsoppgave Nyttige lenker Social Video Visning Ved annonsert visning er det viktig at du melder deg på visningen ved å bruke visningspåmeldingsknappen eller kontakter megler. Annonserte visninger hvor det ikke er noen påmeldte innen kl. 16.00 dagen før visningsdagen vil ikke bli avholdt. For visninger utover dette, ta direkte kontakt med megler. Husk å lese komplett salgsoppgave før visning. Bestill komplett, utskriftsvennlig salgsoppgave. Visningspåmelding Gi bud Nyttige lenker Social Video Nærområdet Kart Farstadvegen 1657, 6444 Farstad Annonseinformasjon FINN-kode 468698212 Sist endret 08. sep. 2026 13:24 Referanse 1601260068 Rapporter annonse Annonsene kan være mangelfulle i forhold til lovpålagt opplysningsplikt. Før bindende avtale inngås oppfordres interessenter til å innhente komplett informasjon fra meglerforetaket, selger eller utleier.",2026-09-21T09:42:46+00:00
468824491,https://www.finn.no/realestate/homes/ad.html?finnkode=468824491,"Kynndalen-Landbrukseiendom på 615 719,5 m² med 2 boliger, låve, 2 driftsbygninger, garasje, jaktrettigheter & skogsdrift","Brattbakken 110, 2412 Sørskogbygda",2412,Sørskogbygda,3 990 000 kr,4 104 640 kr,114 640 kr,,710 500 kr,Gårdsbruk/Småbruk,Selveier,,618 m² (BRA-i),681 m²,,4,,1900,,615 720 m² (eiet),615720,615.7,,3420,180,42,5,"Velkommen til Sønsthagen, en landbrukseiendom med naturskjønn beliggenhet i Sørskogbygda! Unik eiendommen som ligger ca. 425 meter over havet, med kort avstand til dagligvare, barnehage og skoler. Området byr på gode jakt- og fiskemuligheter, samt et rolig, familievennlig miljø. Eiendommen består av et våningshus fra ca. 1900 med et bruksareal på 148 m² fordelt på to etasjer og kjeller. Huset har stue, kjøkken, bad/vaskerom, entré, tre soverom og boder. Det er også en terrasse på ca. 30 m² med utgang fra stuen. I tillegg til en kårbolig (som i dag leies ut) som inneholder blant annet stue, kjøkken, bad, ett soverom og sokkel med diverse boder. På eiendommen står det også en låve, dobbel garasje og driftsbygninger, med behov for vedlikehold. Inntektsgrunnlag fra skogsdrift og jakt. Minus Vis mindre NB: Knappen for å vise hele beskrivelsen har kun en visuell effekt. Pluss tegn Vis hele beskrivelsen NB: Knappen for å vise hele beskrivelsen har kun en visuell effekt. Salgsoppgaven beskriver vesentlig og lovpålagt informasjon om eiendommen Se komplett salgsoppgave Nyttige lenker Bestill prospekt Gi bud Visning Ta kontakt for å avtale visning. Husk å lese komplett salgsoppgave før visning. Bestill komplett, utskriftsvennlig salgsoppgave. Visningspåmelding Gi bud Nyttige lenker Bestill prospekt Gi bud Nærområdet Kart Brattbakken 110, 2412 Sørskogbygda Annonseinformasjon FINN-kode 468824491 Sist endret 25. aug. 2026 09:39 Referanse GAR14.2634 Rapporter annonse Annonsene kan være mangelfulle i forhold til lovpålagt opplysningsplikt. Før bindende avtale inngås oppfordres interessenter til å innhente komplett informasjon fra meglerforetaket, selger eller utleier.",2026-09-21T09:42:47+00:00
365689981,https://www.finn.no/realestate/homes/ad.html?finnkode=365689981,Haukhellerdalen i Vinje - Utmarkseiendom på 16 384 dekar med reins- og rypejakt samt fiske. Ubebygget,"Haukhellerdalen og Finnebu, 3890 Vinje",3890,Vinje,9 500 000 kr,9 751 459 kr,251 459 kr,,319 904 kr,Gårdsbruk/Småbruk,Selveier,1 m²,,,,,,,,16 384 100 m² (eiet),16384100,16384.1,,,,,3,,2026-09-21T09:42:48+00:00
468764697,https://www.finn.no/realestate/homes/ad.html?finnkode=468764697,Kværnvolden | Stor utmarkseiendom på hele 7.149 daa. | Idyllisk gårdstun m/​ fin bygningsmasse | Jakt og fiskerettigheter,"Øvervegen 35, 7877 Høylandet",7877,Høylandet,9 400 000 kr,9 636 090 kr,236 090 kr,,309 298 kr,Gårdsbruk/Småbruk,Selveier,,262 m² (BRA-i),272 m²,,5,,1780,,7 149 252 m² (eiet),7149252,7149.3,,5046,94,6,5,"Eiendommen Kværnvolden er en idyllisk gårdseiendom med sentral, likevel landlig beliggenhet på Høylandet. Fra eiendommen er det ca. 2 km til kommunesenteret og ca. 50 km til Namsos by. Eiendommen ligger i et aktivt og godt jord- og skogbruksområde. Gårdstun med høy og åpen beliggenhet med flott utsikt over bygda og omlandet. Trønderlån er oppført på 1760-tallet og tilbygd på 1890-tallet. Utvendig restaurert på 1970-tallet og innvendig modernisert etter 1988. Eiendommen har ca. 141 daa. fulldyrka jord som er best egnet til grasproduksjon, i tillegg til stor utmarksarealer hvorav ca. 3185 daa. produktiv skog. Skogen har en beregnet årlig tilvekst på vel 800 kbm. og en samlet stående kubikkmasse på ca. 22.000 kbm. Det antas at eiendommen i dag har ca. 3-4.000 kbm. økonomisk drivverdig, hogstmoden skog. Eiendommen har jakt og fiskerettigheter. Jaktvaldet er tildelt 11 elger for årene 2025 og 2026, det er i tillegg fiskerett i lakseelva Søråa, samt. fiskeretter i diverse fjellvann. Minus Vis mindre NB: Knappen for å vise hele beskrivelsen har kun en visuell effekt. Pluss tegn Vis hele beskrivelsen NB: Knappen for å vise hele beskrivelsen har kun en visuell effekt. Salgsoppgaven beskriver vesentlig og lovpålagt informasjon om eiendommen Se komplett salgsoppgave Nyttige lenker Eiendommens hjemmeside Bestill salgsoppgave Visning Det avholdes kun private visninger av eiendommen. Ta kontakt med megler for konkret avtale om tidspunkt. Tidligste budfrist på eiendommen settes til 20.08.2026 kl. 12:00, bud med kortere frist kan ikke videreformidles av megler. Ved eventuelle bud etter 20.08.2026 konferer megler. Husk å lese komplett salgsoppgave før visning. Bestill komplett, utskriftsvennlig salgsoppgave. Visningspåmelding Gi bud Nyttige lenker Eiendommens hjemmeside Bestill salgsoppgave Nærområdet Kart Øvervegen 35, 7877 Høylandet Annonseinformasjon FINN-kode 468764697 Sist endret 03. juli 2026 08:43 Referanse 53250231 Rapporter annonse Annonsene kan være mangelfulle i forhold til lovpålagt opplysningsplikt. Før bindende avtale inngås oppfordres interessenter til å innhente komplett informasjon fra meglerforetaket, selger eller utleier.",2026-09-21T09:42:49+00:00
468123954,https://www.finn.no/realestate/homes/ad.html?finnkode=468123954,Idyllisk småbruk med tilhørende seter og rik historie | Garasje & stabbur | Naturskjønn beliggenhet & flott utsikt!,"Sjolivegen 1225, 2676 Heidal",2676,Heidal,2 550 000 kr,2 614 840 kr,64 840 kr,,40 130 kr,Gårdsbruk/Småbruk,Selveier,,178 m² (BRA-i),850 m²,,3,,1866,2,308 998 m² (eiet),308998,309.0,Rom,3437,181,41,5,"Eiendomsmegler 1 Lillehammer og Gudbrandsdal ønsker velkommen til småbruket Nordre Brobakken! Her får man et idyllisk og historisk småbruk m/tilhørende seter. Det drives ikke husdyrproduksjon på bruket i dag, og jordbruksarealene er bortleid. Naturen er din nærmeste nabo, og det er rike muligheter for friluftsliv i nærområdet. Våningshuset er et fredet tømmerhus fra 1866 med torvtak, synlig tømmer i stuen og en fin vedovn som gir varme og atmosfære. Planløsningen går over to plan og kjeller og byr bl.a. på en lun stue, kjøkken, 3 soverom, bad og wc-rom. Lagringsplass i kjeller. I tillegg til driftsbygning består tunet også av et fredet stabbur. Setra ligger i Nysetrene. Parkering i garasje. Kort vei til barnehage, skole og butikk i Heidal. Eiendommen har konsesjonsplikt. Velkommen Minus Vis mindre NB: Knappen for å vise hele beskrivelsen har kun en visuell effekt. Pluss tegn Vis hele beskrivelsen NB: Knappen for å vise hele beskrivelsen har kun en visuell effekt. Salgsoppgaven beskriver vesentlig og lovpålagt informasjon om eiendommen Se komplett salgsoppgave Nyttige lenker Bestill salgsoppgave Bladbar salgsoppgave Visning Vi ber om at interessenter melder seg på våre visninger på forhånd. Det vil ikke bli avholdt visning uten påmelding. Vi anbefaler at du laster ned og leser igjennom salgsoppgaven før visning, og ring oss gjerne på forhånd for spørsmål om boligen. Velkommen. Husk å lese komplett salgsoppgave før visning. Bestill komplett, utskriftsvennlig salgsoppgave. Visningspåmelding Gi bud Nyttige lenker Bestill salgsoppgave Bladbar salgsoppgave Nærområdet Kart Sjolivegen 1225, 2676 Heidal Annonseinformasjon FINN-kode 468123954 Sist endret 14. sep. 2026 10:31 Referanse 1312260059 Rapporter annonse Annonsene kan være mangelfulle i forhold til lovpålagt opplysningsplikt. Før bindende avtale inngås oppfordres interessenter til å innhente komplett informasjon fra meglerforetaket, selger eller utleier.",2026-09-21T09:42:51+00:00
468468311,https://www.finn.no/realestate/homes/ad.html?finnkode=468468311,"Velkommen til renoveringsobjektet på Størok. Sørvendt og stor tomt på 92.2 daa. Våningshus, garasje og låve.","Ellingsøyvegen 2411, 6260 Skodje",6260,Skodje,2 900 000 kr,2 973 590 kr,73 590 kr,,937 546 kr,Gårdsbruk/Småbruk,Selveier,,207 m² (BRA-i),702 m²,,4,,1964,3,92 285 m² (eiet),92285,92.3,Rom,1508,550,76,5,"Velkommen til Pettergarden på Størok! Denne fine eiendommen ligger like over populære Stettevika, et familievennlig og rolig område med kort vei til sjøen og fine turmuligheter like ved. På grunn av sin sentrale beliggenhet har Stette blitt et populært område. Eiendommen har en svært romslig tomt med fantastisk utsikt og gode sol- og utsiktsforhold. Det er traktorvei opp til eiendommen fra hovedvei. Dagligvarehandelen kan blant annet gjøres ved Bunnpris eller Extra på Vatneeidet, eller på Rema eller Extra på Digerneset, alle er bare noen minutter unna i bil. Eiendommen: - Fantastisk utsikt og gode solforhold på eiendommen. - Kårboligen anses som rivingsobjekt. - Våningshuset anses som renoveringsobjekt. - Det er frakoblet strøm pt. - Brønn og septiktank. - Traktorveien opp til eiendommen er i dårlig forfatning. - Garasje på 60 kvm. - Løe med eldre fjøs og høylåve. - Eiendommen er avsatt til LNFR-område. - Driveplikt på dyrka mark. Husk å melde deg på visning! Minus Vis mindre NB: Knappen for å vise hele beskrivelsen har kun en visuell effekt. Pluss tegn Vis hele beskrivelsen NB: Knappen for å vise hele beskrivelsen har kun en visuell effekt. Salgsoppgaven beskriver vesentlig og lovpålagt informasjon om eiendommen Se komplett salgsoppgave Nyttige lenker Gi bud Bestill salgsoppgave Eiendommens hjemmeside Visning Ta kontakt for å avtale visning. Husk å lese komplett salgsoppgave før visning. Bestill komplett, utskriftsvennlig salgsoppgave. Visningspåmelding Gi bud Nyttige lenker Gi bud Bestill salgsoppgave Eiendommens hjemmeside Nærområdet Kart Ellingsøyvegen 2411, 6260 Skodje Annonseinformasjon FINN-kode 468468311 Sist endret 27. aug. 2026 06:03 Referanse 313260128 Rapporter annonse Annonsene kan være mangelfulle i forhold til lovpålagt opplysningsplikt. Før bindende avtale inngås oppfordres interessenter til å innhente komplett informasjon fra meglerforetaket, selger eller utleier.",2026-09-21T09:42:52+00:00
468439006,https://www.finn.no/realestate/homes/ad.html?finnkode=468439006,"Småbruk tilrettelagt for hest med flott beliggenhet, fin utsikt over Mjøsa.","Vangsbakken 2, 2338 Espa",2338,Espa,2 950 000 kr,3 042 740 kr,92 740 kr,,565 669 kr,Gårdsbruk/Småbruk,Selveier,,137 m² (BRA-i),389 m²,,4,,1800,,15 188 m² (eiet),15188,15.2,,,,,5,"Velkommen til en sjarmerende småbruket i Vangsbakken 2, Strandlykkja, med flott beliggenhet og utsikt over Mjøsa. Eiendommen ligger i et rolig område med gode solforhold og minimalt med støy. Det er kort avstand til offentlig transport, skoler og barnehager, samt naturskjønne friarealer i nærheten. Dagligvarebutikker og andre servicetilbud er tilgjengelig innen rimelig kjøreavstand. Boligen, med et bruksareal på 137 m², er oppført i 1800 og har et tilbygg fra 1993. Den inneholder entré, stue, spisestue, kjøkken, bad/vaskerom, trapperom, bod og fire soverom. Småbruket inkluderer flere uthus med lagringsmuligheter. Tomten er på 16 079 m² og har privat vannforsyning og offentlig avløp. Minus Vis mindre NB: Knappen for å vise hele beskrivelsen har kun en visuell effekt. Pluss tegn Vis hele beskrivelsen NB: Knappen for å vise hele beskrivelsen har kun en visuell effekt. Salgsoppgaven beskriver vesentlig og lovpålagt informasjon om eiendommen Se komplett salgsoppgave Nyttige lenker Bestill komplett, utskriftsvennlig salgsoppgave Se komplett salgsoppgave Gå på visning når det passer deg. Visning Vi i Notar ønsker å avholde så gode visninger som mulig. Derfor har vi påmeldingsvisninger. Da vet vi hvor mange som kommer, og kan sette av nok tid til alle. Trykk på linken  visningspåmelding  for å avtale tidspunkt. Hvis det ikke er oppsatt visningstidspunkt eller oppsatt tidspunktet ikke skulle passe, kontakt megler for avtale om privatvisning. Velkommen til visning. Visningspåmelding Gi bud Nyttige lenker Bestill komplett, utskriftsvennlig salgsoppgave Se komplett salgsoppgave Gå på visning når det passer deg. Nærområdet Kart Vangsbakken 2, 2338 Espa Annonseinformasjon FINN-kode 468439006 Sist endret 17. aug. 2026 14:21 Referanse NO24.2648 Rapporter annonse Annonsene kan være mangelfulle i forhold til lovpålagt opplysningsplikt. Før bindende avtale inngås oppfordres interessenter til å innhente komplett informasjon fra meglerforetaket, selger eller utleier.",2026-09-21T09:42:53+00:00
467685895,https://www.finn.no/realestate/homes/ad.html?finnkode=467685895,"Koselig småbruk i landlige omgivelser. Uthus m/​stall, stabbur og stor tomt på ca 4,6 mål. Godt egnet for hestehold.","Nyveien 1307, 1960 Løken",1960,Løken,4 290 000 kr,4 398 640 kr,108 640 kr,,886 081 kr,Gårdsbruk/Småbruk,Selveier,,203 m² (BRA-i),307 m²,,4,,1986,,4 634 m² (eiet),4634,4.6,,3226,24,18,5,"Velkommen til Nyveien 1307, et koselig småbruk i landlige og idylliske omgivelser. Eiendommen består av eiet tomt på ca 4,6 mål, bebygd med en romslig enebolig fra 1986, stort uthus, et stabbur og en lekestue. Uthuset inneholder både stall med stallplass til to hester, garasje og lagringsplass, og det er etablert utegangsskur for hester på tomten. Utenfor eneboligen er det bygd en stor veranda på ca. 50 kvm med gode solforhold og vidstrakt utsikt til åkerlandskapet. Første etasje inneholder en trivelig stue med peisovn, et separat kjøkken med dør til vaskerom, et bad og et soverom. Oppe er det etablert en loftstue, et toalettrom, tre soverom. Det er bod i andre etasje, garderoberom tilknyttet entreen nede, samt uinnredet kjeller under huset. Minus Vis mindre NB: Knappen for å vise hele beskrivelsen har kun en visuell effekt. Pluss tegn Vis hele beskrivelsen NB: Knappen for å vise hele beskrivelsen har kun en visuell effekt. Salgsoppgaven beskriver vesentlig og lovpålagt informasjon om eiendommen Se komplett salgsoppgave Visning søndag, 27. september 16:00 – 17:00 Legg til i kalender Ta kontakt for å avtale privatvisning med megler Kenneth Sverre 93029613. Husk å lese komplett salgsoppgave før visning. Bestill komplett, utskriftsvennlig salgsoppgave. Visningspåmelding Gi bud Nærområdet Kart Nyveien 1307, 1960 Løken Annonseinformasjon FINN-kode 467685895 Sist endret 18. sep. 2026 09:39 Referanse 1107260104 Rapporter annonse Annonsene kan være mangelfulle i forhold til lovpålagt opplysningsplikt. Før bindende avtale inngås oppfordres interessenter til å innhente komplett informasjon fra meglerforetaket, selger eller utleier.",2026-09-21T09:42:55+00:00
462659693,https://www.finn.no/realestate/homes/ad.html?finnkode=462659693,"Småbruksidyll med velholdt, vakker enebolig og stor stall - Solrik terrasse landlig utsyn - Tomt på ca 7 mål - Ridebane","Østrengveien 63, 1960 Løken",1960,Løken,7 200 000 kr,7 381 390 kr,181 390 kr,,1 003 768 kr,Gårdsbruk/Småbruk,Selveier,,241 m² (BRA-i),462 m²,,4,,1997,,7 313 m² (eiet),7313,7.3,,3226,24,14,5,"Velkommen til Østrengveien 63 - en sjarmerende småbruksidyll på ca 7 mål i rolige, barnevennlige omgivelser. Her får du det beste av landlivet, med rikelig plass for både to- og firbeinte og svært gode fasiliteter for hestehold. Eiendommen byr på flotte solforhold, som kan nytes fra en delvis overbygd terrasse på ca. 60 kvm. Boligen er godt vedlikeholdt og har en familievennlig planløsning med tidsriktige farge- og materialvalg. Her finner du en romslig stue med varmepumpe, klassisk kjøkken og en innbydende entré med peisovn. Videre inneholder boligen bad/wc, separat wc, vaskerom, kontor og fire gode soverom. Eiendommen har i tillegg stor stall, utegangshus for hest samt uthus med boder og carport   perfekt for deg som drømmer om landlig liv med hest. Minus Vis mindre NB: Knappen for å vise hele beskrivelsen har kun en visuell effekt. Pluss tegn Vis hele beskrivelsen NB: Knappen for å vise hele beskrivelsen har kun en visuell effekt. Salgsoppgaven beskriver vesentlig og lovpålagt informasjon om eiendommen Se komplett salgsoppgave Visning Ta kontakt for å avtale visning meg megler Kenneth Sverre mobil 93029613. Husk å lese komplett salgsoppgave før visning. Bestill komplett, utskriftsvennlig salgsoppgave. Visningspåmelding Gi bud Nærområdet Kart Østrengveien 63, 1960 Løken Annonseinformasjon FINN-kode 462659693 Sist endret 18. sep. 2026 12:20 Referanse 1107260060 Rapporter annonse Annonsene kan være mangelfulle i forhold til lovpålagt opplysningsplikt. Før bindende avtale inngås oppfordres interessenter til å innhente komplett informasjon fra meglerforetaket, selger eller utleier.",2026-09-21T09:42:56+00:00
468355635,https://www.finn.no/realestate/homes/ad.html?finnkode=468355635,"Neiden/​Mikkelsnes: Stor landbrukseiendom med bla to bolighus, store jorder, sauefjøs og lakserett!","Mikkelsnesveien 663, 9930 Neiden",9930,Neiden,4 500 000 kr,4 613 850 kr,113 850 kr,,,Gårdsbruk/Småbruk,Selveier,,120 m² (BRA-i),,,3,,1986,,795 000 m² (eiet),795000,795.0,,5605,6,19,3,"Velkommen til Mikkelsnes i Neiden! Advokatfirmaet Herstad AS har gleden av å presentere denne store landbrukseiendommen på 795 dekar, hvorav ca 208 dekar er dyrket mark og idag brukes til grovfôrproduksjon. Jordene er delvis fuktige og delvis tørre, noe som sikrer avlingen både i tørre og fuktige år! På eiendommen står det to bolighus, hvorav ett er utleid og gir leieinntekter på 7000 kr/mnd. Det er mulig å søke om fradeling av utleieboligen. Hovedhuset har en fin plassering på tun med nærhet til driftsbygningene. Det er bla sauefjøs med plass til ca 70 vinterforede sauer og to sjåer/garasjer på eiendommen. Bygningsmassen har behov for noe oppgradering/vedlikehold. Ved handelen følger også mye driftsløsøre med, som nyere traktor med snøfres, beitepusser, gjerdemateriell for strømgjerder mm. Minus Vis mindre NB: Knappen for å vise hele beskrivelsen har kun en visuell effekt. Pluss tegn Vis hele beskrivelsen NB: Knappen for å vise hele beskrivelsen har kun en visuell effekt. Salgsoppgaven beskriver vesentlig og lovpålagt informasjon om eiendommen Se komplett salgsoppgave Nyttige lenker Bestill salgsoppgave Visning Velkommen til visning! Vi har fått positive tilbakemeldinger både fra selgere og kjøpere på påmeldingsvisninger, og dette  gjør at vi fortsetter å sette opp visninger med påmelding og begrenset antall deltakere pr tidsintervall. Bruk knappen for visningspåmelding eller ta kontakt direkte med oss, så finner vi et tidspunkt som passer. Dersom det ikke er påmeldte til visning blir det ikke gjennomført visning, så det er derfor viktig at du melder deg på i forkant. Husk å laste ned og lese salgsoppgaven i forkant! Husk å lese komplett salgsoppgave før visning. Bestill komplett, utskriftsvennlig salgsoppgave. Visningspåmelding Gi bud Nyttige lenker Bestill salgsoppgave Nærområdet Kart Mikkelsnesveien 663, 9930 Neiden Annonseinformasjon FINN-kode 468355635 Sist endret 30. aug. 2026 04:10 Referanse 22260031 Rapporter annonse Annonsene kan være mangelfulle i forhold til lovpålagt opplysningsplikt. Før bindende avtale inngås oppfordres interessenter til å innhente komplett informasjon fra meglerforetaket, selger eller utleier.",2026-09-21T09:42:58+00:00
468279699,https://www.finn.no/realestate/homes/ad.html?finnkode=468279699,"Laftet hus og tre hytter i Morgedal - tomt på 40,8 dekar!","Nordskogvegen 42, 3848 Morgedal",3848,Morgedal,1 950 000 kr,1 990 000 kr,40 000 kr,0 kr,1 950 000 kr,Gårdsbruk/Småbruk,Annet,,174 m² (BRA-i),212 m²,,3,,1946,,40 800 m² (eiet),40800,40.8,,4028,67,9,1,Eiendommen består av tre enkle utleiehytter og et laftet våningshus fra 1946. ☘️ Multemyr på eiendommen 🫎 Jaktmuligheter (Lid jaktlag) 🚽 Septik og privat brønn 🏠 220 cm under taket 🔌 Nytt sikringsskap med innmat ♨️ Ny varmepumpe 🪚 Nylagt parkett i finstugo 🏘️ Privat vei uten fastboende: https://lokalhistoriewiki.no/wiki/Nordskogvegen_(Kviteseid) 🗺️ Kartverket: https://eiendomsregisteret.kartverket.no/eiendom/4028/67/9 🌲Arealfordeling av skog: https://gardskart.nibio.no/landbrukseiendom/4028/67/9/0?utm=32&gardskartlayer=ar5kl7&alle=false&bakgrunnskart=graatoner&x=464037.145&y=6593267.31&z=18.40355,2026-09-21T09:42:59+00:00
468066405,https://www.finn.no/realestate/homes/ad.html?finnkode=468066405,FLØRENES - Småbruk på 200 mål i vakre omgivelser 4 km fra Lillesand sentrum | Separat utleiedel | Egen sjøbu og brygge,"Flørenesveien 230, 4790 Lillesand",4790,Lillesand,11 750 000 kr,12 044 840 kr,294 840 kr,,137 176 kr,Gårdsbruk/Småbruk,Selveier,,401 m² (BRA-i),466 m²,,6,,1880,2,200 000 m² (eiet),200000,200.0,,4215,37,8,5,"Eiendommen ligger i naturskjønne omgivelser på Flørenes med utsikt mot Flørenskilen. Området består av spredt boligbebyggelse og småbruk i vakkert kulturlandskap hvor denne eiendommen ligger tilbaketrukket fra den øvrige bebyggelsen i nabolaget. Til skole og barnehage på Tingsaker er det 3 km. Nærområdene byr ellers på fine turmuligheter. Til egen sjøbu og brygge er det ca. 350 m. Eiendommen består av til sammen 5 parseller hvor den største parsellen med våningshuset har et samlet areal på ca. 140 dekar. Det er en usjenert og pent opparbeidet hage rundt våningshuset bestående av bl.a. plen, beplantning og store terrasser. Hovedhuset er velholdt og har vannbåren varme fra bergvarme pumpe. Inneh. bl.a.: 3 stuer, kjøkken, 2 baderom og 4 soverom. Leil. inneh.: stue/kjøkken, 2 soverom og bad. Minus Vis mindre NB: Knappen for å vise hele beskrivelsen har kun en visuell effekt. Pluss tegn Vis hele beskrivelsen NB: Knappen for å vise hele beskrivelsen har kun en visuell effekt. Salgsoppgaven beskriver vesentlig og lovpålagt informasjon om eiendommen Se komplett salgsoppgave Nyttige lenker Meld interesse Se komplett salgsoppgave Gi bud website Visning Velkommen til visning! Meld deg på ved å trykke ""visningspåmelding"" i våre boligannonser. Ta gjerne kontakt med megler i forkant av visningen om du har spørsmål. Visningspåmelding Gi bud Nyttige lenker Meld interesse Se komplett salgsoppgave Gi bud website Nærområdet Kart Flørenesveien 230, 4790 Lillesand Annonseinformasjon FINN-kode 468066405 Sist endret 14. aug. 2026 17:26 Referanse 612260032 Rapporter annonse Annonsene kan være mangelfulle i forhold til lovpålagt opplysningsplikt. Før bindende avtale inngås oppfordres interessenter til å innhente komplett informasjon fra meglerforetaket, selger eller utleier.",2026-09-21T09:43:00+00:00
428653800,https://www.finn.no/realestate/homes/ad.html?finnkode=428653800,"Stor eiendom i vakre omgivelser - bolig, uthus, naust og landlig beliggenhet","Kvitforsveien 5, 8543 Kjeldebotn",8543,Kjeldebotn,1 100 000 kr,1 144 750 kr,44 750 kr,,139 973 kr,Gårdsbruk/Småbruk,Selveier,,162 m² (BRA-i),232 m²,,5,,1955,3,153 000 m² (eiet),153000,153.0,,1806,370,134,5,"Denne eiendommen i vakre omgivelser i Kjeldebotn gir deg hele 153 dekar med fulldyrket jord, skog og utmark - perfekt for både hobbybruk og utvikling. Våningshus med fem soverom, samt to eldre utuhs og et naust gir deg et godt utgangspunkt for å skape din drømmebolig og driftssenter. Landlig og fredelig beliggenhet med nærhet til sjø, fjell og flotte friluftsområder. Her får du romslige arealer, vakker utsikt og store muligheter for både egenproduksjon, dyrehold eller jordleie. Ca. 60 minutter til Narvik sentrum. Konsesjonsplikt og driveplikt gjelder. Ta kontakt med megler for å avtale visning. Minus Vis mindre NB: Knappen for å vise hele beskrivelsen har kun en visuell effekt. Pluss tegn Vis hele beskrivelsen NB: Knappen for å vise hele beskrivelsen har kun en visuell effekt. Salgsoppgaven beskriver vesentlig og lovpålagt informasjon om eiendommen Se komplett salgsoppgave Nyttige lenker Se komplett salgsoppgave Visning Alle våre visninger har påmelding. Dette gjør vi for å planlegge visningene best mulig, og ha god tid til de som kommer. Visninger uten påmeldte deltakere vil bli avlyst. Visningspåmelding Gi bud Nyttige lenker Se komplett salgsoppgave Nærområdet Kart Kvitforsveien 5, 8543 Kjeldebotn Annonseinformasjon FINN-kode 428653800 Sist endret 26. juni 2026 17:28 Referanse JOB1.25156 Rapporter annonse Annonsene kan være mangelfulle i forhold til lovpålagt opplysningsplikt. Før bindende avtale inngås oppfordres interessenter til å innhente komplett informasjon fra meglerforetaket, selger eller utleier.",2026-09-21T09:43:02+00:00
367294690,https://www.finn.no/realestate/homes/ad.html?finnkode=367294690,"Ruud gård Ro i Gausdal. 12 unike bygg og 649 daa totalt areal. Turisme, overnatting og kulturformidling.","Rosvegen 1, 3, 5, 2653 Vestre Gausdal",2653,Vestre Gausdal,4 590 000 kr,4 719 785 kr,129 785 kr,,287 134 kr,Gårdsbruk/Småbruk,Selveier,1 m²,,,180 m²,,,1918,,649 000 m² (eiet),649000,649.0,,3441,58,5,3,,2026-09-21T09:43:03+00:00
467777076,https://www.finn.no/realestate/homes/ad.html?finnkode=467777076,"Idyllisk gårdsbruk som grenser til Osensjøen! Klassisk enebolig fra 1901, stor garasje og låve. Behov for oppgraderinger","Osensjøen vest 841, 2428 Søre Osen",2428,Søre Osen,2 490 000 kr,2 558 640 kr,68 640 kr,,22 333 kr,Gårdsbruk/Småbruk,Selveier,,254 m² (BRA-i),481 m²,,5,,1901,2,537 020 m² (eiet),537020,537.0,,3421,85,1,5,"Velkommen til Osensjøen vest 841! Gårdsbruket ""Halvorsberget"" er bebygd med en klassisk enebolig fra 1901, en stor garasje fra 2003, en redskapsbod fra 2018, en låve og en tømmerstue. Gården har et tomteareal på totalt ca. 537 daa, hvorav ca. 307,1 daa med produktiv skog. Deler av eiendommen leies ut til vindkraftverk. Eneboligen har en innholdsrik planløsning over to plan med bla. flere stuer, 5 soverom og 2 bad. Bygningene har gjennomgående lav standard og har behov for oppgraderinger. Gården har en idyllisk beliggenhet på vestsiden av Osensjøen. Eiendommen grenser til Osensjøen som gir gode muligheter for bading, fisking og båtliv. Området har ellers gode jaktmuligheter på blant annet elg, rådyr og småvilt. Ca. 45 km til både Innbygda i Trysil og til Elverum sentrum. Minus Vis mindre NB: Knappen for å vise hele beskrivelsen har kun en visuell effekt. Pluss tegn Vis hele beskrivelsen NB: Knappen for å vise hele beskrivelsen har kun en visuell effekt. Salgsoppgaven beskriver vesentlig og lovpålagt informasjon om eiendommen Se komplett salgsoppgave Visning Ta kontakt for å avtale visning. Husk å lese komplett salgsoppgave før visning. Bestill komplett, utskriftsvennlig salgsoppgave. Visningspåmelding Gi bud Nærområdet Kart Osensjøen vest 841, 2428 Søre Osen Annonseinformasjon FINN-kode 467777076 Sist endret 06. sep. 2026 20:14 Referanse 1211250330 Rapporter annonse Annonsene kan være mangelfulle i forhold til lovpålagt opplysningsplikt. Før bindende avtale inngås oppfordres interessenter til å innhente komplett informasjon fra meglerforetaket, selger eller utleier.",2026-09-21T09:43:05+00:00
468052884,https://www.finn.no/realestate/homes/ad.html?finnkode=468052884,Småbruk med strandlinje og brygge - naturskjønt beliggende nær Kragerø sentrum!,"Lindtvedtveien 9, 3772 Kragerø",3772,Kragerø,6 950 000 kr,7 125 140 kr,175 140 kr,,587 702 kr,Gårdsbruk/Småbruk,Selveier,,119 m² (BRA-i),119 m²,,3,,1875,2,58 055 m² (eiet),58055,58.1,,4014,13,14,5,"Landlig og innholdsrikt småbruk på ca. 58 mål med attraktiv beliggenhet ved Kalstadkilen. Eiendommen byr på egen strandlinje, brygge og badeplass, samt store arealer med skog, naturmark og velholdt tun. Her får man en sjelden kombinasjon av sjøliv, naturopplevelser og utviklingsmuligheter, med 11 regulerte boligtomter og godkjent omregulering av driftsbygning til boligformål. Det sjarmerende våningshuset fra 1875 er godt vedlikeholdt og oppgradert med blant annet nytt kjøkken, modernisert bad og flere tekniske forbedringer. Boligen inneholder lyse oppholdsrom, to stuer, kjøkken med spisestue, loftstue og tre soverom. Eiendommen ligger fredelig til, samtidig som Kragerø sentrum, servicetilbud og skjærgårdsliv er lett tilgjengelig. Minus Vis mindre NB: Knappen for å vise hele beskrivelsen har kun en visuell effekt. Pluss tegn Vis hele beskrivelsen NB: Knappen for å vise hele beskrivelsen har kun en visuell effekt. Salgsoppgaven beskriver vesentlig og lovpålagt informasjon om eiendommen Se komplett salgsoppgave Visning Ta kontakt for å avtale visning. Husk å lese komplett salgsoppgave før visning. Bestill komplett, utskriftsvennlig salgsoppgave. Visningspåmelding Gi bud Nærområdet Kart Lindtvedtveien 9, 3772 Kragerø Annonseinformasjon FINN-kode 468052884 Sist endret 18. sep. 2026 10:16 Referanse 1302260133 Rapporter annonse Annonsene kan være mangelfulle i forhold til lovpålagt opplysningsplikt. Før bindende avtale inngås oppfordres interessenter til å innhente komplett informasjon fra meglerforetaket, selger eller utleier.",2026-09-21T09:43:06+00:00
468037211,https://www.finn.no/realestate/homes/ad.html?finnkode=468037211,Nydelig beliggende småbruk spreget eiendom som er tilrettelagt for hestehold. Eiendommen er omkranset av flott landskap!,"Glenneveien 246, 1816 Skiptvet",1816,Skiptvet,5 300 000 kr,5 433 850 kr,133 850 kr,,814 453 kr,Gårdsbruk/Småbruk,Selveier,,169 m² (BRA-i),340 m²,,3,,1900,2,8 715 m² (eiet),8715,8.7,Rom,3116,12,60,5,"Nydelig beliggende småbruk preget eiendom som er tilrettelagt for hestehold. Eiendommen er omkranset av flott landskap! Boligen består av følgende rom: 1. etasje: Entré, soverom, kjøkken, bad/vaskerom, vindfang og bod. 2. etasje: Gang, bod, soverom, kott, kott 2, soverom 2. Garasje: 1.etasje: Trapperom, bod, garasje rom, vognskjul, sal rom, høyrom, 2 stall bokser 2.etasje: Bad/vaskerom, gang, stue/kjøkken, trapperom, soverom(ikke godkjent). Eiendommen er en fin beliggenhet nær Glomma og med fin utsikt over kulturlandskapet. Lett gangavstand fra eiendommen finner man grav røyser med flott utsiktspunkt. Området generelt byr på meget fine turmuligheter. Glomma byr ellers på fine muligheter for ulike vann sports aktiviteter, og et variert fiske. Minus Vis mindre NB: Knappen for å vise hele beskrivelsen har kun en visuell effekt. Pluss tegn Vis hele beskrivelsen NB: Knappen for å vise hele beskrivelsen har kun en visuell effekt. Salgsoppgaven beskriver vesentlig og lovpålagt informasjon om eiendommen Se komplett salgsoppgave Nyttige lenker Bestill salgsoppgave Visning Ønsker du å delta på visningen ber vi om at du melder deg på slik at vi vet at du kommer. På den måten kan vi bistå alle best mulig, og gi deg tid på visningen. Visningen avholdes bare dersom det er påmeldte 3 timer innen oppsatt visningstidspunkt. Ta gjerne kontakt med megler på telefon 975 80 966 før visningen, hvis du har noen spørsmål. Velkommen! Husk å lese komplett salgsoppgave før visning. Bestill komplett, utskriftsvennlig salgsoppgave. Visningspåmelding Gi bud Nyttige lenker Bestill salgsoppgave Nærområdet Kart Glenneveien 246, 1816 Skiptvet Annonseinformasjon FINN-kode 468037211 Sist endret 06. aug. 2026 11:29 Referanse 5460260046 Rapporter annonse Annonsene kan være mangelfulle i forhold til lovpålagt opplysningsplikt. Før bindende avtale inngås oppfordres interessenter til å innhente komplett informasjon fra meglerforetaket, selger eller utleier.",2026-09-21T09:43:07+00:00
468034420,https://www.finn.no/realestate/homes/ad.html?finnkode=468034420,Landbrukseiendommen Brønstad i Rogne,"Bygdinvegen 1520, 2943 Rogne",2943,Rogne,5 300 000 kr,5 438 590 kr,138 590 kr,,3 518 499 kr,Gårdsbruk/Småbruk,Selveier,,,308 m²,,3,,1923,1,141 700 m² (eiet),141700,141.7,F - Oransje,3453,44,45,3,"Eiendommen ligger i Rogne i Øystre Slidre kommune. Gårdstunet består av bolighus, stabbur, verkstedbygning og redskapshus. Tilhørende støl på Sørre Trøllåsen. Eiendommens arealer består av 13,6 da fulldyrka jord, 4,9 da innmarksbeite, 18,5 da produktiv skog, 93,7 da annet markslag og 11 da. bebygd område Det må påregnes kostnader til vedlikehold og utbedring av konstruksjoner. Adkomst Fra Fagernes: Følg Fv51 mot Beitostølen i 15 km. Ta til venstre til eiendommen som ligger langs veien. For å komme til naustet fra gården, kjører man sørover Fv-51 og opp Øvrebygdsvegen. Følg kart til Øyangen 7. For å komme til stølen fortsetter man Fv51 i 3,1 km til Moane, og ta av til høyre oppp Øvrebygdvegen et par hundre meter før du tar av til venstre og inn Stølsvegen. Følg denne i 15 km. Utfyllende informasjon om fellesgjeld og felleskostnader Kostnader til kommunale avgifter, forsikring, brøyting etc. Bebyggelsen Våningshus: Byggeår: 1923, påbygget 1983. Huset består av: Underetasje: Gang, vaskerom, bad, badstue, soverom, 2 kjellerrom, kjølerom, garasje, bod, teknisk rom, 127 kvm. 1. etasje: Entré, hall, stue, kjøkken, bad, toalettrom, 3 soverom, kontor, garderobe, kott, 181 kvm. Loft: Loftsbod. Stabbur: Byggeår: 1990 Stabbur består av: 1. etasje: Gjesterom/lagerrom, 6 kvm. Verkstedbygning: Byggeår: 1981, IG gitt 1984. Verkstedbygning består av: Underetasje: Verkstedhall, garasjerom/lager, teknisk rom, 245 kvm 1. etasje: Verkstedhall, utstillingshall, ekspedisjon m/kontor, gang, spiserom, garderobe/bad, trapperom til kjeller, 214 kvm. 2. etasje: Trapperom, gang, kontor, 2 lagerrom, 154 kvm. Redskapshus/  Hangar : Byggeår: 2009. Redskapshus består av: Kaldtlager. Båthus Øyangen. Byggeår: 1975 Båthus består av: Plass til én båt og et oppholdsrom med enkelt kjøkken og sengeplass, 23 kvm. Støl ‘Sørre Trøllåsen’. Byggeår: Ukjent. Selet består av: 1. etasje: Vindfang, stue/kjøkken, 2 soverom, 40 kvm. Det er også en løe og et fjøs som er i dårlig stand/kondemnable. Se vedlagt tilstandsrapport for beskrivelse av bygningens arealer og tilstand. Nærmere om bebyggelsen Bolig oppført over 2 etasjer i kjente konstruksjoner. Opprinnelig bygget som våningshus i 1923 og senere tilbygget/ombygget i 1983. I 2024 ble det ene kjellerrommet pusset opp etter en vannskade samme år (vann inn fra terrenget). Terreng utenfor rommet ble utbedret etter dette.  Normal standard sett i forhold til byggeåret med senere moderniseringsarbeider tatt i betraktning. Stabbur av laftet tømmer på stabber av tre som står på punkt av betong. Taktekking er torv som ligger på knotteplast. Ytterdør av tre montert. Verkstedbygning har fundamenter og yttervegger i kjeller av plasstøpt betong. 1. og 2. etasje bygget av bindingsverk som utvendig er kledd med stående trekledning. Yttertaket er en saltakkonstruksjon av takstoler tekket med metallplater. Beslag, takrenner, nedløp og snøfangere av stål. Vinduer med isolerglass. Verkstedrommene har leddporter med god høyde. Montert leddport til utstillingsrommet. Ekspedisjon og kontor i 2. etasje har egne ytterdører. Etasjeskille av betong/elementer mot kjeller og trebjelkelag mot 2. etasje. Innvendig trapp til kjeller av stål og til 2. etasje er det innvendig trapp av tre. Utvendig trapp av tre med adkomst til kontoret i 2. etasje. Verkstedrommene har vegger av betong og bindingsverk med plater. Kontordel m/lager har gulvbelegg og plater på vegger/ himlinger. Utstillingsrommet har flislagt gulv. Badet har gulvbelegg med oppbrett på veggene hvor det er baderomsplater. Utstyrt med WC, dusj og servant. Elektrisk anlegg med skrusikringer og for øvrig anlegg med varierende alder. Oppvarming med sentralfyr og varmefordeling med luftkanaler. Montert talje i verkstedrom i kjeller. Redskapshuset /  Hangaren  fundamentert ved ringmur av plasstøpt betong. Bygget av uisolert bindingsverk utvendig kledd med metallplater. Takkonstruksjon av prefabrikerte takstoler tekket med metallplater uten takrenner. Gulv er grus. Innkjøring på langsiden hvor det er montert plassbygde skyveporter. I tillegg er det en sidedør. Båthuset har fundament av plasstøpt betong. Oppholdsrommet er bygget av laftet tømmer og inngang/båthus av uisolert bindingsverk. Yttertak av rundåser tekket med torv. Lagerrom for båt har betonggulv. Oppholdsrommet har tregulv og trepanel i himling. Vindu med isolerglass. To-fløyet dør til båtrom og ""stalldør"" til oppholdsrommet. Enkel kjøkkeninnredning av tre og plassbygde senger. Uthus/gammelt naust i tilknytning til båthuset. Selet ‘Sørre Trøllåsen’ har enkel standard uten innlagt strøm, vann eller avløp. Grunnmurer av stein på terreng. Bygget av laftet tømmer som utvendig er kledd med stående trekledning. Takkonstruksjon av åser tekket med skifer uten takrenner. Vinduer er doble med sprosser i ytre ramme. Ytterdører av tre. Sørvendt veranda av tre med adkomst fra terreng. Innvendige overflater er vegger med laftet tømmer og trepanel. Himlinger med trepanel. Gulv er heltre lagt på bjelker/åser. Montert enkel plassbygd kjøkkeninnredning av tre. Plassbygde skap på soverommene. Oppvarming med vedfyring. Plassbygd peis og vedovn tilkoblet pipe av lettklinkerelementer. Omfattende vedlikeholdsbehov. På stølsvollen er det løe og fjøs som begge er kondemnable. Øvrige verdikomponenter Eiendommen er på samlet ca 141,7 da. Dyrket mark/beite: Ca. 13,6 da fulldyrket jord på tunet og 4,9 da innmarksbeite på stølen. Av fjellstyrets vedtak av 30/2018 fremgår imidlertid at stølsjordet har  falt i det fri.  Se Kartvedlegg. Skog, utmark, jakt, fiske, etc: 18,5 da produktiv skog med middels bonitet/produksjonsevne. Stående skog antas å være +/- 50 år. Eiendommen har jaktretter med egne utmarksarealer som grunnlag. Dette administreres av Skattebu og Rogne viltområde hvor eiendommen har en liten andel (135/37.068). Fiskerett med garn i Øyangen. Beiterett i statsallmenningen. Annen info 4 Annen info 5 Minus Vis mindre NB: Knappen for å vise hele beskrivelsen har kun en visuell effekt. Pluss tegn Vis hele beskrivelsen NB: Knap",2026-09-21T09:43:08+00:00
467973698,https://www.finn.no/realestate/homes/ad.html?finnkode=467973698,"Idyllisk gårdsbruk/​småbruk i vakre Bjærangen. 1.060 dekar, hvorav 76 dekar fulldyrket. Jakt- og fiskerettigheter.","Bjærangen 27, 8178 Halsa",8178,Halsa,2 600 000 kr,2 666 090 kr,66 090 kr,,,Gårdsbruk/Småbruk,Selveier,,,,,6,,,,,,,,1837,31,1,5,"BELIGGENHET Gården ligger ligger i vakre Bjærangen, et område preget av idylliske kulturlandskap, mektige fjell og nærhet til sjøen. Eiendommen har strandlinje både mot Bjærangsfjorden og den lakseførende elven Storåga. Kommunesenteret Ørnes ligger under en times kjøring fra gårdstunet. JORD, SKOG OG TUN Eiendommen består av i alt 1.060,3 dekar eiendomsgrunn, hvorav 76,2 dekar fulldyrket, 500,1 dekar produktiv skog, 461,6 dekar annet markslag, 20,8 dekar vei/vann/annet og 1,6 dekar ikke klassifisert. Viser til vedlagt link til NIBIO gårdskart. BYGNINGER Våningshus, redskapshus og driftsbygning. JAKT OG FISKE Eiendommen sokner til jaktlaget i Bjærangen som disponerer et elgvald på ca. 25.000 dekar. I tillegg har eiendommen fiskerett i lakseelven Storgåa. Ta kontakt for visning! Minus Vis mindre NB: Knappen for å vise hele beskrivelsen har kun en visuell effekt. Pluss tegn Vis hele beskrivelsen NB: Knappen for å vise hele beskrivelsen har kun en visuell effekt. Salgsoppgaven beskriver vesentlig og lovpålagt informasjon om eiendommen Se komplett salgsoppgave Nyttige lenker Gi bud Bestill salgsoppgave Eiendommens hjemmeside Visning Ta kontakt for å avtale visning. Husk å lese komplett salgsoppgave før visning. Bestill komplett, utskriftsvennlig salgsoppgave. Visningspåmelding Gi bud Nyttige lenker Gi bud Bestill salgsoppgave Eiendommens hjemmeside Nærområdet Kart Bjærangen 27, 8178 Halsa Annonseinformasjon FINN-kode 467973698 Sist endret 08. sep. 2026 07:55 Referanse 332260029 Rapporter annonse Annonsene kan være mangelfulle i forhold til lovpålagt opplysningsplikt. Før bindende avtale inngås oppfordres interessenter til å innhente komplett informasjon fra meglerforetaket, selger eller utleier.",2026-09-21T09:43:09+00:00
464491435,https://www.finn.no/realestate/homes/ad.html?finnkode=464491435,"Nasjonalromantisk kulturperle ved foten av Hardangervidda, med storslått utsikt over vakre Totak.","Totakvegen 782 + 784 + 786 + 763, 3864 Rauland",3864,Rauland,23 200 000 kr,23 781 090 kr,581 090 kr,,,Gårdsbruk/Småbruk,Selveier,,,242 m²,,4,,1776,,568 900 m² (eiet),568900,568.9,,4036,134,1,5,"Velkommen til denne nasjonalromantiske skatten, Neset gard. Dette er en fantastisk eiendom med et helt unikt tun med velholdte og vakre bygninger fra tidsepoken 1700 til 1950-tallet. Tunet har en fremragende og solrik beliggenhet inntil den idylliske innsjøen Totak. Eiendommen strekker seg fra ca 680 moh på tunet ved Totak og opp til 1100 moh opp mot foten av Hardangervidda. Kort fortalt: - 15 vakre kulturhistoriske bygninger - Innendørs svømmebasseng - Overnattingsmuligheter til 16 personer - Tennisbane - Strandlinje til det idylliske Totak - Kort avstand til Rauland sentrum med mange servicetilbud - Egen steinhytte på høy-fjellet med flotte turområder, sommer som vinter - Jaktrett på eiendommen - Tunet er vesentlig renovert og oppgradert i de seneste årene - Fritatt for boplikt siden 1953 (må søkes om) - Eiendom på ca. 569 dekar Minus Vis mindre NB: Knappen for å vise hele beskrivelsen har kun en visuell effekt. Pluss tegn Vis hele beskrivelsen NB: Knappen for å vise hele beskrivelsen har kun en visuell effekt. Salgsoppgaven beskriver vesentlig og lovpålagt informasjon om eiendommen Se komplett salgsoppgave Nyttige lenker Gi bud Bestill salgsoppgave Eiendommens hjemmeside Visning Ta kontakt for å avtale visning. Husk å lese komplett salgsoppgave før visning. Bestill komplett, utskriftsvennlig salgsoppgave. Visningspåmelding Gi bud Nyttige lenker Gi bud Bestill salgsoppgave Eiendommens hjemmeside Nærområdet Kart Totakvegen 782 + 784 + 786 + 763, 3864 Rauland Annonseinformasjon FINN-kode 464491435 Sist endret 25. juni 2026 14:19 Referanse 6260256 Rapporter annonse Annonsene kan være mangelfulle i forhold til lovpålagt opplysningsplikt. Før bindende avtale inngås oppfordres interessenter til å innhente komplett informasjon fra meglerforetaket, selger eller utleier.",2026-09-21T09:43:10+00:00
467875724,https://www.finn.no/realestate/homes/ad.html?finnkode=467875724,Landbrukseiendom med sjøtomt og utsikt | Våningshus med 5 soverom og driftsbygning | Modernisering må påregnes,"Mikkelbostadveien 94, 9311 Brøstadbotn",9311,Brøstadbotn,1 350 000 kr,1 384 840 kr,34 840 kr,,134 377 kr,Gårdsbruk/Småbruk,Selveier,,106 m² (BRA-i),106 m²,,5,,1926,,105 132 m² (eiet),105132,105.1,Rom,5528,26,3,5,"Velkommen til Mikkelbostadveien 94! En landbrukseiendom på over 105 dekar med et eldre våningshus og driftsbygning, beliggende i naturskjønne omgivelser med flott utsikt over fjorden og fjellene. Dette er en eiendom med et stort potensial, beliggende i et landlig og fredelig område i Dyrøy kommune. Den store eiertomten på ca. 105 dekar gir rikelig med plass og muligheter. Våningshuset er bygget i tømmer og har en tradisjonell planløsning med blant annet fem soverom og altan, men bærer preg av alder og har et omfattende behov for modernisering og oppgradering. I tillegg til våningshuset finnes en separat driftsbygning. Her ligger alt til rette for å skape sitt eget fristed, enten man ønsker å bevare noe av den opprinnelige sjarmen med ildsted på kjøkkenet eller starte med blanke ark. Eiendommen har ikke boplikt. Velkommen til visning! Minus Vis mindre NB: Knappen for å vise hele beskrivelsen har kun en visuell effekt. Pluss tegn Vis hele beskrivelsen NB: Knappen for å vise hele beskrivelsen har kun en visuell effekt. Salgsoppgaven beskriver vesentlig og lovpålagt informasjon om eiendommen Se komplett salgsoppgave Nyttige lenker Eiendommens hjemmeside Bestill salgsoppgave Visning Ta kontakt for å avtale visning. Husk å lese komplett salgsoppgave før visning. Bestill komplett, utskriftsvennlig salgsoppgave. Visningspåmelding Gi bud Nyttige lenker Eiendommens hjemmeside Bestill salgsoppgave Nærområdet Kart Mikkelbostadveien 94, 9311 Brøstadbotn Annonseinformasjon FINN-kode 467875724 Sist endret 04. sep. 2026 12:56 Referanse 12260122 Rapporter annonse Annonsene kan være mangelfulle i forhold til lovpålagt opplysningsplikt. Før bindende avtale inngås oppfordres interessenter til å innhente komplett informasjon fra meglerforetaket, selger eller utleier.",2026-09-21T09:43:12+00:00
467299874,https://www.finn.no/realestate/homes/ad.html?finnkode=467299874,"Idyllisk gårdseiendom tilpasset hestehold. Garasje, driftsbygg, flotte solforhold og vakkert våningshus. Sjelden sjanse!","Botnersæterveien 17, 1963 Fosser",1963,Fosser,10 000 000 kr,10 251 390 kr,251 390 kr,,,Gårdsbruk/Småbruk,Selveier,,261 m² (BRA-i),360 m²,,3,,1900,,341 341 m² (eiet),341341,341.3,,3226,61,1,5,"Botnersæterveien 17 er en vakker, idyllisk og helt nydelig gårdseiendom med landlig utsikt, tilbaketrukket beliggenhet og svært gode solforhold. Eiendommen ligger åpent og fritt til, omkranset av flott natur i fredfulle omgivelser. Gården er ca 341,6 dekar, der fulldyrket jord utgjør ca. 60 daa og skogen ca 260 daa. Her får du et pent gårdstun med velholdte bygg og store hagearealer. Eneboligen har detaljer som er kopiert fra den originale sveitserboligen, men i moderne utførelse med gjennomgående stil og høy kvalitet. Idyllen understrekes av drivhus, blomster, frukttrær og innbydende uteplasser. Eiendommen er tilpasset hestehold, og ved tunet står det et stort vognskjul, et klassisk våningshus, en dobbelgarasje med verksted og en stor driftsbygning med hestebokser. Minus Vis mindre NB: Knappen for å vise hele beskrivelsen har kun en visuell effekt. Pluss tegn Vis hele beskrivelsen NB: Knappen for å vise hele beskrivelsen har kun en visuell effekt. Salgsoppgaven beskriver vesentlig og lovpålagt informasjon om eiendommen Se komplett salgsoppgave Visning Ved annonsert visning er det viktig at du melder deg på visningen ved å bruke visningspåmeldingsknappen eller kontakter megler. Annonserte visninger hvor det ikke er noen påmeldte innen kl. 12.00 dagen før visningsdagen kan være ikke blir avholdt. For visninger utover dette, ta direkte kontakt med megler Kenneth Sverre mobil 93029613. Husk å lese komplett salgsoppgave før visning. Bestill komplett, utskriftsvennlig salgsoppgave. Visningspåmelding Gi bud Nærområdet Kart Botnersæterveien 17, 1963 Fosser Annonseinformasjon FINN-kode 467299874 Sist endret 02. sep. 2026 08:21 Referanse 1107260094 Rapporter annonse Annonsene kan være mangelfulle i forhold til lovpålagt opplysningsplikt. Før bindende avtale inngås oppfordres interessenter til å innhente komplett informasjon fra meglerforetaket, selger eller utleier.",2026-09-21T09:43:13+00:00
467799293,https://www.finn.no/realestate/homes/ad.html?finnkode=467799293,Småbruk med flott utsikt i Åmot - jakt - konsesjon - støyl,"Åbøvegen 122, 3890 Vinje",3890,Vinje,4 750 000 kr,4 869 840 kr,119 840 kr,,,Gårdsbruk/Småbruk,Selveier,,146 m² (BRA-i),182 m²,,4,,1955,,691 161 m² (eiet),691161,691.2,E - Oransje,4036,33,1,7,"Velkommen til et innholdsrikt og attraktivt småbruk som kombinerer landlig idyll med nærhet til sentrum og gode servicetilbud. Eiendommen byr på 4 soverom og 2 bad, og er oppgradert med nytt bad i 2023 og nytt kjøkken i 2024. De nyere oppgraderingene gir boligen et moderne preg. Her får du en flott kombinasjon av landlig idyll, praktiske løsninger og nærhet til sentrum. På eiendommen finner du også en hytte med gode muligheter for oppbevaring, hobbyvirksomhet eller annen bruk. Eiendommen har privat vannforsyning fra borehull og er oppgradert med ny varmepumpe fra 2024 og elbillader installert i 2026. Her bor du i landlige og fredelige omgivelser, samtidig som det er kort vei til sentrum med butikker, servicetilbud, kino og Vinjehuset. Dette er en eiendom som passer godt for deg som ønsker god plass, fine uteområder og nærhet til både natur og fasiliteter. Minus Vis mindre NB: Knappen for å vise hele beskrivelsen har kun en visuell effekt. Pluss tegn Vis hele beskrivelsen NB: Knappen for å vise hele beskrivelsen har kun en visuell effekt. Salgsoppgaven beskriver vesentlig og lovpålagt informasjon om eiendommen Se komplett salgsoppgave Nyttige lenker Tilstandsrapport A?bøvegen 122.pdf Egenerklæring.pdf Landbruktakst A?bøvegen 122.pdf Gi bud Bestill salgsoppgave Eiendommens hjemmeside Hjemmeside Visning Ta kontakt for å avtale visning. Husk å lese komplett salgsoppgave før visning. Bestill komplett, utskriftsvennlig salgsoppgave. Visningspåmelding Gi bud Nyttige lenker Tilstandsrapport A?bøvegen 122.pdf Egenerklæring.pdf Landbruktakst A?bøvegen 122.pdf Gi bud Bestill salgsoppgave Eiendommens hjemmeside Hjemmeside Nærområdet Kart Åbøvegen 122, 3890 Vinje Annonseinformasjon FINN-kode 467799293 Sist endret 21. aug. 2026 11:45 Referanse 48260062 Rapporter annonse Annonsene kan være mangelfulle i forhold til lovpålagt opplysningsplikt. Før bindende avtale inngås oppfordres interessenter til å innhente komplett informasjon fra meglerforetaket, selger eller utleier.",2026-09-21T09:43:14+00:00
467677544,https://www.finn.no/realestate/homes/ad.html?finnkode=467677544,"Nedlagt småbruk med 5,4 mål tomt selges i Fevåg.","Fevågveien 403, 7110 Fevåg",7110,Fevåg,650 000 kr,667 340 kr,17 340 kr,0 kr,112 500 kr,Gårdsbruk/Småbruk,Selveier,,,87 m²,,4,,1904,2,5 377 m² (eiet),5377,5.4,Rom,5054,140,53,1,"📍 Adresse: Fevågveien 403, 7110 Fevåg Unik mulighet i Fevåg! Romslig eiendom med flott utsikt over Fevågbukta, sentral beliggenhet og stort utviklingspotensial. Perfekt for deg som ønsker å bygge nytt eller skape ditt eget fristed ved kysten.",2026-09-21T09:43:16+00:00
421817387,https://www.finn.no/realestate/homes/ad.html?finnkode=421817387,Landbrukseiendom i Vigdalsveien 470 - OBS - NY PRIS,"Vigdalsveien 470, 7350 Buvika",7350,Buvika,7 990 000 kr,8 190 840 kr,200 840 kr,,,Gårdsbruk/Småbruk,Selveier,,280 m² (BRA-i),418 m²,,9,,1800,,1 850 719 m² (eiet),1850719,1850.7,,5029,21,1,3,"VELKOMMEN TIL VIGDALSVEIEN 470 I BUVIKA. Stor landbrukseiendom på ca 1.850 dekar. Våningshus med utleiedel, låvebygning/fjøs med minilager, stallareal og redskapsrom, stabbur, verksted og seterstue. Fulldyrka jord på ca 310 dekar, 4 skogteiger, jakt- og fiskerettigheter og 2 råtomter regulert til boligbebyggelse. Landbrukseiendommen  Leraand  har en rolig og naturskjønn beliggenhet med nærhet til skole, barnehage, butikker og fritidsfasiliteter, samtidig som den har korte pendleravstander via E39 til både Børsa, Orkanger og Trondheim. Velkommen til visning! Våre visninger har påmelding. Dette gjør vi for å kunne yte best mulig service.Vi anbefaler at salgsoppgaven lastes ned digitalt før visning. Ring oss gjerne på forhånd med spørsmål om boligen. Minus Vis mindre NB: Knappen for å vise hele beskrivelsen har kun en visuell effekt. Pluss tegn Vis hele beskrivelsen NB: Knappen for å vise hele beskrivelsen har kun en visuell effekt. Salgsoppgaven beskriver vesentlig og lovpålagt informasjon om eiendommen Se komplett salgsoppgave Nyttige lenker Bestill salgsoppgave Visning mandag, 28. september 16:00 – 17:00 Legg til i kalender Husk å lese komplett salgsoppgave før visning. Bestill komplett, utskriftsvennlig salgsoppgave. Visningspåmelding Nyttige lenker Bestill salgsoppgave Nærområdet Kart Vigdalsveien 470, 7350 Buvika Annonseinformasjon FINN-kode 421817387 Sist endret 21. sep. 2026 10:50 Referanse 40240104 Rapporter annonse Annonsene kan være mangelfulle i forhold til lovpålagt opplysningsplikt. Før bindende avtale inngås oppfordres interessenter til å innhente komplett informasjon fra meglerforetaket, selger eller utleier.",2026-09-21T09:43:17+00:00
467679110,https://www.finn.no/realestate/homes/ad.html?finnkode=467679110,NY PRIS Idyllisk småbruk med brygge og naust,", 8890 Leirfjord",8890,Leirfjord,1 500 000 kr,1 600 000 kr,100 000 kr,0 kr,666 600 kr,Gårdsbruk/Småbruk,Selveier,,,270 m²,,3,,1969,,480 104 m² (eiet),480104,480.1,,1822,76,1,1,"Småbruk med vestvendt beliggenhet på solrik utsiktstomt mot Vefsnfjorden og De Syv Søstre. Enebolig bygget i 1969. I tillegg er det på eiendommen en kårbolig (1870), uthus, garasje, naust og brygge. Samt god båthavn. Det er bilvei fram til eiendommen. Eiendommen består av utmark, innmark/ dyrket mark og bebygd tomt. Det er ingen kjente servitutter tilhørende eiendommen.",2026-09-21T09:43:18+00:00
467709596,https://www.finn.no/realestate/homes/ad.html?finnkode=467709596,Eiendom i Båteng til salgs,"Deanugeaidnu 2501og 2503, 9843 Tana",9843,Tana,550 000 kr,564 295 kr,14 295 kr,0 kr,240 831 kr,Gårdsbruk/Småbruk,Selveier,,,692 m²,,5,,1970,,,,,,5628,10,48,1,"Enebolig, røkterbolig og fjøs med betydelige vedlikeholds- og oppgraderingsbehov. Det må påregnes omfattende rehabiliteringsarbeider for å bringe bygningene opp til en tilfredsstillende teknisk standard, redusere risikoen for videre skadeutvikling og ivareta krav til sikkerhet, funksjonalitet og bokvalitet. Tilstandsrapport tilgjengelig på forespørsel. Enebolig bygget 1970, røkterbolig bygget 1982. Fra tilstandsrapport: Det er registrert forhold som kan medføre betydelige fremtidige kostnader, herunder behov for totalrenovering av våtrom, utskifting eller oppgradering av tekniske installasjoner, utbedring av konstruksjonsskader samt oppgradering av sikkerhets- og branntekniske løsninger. Det foreligger i tillegg begrenset grunnlag for direkte sammenligning mot omsatte boliger i området, da det ikke er kjent sammenlignbare salg av boliger med tilsvarende teknisk tilstand og vedlikeholdsetterslep. Markedsverdien vil derfor i stor grad være påvirket av forventede rehabiliteringskostnader, risiko knyttet til skjulte feil og mangler. På bakgrunn av de registrerte forholdene vurderes eiendommen å ha en markedsverdi som ligger vesentlig lavere enn tilsvarende boliger i normal teknisk stand. Verdien vil i stor grad være knyttet til tomteverdi, beliggenhet og potensial etter gjennomført rehabilitering, snarere enn eksisterende bygningsmasse i dagens tilstand. Markedsverdien er satt etter beste skjønn",2026-09-21T09:43:19+00:00
467573134,https://www.finn.no/realestate/homes/ad.html?finnkode=467573134,Heradsbygd. Usjenert og solrikt tidligere småbruk. 2 velholdte eneboliger og 53 mål tomt. Utleiemuligheter!,"Furuknappen 23 og 25, 2415 Heradsbygd",2415,Heradsbygd,5 490 000 kr,5 642 140 kr,152 140 kr,,760 750 kr,Gårdsbruk/Småbruk,Selveier,,362 m² (BRA-i),380 m²,,5,,1936,2,53 076 m² (eiet),53076,53.1,Rom,3420,52,74,5,"Solrikt og velholdt småbruk. Lettstelt ""generasjonseiendom"" med to eneboliger. Idyllisk og stille beliggende. Kun 12 km fra Elverum. - Utleie med gode inntektsmuligheter - Begge fasadene er malt i 2025 - Ideelt for storfamilien. - Midt i naturen. Usjenert, solrikt og stille,, - Fint for utstrakt hunde- eller hestehold mm. - Ikke odel eller konsesjon. - Solrikt og lettstelt tun + 24 da dyrket mark og 25 da skog. - Hovedhus med bla. 3 soverom. Kan utvides med ferdigstilling del av loftsetasje. - Moderne kårbolig med bla. 2 soverom. Evt. fint for Airbnb/utleie. - Kort vei til Glomma for fiske, bading eller båtkjøring. For visning: ta kontakt med Mona Bjerke, eiendomsmegler MNEF på tlf. 926 39061 Minus Vis mindre NB: Knappen for å vise hele beskrivelsen har kun en visuell effekt. Pluss tegn Vis hele beskrivelsen NB: Knappen for å vise hele beskrivelsen har kun en visuell effekt. Salgsoppgaven beskriver vesentlig og lovpålagt informasjon om eiendommen Se komplett salgsoppgave Nyttige lenker Bestill prospekt Gi bud Visning Ta kontakt for å avtale visning. Husk å lese komplett salgsoppgave før visning. Bestill komplett, utskriftsvennlig salgsoppgave. Visningspåmelding Gi bud Nyttige lenker Bestill prospekt Gi bud Nærområdet Kart Furuknappen 23 og 25, 2415 Heradsbygd Annonseinformasjon FINN-kode 467573134 Sist endret 27. aug. 2026 14:23 Referanse GAR14.2476 Rapporter annonse Annonsene kan være mangelfulle i forhold til lovpålagt opplysningsplikt. Før bindende avtale inngås oppfordres interessenter til å innhente komplett informasjon fra meglerforetaket, selger eller utleier.",2026-09-21T09:43:20+00:00
467352478,https://www.finn.no/realestate/homes/ad.html?finnkode=467352478,Påbegynt totalrenoveringsobjekt med stor tomt - skap ditt eget drømmeprosjekt!,"Kolbulinna 1400, 2847 Kolbu",2847,Kolbu,650 000 kr,685 240 kr,35 240 kr,,226 644 kr,Gårdsbruk/Småbruk,Selveier,,66 m² (BRA-i),98 m²,,0,,1800,,9 633 m² (eiet),9633,9.6,Rom,,,,5,"Velkommen til Kolbulinna 1400, en fritidsbolig med landlig beliggenhet i Østre Toten. Eiendommen ligger i et rolig og solrikt område, omgitt av kulturlandskap, skog og spredt bebyggelse. Her finner du nærhet til naturen og en privat adkomstvei fra offentlig vei. Boligen fra 1800 har et bruksareal på 66 m² fordelt på uinnredet rom i første etasje og hems. Eiendommen krever omfattende rehabilitering, inkludert utbedring av tak, veggkonstruksjon, gulv og tekniske installasjoner. Tomten er romslig med gressarealer, og det medfølger et eldre anneks med eksternt bruksareal på 32 m². Minus Vis mindre NB: Knappen for å vise hele beskrivelsen har kun en visuell effekt. Pluss tegn Vis hele beskrivelsen NB: Knappen for å vise hele beskrivelsen har kun en visuell effekt. Salgsoppgaven beskriver vesentlig og lovpålagt informasjon om eiendommen Se komplett salgsoppgave Nyttige lenker Bestill komplett, utskriftsvennlig salgsoppgave Se komplett salgsoppgave Visning Vi i Notar ønsker å avholde så gode visninger som mulig. Derfor har vi påmeldingsvisninger. Da vet vi hvor mange som kommer, og kan sette av nok tid til alle. Trykk på linken  visningspåmelding  for å avtale tidspunkt. Hvis det ikke er oppsatt visningstidspunkt eller oppsatt tidspunktet ikke skulle passe, kontakt megler for avtale om privatvisning. Velkommen til visning. Husk å lese komplett salgsoppgave før visning. Bestill komplett, utskriftsvennlig salgsoppgave. Visningspåmelding Gi bud Nyttige lenker Bestill komplett, utskriftsvennlig salgsoppgave Se komplett salgsoppgave Nærområdet Kart Kolbulinna 1400, 2847 Kolbu Annonseinformasjon FINN-kode 467352478 Sist endret 20. juni 2026 00:25 Referanse NO24.2646 Rapporter annonse Annonsene kan være mangelfulle i forhold til lovpålagt opplysningsplikt. Før bindende avtale inngås oppfordres interessenter til å innhente komplett informasjon fra meglerforetaket, selger eller utleier.",2026-09-21T09:43:21+00:00
465207578,https://www.finn.no/realestate/homes/ad.html?finnkode=465207578,Historisk småbruk med landlig og solrik beliggenhet i Søndeled i Risør kommune. Ingen boplikt.,"Sandkleiva 24, 4990 Søndeled",4990,Søndeled,10 000 000 kr,10 251 090 kr,251 090 kr,,1 481 260 kr,Gårdsbruk/Småbruk,Selveier,,423 m² (BRA-i),470 m²,,8,,1750,,7 770 m² (eiet),7770,7.8,G - Oransje,4201,52,14,5,"Drømmer du om et idyllisk småbruksliv? Nå kan drømmen bli virkelighet! Midt i det grønne, vakre Søndeled ligger dette idylliske småbruket og venter på noen som vil gi det nytt liv. Her våkner du til fuglesang, morgensol over jordene og en stillhet som er blitt sjelden vare. Tunet ligger lunt og fredelig til, omkranset av skog, enger og et landskap som inviterer til både skaperglede og ro. Se for deg en bugnende kjøkkenhage, egne bærbusker, kanskje noen høner som rusler rundt på tunet. Lange sommerkvelder på trappa. Vedfyring og stjernehimmel om vinteren. Her får du rom til å leve litt saktere og litt friere. Eiendommen har ingen boplikt, så du velger selv om dette skal være ditt nye hjem eller ditt private fristed på landet. Uansett får du et småbruk med sjel, vakker beliggenhet og muligheten til å skape akkurat det livet du drømmer om. Minus Vis mindre NB: Knappen for å vise hele beskrivelsen har kun en visuell effekt. Pluss tegn Vis hele beskrivelsen NB: Knappen for å vise hele beskrivelsen har kun en visuell effekt. Salgsoppgaven beskriver vesentlig og lovpålagt informasjon om eiendommen Se komplett salgsoppgave Nyttige lenker Gi bud Bestill salgsoppgave Eiendommens hjemmeside Hjemmeside Visning Ta kontakt for å avtale visning. Husk å lese komplett salgsoppgave før visning. Bestill komplett, utskriftsvennlig salgsoppgave. Visningspåmelding Nyttige lenker Gi bud Bestill salgsoppgave Eiendommens hjemmeside Hjemmeside Nærområdet Kart Sandkleiva 24, 4990 Søndeled Annonseinformasjon FINN-kode 465207578 Sist endret 15. sep. 2026 10:43 Referanse 1260037 Rapporter annonse Annonsene kan være mangelfulle i forhold til lovpålagt opplysningsplikt. Før bindende avtale inngås oppfordres interessenter til å innhente komplett informasjon fra meglerforetaket, selger eller utleier.",2026-09-21T09:43:23+00:00
467476176,https://www.finn.no/realestate/homes/ad.html?finnkode=467476176,Nydelig perle til salgs,"Melskardveien 85, 7150 Storfosna",7150,Storfosna,3 800 000 kr,3 895 000 kr,95 000 kr,0 kr,617 149 kr,Gårdsbruk/Småbruk,Selveier,,,169 m²,,6,,1990,,8 000 m² (eiet),8000,8.0,,5057,60,37,1,"En nydelig plass på ca 8 mål selges . Ligger  trekt bort ifra hovedvei, så veldig sjenert for innsyn.Hovedhuset har BRA på 169m2 . Stor stue med stor åpning til et fint kjøkken med ei stor kjøkken øy.6 soverom, bruker 1 til kontor og 1 til tv stue.Vaskerom , stort kjølerom, stort bad med ny baderomsinnredning fra mai 2026 og nytt klosett .Har også et eget separat klosett. Stor bod. Varmekilder i huset er vedovn på stua , samt varmekabler . Varmepumpe på kjøkkenet og varmepumpe i gangen . Lille hytta / lekestue er det også varmekabler i gulvet . Ta kontakt hvis dere lurer på noe og kom gjerne med bud .",2026-09-21T09:43:24+00:00
467456828,https://www.finn.no/realestate/homes/ad.html?finnkode=467456828,Landbrukseiendom i Trysil med over 800 dekar produktiv skog og betydelige festeinntekter,"Skjærhollvegen 386, 2423 Østby",2423,Østby,6 000 000 kr,6 156 090 kr,156 090 kr,,278 552 kr,Gårdsbruk/Småbruk,Selveier,,204 m² (BRA-i),806 m²,,5,,1926,,1 679 300 m² (eiet),1679300,1679.3,,3421,37,59,5,"Landbrukseiendom beliggende i rolige og naturskjønne omgivelser i Skjærholla i Trysil kommune, med gode muligheter for friluftsliv. Bebyggelse bestående av våningshus, driftsbygning, garasje, stabbur, sommerfjøs samt sommerhus. Våningshuset inneholder blant annet kjøkken, stue, bad, toalett og 5 soverom. Eiendommen omfatter et samlet areal på ca. 1 679,3 dekar, hvorav drivbar produktiv skog utgjør 842 dekar. Fra eiendommen er det skilt ut en rekke festetomter som administreres av  Østby utmarkslag SA, og der eiendommen i senere år har hatt betydelige inntekter fra denne virksomheten. Jaktrettigheter og rike muligheter for friluftliv med nærliggende tur- og skiløyper. Minus Vis mindre NB: Knappen for å vise hele beskrivelsen har kun en visuell effekt. Pluss tegn Vis hele beskrivelsen NB: Knappen for å vise hele beskrivelsen har kun en visuell effekt. Salgsoppgaven beskriver vesentlig og lovpålagt informasjon om eiendommen Se komplett salgsoppgave Nyttige lenker Bestill salgsoppgave Visning Ønsker du å delta på visningen ber vi deg melde deg på slik at vi vet at du kommer. Da kan vi bistå alle best mulig og gi deg tiden du trenger på visningen. Visningen avholdes bare dersom det er påmeldte senest dagen før visning. Ta gjerne kontakt med megler før visning hvis du har noen spørsmål. Velkommen! Husk å lese komplett salgsoppgave før visning. Bestill komplett, utskriftsvennlig salgsoppgave. Visningspåmelding Gi bud Nyttige lenker Bestill salgsoppgave Nærområdet Kart Skjærhollvegen 386, 2423 Østby Annonseinformasjon FINN-kode 467456828 Sist endret 19. juni 2026 14:19 Referanse 6024260049 Rapporter annonse Annonsene kan være mangelfulle i forhold til lovpålagt opplysningsplikt. Før bindende avtale inngås oppfordres interessenter til å innhente komplett informasjon fra meglerforetaket, selger eller utleier.",2026-09-21T09:43:25+00:00
467478150,https://www.finn.no/realestate/homes/ad.html?finnkode=467478150,"Eiendom i havgapet i Solund | 2 bolighus, sjøbu og låve | Lun havn med kai/​brygge | 2 t m/​ ekspressbåt fra Bergen","Lundøyvegen 370-371, 6927 Ytrøygrend",6927,Ytrøygrend,3 290 000 kr,3 378 340 kr,88 340 kr,,353 024 kr,Gårdsbruk/Småbruk,Selveier,,255 m² (BRA-i),542 m²,,7,,1975,,13 145 m² (eiet),13145,13.1,,4636,18,9,5,"Eiendom i havgapet med utmerket båthavn! Innholdsrik familieeiendom ytterst i havgapet   perfekt for fiske, båtliv og naturopplevelser. Bebyggelsen inkluderer sjøhus, låve og to bolighus, med plass til familie og gjester. Eiendommen har en lun og trygg havn med to kaier, båtslipp og stort sjøhus   en sjelden mulighet for ekte sjøliv. Adkomst via bilvei med romslig parkeringsplass. Privat vannforsyning og enkel, funksjonell standard gir et godt utgangspunkt for å skape din drømmeplass. Høsten 2026 åpner ny bru over Ytre Steinsund for fergefri tilgang til Hardbakke. Velkommen til visning   husk påmelding! Minus Vis mindre NB: Knappen for å vise hele beskrivelsen har kun en visuell effekt. Pluss tegn Vis hele beskrivelsen NB: Knappen for å vise hele beskrivelsen har kun en visuell effekt. Salgsoppgaven beskriver vesentlig og lovpålagt informasjon om eiendommen Se komplett salgsoppgave Nyttige lenker Bestill salgsoppgave Visning Ta kontakt for å avtale visning. Husk å lese komplett salgsoppgave før visning. Bestill komplett, utskriftsvennlig salgsoppgave. Visningspåmelding Gi bud Nyttige lenker Bestill salgsoppgave Nærområdet Kart Lundøyvegen 370-371, 6927 Ytrøygrend Annonseinformasjon FINN-kode 467478150 Sist endret 26. aug. 2026 09:01 Referanse 2709260027 Rapporter annonse Annonsene kan være mangelfulle i forhold til lovpålagt opplysningsplikt. Før bindende avtale inngås oppfordres interessenter til å innhente komplett informasjon fra meglerforetaket, selger eller utleier.",2026-09-21T09:43:27+00:00
467474761,https://www.finn.no/realestate/homes/ad.html?finnkode=467474761,Trofors - Gårdbruk med moderne driftsbygning tilrettelagt for kjøttproduksjon. 2 boliger. Kun 35 minutter til Mosjøen.,"Turmovegen 413 og 445, 8684 Trofors",8684,Trofors,5 890 000 kr,6 051 240 kr,161 240 kr,,,Gårdsbruk/Småbruk,Selveier,,,,,,,,,,,,,1825,39,3,3,,2026-09-21T09:43:28+00:00
467366949,https://www.finn.no/realestate/homes/ad.html?finnkode=467366949,"Unik landbrukseiendom på ca. 218 mål med hyttetomter, skog, dyrket mark, strandsoner - Årlige inntekter ca. kr 175 000,-","Helgeroveien 376, 3294 Stavern",3294,Stavern,17 000 000 kr,17 426 090 kr,426 090 kr,,,Gårdsbruk/Småbruk,Selveier,,169 m² (BRA-i),619 m²,,4,,1850,2,218 153 m² (eiet),218153,218.2,Rom,3909,4031,3,7,"En sjelden mulighet i vakre Brunlanes! Unik landbrukseiendom på hele 218 mål med en attraktiv kombinasjon av dyrket mark, produktiv skog, festetomter til hytter og to tilhørende strandsoner som populære Nalumstranda. Eiendommen byr på et pent og velholdt hovedhus med god standard, frodig hage, låve med mange muligheter og to garasjer. Låven har en gjestebolig med stue, kjøkken, to soverom og bad. De naturskjønne omgivelsene gir en helt spesiell ramme rundt eiendommen, med kort vei til både Stavern og Helgeroa. Her får du en sjelden kombinasjon av landbruk, inntektsmuligheter, strandliv og rekreasjon. Kort vei til barnehager, skoler og servicetilbud i Stavern, Larvik og Helgeroa/Nevlunghavn. En eiendom av denne typen kommer svært sjelden for salg og dette er en mulighet som må oppleves. Minus Vis mindre NB: Knappen for å vise hele beskrivelsen har kun en visuell effekt. Pluss tegn Vis hele beskrivelsen NB: Knappen for å vise hele beskrivelsen har kun en visuell effekt. Salgsoppgaven beskriver vesentlig og lovpålagt informasjon om eiendommen Se komplett salgsoppgave Nyttige lenker Gi bud Bestill salgsoppgave Visning Kontakt megler for privatvisning. Husk å lese komplett salgsoppgave før visning. Bestill komplett, utskriftsvennlig salgsoppgave. Visningspåmelding Gi bud Nyttige lenker Gi bud Bestill salgsoppgave Nærområdet Kart Helgeroveien 376, 3294 Stavern Annonseinformasjon FINN-kode 467366949 Sist endret 22. juni 2026 14:24 Referanse 17-0047/25 Rapporter annonse Annonsene kan være mangelfulle i forhold til lovpålagt opplysningsplikt. Før bindende avtale inngås oppfordres interessenter til å innhente komplett informasjon fra meglerforetaket, selger eller utleier.",2026-09-21T09:43:29+00:00
467294160,https://www.finn.no/realestate/homes/ad.html?finnkode=467294160,Selnesvikan Østre | Småbruk med utsikt over Namsenfjorden | Totalt ca. 488 daa. | ca. 550m strandlinje | Festeinntekt,"Fagervegen 206, 7822 Bangsund",7822,Bangsund,3 750 000 kr,3 844 840 kr,94 840 kr,,179 170 kr,Gårdsbruk/Småbruk,Selveier,,147 m² (BRA-i),147 m²,,2,,1978,,488 622 m² (eiet),488622,488.6,E - Gul,5007,35,13,5,"Selnesvikan østre ligger flott til ved Namsenfjorden med utsikt over innseilingen til Namsos og med fin solgang. Totalt eiendomsareal på ca. 488.622 kvm. med ca. 550 meter strandlinje. Fra eiendommen til Namsos sentrum er kjøreavstand ca. 16 km med bil og det tar ca. 5 minutter med båt. Eiendommen har enkel gårdsvei og sommervann og er mest egnet som fritidseiendom, men er tidligere bebodd og det er langt tilbake drevet med storfe på eiendommen. Eiendommen har en del hogstmoden skog. Det er gode festeinntekter fra hyttetomter og bryggeavtale.  Dyrka marka på eiendommen er mest aktuell som beite i dag. Videre er det tidligere fisket med kilenot etter laks fra et bra kilenotvald på eiendommen og det er også elgjakt og rådyrjakt på eiendommen. Eiendommen har et svært flott naust og en eldre driftsbygning som har stor bruksverdi som lager. Minus Vis mindre NB: Knappen for å vise hele beskrivelsen har kun en visuell effekt. Pluss tegn Vis hele beskrivelsen NB: Knappen for å vise hele beskrivelsen har kun en visuell effekt. Salgsoppgaven beskriver vesentlig og lovpålagt informasjon om eiendommen Se komplett salgsoppgave Nyttige lenker Eiendommens hjemmeside Bestill salgsoppgave Visning Det arrangeres kun privatvisninger på eiendommen etter avtale med megler. Ta kontakt for konkret avtale om tidspunkt. Tidligste akseptfrist settes til 01.07.2026. Husk å lese komplett salgsoppgave før visning. Bestill komplett, utskriftsvennlig salgsoppgave. Visningspåmelding Gi bud Nyttige lenker Eiendommens hjemmeside Bestill salgsoppgave Nærområdet Kart Fagervegen 206, 7822 Bangsund Annonseinformasjon FINN-kode 467294160 Sist endret 17. juni 2026 14:09 Referanse 53260165 Rapporter annonse Annonsene kan være mangelfulle i forhold til lovpålagt opplysningsplikt. Før bindende avtale inngås oppfordres interessenter til å innhente komplett informasjon fra meglerforetaket, selger eller utleier.",2026-09-21T09:43:31+00:00
467174939,https://www.finn.no/realestate/homes/ad.html?finnkode=467174939,"Innholdsrik landbrukseiendom i Murudalen | Våningshus, kårbolig & driftsbygning | Hyttetomt medfølger","Murudalsvegen 883 og 885, 2676 Heidal",2676,Heidal,3 150 000 kr,3 229 840 kr,79 840 kr,,154 019 kr,Gårdsbruk/Småbruk,Selveier,,333 m² (BRA-i),333 m²,,4,,1957,2,557 400 m² (eiet),557400,557.4,Rom,3437,172,12,5,"Eiendomsmegler 1 Lillehammer og Gudbrandsdal presenterer landbrukseiendommen ""Fagerli""! Murudalsvegen 883  885 er en innholdsrik landbrukseiendom som består av våningshus og kårbolig, driftsbygning samt flere bygninger som uthus, frittstående sommerstue, stabbur og stall. Det er ikke husdyrproduksjon på bruket i dag. Jordbruksarealene er bortleid. Eiendommen har et totalt areal på ca 557 daa fordelt på to gnr/bnr. Våningshuset fra 1957 går over to plan og kjeller, og byr bl.a. på et romslig kjøkken og stue, 4 soverom og bad/vaskerom. Her får man et mangfold av bruksmuligheter, enten du drømmer om dyrehold, hobbyer eller bare vil nyte roen. Hyttetomt på Sundtjønnhaugen hyttefelt medfølger. Eiendommen er konsesjonspliktig. Velkommen! Minus Vis mindre NB: Knappen for å vise hele beskrivelsen har kun en visuell effekt. Pluss tegn Vis hele beskrivelsen NB: Knappen for å vise hele beskrivelsen har kun en visuell effekt. Salgsoppgaven beskriver vesentlig og lovpålagt informasjon om eiendommen Se komplett salgsoppgave Nyttige lenker Bestill salgsoppgave Bladbar salgsoppgave Visning Vi ber om at interessenter melder seg på våre visninger på forhånd. Det vil ikke bli avholdt visning uten påmelding. Vi anbefaler at du laster ned og leser igjennom salgsoppgaven før visning, og ring oss gjerne på forhånd for spørsmål om boligen. Velkommen. Husk å lese komplett salgsoppgave før visning. Bestill komplett, utskriftsvennlig salgsoppgave. Visningspåmelding Gi bud Nyttige lenker Bestill salgsoppgave Bladbar salgsoppgave Nærområdet Kart Murudalsvegen 883 og 885, 2676 Heidal Annonseinformasjon FINN-kode 467174939 Sist endret 02. juli 2026 14:03 Referanse 1312260080 Rapporter annonse Annonsene kan være mangelfulle i forhold til lovpålagt opplysningsplikt. Før bindende avtale inngås oppfordres interessenter til å innhente komplett informasjon fra meglerforetaket, selger eller utleier.",2026-09-21T09:43:32+00:00
467201752,https://www.finn.no/realestate/homes/ad.html?finnkode=467201752,Småbruk med stor tomt ved Hallingdalselva | Våningshus og fire driftsbygninger | Omfattende rehabiliteringsbehov,"Eiklesvegen 586, 3550 Gol",3550,Gol,1 300 000 kr,,Kr 1 300 000 Prisantydning,,,Gårdsbruk/Småbruk,Selveier,,69 m² (BRA-i),229 m²,,1,,1910,,27 275 m² (eiet),27275,27.3,,3324,8,18,5,"Velkommen til Eiklesvegen 586! Et småbruk med en stor tomt på over 27 mål, beliggende ved Hallingdalselva. Dette er en eiendom med et betydelig potensial for den som ønsker å skape sitt eget sted. Tunet består av et våningshus, låve, stabbur, garasje og et bryggerhus, alle med behov for omfattende rehabilitering. Eiendommen ligger i et LNF-område ca. 7 km sør for Gol sentrum, omkranset av natur og med Hallingdalselva som nærmeste nabo. Her ligger alt til rette for å realisere drømmen om et landlig liv. Høydepunkter: - Eiet tomt på ca. 27,2 mål fordelt på to teiger - Beliggenhet ved Hallingdalselva - Omfattende bygningsmasse med våningshus, låve, stabbur, garasje og bryggerhus - Eiendommen er et rehabiliteringsprosjekt Velkommen til visning! Minus Vis mindre NB: Knappen for å vise hele beskrivelsen har kun en visuell effekt. Pluss tegn Vis hele beskrivelsen NB: Knappen for å vise hele beskrivelsen har kun en visuell effekt. Salgsoppgaven beskriver vesentlig og lovpålagt informasjon om eiendommen Se komplett salgsoppgave Nyttige lenker Bestill salgsoppgave Visning Ønsker du å delta på visningen ber vi deg melde deg på slik at vi vet at du kommer. Da kan vi bistå alle best mulig og gi deg tiden du trenger på visningen. Visningen avholdes bare dersom det er påmeldte senest kl. 12:00 fredagen før visning. Ta gjerne kontakt med megler før visning hvis du har noen spørsmål. Velkommen! Husk å lese komplett salgsoppgave før visning. Bestill komplett, utskriftsvennlig salgsoppgave. Visningspåmelding Gi bud Nyttige lenker Bestill salgsoppgave Nærområdet Kart Eiklesvegen 586, 3550 Gol Annonseinformasjon FINN-kode 467201752 Sist endret 20. juni 2026 18:57 Referanse 6013260038 Rapporter annonse Annonsene kan være mangelfulle i forhold til lovpålagt opplysningsplikt. Før bindende avtale inngås oppfordres interessenter til å innhente komplett informasjon fra meglerforetaket, selger eller utleier.",2026-09-21T09:43:33+00:00
467215249,https://www.finn.no/realestate/homes/ad.html?finnkode=467215249,Praktisk og sentralt beliggende landbrukseiendom.,"Blakerveien 900, 1925 Blaker",1925,Blaker,7 850 000 kr,8 047 340 kr,197 340 kr,,684 355 kr,Gårdsbruk/Småbruk,Selveier,,174 m² (BRA-i),190 m²,,2,,1906,,126 200 m² (eiet),126200,126.2,G - Rød,3205,300,3,5,"Arealer Totalt bruksareal: 190,0 m² BRA-i: 174,0 m² BRA-e: 831,0 m² BRA-b: 16,0 m² I tillegg kommer TBA (terrasse-/balkongareal): 50,0 m² BRA-i: Internt bruksareal. BRA-e: Eksternt bruksareal. Dersom dette arealet befinner seg i sameie, borettslag, aksjesalg e.l. vil normalt sett disse arealene ikke være eid av boligen, de er kun disponert på salgstidspunktet. Arealet kan f. eks. omrokeres av styret i ettertid. BRA-b: Innglasset balkong. GUA: Gulvareal. ALH: Areal med lav himlingshøyde. Se vedlagte tilstandsrapport for nærmere beskrivelse av arealene. Arealene er oppmålt av bygningssakkyndig og ikke kontrollert/oppmålt av eiendomsmegler. Arealene er oppgitt iht NS 3940 Areal- og volumberegninger av bygninger. Bjørnstad Søndre gård er en landbrukseiendom med et praktisk anlagt tun, samt ca. 115 daa. fulldyrket jord. Eiendommen har adresse Blakerveien 900 og ligger i Lillestrøm kommune. Bebyggelsen er samlet på et romslig tun og består av et våningshus og 2 driftsbygninger (fordelt på vognskjul/verksted og grisehus) med variert bruk og stort utleie-potensial. Rundt driftsbygningene er det store oppgrusede arealer med god plass til å plassere redskap og utstyr. Tunet har en sentral beliggenhet med lett adkomst direkte fra Blakerveien. Eiendommen anses og å kunne passe godt for den som har behov for god plass til f. eks lager, eller ønsker å ha en ekstrainntekt på utleie. Selger har selv benyttet eiendommen i sin entreprenør bedrift, med garasje for lastebil. Det også et ""pub/forsamlingslokale"" i den ene driftsbygningen og det er flere leieforhold i driftsbygningen. Det anses også gode muligheter for dyrehold som f. eks hest eller hundehold. Det var tidligere stall i grisehuset. Bjørnstad Søndre har et koselig våningshus i enden av tunet. Boligen ligger i enden av tettbebyggelsen på Hellne/Hogsetgrenda. Nærbutikken ligger like rundt hjørnet og barneskole, barnehage og idrettsplass ligger i gangavstand i nærområdet. Blaker stasjon ligger ca. 5 min. biltur unna, og her tar toget deg til Oslo S. med beregnet 34 min. togtur. Sørumsand er ca. 10 minutter unna med ytterligere servicetilbud. Det er ca. 25 km. til Lillestrøm sentrum. Eiendommens hovedsakelig jordbruks-dominert med noe skog fordelt langs kantsoner rundt den dyrkede marken. Den full-dyrkede jorda holder god til svært god kvalitet, er drenert og lettdrevet, og er godt egnet for kornproduksjon. Arealet er i dag bortleid, med løpende jordleieavtale. Eiendommen fremstår som veldrevet og oversiktlig, med gode produksjonsforhold og rasjonell arrondering.",2026-09-21T09:43:35+00:00
467203422,https://www.finn.no/realestate/homes/ad.html?finnkode=467203422,NY PRIS! Småbruk på idylliske Madsøya - strandrett - Se videopresentasjon av eiendommen og omgivelsene,"Madsøya 2, 7168 Lysøysundet",7168,Lysøysundet,2 500 000 kr,2 564 277 kr,64 277 kr,,250 000 kr,Gårdsbruk/Småbruk,Selveier,,151 m² (BRA-i),238 m²,,3,,1700,,251 611 m² (eiet),251611,251.6,G - Rød,5057,87,1,3,"Sjarmerende småbruk på Madsøya i Lysøysund. Det gjøres oppmerksomt på at det ikke er hele øya som selges da det er flere eiendommer på øya. Alle bildene i denne annonsen og videopresentasjonen er fra eiendommen som er til salgs, samt omgivelsene rundt denne eiendommen. Eiendommen har strandrett. Eiendommen består av våningshus, stabbur, fjøs/garasje. Det er også godkjent for å sette opp naust, se mer informasjon i salgsoppgave og vedlagte hefte til salgsoppgave med viktig informasjon. Minus Vis mindre NB: Knappen for å vise hele beskrivelsen har kun en visuell effekt. Pluss tegn Vis hele beskrivelsen NB: Knappen for å vise hele beskrivelsen har kun en visuell effekt. Ta kontakt med megler for komplett informasjon Visning Ta kontakt for å avtale visning. Nærområdet Kart Madsøya 2, 7168 Lysøysundet Annonseinformasjon FINN-kode 467203422 Sist endret 16. juni 2026 15:29 Referanse 2808 Rapporter annonse Annonsene kan være mangelfulle i forhold til lovpålagt opplysningsplikt. Før bindende avtale inngås oppfordres interessenter til å innhente komplett informasjon fra meglerforetaket, selger eller utleier.",2026-09-21T09:43:35+00:00
467178758,https://www.finn.no/realestate/homes/ad.html?finnkode=467178758,Tidligere gårdsbruk innerst i Bekkarfjorden.,"Jervveien 92, 9740 Lebesby",9740,Lebesby,630 000 kr,646 840 kr,16 840 kr,,398 695 kr,Gårdsbruk/Småbruk,Selveier,,152 m² (BRA-i),437 m²,,3,,1949,2,179 600 m² (eiet),179600,179.6,Rom,5624,25,9,7,"Solvang er et tidligere gårdbruk med store landbruksarealer. Gården ligger flott til innerst i Bekkarfjorden. Solrik tomt med flott utsikt. Det har ikke vært drift på gården på mange år. Jordene på eiendommen er leid ut til naboer som driver grovforproduksjon. På eiendommen befinner det seg et hovedhus, anneks og en stor låve. Dette er en eiendom med stort potensiale. Minus Vis mindre NB: Knappen for å vise hele beskrivelsen har kun en visuell effekt. Pluss tegn Vis hele beskrivelsen NB: Knappen for å vise hele beskrivelsen har kun en visuell effekt. Salgsoppgaven beskriver vesentlig og lovpålagt informasjon om eiendommen Se komplett salgsoppgave Nyttige lenker Bestill prospekt Gi bud Visning Ta kontakt for å avtale visning. Husk å lese komplett salgsoppgave før visning. Bestill komplett, utskriftsvennlig salgsoppgave. Visningspåmelding Gi bud Nyttige lenker Bestill prospekt Gi bud Nærområdet Kart Jervveien 92, 9740 Lebesby Annonseinformasjon FINN-kode 467178758 Sist endret 16. juni 2026 09:57 Referanse GAR50.2630 Rapporter annonse Annonsene kan være mangelfulle i forhold til lovpålagt opplysningsplikt. Før bindende avtale inngås oppfordres interessenter til å innhente komplett informasjon fra meglerforetaket, selger eller utleier.",2026-09-21T09:43:37+00:00
422099899,https://www.finn.no/realestate/homes/ad.html?finnkode=422099899,"Unik og sjelden livsstilseiendom ved sjøen - moderne hovedhus, privat tun og flere bygg. Må oppleves! (Gul sone)","Flatnesveien 321, 7130 Brekstad",7130,Brekstad,9 900 000 kr,10 148 590 kr,248 590 kr,,644 817 kr,Gårdsbruk/Småbruk,Selveier,,287 m² (BRA-i),1 548 m²,,4,,,,11 212 m² (eiet),11212,11.2,B - Lysegrønn,5057,164,75,7,"Velkommen til vakre Flatneset og denne unike og idylliske eiendommen som ligger like ved sjøkanten. Et småbruk hvor alle drømmene dine kan bli oppfyllt. Her er det utrolig mange muligheter! På tomta står en stilren og moderne enebolig som er totalrenovert og fremstår som meget moderne og innbydende. Selve boligen inneholder følgende: 1.etasje Entre/ gang, bad, wlak-in-closet/teknisk rom, stue med utgang til hage, kjøkken, mellomgang til vaskerom, vaskerom, kjølerom,stor bod/lagerrom og gang til fjøs. 2. etasje: Gang, walk-in-closet, bad og 4stk soverom. På tomta står også en dobbeltgarasje med en egen kontordel. Stort fjøs med låve og verksted. Stabbur. Naust. Samt en egen bolig med uthus/garasje. Stor tomt på over 11 mål som grenser helt ned til sjøkanten. Pent opparbeidet uteområde og hage. Flere blomsterbed rundt omkring på tunet. Bærbusker og trær. Og en flott inngjerdet lekeplass for både barn og dyr. Velkommen til en hyggelig boligopplevelse med Nylander&Partners! Minus Vis mindre NB: Knappen for å vise hele beskrivelsen har kun en visuell effekt. Pluss tegn Vis hele beskrivelsen NB: Knappen for å vise hele beskrivelsen har kun en visuell effekt. Salgsoppgaven beskriver vesentlig og lovpålagt informasjon om eiendommen Se komplett salgsoppgave Nyttige lenker Gi bud Bestill salgsoppgave Eiendommens hjemmeside Visning Ta kontakt for å avtale visning. Husk å lese komplett salgsoppgave før visning. Bestill komplett, utskriftsvennlig salgsoppgave. Visningspåmelding Gi bud Nyttige lenker Gi bud Bestill salgsoppgave Eiendommens hjemmeside Nærområdet Kart Flatnesveien 321, 7130 Brekstad Annonseinformasjon FINN-kode 422099899 Sist endret 15. sep. 2026 14:27 Referanse 69250114 Rapporter annonse Annonsene kan være mangelfulle i forhold til lovpålagt opplysningsplikt. Før bindende avtale inngås oppfordres interessenter til å innhente komplett informasjon fra meglerforetaket, selger eller utleier.",2026-09-21T09:43:38+00:00
466360601,https://www.finn.no/realestate/homes/ad.html?finnkode=466360601,"Pent og innholdsrikt gårdstun på Rena med herskapelig hovedhus | Flere hus for utleie, låve, garasjer, stall og ridebane","Arnestadgutua 24 &amp; 28, 2450 Rena",2450,Rena,13 950 000 kr,14 299 840 kr,349 840 kr,,440 016 kr,Gårdsbruk/Småbruk,Selveier,,690 m² (BRA-i),1 373 m²,,13,,1917,,21 447 m² (eiet),21447,21.4,,3422,24,152,5,"Velkommen til Arnestadgutua 24! Et innholdsrikt gårdstun på Rena med et allsidig bygningsmiljø og mange muligheter. Dette er en eiendom sentrert rundt et tradisjonsrikt gårdstun. Her får du et hovedhus, en kårbolig og en enebolig med 7 soverom. Eiendommen gir rom for hestehold, utleie og hobbyer i landlige og rolige omgivelser, med kort vei til Rena sentrum. Høydepunkter: - En eiendom med mange muligheter! - Tre bolighus: Våningshus, kårbolig og enebolig med 7 soverom - Stor driftsbygning med 5 stallbokser, vaskeplass og garasjer - Låve med muligheter for selskapslokale på ""låvebrua"" - Treningsrom i låven - Stabbur med pub i 1. etasje og selskapslokale i 2. etasje - Campinghytte for utleie og gapahuk - Vannbåren varme fra bergvarmepumpe i hovedhuset Velkommen til en hyggelig visning! Minus Vis mindre NB: Knappen for å vise hele beskrivelsen har kun en visuell effekt. Pluss tegn Vis hele beskrivelsen NB: Knappen for å vise hele beskrivelsen har kun en visuell effekt. Salgsoppgaven beskriver vesentlig og lovpålagt informasjon om eiendommen Se komplett salgsoppgave Nyttige lenker Bestill salgsoppgave Visning Ønsker du å delta på visningen ber vi deg melde deg på slik at vi vet at du kommer. Da kan vi bistå alle best mulig og gi deg tiden du trenger på visningen. Visningen avholdes bare dersom det er påmeldte. Ta gjerne kontakt med megler før visning hvis du har noen spørsmål. Velkommen! Husk å lese komplett salgsoppgave før visning. Bestill komplett, utskriftsvennlig salgsoppgave. Visningspåmelding Gi bud Nyttige lenker Bestill salgsoppgave Nærområdet Kart Arnestadgutua 24 &amp; 28, 2450 Rena Annonseinformasjon FINN-kode 466360601 Sist endret 11. aug. 2026 08:07 Referanse 6014260210 Rapporter annonse Annonsene kan være mangelfulle i forhold til lovpålagt opplysningsplikt. Før bindende avtale inngås oppfordres interessenter til å innhente komplett informasjon fra meglerforetaket, selger eller utleier.",2026-09-21T09:43:40+00:00
411393781,https://www.finn.no/realestate/homes/ad.html?finnkode=411393781,Unik gårdseiendom i hjerte av Vestfold. Tilrettelagt for utegang/​løsdrift til hest. Flotte rideområder!,"Tinghaugveien 632, 3175 Ramnes",3175,Ramnes,13 000 000 kr,13 326 390 kr,326 390 kr,,325 128 kr,Gårdsbruk/Småbruk,Selveier,,172 m² (BRA-i),1 267 m²,,3,,1840,,631 266 m² (eiet),631266,631.3,,3905,594,1,5,"En sjelden mulighet i hjertet av Vestfold. Boligen er en innholdsrik og veldrevet landbrukseiendom med vakre naturomgivelser, usjenert beliggenhet og kort vei til alle Vestfoldbyene, 65 min fra Oslo. Eiendommen har en etablert og populær næringsdel som hundehotell, med stabil drift og godt kundegrunnlag. Eiendommen selges separat, men selskapet knyttet til hundehotellet kan selges i tillegg. Bolighuset har tre gode soverom, romslige stuer og et flott uteområde skjermet fra driften. På tunet finnes låve med høyport og store arealer, egen bygning for hundehotell/annen bruk, utegang for hest og eldre garasje. Eiendommen består bl.a. av 114,2 daa fulldyrka jord, utleid på tiårsavtale fra 2024 (leietaker har fleksibilitet ift bruk og drift) og 494,3 daa produktiv skog. Velkommen! Minus Vis mindre NB: Knappen for å vise hele beskrivelsen har kun en visuell effekt. Pluss tegn Vis hele beskrivelsen NB: Knappen for å vise hele beskrivelsen har kun en visuell effekt. Salgsoppgaven beskriver vesentlig og lovpålagt informasjon om eiendommen Se komplett salgsoppgave Visning Husk å melde deg på visning, innen kl 16 fredag 17/4. Visninger uten påmeldte deltakere vil ikke bli avholdt. Kontakt megler dersom visningstidspunktet ikke passer, så finner vi et annet tidspunkt. Husk å lese komplett salgsoppgave før visning. Bestill komplett, utskriftsvennlig salgsoppgave. Visningspåmelding Gi bud Nærområdet Kart Tinghaugveien 632, 3175 Ramnes Annonseinformasjon FINN-kode 411393781 Sist endret 18. sep. 2026 08:53 Referanse 1312250038 Rapporter annonse Annonsene kan være mangelfulle i forhold til lovpålagt opplysningsplikt. Før bindende avtale inngås oppfordres interessenter til å innhente komplett informasjon fra meglerforetaket, selger eller utleier.",2026-09-21T09:43:41+00:00
427808237,https://www.finn.no/realestate/homes/ad.html?finnkode=427808237,"Koselig og landlig småbruk på 475,9 dekar med to boenheter, verksted og store utviklingsmuligheter!","Skantebygdaveien 357 og 363, 1894 Rakkestad",1894,Rakkestad,6 200 000 kr,6 356 090 kr,156 090 kr,,291 031 kr,Gårdsbruk/Småbruk,Selveier,,225 m² (BRA-i),225 m²,,4,,,,476 034 m² (eiet),476034,476.0,Rom,3120,105,7,5,"Haraldstadskogen gård er et innholdsrikt småbruk på totalt 476 dekar, beliggende i naturskjønne og rolige omgivelser, ca. 13km fra Rakkestad sentrum og ca. 20 km fra Sarpsborg. Eiendommen byr på et hyggelig gårdstun, betydelige skogressurser, dyrket mark og gode muligheter for både landbruk, skogsdrift og fritid. Eiendommen har to separate boenheter i form av våningshus og kårbolig. Dette gir fleksible bruksmuligheter, enten for storfamilien, flere generasjoner, utleie eller gjestebolig. Verksted med mulighet for oppvarming, egner seg godt for hobbyprosjekter, mekanisk arbeid, lagring eller annen virksomhet der oppvarmet arbeidsplass er ønskelig. Arealfordeling (ifølge gårdskart fra NIBIO): Fulldyrka jord: 89,6 dekar Produktiv skog: 366,1 dekar Totalt areal: 475,9 dekar Minus Vis mindre NB: Knappen for å vise hele beskrivelsen har kun en visuell effekt. Pluss tegn Vis hele beskrivelsen NB: Knappen for å vise hele beskrivelsen har kun en visuell effekt. Salgsoppgaven beskriver vesentlig og lovpålagt informasjon om eiendommen Se komplett salgsoppgave Nyttige lenker Meld interesse Se komplett salgsoppgave Gi bud Innendørsvideo Visning Velkommen til visning! Meld deg på ved å trykke ""visningspåmelding"" i våre boligannonser. Ta gjerne kontakt med megler i forkant av visningen om du har spørsmål. Visningspåmelding Gi bud Nyttige lenker Meld interesse Se komplett salgsoppgave Gi bud Innendørsvideo Nærområdet Kart Skantebygdaveien 357 og 363, 1894 Rakkestad Annonseinformasjon FINN-kode 427808237 Sist endret 08. sep. 2026 18:02 Referanse 205250063 Rapporter annonse Annonsene kan være mangelfulle i forhold til lovpålagt opplysningsplikt. Før bindende avtale inngås oppfordres interessenter til å innhente komplett informasjon fra meglerforetaket, selger eller utleier.",2026-09-21T09:43:42+00:00
465208312,https://www.finn.no/realestate/homes/ad.html?finnkode=465208312,Snippen gård -Gårdsbruk på ca 480 dekar. Ammekuproduksjon og tidligere besøksgård.,"Julusdalsvegen 35, 2410 Hernes",2410,Hernes,8 500 000 kr,8 718 590 kr,218 590 kr,,1 821 701 kr,Gårdsbruk/Småbruk,Selveier,,351 m² (BRA-i),351 m²,,4,,1939,,480 600 m² (eiet),480600,480.6,Rom,3420,129,17,5,"Velkommen til Snippen gård i Julusdalsvegen 35! En innholdsrik landbrukseiendom med et oppgradert våningshus, flere driftsbygninger og en spennende historie. Eiendommen ligger skjermet og landlig til, omgitt av kulturlandskap og utmark. Her kan du kombinere bolig og dyrehold med mulighet for å gjenoppta konseptet med besøksgård. Våningshuset er gradvis oppgradert og har en stor terrasse med utsikt over gårdstunet og en egen dam. Samtidig er det kun 15 minutter med bil til Elverum sentrum. Høydepunkter: - Gård i drift med ammekuproduksjon, har idag ca 50 mordyr. - Husdyrkonsesjon på gris. Dagens eiere benytter sommerhalvåret til å ha 1-2 innsett med slaktegris - Dam med konsesjon for oppdrett av ørret - Stort, separat verkstedbygg Velkommen til visning Minus Vis mindre NB: Knappen for å vise hele beskrivelsen har kun en visuell effekt. Pluss tegn Vis hele beskrivelsen NB: Knappen for å vise hele beskrivelsen har kun en visuell effekt. Salgsoppgaven beskriver vesentlig og lovpålagt informasjon om eiendommen Se komplett salgsoppgave Nyttige lenker Bestill salgsoppgave Visning Ta kontakt for å avtale visning. Husk å lese komplett salgsoppgave før visning. Bestill komplett, utskriftsvennlig salgsoppgave. Visningspåmelding Gi bud Nyttige lenker Bestill salgsoppgave Nærområdet Kart Julusdalsvegen 35, 2410 Hernes Annonseinformasjon FINN-kode 465208312 Sist endret 08. sep. 2026 10:00 Referanse 6024260080 Rapporter annonse Annonsene kan være mangelfulle i forhold til lovpålagt opplysningsplikt. Før bindende avtale inngås oppfordres interessenter til å innhente komplett informasjon fra meglerforetaket, selger eller utleier.",2026-09-21T09:43:44+00:00
465900965,https://www.finn.no/realestate/homes/ad.html?finnkode=465900965,"NY PRIS! Sjarmerende hesteeiendom med stall, store beiter og ridehall!","Bækkavegen 28, 2270 Flisa",2270,Flisa,4 590 000 kr,4 705 840 kr,115 840 kr,,237 500 kr,Gårdsbruk/Småbruk,Selveier,,92 m² (BRA-i),992 m²,,2,,1958,1,29 265 m² (eiet),29265,29.3,Rom,3418,133,2,7,"Sjarmerende småbruk tilrettelagt som komplett hesteeiendom. Her kan du leve hestedrømmen med hestene rett utenfor vinduet. Eiendommen ligger landlig og idyllisk til ved Flisa i Åsnes, med kort vei til butikker, skole og barnehage. Boligen fra 1958 er oppgradert og har terrasse, stue med ildsted, kjøkken, bad og to soverom, samt kjeller med egen inngang og flere rom. Uthus ble ombygget til stall i 2020 med 5 bokser, stallgang og utstyrsrom   med trivelig og sosialt miljø for hestene. Ridehall (20x40m) fra 2024. Tomten har store beiter og paddocker, og er inngjerdet med mulighet for fri ferdsel for hestene. For turglade finnes flotte uteområder og ridemuligheter, samt strand ca. 10 min unna. En sjelden mulighet med flotte uteområder og landlig beliggenhet! Det er mulig å leie eiendommen. Minus Vis mindre NB: Knappen for å vise hele beskrivelsen har kun en visuell effekt. Pluss tegn Vis hele beskrivelsen NB: Knappen for å vise hele beskrivelsen har kun en visuell effekt. Salgsoppgaven beskriver vesentlig og lovpålagt informasjon om eiendommen Se komplett salgsoppgave Nyttige lenker Meld interesse Se komplett salgsoppgave Gi bud Visning Velkommen til visning! Meld deg på ved å trykke ""visningspåmelding"" i våre boligannonser. Ta kontakt med megler Kim Håkon Kjernlie på tlf. 47 90 95 86 om det er ønskelig med visning eller om det er noen spørsmål. Visningspåmelding Gi bud Nyttige lenker Meld interesse Se komplett salgsoppgave Gi bud Nærområdet Kart Bækkavegen 28, 2270 Flisa Annonseinformasjon FINN-kode 465900965 Sist endret 07. sep. 2026 14:13 Referanse 514260027 Rapporter annonse Annonsene kan være mangelfulle i forhold til lovpålagt opplysningsplikt. Før bindende avtale inngås oppfordres interessenter til å innhente komplett informasjon fra meglerforetaket, selger eller utleier.",2026-09-21T09:43:46+00:00
465626317,https://www.finn.no/realestate/homes/ad.html?finnkode=465626317,"Koselig småbruk med jord og skog i landlige omgivelser. Hyggelig tun opparbeidet med enebolig, stor låve og garasje.","Mausetvegen 535, 2387 Brumunddal",2387,Brumunddal,3 300 000 kr,3 383 890 kr,83 890 kr,,571 539 kr,Gårdsbruk/Småbruk,Selveier,,180 m² (BRA-i),361 m²,,3,,1870,2,29 288 m² (eiet),29288,29.3,Rom,3411,700,10,5,"Velkommen til Brummundal og Mausetvegen 535! Et koselig småbruk som består av ca. 15,7 daa fulldyrka jord og ca. 10,8 produktiv skog. Småbruket ""Sørlien"" er bebygd med en enebolig fra 1870, en låve fra ukjent årstall og en garasje fra ca. 2016. Boligen inneholder bla. en romslig stue med utgang til terrasse, separat kjøkken, 3 soverom, baderom og boder. Låven har et bruksareal på 164m² og inneholder 2 garasjer og flere bodrom. Eiendommen er også bebygd med en garasje på 17m². Eiendommen ligger i et landlig og rolig område ved Mauset med kun ca. 6 km til Brummundal sentrum. Den store eiendommen gir muligheter for både rekreasjon og avkobling. Her kan du nyte lange turer i skogen, oppleve dyrelivet på nært hold, eller rett og slett bare nyte stillheten og skjønnheten som omgir deg. Minus Vis mindre NB: Knappen for å vise hele beskrivelsen har kun en visuell effekt. Pluss tegn Vis hele beskrivelsen NB: Knappen for å vise hele beskrivelsen har kun en visuell effekt. Salgsoppgaven beskriver vesentlig og lovpålagt informasjon om eiendommen Se komplett salgsoppgave Visning Ta kontakt for å avtale visning. Husk å lese komplett salgsoppgave før visning. Bestill komplett, utskriftsvennlig salgsoppgave. Visningspåmelding Gi bud Nærområdet Kart Mausetvegen 535, 2387 Brumunddal Annonseinformasjon FINN-kode 465626317 Sist endret 15. juni 2026 23:35 Referanse 1214260063 Rapporter annonse Annonsene kan være mangelfulle i forhold til lovpålagt opplysningsplikt. Før bindende avtale inngås oppfordres interessenter til å innhente komplett informasjon fra meglerforetaket, selger eller utleier.",2026-09-21T09:43:47+00:00
466580179,https://www.finn.no/realestate/homes/ad.html?finnkode=466580179,Småbruk med stor låve og uthus på ca. 19 mål eiertomt | Nytt tak og bad i 2023 | Landlig og solrikt på Jaren | utsikt,"Undelisgutua 34, 2750 Gran",2750,Gran,4 190 000 kr,4 298 850 kr,108 850 kr,,588 972 kr,Gårdsbruk/Småbruk,Selveier,,148 m² (BRA-i),466 m²,,3,,1925,2,18 937 m² (eiet),18937,18.9,Rom,3446,276,14,5,"Velkommen til Undelisgutua 34! Et sjarmerende småbruk med en stor eiertomt på nesten 19 mål og et betydelig potensial. Dette er en eiendom med historie og sjel, opprinnelig oppført i 1925. Boligen ligger i et landlig og rolig område på Jaren, med kort vei til skog og mark, men likevel med nærhet til servicetilbudene i Gran sentrum. Den store tomten gir rikelig med plass, og eiendommen inkluderer en romslig låve og en redskapsbod som gir svært gode lagringsmuligheter. Kort fortalt: Stor eiertomt på ca. 18,9 mål Enebolig med karakter fra 1925 To vedovner og nyere luft-til-luft varmepumpe Bad fornyet i 2023 med fliser og gulvvarme Nytt tak og takrenner fra 2023 Låve/uthus og redskapsbod med rikelig lagringsplass Velkommen til visning! Minus Vis mindre NB: Knappen for å vise hele beskrivelsen har kun en visuell effekt. Pluss tegn Vis hele beskrivelsen NB: Knappen for å vise hele beskrivelsen har kun en visuell effekt. Salgsoppgaven beskriver vesentlig og lovpålagt informasjon om eiendommen Se komplett salgsoppgave Nyttige lenker Bestill salgsoppgave Visning Vi fortsetter med visningspåmelding, til glede for våre boligselgere - og kjøpere. Dersom det er mindre enn to timer til visningsstart og du ønsker å melde deg på, ta kontakt med megler. Visningen utsettes dersom det ikke er påmeldte. For visninger utover de annonserte, ta kontakt med megler på telefon 915 47 277. Husk å lese komplett salgsoppgave før visning. Bestill komplett, utskriftsvennlig salgsoppgave. Visningspåmelding Gi bud Nyttige lenker Bestill salgsoppgave Nærområdet Kart Undelisgutua 34, 2750 Gran Annonseinformasjon FINN-kode 466580179 Sist endret 10. aug. 2026 11:09 Referanse 1211260088 Rapporter annonse Annonsene kan være mangelfulle i forhold til lovpålagt opplysningsplikt. Før bindende avtale inngås oppfordres interessenter til å innhente komplett informasjon fra meglerforetaket, selger eller utleier.",2026-09-21T09:43:48+00:00
466482431,https://www.finn.no/realestate/homes/ad.html?finnkode=466482431,Moseid - Landbrukseiendom på 5.600 dekar med bolighus og nyere hytte. Grense til Otra - Jakt og fiske,"Senumsvegen 654, 4741 Byglandsfjord",4741,Byglandsfjord,11 500 000 kr,11 788 590 kr,288 590 kr,,293 948 kr,Gårdsbruk/Småbruk,Selveier,,183 m² (BRA-i),218 m²,,5,,1995,,5 598 700 m² (eiet),5598700,5598.7,Rom,4219,3,2,5,"Velkommen til landbrukseiendommen Moseid ca. 8 km utenfor Evje i Evje og Hornnes kommune. Eiendommen er på ca. 5.600 dekar med 16,3 dekar fulldyrka jord, 2.477 dekar produktiv skog og 3.029 dekar annet markslag. Stående kubikkmasse i skogen på ca. 24.000 m3. Eiendommen har lang grense til Otra, med et par øyer som tilhører eiendommen. Eiendommen består av et bolighus som ligger langs Otra helt øst på eiendommen. Huset er et Konsmohus, bygd i 1994 med 3 soverom og er på 155 kvm. Huset har en usjenert og fantastisk beliggenhet med utsikt over Otra ca. 8 km fra Evje sentrum. Eiendommen strekkes seg samlet fra Otra i øst, vest over Stemhei og mot Lauvåsheii. På fjellet langs elva Skjerka har eiendommen en velholdt hytte som ble oppført i 2015 på 63 kvm med 2 soverom, åpen stue- og kjøkkenløsning og terrasse på 37 kvm. Hytta har en fantastisk naturskjønn beliggenhet langs elva og vei helt frem på sommerstid. På vinteren har hytta adkomst med snøscooter. Velkommen! Minus Vis mindre NB: Knappen for å vise hele beskrivelsen har kun en visuell effekt. Pluss tegn Vis hele beskrivelsen NB: Knappen for å vise hele beskrivelsen har kun en visuell effekt. Salgsoppgaven beskriver vesentlig og lovpålagt informasjon om eiendommen Se komplett salgsoppgave Nyttige lenker Gi bud Bestill salgsoppgave Eiendommens hjemmeside Visning Ta kontakt for å avtale visning. Husk å lese komplett salgsoppgave før visning. Bestill komplett, utskriftsvennlig salgsoppgave. Visningspåmelding Gi bud Nyttige lenker Gi bud Bestill salgsoppgave Eiendommens hjemmeside Nærområdet Kart Senumsvegen 654, 4741 Byglandsfjord Annonseinformasjon FINN-kode 466482431 Sist endret 21. juni 2026 21:55 Referanse 330260013 Rapporter annonse Annonsene kan være mangelfulle i forhold til lovpålagt opplysningsplikt. Før bindende avtale inngås oppfordres interessenter til å innhente komplett informasjon fra meglerforetaket, selger eller utleier.",2026-09-21T09:43:49+00:00
316652328,https://www.finn.no/realestate/homes/ad.html?finnkode=316652328,Nydelig småbruk med fantastisk beliggenhet i strandsone! 15 min fra Orkanger - 45 min fra Trondheim.,"Øverkjøravegen 85, 7303 Orkanger",7303,Orkanger,7 850 000 kr,8 047 340 kr,197 340 kr,,138 297 kr,Gårdsbruk/Småbruk,Selveier,,351 m² (BRA-i),753 m²,,5,,1950,,68 376 m² (eiet),68376,68.4,Rom,5059,289,4,5,"Tre kvarters biltur fra Trondheim og et kvarter fra Orkanger kan småbruk-drømmen gå i oppfyllelse. Her, i Langvika, finner du en fantastisk eiendom som byr på alt du forbinder med et idyllisk småbruk; Fjøs, låve, stabbur, masstu, naust, grillhytte for å nevne noe. I tillegg er beliggenheten aldeles nydelig med ca. 200 m strandlinje og panoramautsikt innover i Trondheimsfjorden. Bygningsmassen er svært godt vedlikeholdt og utearealene likeså. Dette er en eiendom som fint kan karakteriseres som ""sjelden kost"". Her ligger det godt til rette for alt fra dyrehold til events, eller om man rett og slett bare vil ha et idyllisk fristed for rekreasjon. Verdt å nevne fra selger: - Skjermet beliggenhet i stille blindvei - Fjordutsikt og meget gode solforhold - To store frodige hager Stor tomt med mange fine uteplasser - Kilenot rettigheter for laksefiske - Badeplass - Sopp- og bær terreng / ""Eventyrskog"" - Fine turmuligheter i nærområdet, både i skog og mark samt langs stranden - Skytebane Minus Vis mindre NB: Knappen for å vise hele beskrivelsen har kun en visuell effekt. Pluss tegn Vis hele beskrivelsen NB: Knappen for å vise hele beskrivelsen har kun en visuell effekt. Salgsoppgaven beskriver vesentlig og lovpålagt informasjon om eiendommen Se komplett salgsoppgave Nyttige lenker Gi bud Bestill salgsoppgave Eiendommens hjemmeside Hjemmeside Visning Ta kontakt for å avtale visning. Husk å lese komplett salgsoppgave før visning. Bestill komplett, utskriftsvennlig salgsoppgave. Visningspåmelding Gi bud Nyttige lenker Gi bud Bestill salgsoppgave Eiendommens hjemmeside Hjemmeside Nærområdet Kart Øverkjøravegen 85, 7303 Orkanger Annonseinformasjon FINN-kode 316652328 Sist endret 06. juli 2026 13:57 Referanse 1230042 Rapporter annonse Annonsene kan være mangelfulle i forhold til lovpålagt opplysningsplikt. Før bindende avtale inngås oppfordres interessenter til å innhente komplett informasjon fra meglerforetaket, selger eller utleier.",2026-09-21T09:43:50+00:00
371262278,https://www.finn.no/realestate/homes/ad.html?finnkode=371262278,"Tynset - Gårdsbruk nært sentrum. 839 daa, hvorav 75 daa dyrket. 2 boliger og stor driftsbygning. Seter og jaktrett.","Rørosveien 147 og 149 og Gammeldalen 1023, 2500 Tynset",2500,Tynset,7 890 000 kr,8 101 240 kr,211 240 kr,,,Gårdsbruk/Småbruk,Selveier,,594 m² (BRA-i),1 484 m²,,,,,,,,,,3427,71,29,3,,2026-09-21T09:43:52+00:00
466370416,https://www.finn.no/realestate/homes/ad.html?finnkode=466370416,"Fin landbrukseiendom med sentral beliggenhet. Lite hovedhus, stabbur, grisehus mm.","Engervegen 79, 2030 Nannestad",2030,Nannestad,8 000 000 kr,8 201 390 kr,201 390 kr,,,Gårdsbruk/Småbruk,Selveier,,185 m² (BRA-i),185 m²,,2,,1914,2,121 376 m² (eiet),121376,121.4,Rom,3238,42,11,5,"Velkommen til denne sjarmerende eneboligen i rolige og landlige omgivelser i Nannestad. Eiendommen ligger nær flott natur og tilbyr gode friluftsmuligheter. Området er familievennlig og fredelig, med kort avstand til skoler, barnehager og daglige servicetilbud. Det er også praktisk beliggenhet for pendlere med gode forbindelser til Gardermoen. Boligen, oppført i 1914 med tilbygg fra 1983, har et bruksareal på 185 m² fordelt over tre etasjer. Den inneholder blant annet entré, stue, kjøkken, bad, toalettrom og to soverom. Kjelleretasjen har boder og gang med trapp. Uteplassen består av en terrasse på 46 m² med adkomst fra kjøkkenet. Oppvarming skjer via peis, varmepumpe og varmekabler. Parkering på gruslagt tomt. Fant ikke noe relevant informasjon om boder eller garasje. Minus Vis mindre NB: Knappen for å vise hele beskrivelsen har kun en visuell effekt. Pluss tegn Vis hele beskrivelsen NB: Knappen for å vise hele beskrivelsen har kun en visuell effekt. Salgsoppgaven beskriver vesentlig og lovpålagt informasjon om eiendommen Se komplett salgsoppgave Visning Ta kontakt for å avtale visning. Husk å lese komplett salgsoppgave før visning. Bestill komplett, utskriftsvennlig salgsoppgave. Visningspåmelding Gi bud Nærområdet Kart Engervegen 79, 2030 Nannestad Annonseinformasjon FINN-kode 466370416 Sist endret 24. juni 2026 12:10 Referanse 1205260086 Rapporter annonse Annonsene kan være mangelfulle i forhold til lovpålagt opplysningsplikt. Før bindende avtale inngås oppfordres interessenter til å innhente komplett informasjon fra meglerforetaket, selger eller utleier.",2026-09-21T09:43:53+00:00
465163683,https://www.finn.no/realestate/homes/ad.html?finnkode=465163683,"Fritids-/​ Landbrukseiendom med stor enebolig over tre plan, uthus/​fjøs og et garasjebygg | Eiertomt på ca. 110 dekar!","Øvergårdveien 434, 9158 Storslett",9158,Storslett,3 250 000 kr,3 332 340 kr,82 340 kr,,212 127 kr,Gårdsbruk/Småbruk,Selveier,,168 m² (BRA-i),328 m²,,4,,1946,,110 053 m² (eiet),110053,110.1,Rom,5544,62,14,5,"Velkommen til denne innholdsrike landbrukseiendommen i Oksfjorddalen- Her får du en stor tomt på over 100 dekar med en romslig enebolig, garasje, uthus/fjøs og anneks. Hovedhuset har en praktisk planløsning med blant annet tre soverom og et kontor, separat vaskerom og utgang til veranda fra stuen. Eiendommen ligger naturskjønt til med fjellene som et vakkert bakteppe og med eiendommen følger det med jakt og fiskerett. Høydepunkter: - Stor eiertomt på over 100 dekar - Romslig enebolig med 4 soverom og kontor - Kjøkken med integrerte hvitevarer - Bad med både dusjkabinett og badekar - Vedovn i stuen for ekstra varme og hygge - Stor garasje og flere uthus med god lagringsplass - Asfaltert innkjørsel og biloppstillingsplass - Privat vann fra ny brønn (2025) Velkommen til visning! Minus Vis mindre NB: Knappen for å vise hele beskrivelsen har kun en visuell effekt. Pluss tegn Vis hele beskrivelsen NB: Knappen for å vise hele beskrivelsen har kun en visuell effekt. Salgsoppgaven beskriver vesentlig og lovpålagt informasjon om eiendommen Se komplett salgsoppgave Nyttige lenker Meld interesse Se komplett salgsoppgave Gi bud Visning Velkommen til visning! Meld deg på ved å trykke ""visningspåmelding"" i våre boligannonser. Visning med megler til stede vil ikke bli avholdt uten påmeldinger. på melding senest 12 timer før annonsert visning. Ta gjerne kontakt med megler i forkant av visningen om du har spørsmål. Visningspåmelding Gi bud Nyttige lenker Meld interesse Se komplett salgsoppgave Gi bud Nærområdet Kart Øvergårdveien 434, 9158 Storslett Annonseinformasjon FINN-kode 465163683 Sist endret 31. aug. 2026 10:03 Referanse 802260080 Rapporter annonse Annonsene kan være mangelfulle i forhold til lovpålagt opplysningsplikt. Før bindende avtale inngås oppfordres interessenter til å innhente komplett informasjon fra meglerforetaket, selger eller utleier.",2026-09-21T09:43:54+00:00
466353828,https://www.finn.no/realestate/homes/ad.html?finnkode=466353828,"Rømskog: Ideell halvpart av landbrukseiendom idyllisk beliggende på halvøy mot Rømsjøen.  1344,9 dekar","Haukenes 51, 1950 Rømskog",1950,Rømskog,3 400 000 kr,3 486 090 kr,86 090 kr,,,Gårdsbruk/Småbruk,Selveier,,,,,0,,,,1 344 900 m² (eiet),1344900,1344.9,,3226,267,9,5,"Velkommen til Østre Haukenes gård! Landbrukseiendommen ligger i idylliske og fredelige omgivelser i Rømskog, Aurskog-Høland kommune. Gården har omkringliggende fulldyrket jord og skog. Den har et totalareal på 1344,9 dekar. Gårdstunet er opparbeidet med plenareal, trær, prydbusker og grusede kjøreveier. Bygningsmassen består av hovedbygning, stabbur, garasje, driftsbygning/låve, dukkestue og framstår som godt vedlikeholdt. På Eikestad er det et eldre uthus, en hytte fra 1950 og en tømmerhytta fra 1940. Det presiseres at salget gjelder kun ideelle halvparter av eiendommene gnr. 267, bnr. 8 og 9 med adressene Haukenes 51 og 39 og Eikestadveien 167, alle i 1950 Rømskog. Storøya med flere mindre øyer ligger i Rømsjøen og har ingen adresse. I tillegg selges gnr. 267. bnr. 209. Minus Vis mindre NB: Knappen for å vise hele beskrivelsen har kun en visuell effekt. Pluss tegn Vis hele beskrivelsen NB: Knappen for å vise hele beskrivelsen har kun en visuell effekt. Salgsoppgaven beskriver vesentlig og lovpålagt informasjon om eiendommen Se komplett salgsoppgave Nyttige lenker Bestill prospekt Gi bud Visning Ta kontakt for å avtale visning. Husk å lese komplett salgsoppgave før visning. Bestill komplett, utskriftsvennlig salgsoppgave. Visningspåmelding Gi bud Nyttige lenker Bestill prospekt Gi bud Nærområdet Kart Haukenes 51, 1950 Rømskog Annonseinformasjon FINN-kode 466353828 Sist endret 08. juni 2026 15:02 Referanse GAR149.268 Rapporter annonse Annonsene kan være mangelfulle i forhold til lovpålagt opplysningsplikt. Før bindende avtale inngås oppfordres interessenter til å innhente komplett informasjon fra meglerforetaket, selger eller utleier.",2026-09-21T09:43:55+00:00
465020062,https://www.finn.no/realestate/homes/ad.html?finnkode=465020062,"Landbrukseiendom med stort potensial på ca. 184 mål | Våningshus, fjøs, sjå og naust","Vikaveien 456, 9303 Silsand",9303,Silsand,800 000 kr,821 090 kr,21 090 kr,,,Gårdsbruk/Småbruk,Selveier,,120 m² (BRA-i),126 m²,,4,,1952,,184 865 m² (eiet),184865,184.9,G - Rød,5530,63,2,5,"Velkommen til Vikaveien 456! En landbrukseiendom med stort potensial, beliggende på en romslig eiertomt på ca. 184,8 mål. Eiendommen  Osgard  er en fin mulighet for deg som vil skape ditt eget hjem i landlige omgivelser. Her får du et tømmerhus fra 1952 over tre plan, som inneholder stue, kjøkken, bad og fire soverom. Kjelleren har tre boder som gir rikelig med lagringsplass. Oppvarming skjer med to vedovner som bidrar til en lun atmosfære. I tillegg til våningshuset følger det med fjøs, sjå og naust. Den store tomten består av fire teiger og gir fleksibilitet for ulik bruk. Eiendommen har en flott beliggenhet i Senja kommune, med nærhet til både natur og sjø. Dette er en eiendom som krever betydelig oppgradering, men som til gjengjeld gir en unik sjanse til å forme en stor eiendom etter egne ønsker og behov. Velkommen til visning! Minus Vis mindre NB: Knappen for å vise hele beskrivelsen har kun en visuell effekt. Pluss tegn Vis hele beskrivelsen NB: Knappen for å vise hele beskrivelsen har kun en visuell effekt. Salgsoppgaven beskriver vesentlig og lovpålagt informasjon om eiendommen Se komplett salgsoppgave Nyttige lenker Eiendommens hjemmeside Bestill salgsoppgave Visning Ta kontakt for å avtale visning. Husk å lese komplett salgsoppgave før visning. Bestill komplett, utskriftsvennlig salgsoppgave. Visningspåmelding Gi bud Nyttige lenker Eiendommens hjemmeside Bestill salgsoppgave Nærområdet Kart Vikaveien 456, 9303 Silsand Annonseinformasjon FINN-kode 465020062 Sist endret 08. sep. 2026 06:00 Referanse 12260089 Rapporter annonse Annonsene kan være mangelfulle i forhold til lovpålagt opplysningsplikt. Før bindende avtale inngås oppfordres interessenter til å innhente komplett informasjon fra meglerforetaket, selger eller utleier.",2026-09-21T09:43:57+00:00
466201435,https://www.finn.no/realestate/homes/ad.html?finnkode=466201435,"Småbruk i flotte omgivelser - Renovert/​påbygd bolig 2010 - Ombygd låve, snekkeri - Garasje","Harøysundvegen 27, 6430 Bud",6430,Bud,6 750 000 kr,6 920 100 kr,170 100 kr,,635 735 kr,Gårdsbruk/Småbruk,Selveier,,199 m² (BRA-i),534 m²,,4,,1960,,207 000 m² (eiet),207000,207.0,Rom,1579,117,1,5,"Velkommen til Harøysundvegen 27! Presentert av Alexander Bjerkås i EIE eiendomsmegling. Vakkert og istandsatt småbruk med renovert og påbygd enebolig i 2010. Stor enebolig over 3 plan med blant annet 4 soverom og flere stuer. Boligen er beliggende på et flott og tiltalende tun med en stor dobbelgarasje oppført i 2014. Eiendommen er ett tidligere landbruk på 207 dekar. I tillegg har eiendommen en ombygd og istandsatt låve. Låven som er ombygd til lager, snekkeri/verksted og forretningslokale. Eierne har også jaktrett. Minus Vis mindre NB: Knappen for å vise hele beskrivelsen har kun en visuell effekt. Pluss tegn Vis hele beskrivelsen NB: Knappen for å vise hele beskrivelsen har kun en visuell effekt. Salgsoppgaven beskriver vesentlig og lovpålagt informasjon om eiendommen Se komplett salgsoppgave Nyttige lenker Gi bud Bestill salgsoppgave Eiendommens hjemmeside Visning Ta kontakt for å avtale visning. Husk å lese komplett salgsoppgave før visning. Bestill komplett, utskriftsvennlig salgsoppgave. Visningspåmelding Nyttige lenker Gi bud Bestill salgsoppgave Eiendommens hjemmeside Nærområdet Kart Harøysundvegen 27, 6430 Bud Annonseinformasjon FINN-kode 466201435 Sist endret 01. sep. 2026 23:51 Referanse 21260037 Rapporter annonse Annonsene kan være mangelfulle i forhold til lovpålagt opplysningsplikt. Før bindende avtale inngås oppfordres interessenter til å innhente komplett informasjon fra meglerforetaket, selger eller utleier.",2026-09-21T09:43:58+00:00
466047850,https://www.finn.no/realestate/homes/ad.html?finnkode=466047850,MÅ OPPLEVES! Nydelig hjem med historie i veggene! 68 mål tomt. Låve-Bryggerhus-Sommerfjøs-Stabbur-Drivhus-Koie-Uthus.,"Vestsidevegen 2607, 2863 Vestsida",2863,Vestsida,4 950 000 kr,5 092 740 kr,142 740 kr,,472 956 kr,Gårdsbruk/Småbruk,Selveier,,160 m² (BRA-i),621 m²,,4,,1875,,68 000 m² (eiet),68000,68.0,,,,,5,"Velkommen til Nordre Bråtan; et unikt småbruk som må oppleves! Våningshuset har herlig sjarm og masse historie i veggene. 1. et. består av koselig entré, nydelig kjøkken med spiseplass, en lun og koselig spisestue og delikat stue. I 2. et. finner du tre flotte soverom og et hyggelig kontor. Bad i underetasjen. På eiendommen står det flere eldre bygninger og stedet har en atmosfære som innbyr til ro og fred i sinnet. Her er det muligheter for å dyrke egne grønnsaker, ha hest, kanin og en liten saueflokk. Her kan din firbente venn løpe lykkelig rundt på gårdstunet mens katten ligger i steintrappa og barna har boltreplass i massevis. Eiendommen er perfekt for barnefamilier eller den som ønsker et rolig bosted. Den er også det ideelle feriested. Ditt drømmehjem? Vi ses på visning! Minus Vis mindre NB: Knappen for å vise hele beskrivelsen har kun en visuell effekt. Pluss tegn Vis hele beskrivelsen NB: Knappen for å vise hele beskrivelsen har kun en visuell effekt. Salgsoppgaven beskriver vesentlig og lovpålagt informasjon om eiendommen Se komplett salgsoppgave Nyttige lenker Bestill komplett, utskriftsvennlig salgsoppgave Se komplett salgsoppgave Digital visning Visning Ta kontakt for å avtale visning. Husk å lese komplett salgsoppgave før visning. Bestill komplett, utskriftsvennlig salgsoppgave. Visningspåmelding Gi bud Nyttige lenker Bestill komplett, utskriftsvennlig salgsoppgave Se komplett salgsoppgave Digital visning Nærområdet Kart Vestsidevegen 2607, 2863 Vestsida Annonseinformasjon FINN-kode 466047850 Sist endret 06. juni 2026 11:46 Referanse NO24.2638 Rapporter annonse Annonsene kan være mangelfulle i forhold til lovpålagt opplysningsplikt. Før bindende avtale inngås oppfordres interessenter til å innhente komplett informasjon fra meglerforetaket, selger eller utleier.",2026-09-21T09:43:59+00:00
465940673,https://www.finn.no/realestate/homes/ad.html?finnkode=465940673,Idyllisk småbruk på Inderøya | 25 mål tomt | Fantastisk fjordutsikt | Garasje og fjøs | Kort vei til Straumen,"Vågavegen 40, 7670 Inderøy",7670,Inderøy,4 670 000 kr,4 788 140 kr,118 140 kr,,535 211 kr,Gårdsbruk/Småbruk,Selveier,,135 m² (BRA-i),542 m²,,3,,1750,,25 008 m² (eiet),25008,25.0,,5053,14,8,5,"Aktiv Eiendomsmegling v/ Hallvard Riseth Fjone har gleden av å presentere Vågavegen 40 - et svært idyllisk småbruk med attraktiv beliggenhet på vakre Inderøya. Eiendommen ligger fritt til i naturskjønne omgivelser, med fantastisk utsikt mot fjorden og det vakre kulturlandskapet rundt. Tomten er på 25 mål og gir rikelig med plass til både rekreasjon, hagebruk og mindre dyrehold. Tunet fremstår romslig og innbydende, og eiendommen byr på stor garasje med gode parkerings- og lagringsmuligheter, samt et lite fjøs som gir nyttige tilleggsarealer. Samtidig er beliggenheten praktisk, med kun ca. 8 minutters kjøretur inn til Straumen og daglige servicetilbud. Verdt å merke seg: Småbruk med hesttrø og ridebane God plass til dyrehold og hobbybruk Solrik tomt Minus Vis mindre NB: Knappen for å vise hele beskrivelsen har kun en visuell effekt. Pluss tegn Vis hele beskrivelsen NB: Knappen for å vise hele beskrivelsen har kun en visuell effekt. Salgsoppgaven beskriver vesentlig og lovpålagt informasjon om eiendommen Se komplett salgsoppgave Visning Ta kontakt for å avtale visning. Husk å lese komplett salgsoppgave før visning. Bestill komplett, utskriftsvennlig salgsoppgave. Visningspåmelding Gi bud Nærområdet Kart Vågavegen 40, 7670 Inderøy Annonseinformasjon FINN-kode 465940673 Sist endret 18. sep. 2026 09:27 Referanse 1708260118 Rapporter annonse Annonsene kan være mangelfulle i forhold til lovpålagt opplysningsplikt. Før bindende avtale inngås oppfordres interessenter til å innhente komplett informasjon fra meglerforetaket, selger eller utleier.",2026-09-21T09:44:00+00:00
465076526,https://www.finn.no/realestate/homes/ad.html?finnkode=465076526,"Historisk Asker-gård i AS! 370 mål tomt, flere bygninger, fantastisk utsikt til Oslofjorden, og svært gode solforhold.","Vollenveien 74, 1389 Heggedal",1389,Heggedal,35 000 000 kr,35 000 000 kr,"kr 35 000 000,-",,,Gårdsbruk/Småbruk,Selveier,,250 m² (BRA-i),,,5,,1900,,370 000 m² (eiet),370000,370.0,G - Rød,3203,73,3,5,"Velkommen til Gisle Gård - en unik mulighet som skiller seg ut i mengden! Gisle Gård er vakkert plassert i kulturlandskapet mellom Heggedal og Vollen, og gir deg en opplevelse av landlig ro med fantastisk utsikt over Oslofjorden. Totalarealet av eiendommen er på ca. 370 dekar, og inneholder et hovedhus, en kårbolig, en låve, to garasjer, et stabbur, samt en garasje/ et vognskjul. Eiendommen eies av AS Gisle Gaard, og det er selskapet som er til salgs. Dette er en svært sjelden mulighet både på grunn av eiendommens flotte og sentrale beliggenhet, men også fordi man kan erverve aksjene uten noen form for konsesjonsbehandling. Aksjeselskap kan gi optimal mulighet for aksjeeie i et samlet konsortium. Heller ingen dok.avgift! Ta sjansen, grip muligheten og bli en del av historien til Gisle Gård. Minus Vis mindre NB: Knappen for å vise hele beskrivelsen har kun en visuell effekt. Pluss tegn Vis hele beskrivelsen NB: Knappen for å vise hele beskrivelsen har kun en visuell effekt. Salgsoppgaven beskriver vesentlig og lovpålagt informasjon om eiendommen Se komplett salgsoppgave Nyttige lenker Gi bud Bestill salgsoppgave Eiendommens hjemmeside Visning Ta kontakt for å avtale visning. Husk å lese komplett salgsoppgave før visning. Bestill komplett, utskriftsvennlig salgsoppgave. Visningspåmelding Gi bud Nyttige lenker Gi bud Bestill salgsoppgave Eiendommens hjemmeside Nærområdet Kart Vollenveien 74, 1389 Heggedal Annonseinformasjon FINN-kode 465076526 Sist endret 06. juni 2026 13:15 Referanse 6260252 Rapporter annonse Annonsene kan være mangelfulle i forhold til lovpålagt opplysningsplikt. Før bindende avtale inngås oppfordres interessenter til å innhente komplett informasjon fra meglerforetaket, selger eller utleier.",2026-09-21T09:44:01+00:00
465973990,https://www.finn.no/realestate/homes/ad.html?finnkode=465973990,"Idyllisk småbruk ved fossingfjorden, med egen brygge, strand og sjøbod.","Barmsøyveien 11, 3790 Helle",3790,Helle,8 750 000 kr,8 970 100 kr,220 100 kr,,810 250 kr,Gårdsbruk/Småbruk,Selveier,,222 m² (BRA-i),425 m²,,4,,1957,,35 000 m² (eiet),35000,35.0,Rom,4014,20,3,7,"Barmsøyveien 11 er en idyllisk og svært flott eiendom beliggende ved Fossingfjorden. Den består av hovedhus, bryggerhus, låve, dobbel garasje, og strandlinje med sjøbod, brygge og strandlinje. Eiendommen fremstår som gjennomgående godt ivaretatt og påkostet. Samtlige bygninger er løpende vedlikeholdt og oppgradert, med særlig omfattende tiltak utført de siste 10 15 årene. Oppgraderingene er gjennomført med tanke på lang levetid og fremtidig generasjonsbruk. Eiendommen har sol fra morgen til kveld, og området ligger godt i le for de vanlige sommervindene fra syd og syd-vest. Tomten er nøysommelig opparbeidet og pent holdt. Det er massevis av lune, solrike uteplasser og store grønne områder, perfekt for ballspill og lek. Kontakt megler for visning! Minus Vis mindre NB: Knappen for å vise hele beskrivelsen har kun en visuell effekt. Pluss tegn Vis hele beskrivelsen NB: Knappen for å vise hele beskrivelsen har kun en visuell effekt. Salgsoppgaven beskriver vesentlig og lovpålagt informasjon om eiendommen Se komplett salgsoppgave Visning Ta kontakt for å avtale visning. Husk å lese komplett salgsoppgave før visning. Bestill komplett, utskriftsvennlig salgsoppgave. Visningspåmelding Gi bud Nærområdet Kart Barmsøyveien 11, 3790 Helle Annonseinformasjon FINN-kode 465973990 Sist endret 18. sep. 2026 11:04 Referanse 1302250214 Rapporter annonse Annonsene kan være mangelfulle i forhold til lovpålagt opplysningsplikt. Før bindende avtale inngås oppfordres interessenter til å innhente komplett informasjon fra meglerforetaket, selger eller utleier.",2026-09-21T09:44:03+00:00
456857783,https://www.finn.no/realestate/homes/ad.html?finnkode=456857783,"Flott landbrukseiendom med tilhørende husmannplass| Tradisjonsrikt, flott tun |Idyllisk plassering og rikt naturmiljø","Øvstedalsvegen 11 og 83, 6391 Tresfjord",6391,Tresfjord,10 600 000 kr,10 866 090 kr,266 090 kr,,,Gårdsbruk/Småbruk,Selveier,,195 m² (BRA-i),281 m²,,3,,1913,,603 571 m² (eiet),603571,603.6,,1535,13,9,5,"Øvstedalen i Tresfjord er et område kjent for sitt vakre kulturlandskap, fjellene som omkranser dalen og nærhet til både fjord og turterreng. Her bor du landlig og fredelig, samtidig som hverdagsfasiliteter som skole, barnehage og dagligvare ligger innen gåavstand. Området byr på fine turområder, fjellstier og gode muligheter for friluftsliv året rundt. Eiendommen ligger solrikt og lunt på et tradisjonsrikt tun omgitt av jorder, natur og skog. Tunet rommer våningshus, kårbolig, driftsbygning og sel/mindre bygning. Uteområdene består av plen, hage, dyrka mark og skog, med gode muligheter for aktivitet og drift, samlet areal på over 600 daa fordelt på flere bruksnumre. Eiendommen er konsesjonspliktig, bo- og driveplikt samt odelsrett. Et gårdsbruk med sjel! Minus Vis mindre NB: Knappen for å vise hele beskrivelsen har kun en visuell effekt. Pluss tegn Vis hele beskrivelsen NB: Knappen for å vise hele beskrivelsen har kun en visuell effekt. Salgsoppgaven beskriver vesentlig og lovpålagt informasjon om eiendommen Se komplett salgsoppgave Nyttige lenker Meld interesse Se komplett salgsoppgave Gi bud Visning Ta kontakt for å avtale visning. Visningspåmelding Gi bud Nyttige lenker Meld interesse Se komplett salgsoppgave Gi bud Nærområdet Kart Øvstedalsvegen 11 og 83, 6391 Tresfjord Annonseinformasjon FINN-kode 456857783 Sist endret 06. juni 2026 09:29 Referanse 817250070 Rapporter annonse Annonsene kan være mangelfulle i forhold til lovpålagt opplysningsplikt. Før bindende avtale inngås oppfordres interessenter til å innhente komplett informasjon fra meglerforetaket, selger eller utleier.",2026-09-21T09:44:04+00:00
465945513,https://www.finn.no/realestate/homes/ad.html?finnkode=465945513,"Velholdt og praktisk landbrukseiendom på Lindeberg. Mulig utleieinntekt fra drengestue! Bra vognskjul, sentralt.","Lindebergveien 47 A, 2016 Frogner",2016,Frogner,10 700 000 kr,10 968 590 kr,268 590 kr,,488 302 kr,Gårdsbruk/Småbruk,Selveier,,332 m² (BRA-i),332 m²,,4,,1949,,125 800 m² (eiet),125800,125.8,Rom,3205,264,6,5,"Arealer Totalt bruksareal: 332,0 m² BRA-i: 332,0 m² BRA-e: 68,0 m² BRA-b: 0,0 m² I tillegg kommer TBA (terrasse-/balkongareal): 51,0 m² BRA-i: Internt bruksareal. BRA-e: Eksternt bruksareal. Dersom dette arealet befinner seg i sameie, borettslag, aksjesalg e.l. vil normalt sett disse arealene ikke være eid av boligen, de er kun disponert på salgstidspunktet. Arealet kan f. eks. omrokeres av styret i ettertid. BRA-b: Innglasset balkong. GUA: Gulvareal. ALH: Areal med lav himlingshøyde. Se vedlagte tilstandsrapport for nærmere beskrivelse av arealene. Arealene er oppmålt av bygningssakkyndig og ikke kontrollert/oppmålt av eiendomsmegler. Arealene er oppgitt iht NS 3940 Areal- og volumberegninger av bygninger. Vilbergsholtet er en attraktiv og sentralt plassert landbrukseiendom beliggende langs Lindebergveien på Frogner i Lillestrøm kommune. Gården har et åpent og fritt tun uten gjennomgangstrafikk, og hvor bygningene er plassert rundt tunet på en tradisjonell og funksjonell måte. Tunet består av et romslig våningshus, en drengstue, et vognskjul med lager, samt en frittstående garasje. Vilbergsholtet har et romslig våninghus, med 2 fulle etasjer + innredet loft og kjeller. Det er i tillegg en drengestue med muligheter for leieinntekter, en stor dobbel garasje, og en praktisk driftbygning/vognskjul med mange muligheter. Gårdstunet ligger sentralt til på Lindeberg med ca. 2 min. kjøretur (1,5 km) fra Lindeberg stasjon. Bebyggelsen fremstår som relativt godt vedlikeholdt, og eiendommen gir et helhetlig inntrykk av å være god stand, dog med noe rehabilitering og vedlikeholdsbehov. Tidligere eier har utført en rekke tiltak på hovehuset i de senere år, hvor det bl. a. er etablert ny drenering, oppgradering av kloakkanlegg, utskiftning av tak og utskiftning av flere vinduer, samt utbygging av terrasse og montering av ny terrassedør. Det er også tilrettelegging for fibertilknytning. Eiendommen har et samlet areal på ca. 125,8 daa , hvorav ca. 114,8 daa fulldyrket jord . Det dyrkede arealet er godt arrondert, relativt flatt og lettdrevet, fordelt på to skifter - ett rundt tunet og ett vest for Lindebergveien. Jorda har gode produksjonsforhold og benyttes i dag til kornproduksjon. Arealet er systematisk drenert og har løpende leiekontrakt ut sesongen 2034. Årlig leieinntekt er kr 26 000,-",2026-09-21T09:44:06+00:00
465634805,https://www.finn.no/realestate/homes/ad.html?finnkode=465634805,"Velholdt småbruk med ca. 41 daa fulldyrket jord , strandlinje, våningshus med 3 soverom og driftsbygning.","Østre Solørveg 713, 2211 Kongsvinger",2211,Kongsvinger,3 750 000 kr,3 844 840 kr,94 840 kr,,407 327 kr,Gårdsbruk/Småbruk,Selveier,,271 m² (BRA-i),271 m²,,3,,1940,,47 475 m² (eiet),47475,47.5,,3401,1,12,5,"Småbruk med landlige omgivelser og gode bruks muligheter. Bebyggelsen består av våningshus og driftsbygning. Våningshuset ble opprinnelig oppført i 1940 og ble vesentlig oppgradert samt tilbygget i 1988. Driftsbygningen har tidligere vært benyttet til dyrehold, hvor deler fremstår uendret, i tillegg til arealer disponert til arbeidsrom, garasjer og redskapsrom. Tomten utgjør ca. 47,5 daa, hvorav om lag 41,3 daa fulldyrket jord og 0,9 daa produktiv skog. Landbruksarealene ligger i hovedsak samlet ved bebyggelsen, og består i hovedsak av ensartet sandig/siltig jord av god bruksverdi og stabile avlingsforhold. Eiendommen har en fin  beliggenhet på Rustad langs RV2, med enkel adkomst og praktiske driftsforhold. Minus Vis mindre NB: Knappen for å vise hele beskrivelsen har kun en visuell effekt. Pluss tegn Vis hele beskrivelsen NB: Knappen for å vise hele beskrivelsen har kun en visuell effekt. Salgsoppgaven beskriver vesentlig og lovpålagt informasjon om eiendommen Se komplett salgsoppgave Nyttige lenker Bestill salgsoppgave Visning mandag, 21. september 17:00 – 18:00 Legg til i kalender Ønsker du å delta på visningen ber vi deg melde deg på slik at vi vet at du kommer. Da kan vi bistå alle best mulig og gi deg tiden du trenger på visningen. Visningen avholdes bare dersom det er påmeldte senest 8 timer før visning. Ta gjerne kontakt med megler før visning hvis du har noen spørsmål. Velkommen! Husk å lese komplett salgsoppgave før visning. Bestill komplett, utskriftsvennlig salgsoppgave. Visningspåmelding Gi bud Nyttige lenker Bestill salgsoppgave Nærområdet Kart Østre Solørveg 713, 2211 Kongsvinger Annonseinformasjon FINN-kode 465634805 Sist endret 17. sep. 2026 15:48 Referanse 6024260093 Rapporter annonse Annonsene kan være mangelfulle i forhold til lovpålagt opplysningsplikt. Før bindende avtale inngås oppfordres interessenter til å innhente komplett informasjon fra meglerforetaket, selger eller utleier.",2026-09-21T09:44:07+00:00
465703822,https://www.finn.no/realestate/homes/ad.html?finnkode=465703822,"Småbruk med stor eiendom, strandlinje og mye lagring i naturskjønne omgivelser!","Seljelvnesveien 1755, 9042 Laksvatn",9042,Laksvatn,3 650 000 kr,3 742 600 kr,92 600 kr,,214 162 kr,Gårdsbruk/Småbruk,Selveier,,188 m² (BRA-i),188 m²,,4,,1957,,377 089 m² (eiet),377089,377.1,Rom,5532,10,1,5,"Velkommen til Seljelvnesveien 1755. Eldre småbruk med eiendom på ca 377daa, eldre bolighus, fjøs/redskapshus, garasje og traktorgarasje! Naust og strandlinje på ca 200 meter. Fulldyrket og overflatedyrket jord er totalt på ca 21,7 daa. Eiendommen er konsesjonspliktig og boplikt må påregnes. Landbrukstakst datert 04/05-2026 - kr. 3 650 000,-. Tilstandsrapport datert 04/05-2026 ligger vedlagt i salgsoppgave. Eiendommens bygninger ansees å ha renoveringsbehov. Eiendommen ligger plassert i naturskjønne omgivelser mellom Laksvatn og Nordkjosbotn. Her har man umiddelbar tilgang til flotte naturområder både til fjells og til sjøs. Sjelden mulighet for kjøp av småbruk ca 50 min kjøring fra Tromsø. Vestvendt beliggenhet med gode sol- og lysforhold. Ta kontakt for ytterligere informasjon. Minus Vis mindre NB: Knappen for å vise hele beskrivelsen har kun en visuell effekt. Pluss tegn Vis hele beskrivelsen NB: Knappen for å vise hele beskrivelsen har kun en visuell effekt. Salgsoppgaven beskriver vesentlig og lovpålagt informasjon om eiendommen Se komplett salgsoppgave Nyttige lenker Gi bud Eiendommens hjemmeside Bestill prospekt / Budvarsel Visning Vi ønsker visninger med høyest mulig servicegrad og forutsigbarhet. Derfor har vi alltid påmelding til visning. Meld deg på visning via lenken Visningspåmelding eller kontakt meg på tlf. eller e-post for å avtale tidspunkt. Visninger uten påmeldte deltagere vil bli avlyst. Husk å lese komplett salgsoppgave før visning. Bestill komplett, utskriftsvennlig salgsoppgave. Visningspåmelding Gi bud Nyttige lenker Gi bud Eiendommens hjemmeside Bestill prospekt / Budvarsel Nærområdet Kart Seljelvnesveien 1755, 9042 Laksvatn Annonseinformasjon FINN-kode 465703822 Sist endret 27. aug. 2026 16:16 Referanse 1-0156/26 Rapporter annonse Annonsene kan være mangelfulle i forhold til lovpålagt opplysningsplikt. Før bindende avtale inngås oppfordres interessenter til å innhente komplett informasjon fra meglerforetaket, selger eller utleier.",2026-09-21T09:44:08+00:00
465666002,https://www.finn.no/realestate/homes/ad.html?finnkode=465666002,"Granli | Velholdt gårdsbruk med moderne driftsbygning | Stor bolig med utleieleilighet | 109 daa. dyrket, 34 daa. skog","Lerpeveien 322, 3039 Drammen",3039,Drammen,12 750 000 kr,13 069 840 kr,319 840 kr,,986 013 kr,Gårdsbruk/Småbruk,Selveier,,365 m² (BRA-i),365 m²,,5,,1954,2,147 900 m² (eiet),147900,147.9,Rom,3301,42,7,5,"Granli er en sentralt beliggende landbrukseiendom, åpent og fint til langs Lerpeveien i Skoger syd i Drammen kommune. Gode solforhold, utsyn over nærområdene og kort vei til flotte turområder både sommer og vinter. Jorda er lettdrevet, av god kvalitet og ligger samlet i 1 skifte inntil tunet. Jorda er i dag leid bort men kan være ledig etter driftssesongen 2026. Bygningsmassen, som består av stor bolig med egen utleieleilighet og en fleksibel driftsbygning fra 1982 i stålkonstuksjon med store kjøreporter tilpasset gårdens behov, ligger på et pent tun og utearealer.  Leiligheten er pusset opp i 2020 og loftetasjen innredet i 2025. Velkommen på visning! Minus Vis mindre NB: Knappen for å vise hele beskrivelsen har kun en visuell effekt. Pluss tegn Vis hele beskrivelsen NB: Knappen for å vise hele beskrivelsen har kun en visuell effekt. Salgsoppgaven beskriver vesentlig og lovpålagt informasjon om eiendommen Se komplett salgsoppgave Nyttige lenker Bestill prospekt Gi bud Visning Ta kontakt for å avtale visning. Husk å lese komplett salgsoppgave før visning. Bestill komplett, utskriftsvennlig salgsoppgave. Visningspåmelding Gi bud Nyttige lenker Bestill prospekt Gi bud Nærområdet Kart Lerpeveien 322, 3039 Drammen Annonseinformasjon FINN-kode 465666002 Sist endret 29. juni 2026 08:24 Referanse GAR30.2635 Rapporter annonse Annonsene kan være mangelfulle i forhold til lovpålagt opplysningsplikt. Før bindende avtale inngås oppfordres interessenter til å innhente komplett informasjon fra meglerforetaket, selger eller utleier.",2026-09-21T09:44:10+00:00
465623446,https://www.finn.no/realestate/homes/ad.html?finnkode=465623446,Småbruk med hybelleilighet. Åpen solrik beliggenhet. Vestvendt. Mjøsutsikt. Tomt på 35 dekar.,"Åshøgdvegen 552, 2360 Rudshøgda",2360,Rudshøgda,3 690 000 kr,3 783 640 kr,93 640 kr,,295 572 kr,Gårdsbruk/Småbruk,Selveier,,361 m² (BRA-i),520 m²,,6,,1936,,34 751 m² (eiet),34751,34.8,,3411,245,12,5,"Velkommen til Åshøgdvegen 552, en sjarmerende eiendom med våningshus og en låve beliggende i naturskjønne omgivelser på Åshøgda, ikke langt fra Ringsaker kirke. Eiendommen ligger sentralt til med kort avstand til Moelv sentrum, E6, Brumunddal og Hamar. Flotte turmuligheter i nærområdet. Våningshuset består av hoveddel og hybel, men det er bare en godkjent boenhet. Dør i mellom hoveddel og hybel. Eneboligen, hoveddel inneholder bl.a.: Kjøkken, bad, vaskerom, toalettrom, 2 stuer, 4 soverom. Hybelen inneholder bl.a. kjøkken, bad, toalettrom, 2 soverom og stue. Tomten på ca 35 078 kvm, hvorav 26,4 er fulldyrka jord, og 3,7 er produktiv skog. Minus Vis mindre NB: Knappen for å vise hele beskrivelsen har kun en visuell effekt. Pluss tegn Vis hele beskrivelsen NB: Knappen for å vise hele beskrivelsen har kun en visuell effekt. Salgsoppgaven beskriver vesentlig og lovpålagt informasjon om eiendommen Se komplett salgsoppgave Visning Ved annonsert visning er det viktig at du melder deg på visningen ved å bruke visningspåmeldingsknappen eller kontakter megler. For visninger utover dette, ta direkte kontakt med megler. Husk å lese komplett salgsoppgave før visning. Bestill komplett, utskriftsvennlig salgsoppgave. Visningspåmelding Gi bud Nærområdet Kart Åshøgdvegen 552, 2360 Rudshøgda Annonseinformasjon FINN-kode 465623446 Sist endret 18. sep. 2026 12:46 Referanse 1214260021 Rapporter annonse Annonsene kan være mangelfulle i forhold til lovpålagt opplysningsplikt. Før bindende avtale inngås oppfordres interessenter til å innhente komplett informasjon fra meglerforetaket, selger eller utleier.",2026-09-21T09:44:11+00:00
440345985,https://www.finn.no/realestate/homes/ad.html?finnkode=440345985,"Velkommen til Seterbøvegen 44 - Skogseiendom med bolighus, utleiehus og nyere grisehus","Seterbøvegen 44, 5419 Fitjar",5419,Fitjar,14 500 000 kr,14 863 590 kr,363 590 kr,,1 067 676 kr,Gårdsbruk/Småbruk,Selveier,,222 m² (BRA-i),222 m²,,4,,2001,,2 348 322 m² (eiet),2348322,2348.3,,4615,55,1,7,"Velkommen til Sæterbø, velholdt landbrukseiendom beliggende i naturskjønne omgivelser. Her er det flotte turområder rett utenfor døren. Bruket ligger i sør/østre del av Fitjar kommune. Det er ca. 3 km fra barneskole, og ca. 6 km til ungdomsskole og videregående skole. Gården ligger i et aktivt landbruksområde og inneholder våningshus fra 2001, eldre utleiehus/ kårhus som ofte leies ut til jaktlag, driftsbygning, redskapshus og nyere grisehus fra 2011. Eiendommens totale areal er 2348 daa. Arealet fordeles slik: Fulldyrka/ overflatedyrka jord: 83 daa Udyrka/ gjødsla beite: 140 daa Produktiv skog: 511 daa Annet areal: 1614 daa Eiendommen har skogsareal som har tilkomst via skogsveier. Se 360 presentasjon her: https://millsmedia.no/landkreditt360/seterbovegen44 Minus Vis mindre NB: Knappen for å vise hele beskrivelsen har kun en visuell effekt. Pluss tegn Vis hele beskrivelsen NB: Knappen for å vise hele beskrivelsen har kun en visuell effekt. Salgsoppgaven beskriver vesentlig og lovpålagt informasjon om eiendommen Se komplett salgsoppgave Nyttige lenker Gi bud Bestill salgsoppgave Eiendommens hjemmeside Visning Ta kontakt for å avtale visning. Husk å lese komplett salgsoppgave før visning. Bestill komplett, utskriftsvennlig salgsoppgave. Visningspåmelding Gi bud Nyttige lenker Gi bud Bestill salgsoppgave Eiendommens hjemmeside Nærområdet Kart Seterbøvegen 44, 5419 Fitjar Annonseinformasjon FINN-kode 440345985 Sist endret 19. aug. 2026 10:25 Referanse 331250005 Rapporter annonse Annonsene kan være mangelfulle i forhold til lovpålagt opplysningsplikt. Før bindende avtale inngås oppfordres interessenter til å innhente komplett informasjon fra meglerforetaket, selger eller utleier.",2026-09-21T09:44:12+00:00
465587427,https://www.finn.no/realestate/homes/ad.html?finnkode=465587427,"Småbruk på Vega med enebolig, fjøs og stor garasje | Flytebrygge | Oppgradert bad og garasje m/​ elbillader","Vallsjøveien 45, 8984 Vega",8984,Vega,2 850 000 kr,2 922 340 kr,72 340 kr,,222 892 kr,Gårdsbruk/Småbruk,Selveier,,122 m² (BRA-i),381 m²,,3,,1978,,104 468 m² (eiet),104468,104.5,Rom,1815,30,8,5,"Velkommen til Vallsjøveien 45! Et sjarmerende lite småbruk på Vega med enebolig, fjøs og en stor garasje. Eiendommen ligger fint til på en liten høyde med utsikt over landskapet og sjøen. Her bor du fredelig med god plass rundt deg. Hovedhuset har en praktisk planløsning over ett plan med tre soverom og er jevnlig oppgradert, blant annet med ny ytterdør og skyvedør i stuen. Stuen har en vedovn som gir god varme og utgang til en stor, vestvendt terrasse. Badet er delikat oppgradert med både badekar og dusjkabinett, og har flislagt gulv med varmekabler for ekstra komfort. Høydepunkter: Stor, vestvendt terrasse med utgang fra stuen Oppgradert bad med badekar, dusj og gulvvarme Garasje med tre porter og elbillader fra 2024 Fjøs med innredede båser og stort lagringspotensial Godkjent flytebrygge på sjøtomt ved Vallsjøen Luft-til-luft varmepumpe og vedovn i stuen Velkommen til visning! Minus Vis mindre NB: Knappen for å vise hele beskrivelsen har kun en visuell effekt. Pluss tegn Vis hele beskrivelsen NB: Knappen for å vise hele beskrivelsen har kun en visuell effekt. Salgsoppgaven beskriver vesentlig og lovpålagt informasjon om eiendommen Se komplett salgsoppgave Nyttige lenker Eiendommens hjemmeside Bestill salgsoppgave Visning Ta kontakt for å avtale visning. Husk å lese komplett salgsoppgave før visning. Bestill komplett, utskriftsvennlig salgsoppgave. Visningspåmelding Gi bud Nyttige lenker Eiendommens hjemmeside Bestill salgsoppgave Nærområdet Kart Vallsjøveien 45, 8984 Vega Annonseinformasjon FINN-kode 465587427 Sist endret 29. juli 2026 19:28 Referanse 86260005 Rapporter annonse Annonsene kan være mangelfulle i forhold til lovpålagt opplysningsplikt. Før bindende avtale inngås oppfordres interessenter til å innhente komplett informasjon fra meglerforetaket, selger eller utleier.",2026-09-21T09:44:14+00:00
465596482,https://www.finn.no/realestate/homes/ad.html?finnkode=465596482,"Småbruket Øvre Lunde i Valebø | Tomt på ca. 8,4 mål | Enebolig m/​ 3 sov og nyere kjøkken | Stor låve/​driftsbygning","Valebø 777, 3721 Skien",3721,Skien,3 590 000 kr,3 680 840 kr,90 840 kr,,,Gårdsbruk/Småbruk,Selveier,,164 m² (BRA-i),706 m²,,3,,1974,,8 420 m² (eiet),8420,8.4,,4003,335,36,5,"Velkommen til Valebø 777! En eiendom med stor eiertomt, våningshus og en stor og innholdsrik låve med rikelig plass. Eiendommen ligger i landlige og fredelige omgivelser på en stor tomt på ca. 8,4 dekar. Her får du en unik mulighet for dyrehold eller arealkrevende hobbyer, takket være en svært stor låve på 542 m². Våningshuset er praktisk med alt på ett plan, inkludert tre soverom, romslig stue og nyere kjøkken. Vedovn av nyere årgang for god varme og hygge. Fra stuen er det utgang til en terrasse med utsikt over det åpne kulturlandskapet. Boligen har også sokkeletasje/ kjeller. Velkommen til visning på en eiendom med plass, landlige omgivelser og potensial for å sette sitt eget preg! Minus Vis mindre NB: Knappen for å vise hele beskrivelsen har kun en visuell effekt. Pluss tegn Vis hele beskrivelsen NB: Knappen for å vise hele beskrivelsen har kun en visuell effekt. Salgsoppgaven beskriver vesentlig og lovpålagt informasjon om eiendommen Se komplett salgsoppgave Nyttige lenker Bestill salgsoppgave Visning Ønsker du å delta på visningen ber vi deg melde deg på slik at vi vet at du kommer. Da kan vi bistå alle best mulig og gi deg tiden du trenger på visningen. Kontakt gjerne megler før visning hvis du har spørsmål. Visningen avholdes bare dersom det er påmeldte. Hvis det ikke er oppsatt visningstidspunkt eller tidspunkt ikke passer, kontakt megler. Husk å lese komplett salgsoppgave før visning. Bestill komplett, utskriftsvennlig salgsoppgave. Visningspåmelding Gi bud Nyttige lenker Bestill salgsoppgave Nærområdet Kart Valebø 777, 3721 Skien Annonseinformasjon FINN-kode 465596482 Sist endret 11. juni 2026 10:26 Referanse 2843260191 Rapporter annonse Annonsene kan være mangelfulle i forhold til lovpålagt opplysningsplikt. Før bindende avtale inngås oppfordres interessenter til å innhente komplett informasjon fra meglerforetaket, selger eller utleier.",2026-09-21T09:44:15+00:00
465324156,https://www.finn.no/realestate/homes/ad.html?finnkode=465324156,Nedre Jonsrud  Gård | Skog | Golf | Gode leieinntekter | 333 dekar totalt | 23 min til Oslo,"Lommedalsveien 340 OG Gamleveien 174, 1350 Lommedalen",1350,Lommedalen,24 000 000 kr,24 614 890 kr,614 890 kr,,535 241 kr,Gårdsbruk/Småbruk,Selveier,,441 m² (BRA-i),441 m²,,5,,2023,1,333 000 m² (eiet),333000,333.0,,3201,101,1,7,"Nedre Jonsrud/Johnsrud er en sjelden og innholdsrik landbrukseiendom med attraktiv beliggenhet i et etterspurt område i Lommedalen. Eiendommen består av to separate tun med gode avstander mellom bolig, drift. Kombinerer landlige omgivelser, solide leieinntekter og nærhet til flotte rekreasjonsmuligheter året rundt- med marka, golfbane og turterreng rett utenfor døren. Denne landbrukseiendommen har ingen priskontroll, noe som gir større frihet for kjøper. Dette er en utradisjonell landbrukseiendom med et spennende og fleksibelt eiendomsbilde bestående av to separate tun, golfarealer og samlede årlige leieinntekter på Kr 964.000,-! (2027) Det nye våningshuset i Gamleveien ligger skjermet og tilbaketrukket fra både golfbanen og Lommedalsveien, omgitt av egen skog med svært gode solforhold. Minus Vis mindre NB: Knappen for å vise hele beskrivelsen har kun en visuell effekt. Pluss tegn Vis hele beskrivelsen NB: Knappen for å vise hele beskrivelsen har kun en visuell effekt. Salgsoppgaven beskriver vesentlig og lovpålagt informasjon om eiendommen Se komplett salgsoppgave Nyttige lenker Bestill prospekt Gi bud Visning søndag, 11. oktober 15:00 – 16:00 Legg til i kalender Alle våre visninger har påmelding, på denne måten sikrer vi oss god oversikt og tid til å imøtekomme alle interessenter på beste måte. Husk å lese komplett salgsoppgave før visning. Bestill komplett, utskriftsvennlig salgsoppgave. Visningspåmelding Gi bud Nyttige lenker Bestill prospekt Gi bud Nærområdet Kart Lommedalsveien 340 OG Gamleveien 174, 1350 Lommedalen Annonseinformasjon FINN-kode 465324156 Sist endret 17. sep. 2026 13:38 Referanse GAR30.2624 Rapporter annonse Annonsene kan være mangelfulle i forhold til lovpålagt opplysningsplikt. Før bindende avtale inngås oppfordres interessenter til å innhente komplett informasjon fra meglerforetaket, selger eller utleier.",2026-09-21T09:44:16+00:00
464221711,https://www.finn.no/realestate/homes/ad.html?finnkode=464221711,Landbrukseiendom i Murudalen omgitt av fin natur | Utsikt mot Jotunheimen | Våningshus & driftsbygning | To hyttetomter,"Murudalsvegen 890, 2676 Heidal",2676,Heidal,3 800 000 kr,3 896 090 kr,96 090 kr,,288 596 kr,Gårdsbruk/Småbruk,Selveier,,190 m² (BRA-i),1 126 m²,,5,,1956,2,331 700 m² (eiet),331700,331.7,Rom,3437,172,10,7,"Eiendomsmegler 1 presenterer Murudalsvegen 890 - En innholdsrik landbrukseiendom i Murudalen! Her bor du nær naturen og omgitt av et rikt kulturlanskap, og med flott utsikt over dalen og mot Jotunheimen. Det er ikke husdyrproduksjon på bruket i dag, og jordbruksarealene er bortleid til grasproduksjon. Eiendommen har et areal på ca 331,7 daa og er et tradisjonelt tun m/våningshus, driftsbygning og flere bygninger som bl.a. en gammel stugu, eldhus, gammelt fjøs og uthus. Våningshuset fra 1956 byr på et romslig kjøkken, 2 stuer, 5 soverom og 2 bad. Dette åpner for et mangfold av bruksmuligheter, enten du drømmer om dyrehold, hobbyer eller bare vil nyte roen. To hyttetomter på Sundtjønnhaugen hyttefelt medfølger. Eiendommen er konsesjonspliktig. Velkommen! Minus Vis mindre NB: Knappen for å vise hele beskrivelsen har kun en visuell effekt. Pluss tegn Vis hele beskrivelsen NB: Knappen for å vise hele beskrivelsen har kun en visuell effekt. Salgsoppgaven beskriver vesentlig og lovpålagt informasjon om eiendommen Se komplett salgsoppgave Nyttige lenker Bestill salgsoppgave Bladbar salgsoppgave Visning Vi ber om at interessenter melder seg på våre visninger på forhånd. Det vil ikke bli avholdt visning uten påmelding. Vi anbefaler at du laster ned og leser igjennom salgsoppgaven før visning, og ring oss gjerne på forhånd for spørsmål om boligen. Velkommen. Husk å lese komplett salgsoppgave før visning. Bestill komplett, utskriftsvennlig salgsoppgave. Visningspåmelding Gi bud Nyttige lenker Bestill salgsoppgave Bladbar salgsoppgave Nærområdet Kart Murudalsvegen 890, 2676 Heidal Annonseinformasjon FINN-kode 464221711 Sist endret 19. aug. 2026 13:00 Referanse 1312260016 Rapporter annonse Annonsene kan være mangelfulle i forhold til lovpålagt opplysningsplikt. Før bindende avtale inngås oppfordres interessenter til å innhente komplett informasjon fra meglerforetaket, selger eller utleier.",2026-09-21T09:44:17+00:00
464983010,https://www.finn.no/realestate/homes/ad.html?finnkode=464983010,Landbrukseiendom i Naustdal,"Espelandsvegen 87, 6817 Naustdal",6817,Naustdal,900 000 kr,923 850 kr,23 850 kr,,,Gårdsbruk/Småbruk,Selveier,,,,,,,1890,,,,,G - Rød,4647,533,2,3,,2026-09-21T09:44:19+00:00
464379243,https://www.finn.no/realestate/homes/ad.html?finnkode=464379243,"Østgarden, Sogn på Hadeland - Nordens Toscana med utsikt over Randsfjorden - Sjelden mulighet!","Sognsveien 150 og 154, 3520 Jevnaker",3520,Jevnaker,9 800 000 kr,10 046 090 kr,246 090 kr,,1 765 618 kr,Gårdsbruk/Småbruk,Selveier,,1 969 m² (BRA-i),1 969 m²,,9,,1870,,5 929 m² (eiet),5929,5.9,Rom,3236,163,28,5,"Velkommen til Sogn gård, idag definert som et småbruk, med tomt på ca 6 DAA. En sjelden eiendom omgitt av bølgende kulturlandskap, skog og vakker utsikt ned mot Randsfjorden. Mange beskriver Hadeland som  Nordens Toscana    og det er lett å forstå hvorfor. Her får du stillhet, natur og livskvalitet, samtidig som du bor sentralt med kort vei til både Oslo, Hønefoss og Gardermoen. Den perfekte kombinasjonen av landlig ro og tilgjengelighet. Sogn gård er et sted for deg som ønsker mer plass, lavere tempo og rom til å skape. Et hjem for kreative sjeler, naturelskere eller deg som bare ønsker å leve litt nærmere det som betyr noe. Her kan man virkelig finne, og kjenne på roen, omringet av åkerlandskap. Dette er ikke bare en eiendom, det er et sted å lande. Håper vi sees! Minus Vis mindre NB: Knappen for å vise hele beskrivelsen har kun en visuell effekt. Pluss tegn Vis hele beskrivelsen NB: Knappen for å vise hele beskrivelsen har kun en visuell effekt. Salgsoppgaven beskriver vesentlig og lovpålagt informasjon om eiendommen Se komplett salgsoppgave Nyttige lenker Meld interesse Se komplett salgsoppgave Gi bud Visning Ta kontakt for å avtale privat visning - tlf 92 80 62 78. Visningspåmelding Gi bud Nyttige lenker Meld interesse Se komplett salgsoppgave Gi bud Nærområdet Kart Sognsveien 150 og 154, 3520 Jevnaker Annonseinformasjon FINN-kode 464379243 Sist endret 30. juli 2026 17:40 Referanse 518260058 Rapporter annonse Annonsene kan være mangelfulle i forhold til lovpålagt opplysningsplikt. Før bindende avtale inngås oppfordres interessenter til å innhente komplett informasjon fra meglerforetaket, selger eller utleier.",2026-09-21T09:44:20+00:00
464515516,https://www.finn.no/realestate/homes/ad.html?finnkode=464515516,Sørskogbygda- Småbruk med nyere og moderne enebolig fra 2015. Dobbelgarasje og uthus med boder. Stor tomt på  80 890 m².,"Øvre Uthuslivegen 35, 2412 Sørskogbygda",2412,Sørskogbygda,5 980 000 kr,6 144 390 kr,164 390 kr,,,Gårdsbruk/Småbruk,Selveier,,157 m² (BRA-i),290 m²,,3,,2015,1,80 890 m² (eiet),80890,80.9,Rom,3420,153,35,5,"Velkommen til Øvre Uthuslivegen 35! En idyllisk og usjenert eiendom med sol fra morgen til kveld. Nærhet til flotte turmuligheter, tjern med bade- og fiskemuligheter, samt kort avstand til skole, barnehage og dagligvare. Området byr på en avslappende atmosfære med spredt bebyggelse og natur rundt. Eneboligen går over ett plan og inneholder stue, spisestue, kjøkken, tre soverom, to bad, vaskerom/teknisk rom, gang og bod. Huset har vannbåren gulvvarme, vedovn og balansert ventilasjon. Uteplassen består av en sydvestvendt terrasse på 41 m² med utgang fra stuen. Eiendommen inkluderer en dobbelgarasje fra 2024 og uthus med boder, stor tomt på 80 890 m². Velkommen til visning! Benytt egen knapp for visningspåmelding, eller kontakt Hans Petter Carlsson, MNEF på tlf. 911 25 518 Minus Vis mindre NB: Knappen for å vise hele beskrivelsen har kun en visuell effekt. Pluss tegn Vis hele beskrivelsen NB: Knappen for å vise hele beskrivelsen har kun en visuell effekt. Salgsoppgaven beskriver vesentlig og lovpålagt informasjon om eiendommen Se komplett salgsoppgave Nyttige lenker Bestill prospekt Gi bud Visning Alle våre visninger har påmelding. På denne måten sikrer vi at megler har god oversikt og tid til å imøtekomme alle interessenter på beste måte. Skulle ingen være påmeldt til visningen, vil visningen ikke bli gjennomført. Passer ikke annonsert tidspunkt, ta kontakt så finner vi en løsning. Husk å lese komplett salgsoppgave før visning. Bestill komplett, utskriftsvennlig salgsoppgave. Visningspåmelding Gi bud Nyttige lenker Bestill prospekt Gi bud Nærområdet Kart Øvre Uthuslivegen 35, 2412 Sørskogbygda Annonseinformasjon FINN-kode 464515516 Sist endret 27. mai 2026 12:18 Referanse GAR14.2637 Rapporter annonse Annonsene kan være mangelfulle i forhold til lovpålagt opplysningsplikt. Før bindende avtale inngås oppfordres interessenter til å innhente komplett informasjon fra meglerforetaket, selger eller utleier.",2026-09-21T09:44:22+00:00
428930869,https://www.finn.no/realestate/homes/ad.html?finnkode=428930869,"Landbrukseiendom med 837 daa totalt areal. Våningshus med generasjonsdel, driftsbygning, uthus og stabbur.","Vestbakkvegen 2, 2840 Reinsvoll",2840,Reinsvoll,7 950 000 kr,8 163 019 kr,213 019 kr,,370 185 kr,Gårdsbruk/Småbruk,Selveier,,431 m² (BRA-i),431 m²,,,,1905,,,,,G - Rød,3443,95,1,3,,2026-09-21T09:44:23+00:00
464269483,https://www.finn.no/realestate/homes/ad.html?finnkode=464269483,"Tidligere småbruk med enebolig fra 2015, våningshus, dobbelgarasje, låve og sel. Barnevennlig beliggenhet!","Dalevegen 1016, 6230 Sykkylven",6230,Sykkylven,6 500 000 kr,6 677 480 kr,177 480 kr,,89 813 kr,Gårdsbruk/Småbruk,Selveier,,200 m² (BRA-i),200 m²,,4,,2015,,46 467 m² (eiet),46467,46.5,C - Lysegrønn,1528,68,2,5,"Velkommen til Dalevegen 1016 - et tidligere småbruk med landlig og idyllisk beliggenhet i Søvikdalen. Eiendommen består av enebolig fra 2015, våningshus, garasje fra 2019, låve, sommerfjøs og sel. Eneboligen går over to plan og inneholder: Hovedetasje: Stue, kjøkken, soverom, bad, badstue, wc-rom, vaskerom, kontor, gang, vindfang og bod. Loftsetasje: Tre soverom, bad, gang og bod. Våningshuset ble oppgradert i perioden 2015-2017 og kan fungere fint som et utleieobjekt for den som måtte ønske det. Eiendommen har en barnevennlig beliggenhet i landlige og naturskjønne omgivelser i Søvikdalen, cirka 10 km fra Sykkylven sentrum. Området er omkranset av majestetiske fjell som byr på god utsikt og flotte turmål i umiddelbar nærhet. På sommerstid har man kort vei til Andestadvatnet som er et populært badeområde. Velkommen på visning - husk påmelding! Minus Vis mindre NB: Knappen for å vise hele beskrivelsen har kun en visuell effekt. Pluss tegn Vis hele beskrivelsen NB: Knappen for å vise hele beskrivelsen har kun en visuell effekt. Salgsoppgaven beskriver vesentlig og lovpålagt informasjon om eiendommen Se komplett salgsoppgave Nyttige lenker Gi bud Bestill salgsoppgave Eiendommens hjemmeside Hjemmeside Visning Ta kontakt for å avtale visning. Husk å lese komplett salgsoppgave før visning. Bestill komplett, utskriftsvennlig salgsoppgave. Visningspåmelding Gi bud Nyttige lenker Gi bud Bestill salgsoppgave Eiendommens hjemmeside Hjemmeside Nærområdet Kart Dalevegen 1016, 6230 Sykkylven Annonseinformasjon FINN-kode 464269483 Sist endret 09. sep. 2026 10:18 Referanse 21250158 Rapporter annonse Annonsene kan være mangelfulle i forhold til lovpålagt opplysningsplikt. Før bindende avtale inngås oppfordres interessenter til å innhente komplett informasjon fra meglerforetaket, selger eller utleier.",2026-09-21T09:44:25+00:00
464454931,https://www.finn.no/realestate/homes/ad.html?finnkode=464454931,Stor eiendom på 480 dekar med eldre tun bestående av flere bygninger i rolige og landlige omgivelser langs Bondalsvegen,"Bondalsvegen 401 og 403, 3697 Tuddal",3697,Tuddal,2 190 000 kr,2 246 140 kr,56 140 kr,,,Gårdsbruk/Småbruk,Selveier,,127 m² (BRA-i),279 m²,,2,,1900,,480 000 m² (eiet),480000,480.0,,4024,108,3,5,"Velkommen til Bondalsvegen 401 og 403, beliggende i naturskjønne omgivelser langs Bondalsvegen i Hjartdal kommune. Området byr på rolig atmosfære med nærhet til fjell og natur, samt kort avstand til lokale fasiliteter som Joker Tuddal og Tuddal Montessoriskule. Her finner du også gode turmuligheter. Mulighet for småviltjakt. Bondalsvegen 401 består av et våningshus med et bruksareal på 64 m², mens Bondalsvegen 403 har et bruksareal på 63 m². På eiendommene står det flere eldre bygg. Eiendommen har behov for omfattende renovering, inkludert tak, vegger, gulv og tekniske installasjoner. Samlet tomteareal for eiendommene er på over 480 dekar. Eiendommen gir mulighet for å skape ditt eget drømmeprosjekt i landlige omgivelser. Det er boplikt i Hjartdal kommune. Minus Vis mindre NB: Knappen for å vise hele beskrivelsen har kun en visuell effekt. Pluss tegn Vis hele beskrivelsen NB: Knappen for å vise hele beskrivelsen har kun en visuell effekt. Salgsoppgaven beskriver vesentlig og lovpålagt informasjon om eiendommen Se komplett salgsoppgave Visning Ta kontakt for å avtale visning. Husk å lese komplett salgsoppgave før visning. Bestill komplett, utskriftsvennlig salgsoppgave. Visningspåmelding Gi bud Nærområdet Kart Bondalsvegen 401 og 403, 3697 Tuddal Annonseinformasjon FINN-kode 464454931 Sist endret 18. aug. 2026 11:32 Referanse 1306260002 Rapporter annonse Annonsene kan være mangelfulle i forhold til lovpålagt opplysningsplikt. Før bindende avtale inngås oppfordres interessenter til å innhente komplett informasjon fra meglerforetaket, selger eller utleier.",2026-09-21T09:44:27+00:00
464337117,https://www.finn.no/realestate/homes/ad.html?finnkode=464337117,"Fantastisk mulighet - Småbruk med naturskjønn beliggenhet ved Ålfjorden - Naustteig - Ca 45,8 mål tomt","Ålfjordvegen 770, 5555 Førde i Hordaland",5555,Førde i Hordaland,2 990 000 kr,3 080 500 kr,90 500 kr,,,Gårdsbruk/Småbruk,Selveier,,159 m² (BRA-i),287 m²,,3,,,,45 786 m² (eiet),45786,45.8,,4612,107,6,5,"Velkommen til ""Paradis"" - Et idyllisk småbruk med naturskjønn beliggenhet og egen sjøteig, på Oa ved Ålfjorden! Eiendommen strekker seg over ca 45,8 mål og består bl.a av fulldyrket jord, produktiv skog, egen sjøteig og en nydelig, skjermet hage med flere uteplasser. Fri og vakker utsikt mot kulturlandskapet og sjøen! Våningshuset er innholdsrikt over tre etg med 3 soverom, 2 stuer, kjøkken og bad. En romslig låve/fjøsbygning og boder gir rikelig med lagringsplass. Kort kjørevei til Førde med skole og butikk, og ca 40 min til Haugesund. Det må påregnes oppgraderinger av bygningsmassen. Høydepunkter: -Idyllisk småbruk med stor tomt -Sjøteig -Solrikt -Romslig våningshus med 3 soverom -Låve/fjøs med stort potensial -Storslått utsikt! -Nydelige uteområder -Fulldyrket jord og produktiv skog Minus Vis mindre NB: Knappen for å vise hele beskrivelsen har kun en visuell effekt. Pluss tegn Vis hele beskrivelsen NB: Knappen for å vise hele beskrivelsen har kun en visuell effekt. Salgsoppgaven beskriver vesentlig og lovpålagt informasjon om eiendommen Se komplett salgsoppgave Nyttige lenker Se komplett salgsoppgave Bestill komplett salgsoppgave Gi bud Visning Trykk på ""Visningspåmelding""-knappen for enkelt å melde deg på. Vi gjør oppmerksom på at visning ikke blir avholdt, dersom det ikke er påmeldte. Velkommen til visning! Husk å lese komplett salgsoppgave før visning. Bestill komplett, utskriftsvennlig salgsoppgave. Visningspåmelding Gi bud Nyttige lenker Se komplett salgsoppgave Bestill komplett salgsoppgave Gi bud Nærområdet Kart Ålfjordvegen 770, 5555 Førde i Hordaland Annonseinformasjon FINN-kode 464337117 Sist endret 22. mai 2026 08:49 Referanse 1-0213/26 Rapporter annonse Annonsene kan være mangelfulle i forhold til lovpålagt opplysningsplikt. Før bindende avtale inngås oppfordres interessenter til å innhente komplett informasjon fra meglerforetaket, selger eller utleier.",2026-09-21T09:44:28+00:00
464217175,https://www.finn.no/realestate/homes/ad.html?finnkode=464217175,"Koselig småbruk med 105,9 daa skog. Flott enebolig fra 2018, kårbolig/​selskapslokale, garasje fra 2026 og låve m/​fjøsdel","Furuknappen 176 og 178, 2415 Heradsbygd",2415,Heradsbygd,7 500 000 kr,7 693 890 kr,193 890 kr,,909 414 kr,Gårdsbruk/Småbruk,Selveier,,309 m² (BRA-i),800 m²,,3,,2018,2,134 318 m² (eiet),134318,134.3,Rom,3420,51,18,5,"Velkommen til Furuknappen 176 og 178! Småbruket ""Furuknapteigen"" er et koselig sted med fin, usjenert og landlig beliggenhet. Umiddelbar nærhet til flotte turmuligheter med skiløyper på vinteren. Eiendommen som er på totalt 134,4 daa består av bla. 105,9 daa produktiv skog og 13,3 daa fulldyrka jord. Gårdstunet er bebygd med en enebolig fra 2018, en kårbolig fra 1890, en garasje fra 2026, en låve med fjøsdel, en lekestue og et grisehus. Eneboligen har en familievennelig planløsning over to plan, moderne standard fra 2018 med gode kvaliteter som bla. vannbåren gulvvarme i hele 1. etasje. Stor og solrik terrasse som strekker seg rundt hele huset. Kårboligen er registrert som en enebolig, men er i dag innredet som et sjarmerende selskapslokale med bar, spillrom, bad, loftstue og soverom. Minus Vis mindre NB: Knappen for å vise hele beskrivelsen har kun en visuell effekt. Pluss tegn Vis hele beskrivelsen NB: Knappen for å vise hele beskrivelsen har kun en visuell effekt. Salgsoppgaven beskriver vesentlig og lovpålagt informasjon om eiendommen Se komplett salgsoppgave Visning Ta kontakt for å avtale visning. Husk å lese komplett salgsoppgave før visning. Bestill komplett, utskriftsvennlig salgsoppgave. Visningspåmelding Gi bud Nærområdet Kart Furuknappen 176 og 178, 2415 Heradsbygd Annonseinformasjon FINN-kode 464217175 Sist endret 18. sep. 2026 10:03 Referanse 1211260080 Rapporter annonse Annonsene kan være mangelfulle i forhold til lovpålagt opplysningsplikt. Før bindende avtale inngås oppfordres interessenter til å innhente komplett informasjon fra meglerforetaket, selger eller utleier.",2026-09-21T09:44:29+00:00
459986959,https://www.finn.no/realestate/homes/ad.html?finnkode=459986959,Konsesjonspliktig landbrukseigedom i flotte omgivelser på Åsane | Jakt & fiskerett | Fallrettsleige |,"Veg 7205 273, 6819 Førde",6819,Førde,4 150 000 kr,4 268 800 kr,118 800 kr,,,Gårdsbruk/Småbruk,Selveier,,303 m² (BRA-i),312 m²,,5,,1936,,634 275 m² (eiet),634275,634.3,Rom,4647,49,7,5,"Konsesjonspliktig gardsbruk ca.15 min køyretur frå Førde sentrum. Det har ikkje vore drift på garden på ca. 20 år, og jorda er pakta vekk til nærliggande bruk i dag. Tunet består av våningshus, kårbustad, driftsbygning og to uthus. Eigedommen har eit totalareal på ca. 634daa som fordelar seg på 6 teigar. Fulldyrka og overflatedyrka jord utgjer 67daa og innmarksbeite 32daa. Meg eigedomen er det jakt & fiskerett i Åsvatnet. Her har også eigedomen naust ved Oretangen. Jakta utgjer 2,5 hjorte-dyr pr. år. Eigedomen har også støl ca. 2km sør/aust for tunet. Her er stølshus og uthus/låve. Det går grusveg nesten heilt opp på stølen då det er bygd ut kraftverk i elva. Eigar mottar ein årleg fallrettsleige frå kraftverket. Velkommen til visning - hugs påmelding til meklar! Minus Vis mindre NB: Knappen for å vise hele beskrivelsen har kun en visuell effekt. Pluss tegn Vis hele beskrivelsen NB: Knappen for å vise hele beskrivelsen har kun en visuell effekt. Salgsoppgaven beskriver vesentlig og lovpålagt informasjon om eiendommen Se komplett salgsoppgave Nyttige lenker Bestill salgsoppgave Gi bud Visning Ta kontakt for å avtale visning. Husk å lese komplett salgsoppgave før visning. Bestill komplett, utskriftsvennlig salgsoppgave. Visningspåmelding Gi bud Nyttige lenker Bestill salgsoppgave Gi bud Nærområdet Kart Veg 7205 273, 6819 Førde Annonseinformasjon FINN-kode 459986959 Sist endret 20. mai 2026 15:30 Referanse 2000250286 Rapporter annonse Annonsene kan være mangelfulle i forhold til lovpålagt opplysningsplikt. Før bindende avtale inngås oppfordres interessenter til å innhente komplett informasjon fra meglerforetaket, selger eller utleier.",2026-09-21T09:44:31+00:00
464226029,https://www.finn.no/realestate/homes/ad.html?finnkode=464226029,"Småbruk med stort potensiale i naturskjønne omgivelser - Praktfull, opparbeidet hage!","Vormestrandvegen 789, 4235 Hebnes",4235,Hebnes,8 000 000 kr,8 201 090 kr,201 090 kr,,182 100 kr,Gårdsbruk/Småbruk,Selveier,,433 m² (BRA-i),447 m²,,10,,2011,,505 683 m² (eiet),505683,505.7,,1134,184,4,5,"Velkommen til Vormestrand 789 - et praktfullt og innholdsrikt småbruk med flott plassering i naturskjønne omgivelser med spektakulær utsikt. Eiendommen byr på en sjelden kombinasjon av landlig idyll, gode solforhold, og spennende muligheter for dyrking og utleie. Eiendommen består av 2 bolighus samt et fritidshus og naust. Våningshus over tre etasjer som bla. består av stue/kjøkken, 4 soverom, 3 bad, vaskerom, badstue, grovkjeller og bod. Enebolig som inneholder bla. stue/kjøkken, 4 soverom og 2 bad. En eiendom av de sjeldne med opparbeidet hage med solrike og lune uteplasser! Velkommen til visning! Minus Vis mindre NB: Knappen for å vise hele beskrivelsen har kun en visuell effekt. Pluss tegn Vis hele beskrivelsen NB: Knappen for å vise hele beskrivelsen har kun en visuell effekt. Salgsoppgaven beskriver vesentlig og lovpålagt informasjon om eiendommen Se komplett salgsoppgave Nyttige lenker Gi bud Bestill salgsoppgave Eiendommens hjemmeside Visning Ta kontakt for å avtale visning. Husk å lese komplett salgsoppgave før visning. Bestill komplett, utskriftsvennlig salgsoppgave. Visningspåmelding Gi bud Nyttige lenker Gi bud Bestill salgsoppgave Eiendommens hjemmeside Nærområdet Kart Vormestrandvegen 789, 4235 Hebnes Annonseinformasjon FINN-kode 464226029 Sist endret 03. juli 2026 09:18 Referanse 314251018 Rapporter annonse Annonsene kan være mangelfulle i forhold til lovpålagt opplysningsplikt. Før bindende avtale inngås oppfordres interessenter til å innhente komplett informasjon fra meglerforetaket, selger eller utleier.",2026-09-21T09:44:32+00:00
409939514,https://www.finn.no/realestate/homes/ad.html?finnkode=409939514,"Kolbjørnrud | Vakker og herskapelig eiendom med nærhet til Oslo, egen sandstrand, molo, svømmebasseng og tennisbane","Hauggata 30, 3533 Tyristrand",3533,Tyristrand,30 000 000 kr,30 751 090 kr,751 090 kr,,4 126 988 kr,Gårdsbruk/Småbruk,Selveier,,474 m² (BRA-i),474 m²,,5,,1861,4,426 000 m² (eiet),426000,426.0,,3305,259,2,7,"Kolbjørnrud ligger med vidstrakt utsikt ved Tyrifjorden, en time utenfor Oslo. Kolbjørnrud har historisk betydning, og dagens eier har renovert med henblikk på å bevare gårdens kulturhistoriske verdi. Gården har en betydelig bygningsmasse med flere bolighus, en ""låve"" med gildehall og kontor, et stabbur, lysthus, tennisbane med klubbhus og et bassengbygg. Egen strandlinje med molo og båtplasser. Bor du i byen og ønsker en ny livsstil litt utenfor storbymaset hvor du kan samle storfamilien? Her er det plass til alle sammen. Velkommen til Kolbjørnrud Minus Vis mindre NB: Knappen for å vise hele beskrivelsen har kun en visuell effekt. Pluss tegn Vis hele beskrivelsen NB: Knappen for å vise hele beskrivelsen har kun en visuell effekt. Salgsoppgaven beskriver vesentlig og lovpålagt informasjon om eiendommen Se komplett salgsoppgave Nyttige lenker Bestill prospekt Gi bud Visning Det avholdes privatvisninger på eiendommen i uke 23. Kontakt megler for påmelding Husk å lese komplett salgsoppgave før visning. Bestill komplett, utskriftsvennlig salgsoppgave. Visningspåmelding Gi bud Nyttige lenker Bestill prospekt Gi bud Nærområdet Kart Hauggata 30, 3533 Tyristrand Annonseinformasjon FINN-kode 409939514 Sist endret 01. juni 2026 12:22 Referanse GAR30.2548 Rapporter annonse Annonsene kan være mangelfulle i forhold til lovpålagt opplysningsplikt. Før bindende avtale inngås oppfordres interessenter til å innhente komplett informasjon fra meglerforetaket, selger eller utleier.",2026-09-21T09:44:34+00:00
464026933,https://www.finn.no/realestate/homes/ad.html?finnkode=464026933,"Langeland - Lista! Innholdsrikt småbruk med stor bygningsmasse, fjøs, plasthall m.m. Nytt yttertak enebolig i 2025!","Langeland 4, 4560 Vanse",4560,Vanse,2 950 000 kr,3 025 140 kr,75 140 kr,,,Gårdsbruk/Småbruk,Selveier,,156 m² (BRA-i),452 m²,,3,,1900,2,2 000 m² (eiet),2000,2.0,,4206,96,16,7,"Innholdsrik eiendom med rolig beliggenhet på Langeland, i nærheten Lista flyplass. Eiendommen består av eldre, renovert enebolig over to etasjer, noe av driftsbygning fra 1995 og dobbel garasje fra 2013 med innredet loft. Det er store bruksarealer med plasthall, fjøsbygning med mange muligheter. Boligen er oppgradert med ny terrasse i 2024 og nytt yttertak i 2025 samt undertaket. Praktisk planløsning med romslig stue med skyvedør til terrasse, funksjonelt kjøkken, bad og god bod- og lagringsplass. Loftet inneholder tre soverom og romslig gang som kan benyttes som hjemmekontor. Garasjen har god plass samt loft med innredede rom. Asfaltert gårdsrom, stort gruslagt uteareal med plasthall og tomt på ca. 2 mål. Ca. 5 km til Vanse og 10 km til Farsund. Velkommen! Minus Vis mindre NB: Knappen for å vise hele beskrivelsen har kun en visuell effekt. Pluss tegn Vis hele beskrivelsen NB: Knappen for å vise hele beskrivelsen har kun en visuell effekt. Salgsoppgaven beskriver vesentlig og lovpålagt informasjon om eiendommen Se komplett salgsoppgave Visning Påmelding til megler innen dagen før kl 16:00 visningsdagen. Velkommen! Husk å lese komplett salgsoppgave før visning. Bestill komplett, utskriftsvennlig salgsoppgave. Visningspåmelding Gi bud Nærområdet Kart Langeland 4, 4560 Vanse Annonseinformasjon FINN-kode 464026933 Sist endret 11. sep. 2026 14:36 Referanse 1408260095 Rapporter annonse Annonsene kan være mangelfulle i forhold til lovpålagt opplysningsplikt. Før bindende avtale inngås oppfordres interessenter til å innhente komplett informasjon fra meglerforetaket, selger eller utleier.",2026-09-21T09:44:35+00:00
463773705,https://www.finn.no/realestate/homes/ad.html?finnkode=463773705,Landlig beliggende eiendom med bolighus og driftsbygning,"Nordsjøvegen 3660, 4363 Brusand",4363,Brusand,3 450 000 kr,3 537 340 kr,87 340 kr,,,Gårdsbruk/Småbruk,Selveier,,112 m² (BRA-i),418 m²,,4,,,,3 168 m² (eiet),3168,3.2,Rom,1119,102,30,5,"Velkommen til Nordsjøvegen 3660! Eiendommen ligger landlig like utenfor bebyggelsen på Brusand. Avkjøring fra RV44 mellom Kvassheim og Brusand. Kort vei til strand, sjø, butikk og togstasjon med gode togforbindelser både nordover og sørover. Tomteareal på 3.168 kvm. Eiendommen består av bolig og driftsbygning. Parkering på egen grunn. Bygningsmassen trenger oppussing og modernisering. Velkommen til visning - husk påmelding! Minus Vis mindre NB: Knappen for å vise hele beskrivelsen har kun en visuell effekt. Pluss tegn Vis hele beskrivelsen NB: Knappen for å vise hele beskrivelsen har kun en visuell effekt. Salgsoppgaven beskriver vesentlig og lovpålagt informasjon om eiendommen Se komplett salgsoppgave Nyttige lenker Bestill salgsoppgave Visning Ønsker du å delta på visningen ber vi deg melde deg på slik at vi vet at du kommer. Da kan vi bistå alle best mulig og gi deg tiden du trenger på visningen. Kontakt gjerne megler før visning hvis du har spørsmål. Visningen avholdes bare dersom det er påmeldte. Hvis det ikke er oppsatt visningstidspunkt eller tidspunkt ikke passer, kontakt megler. Husk å lese komplett salgsoppgave før visning. Bestill komplett, utskriftsvennlig salgsoppgave. Visningspåmelding Gi bud Nyttige lenker Bestill salgsoppgave Nærområdet Kart Nordsjøvegen 3660, 4363 Brusand Annonseinformasjon FINN-kode 463773705 Sist endret 08. sep. 2026 08:01 Referanse 2403240127 Rapporter annonse Annonsene kan være mangelfulle i forhold til lovpålagt opplysningsplikt. Før bindende avtale inngås oppfordres interessenter til å innhente komplett informasjon fra meglerforetaket, selger eller utleier.",2026-09-21T09:44:36+00:00
463365021,https://www.finn.no/realestate/homes/ad.html?finnkode=463365021,"Innholdsrikt småbruk med våningshus, verksted m/​ flere isolerte rom, hytte og to uthus på 32 daa tomt ved Skalbukilen","Kaptein Dreyers veg 1362, 2283 Åsnes Finnskog",2283,Åsnes Finnskog,2 600 000 kr,2 666 390 kr,66 390 kr,,,Gårdsbruk/Småbruk,Selveier,,366 m² (BRA-i),872 m²,,5,,1972,1,32 907 m² (eiet),32907,32.9,,3418,34,8,7,"Vi har gleden av å presentere Kaptein Dreyers veg 1362, et innholdsrikt småbruk som ligger landlig til på Skalbukilen. Eiendommen har en tomt på drøye 32,9 daa hvorav blant annet dyrket jord utgjør ca. 23,7 daa, skog ca. 1,7 daa og bebygd tun ca. 5,9 daa. Tunet består av våningshus, verksted med flere isolerte rom (næringsdel), garasjer og uthus. Tidligere har eiendommen vært smie, campingplass og gatekjøkken. Med andre ord en eiendom med muligheter for den som ønsker det, og også for dyrehold. Merk deg dette: - Bolig med fem soverom - Muligheter for både to og firbeinte - Landlig og fint område med Finnskogens naturområder like ved - Nærhet til Flisaelva og scooterled - Ca. 13 minutters kjøretur til Flisa Minus Vis mindre NB: Knappen for å vise hele beskrivelsen har kun en visuell effekt. Pluss tegn Vis hele beskrivelsen NB: Knappen for å vise hele beskrivelsen har kun en visuell effekt. Salgsoppgaven beskriver vesentlig og lovpålagt informasjon om eiendommen Se komplett salgsoppgave Visning mandag, 21. september 17:00 – 17:30 Legg til i kalender Ved annonsert visning er det viktig at du melder deg på visningen ved å bruke visningspåmeldingsknappen eller kontakter megler. Annonserte visninger hvor det ikke er noen påmeldte innen kl. 16.00 dagen før visningsdagen vil ikke bli avholdt. For visninger utover dette, ta direkte kontakt med megler. Husk å lese komplett salgsoppgave før visning. Bestill komplett, utskriftsvennlig salgsoppgave. Visningspåmelding Gi bud Nærområdet Kart Kaptein Dreyers veg 1362, 2283 Åsnes Finnskog Annonseinformasjon FINN-kode 463365021 Sist endret 18. sep. 2026 08:59 Referanse 1212260053 Rapporter annonse Annonsene kan være mangelfulle i forhold til lovpålagt opplysningsplikt. Før bindende avtale inngås oppfordres interessenter til å innhente komplett informasjon fra meglerforetaket, selger eller utleier.",2026-09-21T09:44:37+00:00
442891308,https://www.finn.no/realestate/homes/ad.html?finnkode=442891308,Sigersberg - Gård/​småbruk tilrettelagt for hest- og sauehold. Flotte turområder i umiddelbar nærhet.,"Kluftmovegen 456, 2364 Næroset",2364,Næroset,6 520 000 kr,6 697 290 kr,177 290 kr,,,Gårdsbruk/Småbruk,Selveier,191 m²,,280 m²,,,,1954,,173 800 m² (eiet),173800,173.8,,3411,275,1,3,,2026-09-21T09:44:39+00:00
390464734,https://www.finn.no/realestate/homes/ad.html?finnkode=390464734,Unik beliggenhet. Ærverdige bygninger.Strandlinje.Tett på Gjøvik. Mulighet for boligutvikling.,"Gjøvikvegen 963, 2820 Nordre Toten",2820,Nordre Toten,29 000 000 kr,29 739 269 kr,739 269 kr,,1 365 196 kr,Gårdsbruk/Småbruk,Selveier,1 m²,,,360 m²,,,1800,,727 000 m² (eiet),727000,727.0,,3442,125,1,3,,2026-09-21T09:44:40+00:00
432485187,https://www.finn.no/realestate/homes/ad.html?finnkode=432485187,Flott gårdsbruk med sentrumsnær beliggenhet.,"Trondheimsveien 3411, 7391 Rennebu",7391,Rennebu,4 700 000 kr,4 818 850 kr,118 850 kr,,288 596 kr,Gårdsbruk/Småbruk,Selveier,,268 m² (BRA-i),1 300 m²,,6,,1907,,509 259 m² (eiet),509259,509.3,Rom,5022,83,1,5,"Eiendommen har et flott oppgradert våningshus og en oppgradert driftsbygning. Fra eiendommen er det kort veg til Berkåk sentrum og kun ca 100 meter til gangstien som er forholdsvis flat frem til sentrum. Det er vedtatt bygging av ny E6 lenger øst for tunet. Boligen er tilbygget og vesentlig oppgradert med blant annet nytt vaskerom og bad i 2024. Deler av fjøset er av nyere dato og i god stand. Minus Vis mindre NB: Knappen for å vise hele beskrivelsen har kun en visuell effekt. Pluss tegn Vis hele beskrivelsen NB: Knappen for å vise hele beskrivelsen har kun en visuell effekt. Salgsoppgaven beskriver vesentlig og lovpålagt informasjon om eiendommen Se komplett salgsoppgave Visning Ved annonsert visning er det viktig at du melder deg på visningen ved å bruke visningspåmeldingsknappen eller kontakter megler. Annonserte visninger hvor det ikke er noen påmeldte innen kl. 16.00 dagen før visningsdagen vil ikke bli avholdt. Husk å lese komplett salgsoppgave før visning. Bestill komplett, utskriftsvennlig salgsoppgave. Visningspåmelding Gi bud Nærområdet Kart Trondheimsveien 3411, 7391 Rennebu Annonseinformasjon FINN-kode 432485187 Sist endret 05. aug. 2026 09:55 Referanse 1703250068 Rapporter annonse Annonsene kan være mangelfulle i forhold til lovpålagt opplysningsplikt. Før bindende avtale inngås oppfordres interessenter til å innhente komplett informasjon fra meglerforetaket, selger eller utleier.",2026-09-21T09:44:41+00:00
424018298,https://www.finn.no/realestate/homes/ad.html?finnkode=424018298,"Herskapelig gårdsbruk med staselig våningshus fra 1800. Strandlinje, brygge, parkhage, stall, ridebane og 2 utleiehus.","Berganveien 166A, 3138 Skallestad",3138,Skallestad,28 000 000 kr,28 701 090 kr,701 090 kr,,781 772 kr,Gårdsbruk/Småbruk,Selveier,,228 m² (BRA-i),910 m²,,6,,1800,2,244 300 m² (eiet),244300,244.3,,3911,41,1,5,"Velkommen til Ulvø gård, en herskapelig eiendom på 244 daa med lang strandlinje mot Bjerkøysundet. Gården er en perfekt kombinasjon av landlig idyll og sjøliv, med store skogsarealer som strekker seg mot fjorden i øst, og grønne jorder i nordvest. Ved fjorden står et sjarmerende badehus med brygge, og tunet er innbydende med frodig allé, parkhage og rødmalt stabbur. Låven med stall og et vognskjul har egen gårdsplass, samt en stor ridebane i bakkant. I utkanten av tunet står et kårhus og en forpakterbolig, begge godt egnet for utleie. Våningshuset fra 1800 er et staselig bygg over tre plan med velholdt standard og autentisk sjarm. Bygget rommer tre flotte stuer, et kjøkken fra Kvänum med gruepeis, en loftstue, stort vaskerom fra 2000, pent bad fra 2015, tre soverom, samt en stor kjeller Minus Vis mindre NB: Knappen for å vise hele beskrivelsen har kun en visuell effekt. Pluss tegn Vis hele beskrivelsen NB: Knappen for å vise hele beskrivelsen har kun en visuell effekt. Salgsoppgaven beskriver vesentlig og lovpålagt informasjon om eiendommen Se komplett salgsoppgave Nyttige lenker Bestill salgsoppgave Visning Dersom du planlegger å delta på visning må du melde deg på visningen i forkant til megler. Trykk på påmeldingsknappen i annonsen eller kontakt megler. Frist for påmelding er dagen før visning innen kl. 12.00. Husk å lese komplett salgsoppgave før visning. Bestill komplett, utskriftsvennlig salgsoppgave. Visningspåmelding Gi bud Nyttige lenker Bestill salgsoppgave Nærområdet Kart Berganveien 166A, 3138 Skallestad Annonseinformasjon FINN-kode 424018298 Sist endret 22. juli 2026 10:25 Referanse 2865250031 Rapporter annonse Annonsene kan være mangelfulle i forhold til lovpålagt opplysningsplikt. Før bindende avtale inngås oppfordres interessenter til å innhente komplett informasjon fra meglerforetaket, selger eller utleier.",2026-09-21T09:44:42+00:00
425625721,https://www.finn.no/realestate/homes/ad.html?finnkode=425625721,Innholdsrikt og romslig småbruk | Fiskerett og naust | Idylliske og landlige omgivelser | Sjelden mulighet,"Øvre Selstadveien 45, 8149 Neverdal",8149,Neverdal,2 100 000 kr,2 153 590 kr,53 590 kr,,1 217 478 kr,Gårdsbruk/Småbruk,Selveier,,348 m² (BRA-i),688 m²,,3,,1967,3,132 268 m² (eiet),132268,132.3,,1837,48,53,7,"Simon Lyngved Fjordholm og Christian Strandheim Jørgensen v/ DNB Eiendom ønsker deg velkommen til Øvre Selstadveien 45! Innholdsrik og romslig enebolig og landbrukstomt med fantastiske omgivelser. Eiendommen ligger like ved Selstadvatnet. Her er det ca. 15 minutter med bil til Ørnes hvor du finner det du trenger av fasiliteter. Ørnes skole, dagligvarebutikker og vinmonopol for å nevne noen. Det er også hurtigbåtkai og hurtigrutekai på Ørnes. Boligen ligger fint til i et rolig nabolag. Eneboligen har behov for modernisering. Med landbrukstomten følger naust og fiskerett i nærliggende vann/elv. Landbrukseiendommen er det av utmarkslag ifbm. jakt og fiskerett og får kjøtt levert fra jaktlaget. Velkommen til visning, husk visningspåmelding! Minus Vis mindre NB: Knappen for å vise hele beskrivelsen har kun en visuell effekt. Pluss tegn Vis hele beskrivelsen NB: Knappen for å vise hele beskrivelsen har kun en visuell effekt. Salgsoppgaven beskriver vesentlig og lovpålagt informasjon om eiendommen Se komplett salgsoppgave Nyttige lenker Meld interesse Se komplett salgsoppgave Gi bud Visning Ta kontakt for å avtale visning. Visningspåmelding Gi bud Nyttige lenker Meld interesse Se komplett salgsoppgave Gi bud Nærområdet Kart Øvre Selstadveien 45, 8149 Neverdal Annonseinformasjon FINN-kode 425625721 Sist endret 01. juli 2026 14:41 Referanse 813250337 Rapporter annonse Annonsene kan være mangelfulle i forhold til lovpålagt opplysningsplikt. Før bindende avtale inngås oppfordres interessenter til å innhente komplett informasjon fra meglerforetaket, selger eller utleier.",2026-09-21T09:44:43+00:00
385540420,https://www.finn.no/realestate/homes/ad.html?finnkode=385540420,"Fin, solrik landbrukseiendom på ca 100 daa. Oppgradert våningshus med 6 soverom. Stor, tradisjonell låve.","Gårdløsgutua 137, 2847 Kolbu",2847,Kolbu,5 900 000 kr,6 061 728 kr,161 728 kr,,273 985 kr,Gårdsbruk/Småbruk,Selveier,,235 m² (BRA-i),235 m²,,6,,1894,,99 900 m² (eiet),99900,99.9,G - Oransje,3442,263,4,3,,2026-09-21T09:44:45+00:00
462408912,https://www.finn.no/realestate/homes/ad.html?finnkode=462408912,Enebolig med låve og ca 19 mål tomt. Landlig beliggenhet mellom Darbu og Kongsberg. Låve med lagringsplass.,"Gamle Kongsbergvei 450, 3322 Fiskum",3322,Fiskum,3 500 000 kr,3 588 590 kr,88 590 kr,,648 939 kr,Gårdsbruk/Småbruk,Selveier,,97 m² (BRA-i),496 m²,,2,,1884,,19 175 m² (eiet),19175,19.2,,3314,135,14,5,"Enebolig med landlig beliggenhet mellom Darbu og Kongsberg God plass til parkering på gårdsplassen Låve med stor lagringsplass Romslig tomt med totalareal på ca. 19 mål Solrik eiendom som har vært brukt til ulikt dyrehold Inngjerdet store deler av eiendommen Behov for renovering av eiendommene Nabobygning/forsamlingslokalet kan kjøpes om ønskelig (Prisantydning 2,6 mill) Kort vei til flotte turmuligheter i skogen En liten kjøretur unna finner du Fiskumvannet og Eikern Ca. 15 minutter kjøring til Vestfossen og ca. 10 min til Kongsberg med et bredt utvalg av servicetilbud, butikker, kafeer og restauranter Velkommen til visning! Minus Vis mindre NB: Knappen for å vise hele beskrivelsen har kun en visuell effekt. Pluss tegn Vis hele beskrivelsen NB: Knappen for å vise hele beskrivelsen har kun en visuell effekt. Salgsoppgaven beskriver vesentlig og lovpålagt informasjon om eiendommen Se komplett salgsoppgave Nyttige lenker Gi Bud Eiendommens hjemmeside på Krogsveen.no Visning For å delta på visning, ber vi om at du melder deg på. Da sikrer vi at du får nødvendig informasjon og at det er satt av tilstrekkelig med tid. Kontakt megler dersom annet tidspunkt ønskes. Husk å lese salgsoppgaven før visningen, så du stiller forberedt. NB. Visning utgår dersom det ikke er noen påmeldte. Ønsker du kun å bli holdt orientert, kan du fra eiendommens hjemmeside få varsel om solgtpris, eller kontakte megler. Visningspåmelding Gi bud Nyttige lenker Gi Bud Eiendommens hjemmeside på Krogsveen.no Nærområdet Kart Gamle Kongsbergvei 450, 3322 Fiskum Annonseinformasjon FINN-kode 462408912 Sist endret 07. sep. 2026 11:48 Referanse KR20.25400 Rapporter annonse Annonsene kan være mangelfulle i forhold til lovpålagt opplysningsplikt. Før bindende avtale inngås oppfordres interessenter til å innhente komplett informasjon fra meglerforetaket, selger eller utleier.",2026-09-21T09:44:46+00:00
461778157,https://www.finn.no/realestate/homes/ad.html?finnkode=461778157,"Stort og idyllisk småbruk m/​uthus, kårbolig og romslig garasje. Solrikt og usjenert; landlig utsikt og inngjerdet hage.","Thonsveien 9A og 9B, 1960 Løken",1960,Løken,5 800 000 kr,5 946 390 kr,146 390 kr,,394 539 kr,Gårdsbruk/Småbruk,Selveier,,266 m² (BRA-i),636 m²,,5,,1969,,19 580 m² (eiet),19580,19.6,,3226,36,6,5,"Oppfyll småbruksdrømmen i idylliske og fredfulle omgivelser. Thonsveien 9 A og B er et stort småbruk med fulldyrka jord, egen kårbolig og et romslig hovedhus over to plan pluss potetkjeller. Eiendommen er på ca 19,5 mål, og har landlig utsikt, store plenarealer og en enorm frihetsfølelse. I tillegg til boarealene består bebyggelsen av et romslig vognskjul, et sjarmerende stabbur, et stort uthus med stall og et garasjebygg med tre porter. Tunet består av en gruslagt gårdsplass med gode muligheter for ytterligere parkering. Potensialet er stort, og småbruket passer godt til dyrehold eller diverse prosjekter. Hovedhuset har to stuer, stort kjøkken, separat vaskerom og to soverom. I hovedstuen er det vedovn, og badet har badekar, dusjhjørne og vannbåren varme. Velkommen! Minus Vis mindre NB: Knappen for å vise hele beskrivelsen har kun en visuell effekt. Pluss tegn Vis hele beskrivelsen NB: Knappen for å vise hele beskrivelsen har kun en visuell effekt. Salgsoppgaven beskriver vesentlig og lovpålagt informasjon om eiendommen Se komplett salgsoppgave Visning Visning som annonsert, eller privatvisning etter avtale med megler Kenneth Sverre mobil 93029613. Husk å lese komplett salgsoppgave før visning. Bestill komplett, utskriftsvennlig salgsoppgave. Visningspåmelding Gi bud Nærområdet Kart Thonsveien 9A og 9B, 1960 Løken Annonseinformasjon FINN-kode 461778157 Sist endret 18. sep. 2026 12:39 Referanse 1107260059 Rapporter annonse Annonsene kan være mangelfulle i forhold til lovpålagt opplysningsplikt. Før bindende avtale inngås oppfordres interessenter til å innhente komplett informasjon fra meglerforetaket, selger eller utleier.",2026-09-21T09:44:47+00:00
416541143,https://www.finn.no/realestate/homes/ad.html?finnkode=416541143,Eldre gårdsbruk fra 1917,"Sørdalsveien 8, 8406 Sortland",8406,Sortland,1 050 000 kr,1 085 000 kr,35 000 kr,0 kr,1 832 000 kr,Gårdsbruk/Småbruk,Selveier,,,117 m²,,3,,1917,,75 000 m² (eiet),75000,75.0,,1870,3,51,1,"Det må påregnes større renovering på alle bygningene. Innlagt vann, egen septiktank, strøm er utkoblet.",2026-09-21T09:44:49+00:00
461894151,https://www.finn.no/realestate/homes/ad.html?finnkode=461894151,Idyllisk beliggende småbruk i Setesdal med ferdig regulert hyttefelt,Velkommen til idylliske Setesdalsvegen 3246 - et herlig småbruk på Rysstad,3246,- et herlig småbruk på Rysstad,4 200 000 kr,4 306 090 kr,106 090 kr,,439 162 kr,Gårdsbruk/Småbruk,Selveier,,169 m² (BRA-i),169 m²,,3,,1900,,177 376 m² (eiet),177376,177.4,,4221,68,4,7,"Fint beliggende småbruk ved elva på Rysstad i Valle, Setesdalen. Eiendommen har et pent, gammelt tømmerhus samt noen eldre gårdsbygninger i enkel stand. I tillegg har eiendommen et ferdig regulert hyttefelt på Nyestøyl vest for Rysstad. Hyttefeltet har 34 tomter. Dyrka jord: 7,2 daa Innmarksbeite: 2,3 daa Produktiv skog: 90,1 daa Annet markslag: 76,1 daa Bebygd, samf, vann, bre: 1,7 daa Til sammen: 177,4 dekar Minus Vis mindre NB: Knappen for å vise hele beskrivelsen har kun en visuell effekt. Pluss tegn Vis hele beskrivelsen NB: Knappen for å vise hele beskrivelsen har kun en visuell effekt. Salgsoppgaven beskriver vesentlig og lovpålagt informasjon om eiendommen Se komplett salgsoppgave Nyttige lenker Gi bud Bestill salgsoppgave Eiendommens hjemmeside Visning Ta kontakt for privatvisning. Husk å lese komplett salgsoppgave før visning. Bestill komplett, utskriftsvennlig salgsoppgave. Visningspåmelding Gi bud Nyttige lenker Gi bud Bestill salgsoppgave Eiendommens hjemmeside Nærområdet Kart Setesdalsvegen 3246, 4748 Rysstad Annonseinformasjon FINN-kode 461894151 Sist endret 30. apr. 2026 18:09 Referanse 331260012 Rapporter annonse Annonsene kan være mangelfulle i forhold til lovpålagt opplysningsplikt. Før bindende avtale inngås oppfordres interessenter til å innhente komplett informasjon fra meglerforetaket, selger eller utleier.",2026-09-21T09:44:50+00:00
354273892,https://www.finn.no/realestate/homes/ad.html?finnkode=354273892,Idyllisk småbruk med flott beliggenhet på Langeby. Svømmebasseng- Låve- Anneks- Uthus- Mulighet for leie av båtplass.,"Fløyåsstien 6, 3234 Sandefjord",3234,Sandefjord,9 900 000 kr,10 148 590 kr,248 590 kr,,966 881 kr,Gårdsbruk/Småbruk,Selveier,,167 m² (BRA-i),201 m²,,2,,1972,,34 932 m² (eiet),34932,34.9,,3907,105,1,5,"Velkommen til Fløyåsstien 6. Et idyllisk småbruk i naturskjønne omgivelser med turmuligheter rett utenfor døren.  En særegen og solrik eiendom med mange bruksmuligheter med drøye 34.9 mål tomt. Eiendommen har et påkostet og innholdsrikt hovedhus over to plan, nydelige utearealer, hyggelig utestue med peis, store terrasser og svømmebasseng. En unik eiendom bestående av hovedhus, låve, anneks og uthus. Dette er eiendommen for de som søker landlige omgivelser, og som er meget godt egnet for de som ønsker plass til flere typer hobbyer eller fritidsaktiviteter. Beliggenheten er ettertraktet, og fra boligen kan man på få minutter gå ned til sjøen for et friskt bad, fiske eller andre sjøaktiviteter. Vesterøya er kjent for som et flott sted på sommerstid med mange fastboende og hytteturister. Minus Vis mindre NB: Knappen for å vise hele beskrivelsen har kun en visuell effekt. Pluss tegn Vis hele beskrivelsen NB: Knappen for å vise hele beskrivelsen har kun en visuell effekt. Salgsoppgaven beskriver vesentlig og lovpålagt informasjon om eiendommen Se komplett salgsoppgave Nyttige lenker Bestill salgsoppgave Visning Ønsker du å delta på visningen ber vi deg melde deg på slik at vi vet at du kommer. Da kan vi bistå alle best mulig og gi deg tiden du trenger på visningen. Kontakt gjerne megler før visning hvis du har spørsmål. Visningen avholdes bare dersom det er påmeldte. Hvis det ikke er oppsatt visningstidspunkt eller tidspunkt ikke passer, kontakt megler. Husk å lese komplett salgsoppgave før visning. Bestill komplett, utskriftsvennlig salgsoppgave. Visningspåmelding Gi bud Nyttige lenker Bestill salgsoppgave Nærområdet Kart Fløyåsstien 6, 3234 Sandefjord Annonseinformasjon FINN-kode 354273892 Sist endret 11. sep. 2026 10:34 Referanse 2865250046 Rapporter annonse Annonsene kan være mangelfulle i forhold til lovpålagt opplysningsplikt. Før bindende avtale inngås oppfordres interessenter til å innhente komplett informasjon fra meglerforetaket, selger eller utleier.",2026-09-21T09:44:51+00:00
315534473,https://www.finn.no/realestate/homes/ad.html?finnkode=315534473,"Spennende småbruk med 2 eneboliger, dbl.garasje og låve på 613 kvm med allsidige bruksområder og gode utleie inntekter","Tosebygdaveien 226 og 227, 1860 Trøgstad",1860,Trøgstad,9 950 000 kr,10 220 000 kr,270 000 kr,,932 695 kr,Gårdsbruk/Småbruk,Selveier,,250 m² (BRA-i),946 m²,,5,,1917,,9 914 m² (eiet),9914,9.9,,3118,639,18,5,"Velkommen til Bergenhus, et fint småbruk med stort potensial, omkranset av nydelig landskap. Eiendommen er meget godt tilrettelagt for hestehold med opparbeidet ridebane samt inngjerdet lufteplass for hester. Ca 10 min med bil til Askim med alt som der finnes. Skolebussen stopper rett ved. Enebolig: 1. etasje: Entré, Bad, Gang, Vaskerom, Kjøkken, Stue og Spisestue. 2. etasje: 4 Soverom, Stue og Bad. Enebolig m/garasje og servicedel til stallen: 1. etasje: Entre, Bad/vaskerom, Stue/kjøkken, Soverom og Hems. Dobbeltgarasje med oppvarmet bod. Servicedel: Vaskerom, WC og dusj. Låve: 1. etasje: 9 stallplasser og to utebokser, Forrom og plass til lagring av høy, Salrom, Vaskespilt, Sykeboks og Verstedbu. Plass for oppsaling. 2. etasje: Oppvarmet areal med boder, Garderobe, Pauserom, m.m. Minus Vis mindre NB: Knappen for å vise hele beskrivelsen har kun en visuell effekt. Pluss tegn Vis hele beskrivelsen NB: Knappen for å vise hele beskrivelsen har kun en visuell effekt. Salgsoppgaven beskriver vesentlig og lovpålagt informasjon om eiendommen Se komplett salgsoppgave Visning For at vår megler og selger skal kunne gi deg den beste oppfølgingen og kjøpsopplevelsen er det obligatorisk påmelding til alle våre visninger. Dersom ditt reserverte tidspunkt likevel ikke kan benyttes trenger vi beskjed så tidlig som mulig sånn at vi kan finne en alternativ løsning. Vi har alltid tid til deg. Visninger uten påmeldte deltagere avlyses. Husk å lese komplett salgsoppgave før visning. Bestill komplett, utskriftsvennlig salgsoppgave. Visningspåmelding Gi bud Nærområdet Kart Tosebygdaveien 226 og 227, 1860 Trøgstad Annonseinformasjon FINN-kode 315534473 Sist endret 24. aug. 2026 15:03 Referanse ATE1.23326 Rapporter annonse Annonsene kan være mangelfulle i forhold til lovpålagt opplysningsplikt. Før bindende avtale inngås oppfordres interessenter til å innhente komplett informasjon fra meglerforetaket, selger eller utleier.",2026-09-21T09:44:53+00:00
461884142,https://www.finn.no/realestate/homes/ad.html?finnkode=461884142,"Bergsmarken Gård - 10 min. fra Asker sentrum - To bolighus m/​5 boenheter, låve, verksted, næringsutleie mm.","Solliveien 119, 1384 Asker",1384,Asker,21 900 000 kr,22 448 590 kr,548 590 kr,,780 106 kr,Gårdsbruk/Småbruk,Selveier,,587 m² (BRA-i),601 m²,,9,,2012,,247 570 m² (eiet),247570,247.6,C - Oransje,3203,17,4,5,"Bergsmarken gård kombinerer landlig idyll med en svært sentral beliggenhet, kun ca. 10 minutter fra Asker sentrum. Her kan du nyte det gode livet på landet med selvdyrking, dyrehold og store uteområder, samtidig som skoler, servicetilbud og kommunikasjon er lett tilgjengelig. Eiendommen omfatter totalt 247,6 dekar med dyrket mark og skog, og byr på gode muligheter for landbruksdrift, hestehold eller annen hobby- og næringsvirksomhet. Tunet er fordelt på begge sider av Solliveien, med våningshus fra 2012 på sørsiden og kårbolig fra 1700-tallet på nordsiden. Gården er registrert med 5 boenheter, hvorav 4 ligger i kårboligen. I tillegg finnes to ikke-godkjente hybler i våningshuset, noe som kan gi et attraktivt leieinntektspotensial. Eiendommen har også låve/sauefjøs, verksted/garasje, utelager med tak og hytte fra tidlig 1900-tall. Låven ble bruksendret til utleieformål i 2018. Kjøpet er konsesjonspliktig grunnet arealstørrelsen. Velkommen til å oppleve Bergsmarken gård! Minus Vis mindre NB: Knappen for å vise hele beskrivelsen har kun en visuell effekt. Pluss tegn Vis hele beskrivelsen NB: Knappen for å vise hele beskrivelsen har kun en visuell effekt. Salgsoppgaven beskriver vesentlig og lovpålagt informasjon om eiendommen Se komplett salgsoppgave Nyttige lenker Gi bud Bestill salgsoppgave Eiendommens hjemmeside Visning Ta kontakt for å avtale visning. Husk å lese komplett salgsoppgave før visning. Bestill komplett, utskriftsvennlig salgsoppgave. Visningspåmelding Gi bud Nyttige lenker Gi bud Bestill salgsoppgave Eiendommens hjemmeside Nærområdet Kart Solliveien 119, 1384 Asker Annonseinformasjon FINN-kode 461884142 Sist endret 03. sep. 2026 08:45 Referanse 329260016 Rapporter annonse Annonsene kan være mangelfulle i forhold til lovpålagt opplysningsplikt. Før bindende avtale inngås oppfordres interessenter til å innhente komplett informasjon fra meglerforetaket, selger eller utleier.",2026-09-21T09:44:54+00:00
412359175,https://www.finn.no/realestate/homes/ad.html?finnkode=412359175,Koselig Gammelt Småbruk tilsalgs,"Uvdalsvegen 537, 3632 Uvdal",3632,Uvdal,1 700 000 kr,1 700 000 kr,0 kr,0 kr,400 000 kr,Gårdsbruk/Småbruk,Selveier,,,50 m²,,1,,1900,1,102 000 m² (eiet),102000,102.0,,3632,89,2,1,"Sjarmerende småbruk i Uvdal med utsikt – stort potensial – Idyllisk småbruk med flott beliggenhet i Uvdal selges. Eiendommen ligger høyt og fritt med nydelig utsikt over dal og skog, og består av ca. 102 mål ca. 62 mål skog og 40 mål innmark/tun). Tunet har flere bygninger med sjarm og historie: våningshus, låve, stabbur og dobbelgarasje). Bygningsmassen har behov for Renovering/vedlikehold og fremstår som et spennende oppussingsprosjekt med stort potensial. Adkomst via traktorvei (ikke vinterbrøytet). Perfekt for deg som ønsker småbruk, fritidseiendom eller et prosjekt i naturskjønne omgivelser. Prisantydning: 1 690 000 kr Takst: 1 400 000 kr Selger er åpen for at andre objekte kan inngå som hel eller delbetaling.",2026-09-21T09:44:56+00:00
461176997,https://www.finn.no/realestate/homes/ad.html?finnkode=461176997,"Trivelig småbruk m/​skjermet & fredelig beliggenhet | Enebolig, flere garasjer & fritidsbolig m/​anneks | Flott utsikt!","Fossbrubakkane 6 + Nordre Lia seterveg 720, 2647 Sør-Fron",2647,Sør-Fron,2 750 000 kr,2 819 840 kr,69 840 kr,,328 085 kr,Gårdsbruk/Småbruk,Selveier,,228 m² (BRA-i),409 m²,,3,,1974,2,152 000 m² (eiet),152000,152.0,Rom,3438,121,38,5,"Eiendomsmegler 1 Lillehammer og Gudbrandsdal presenterer Fossbrubakkane 6! Her får man et et innholdsrikt småbruk med skjermet og fredelig beliggenhet i Lia. Eiendommen ""Utsikta"" har en landlig og barnevennlig plassering med gode solforhold og flott utsikt over dalføret. Det er kort avstand til barneskole og dagligvare, og umiddelbar tilgang til skog og mark og flotte turmuligheter året rundt. Våningshuset går over ett plan og kjeller og byr bl.a. på dels åpen stue-/kjøkkenløsning med utgang til en romslig veranda, 3 soverom og flislagt bad med gulvvarme. Kjelleren har flere rom og både innvendig og utvendig adkomst. I tillegg får du fire garasjer/uthus og en separat fritidsbolig med tilhørende anneks som ligger i Nordre-Lia Seterveg 720. Velkommen på visning! Minus Vis mindre NB: Knappen for å vise hele beskrivelsen har kun en visuell effekt. Pluss tegn Vis hele beskrivelsen NB: Knappen for å vise hele beskrivelsen har kun en visuell effekt. Salgsoppgaven beskriver vesentlig og lovpålagt informasjon om eiendommen Se komplett salgsoppgave Nyttige lenker Bestill salgsoppgave Bladbar salgsoppgave Visning Vi ber om at interessenter melder seg på våre visninger på forhånd. Det vil ikke bli avholdt visning uten påmelding. Vi anbefaler at du laster ned og leser igjennom salgsoppgaven før visning, og ring oss gjerne på forhånd for spørsmål om boligen. Velkommen. Husk å lese komplett salgsoppgave før visning. Bestill komplett, utskriftsvennlig salgsoppgave. Visningspåmelding Gi bud Nyttige lenker Bestill salgsoppgave Bladbar salgsoppgave Nærområdet Kart Fossbrubakkane 6 + Nordre Lia seterveg 720, 2647 Sør-Fron Annonseinformasjon FINN-kode 461176997 Sist endret 13. sep. 2026 21:04 Referanse 1311260014 Rapporter annonse Annonsene kan være mangelfulle i forhold til lovpålagt opplysningsplikt. Før bindende avtale inngås oppfordres interessenter til å innhente komplett informasjon fra meglerforetaket, selger eller utleier.",2026-09-21T09:44:58+00:00
411761611,https://www.finn.no/realestate/homes/ad.html?finnkode=411761611,"Idyllisk og solrik eiendom –Hoved del + Stall/​verksted, + utleieleieleilighet og god ute lagringsplass.","Semslinna 28b, 3170 Sem",3170,Sem,4 500 000 kr,4 585 000 kr,85 000 kr,0 kr,650 000 kr,Gårdsbruk/Småbruk,Selveier,,,240 m²,,5,,1960,,1 441 m² (eiet),1441,1.4,,3905,45,7,1,"Boligen trenger oppgradering. Det hvite bygget er en vertikalt delt 2 mannsbolig. Det er halve denne boligen delen, hvite bygget. Som hoved del. Ca. 150 kvm. I tillegg er det hele det sorte bygget som inneholder lagring, stall/verksted, 2 etg. egen leilighet. Og den sorte frittstående garasjen. Totalt ca. 200 kvm. Dette er en sjelden mulighet til å sikre seg en eiendom med betydelig areal og inntektspotensial til en gunstig pris. Eiendom med leieinntekter, stall/verksted og stort potensial – nær Tønsberg og E18 Eiendommen består av hoveddel og tilleggsdel, med samlet bygningsmasse på ca. 280 kvm. Bolig med gode leieinntekter. Bruksområder Eiendommen egner seg godt for: Kjøpere som ønsker å kombinere egen bolig interesser, utleie, jobb, hobby annet. Håndverkere eller næringsdrivende med behov for lager, verksted eller plass Dyrehold – eiendommen har 3 stallbokser og tilhørende arealer, Alle former for dyrehold har vært på eiendommen. Katter, fuler, hester, annet. Kjøpere som ønsker en skjermet eiendom med samtidig sentral beliggenhet",2026-09-21T09:44:59+00:00
460930059,https://www.finn.no/realestate/homes/ad.html?finnkode=460930059,"Romslig familieeiendom med ca. 621 mål tomt. Anneks, fjøs og garasje - Landlig og skjermet","Bakkeveien 19, 8250 Rognan",8250,Rognan,5 740 000 kr,5 884 590 kr,144 590 kr,,1 169 239 kr,Gårdsbruk/Småbruk,Selveier,,166 m² (BRA-i),504 m²,,3,,2000,,621 100 m² (eiet),621100,621.1,D - Gul,1840,43,40,5,"Velkommen til en innholdsrik og romslig eiendom med fin, skjermet beliggenhet på Bakken, Rognan. Dette er et sted som passer perfekt for barnefamilien eller den som ønsker god plass til både hverdag og fritid, i trygge og naturnære omgivelser. Eiendommen byr på enebolig med god planløsning, både anneks og garasje - ideelt for familier som trenger ekstra rom til barn, gjester, ungdom, hjemmekontor eller hobby. Her er det god boltreplass både inne og ute, med romslig tomt som gir mulighet for lek, uteaktiviteter og familietid i rolige omgivelser. Beliggenheten er rolig og tilbaketrukket, i område med spredt bebyggelse og lite trafikk - noe som gir trygge oppvekstvilkår for barna. Samtidig er det kort vei til Rognan sentrum, med skole, barnehage, butikker og øvrige servicetilbud bare ca. 2 km unna. Dette er en eiendom for deg som ønsker et trygt, romslig og familievennlig hjem, med fleksible bruksmuligheter og plass til å vokse over tid. Minus Vis mindre NB: Knappen for å vise hele beskrivelsen har kun en visuell effekt. Pluss tegn Vis hele beskrivelsen NB: Knappen for å vise hele beskrivelsen har kun en visuell effekt. Salgsoppgaven beskriver vesentlig og lovpålagt informasjon om eiendommen Se komplett salgsoppgave Nyttige lenker Eiendommens hjemmeside Bestill salgsoppgave Visning Ta kontakt for å avtale visning. Husk å lese komplett salgsoppgave før visning. Bestill komplett, utskriftsvennlig salgsoppgave. Visningspåmelding Gi bud Nyttige lenker Eiendommens hjemmeside Bestill salgsoppgave Nærområdet Kart Bakkeveien 19, 8250 Rognan Annonseinformasjon FINN-kode 460930059 Sist endret 05. juni 2026 20:14 Referanse 26260010 Rapporter annonse Annonsene kan være mangelfulle i forhold til lovpålagt opplysningsplikt. Før bindende avtale inngås oppfordres interessenter til å innhente komplett informasjon fra meglerforetaket, selger eller utleier.",2026-09-21T09:45:01+00:00
460126018,https://www.finn.no/realestate/homes/ad.html?finnkode=460126018,"Gardseigedom med eiga øy| To bustadhus, driftsbygning, sjølinje med båtslipp og meir","Hessevågbakken 1, 6734 Rugsund",6734,Rugsund,2 950 000 kr,3 037 540 kr,87 540 kr,,,Gårdsbruk/Småbruk,Selveier,,206 m² (BRA-i),206 m²,,4,,1975,2,1 316 169 m² (eiet),1316169,1316.2,,4648,92,3,5,"Velkommen til Hessevågbakken og Marøyna! Dette er ein særs innhaldsrik og unik eigedom med eiga øy, strandlinje og ei rekkje bygningar i Rugsund. Her kan du skape din draumeheim, i eit kystnært bumiljø med naturskjønne omgivnader. Eigedommen er på totalt 1 316 dekar, inkludert den 923 dekar store øya Marøyna. Du har jaktrettighet i fellesareal - saman med jaktlag. På gardstunet har du to bustadar, meget romsleg garasje, stabbur, eldhus og driftsbygning. Meget kort veg til båtslipp, sæterhus på fjellet, og di heilt eiga øy! Ta med familien og opplev denne fantastiske eigedommen! Velkommen til visning! Minus Vis mindre NB: Knappen for å vise hele beskrivelsen har kun en visuell effekt. Pluss tegn Vis hele beskrivelsen NB: Knappen for å vise hele beskrivelsen har kun en visuell effekt. Salgsoppgaven beskriver vesentlig og lovpålagt informasjon om eiendommen Se komplett salgsoppgave Nyttige lenker Bestill salgsoppgave Gi bud Visning Ta kontakt for å avtale visning. Husk å lese komplett salgsoppgave før visning. Bestill komplett, utskriftsvennlig salgsoppgave. Visningspåmelding Gi bud Nyttige lenker Bestill salgsoppgave Gi bud Nærområdet Kart Hessevågbakken 1, 6734 Rugsund Annonseinformasjon FINN-kode 460126018 Sist endret 17. sep. 2026 13:47 Referanse 6000250118 Rapporter annonse Annonsene kan være mangelfulle i forhold til lovpålagt opplysningsplikt. Før bindende avtale inngås oppfordres interessenter til å innhente komplett informasjon fra meglerforetaket, selger eller utleier.",2026-09-21T09:45:02+00:00
459343202,https://www.finn.no/realestate/homes/ad.html?finnkode=459343202,Småbruk i boligområde i Heradsbygda | 74 070m2 fordelt på 2 teiger | Dobbeltgarasje og stabbur | Oppgraderingsbehov,"Heradsbygdveien 27, 3518 Hønefoss",3518,Hønefoss,4 300 000 kr,4 408 590 kr,108 590 kr,,907 061 kr,Gårdsbruk/Småbruk,Selveier,,289 m² (BRA-i),336 m²,,3,,1905,3,74 071 m² (eiet),74071,74.1,Rom,3305,55,2,5,"Drømmer du om småbruk? Innholdsrik eiendom med potensial i Heradsbygda! Nå har du muligheten til å sikre deg et sjarmerende småbruk med attraktiv beliggenhet. Her bor du landlig, men samtidig sentralt, med kort vei til både Heradsbygda og Hønefoss sentrum. Eiendommen består av to teiger med store utearealer som gir gode muligheter for dyrehold, hobbybruk eller deg som ønsker rikelig med boltreplass. Boligen har sjel og utgangspunkt i et eldre tømmerhus, noe som gir et spennende objekt for videre utvikling. Nyere luft-til-luft varmepumpe (2024) og peisovn med rehabilitert pipe (2023). Ute venter en solfylt terrasse, asfaltert gårdsplass og en romslig dobbeltgarasje med strøm. Turperlen Bålerudmarka ligger rett i nærheten. Velkommen til visning, husk visningspåmelding! Minus Vis mindre NB: Knappen for å vise hele beskrivelsen har kun en visuell effekt. Pluss tegn Vis hele beskrivelsen NB: Knappen for å vise hele beskrivelsen har kun en visuell effekt. Salgsoppgaven beskriver vesentlig og lovpålagt informasjon om eiendommen Se komplett salgsoppgave Nyttige lenker Meld interesse Se komplett salgsoppgave Gi bud # Gangavstand langs gangvei til Veienmarka ungsomsskole # Gårdskart # Gårdskart av eiendommen # Facebook # Gangavstand langs gangvei til Helgerud skole # Umiddelbar nærhet til Oppen bussholdeplass # Norge i Bilder # VI HJELPER DEG Å SELGE DIN BOLIG! Visning Velkommen til visning! Meld deg på ved å trykke ""visningspåmelding"" i annonsen. Dersom det ikke er noen påmeldte til visningen vil den ikke avholdes. Meld deg derfor på visning senest kl. 20:00 dagen før oppsatt visning. For visninger utover de annonserte, ta kontakt med megler på telefon 93483333 Visningspåmelding Gi bud Nyttige lenker Meld interesse Se komplett salgsoppgave Gi bud # Gangavstand langs gangvei til Veienmarka ungsomsskole # Gårdskart # Gårdskart av eiendommen # Facebook # Gangavstand langs gangvei til Helgerud skole # Umiddelbar nærhet til Oppen bussholdeplass # Norge i Bilder # VI HJELPER DEG Å SELGE DIN BOLIG! Nærområdet Kart Heradsbygdveien 27, 3518 Hønefoss Annonseinformasjon FINN-kode 459343202 Sist endret 04. sep. 2026 22:09 Referanse 510260024 Rapporter annonse Annonsene kan være mangelfulle i forhold til lovpålagt opplysningsplikt. Før bindende avtale inngås oppfordres interessenter til å innhente komplett informasjon fra meglerforetaket, selger eller utleier.",2026-09-21T09:45:03+00:00
460136298,https://www.finn.no/realestate/homes/ad.html?finnkode=460136298,Ny pris! Småbruk/​fritidsbolig til salgs.,"Flosandvegen 309, 7944 Indre Nærøy",7944,Indre Nærøy,1 100 000 kr,1 150 000 kr,50 000 kr,0 kr,1 100 000 kr,Gårdsbruk/Småbruk,Selveier,,,82 m²,,4,,1900,,,,,,5060,15,6,1,"Fint lite sjarmerende småbruk beliggende på Flosand i Nærøysund kommune. Tunet på ca 2 dekar er fradelt fra en større landbrukseiendom. Her er det svært fine muligheter for å få disponere arealer til grønnsakshage, beite til forskjellige dyr eller andre aktiviteter man måtte ønske å bedrive. Det er kort vei til både ferskvann og sjø, med veldig gode fiskemuligheter. Ved sjøen er det fint å bedrive sjøliv og fiske fra egen båt om man ønsker. Huset er fra ca 1900, tilbygg og etterisolering er gjort ca 1978 og er jevnlig vedlikeholdt. Det er behov for å utbedre bordkledning på veggen mot vest. Huset har 2 etasjer, pluss en kjeller under deler av huset. I første etasje er det gang, bad, toalett, kjøkken, stue og soverom. Andre etasje er delt av i 4 rom, og er brukt som soverom - etasje har behov for oppgradering og etterisolering. Huset har vært bebodd helt frem til nå. Fjøset og garasjen har vært i bruk som lager og bilgarasje, det må påregnes noe vedlikehold og maling av disse bygningene. Tidligere var fjøset brukt til sauer, kyr, hester og høner - det er det også egnet til i dag. Det foreligger tilstandsrapport - bare ta kontakt så sender vi denne på mail. Oppgjør og kontraktsutforming gjøres av megler. Ønsker man å leve ut småbruksdrømmen, dyrke dine egne grønnsaker, ha noen hester og andre dyr er dette en perfekt plass til det! BUD MOTTAS Visning etter avtale - bare å ta kontakt 95181595 Vesentlige opplysninger Tomteareal på ca 2 dekar Minus Vis mindre NB: Knappen for å vise hele beskrivelsen har kun en visuell effekt. Pluss tegn Vis hele beskrivelsen NB: Knappen for å vise hele beskrivelsen har kun en visuell effekt. Ta kontakt med selger for komplett informasjon Profilinfo 95 18 15 95 Rettigheter og plikter når du kjøper bolig av en privatperson Visning Ta kontakt for å avtale visning. Nærområdet Kart Flosandvegen 309, 7944 Indre Nærøy Profilinfo 95 18 15 95 Rettigheter og plikter når du kjøper bolig av en privatperson Annonseinformasjon FINN-kode 460136298 Sist endret 19. sep. 2026 13:59 Rapporter annonse Annonsene kan være mangelfulle i forhold til lovpålagt opplysningsplikt. Før bindende avtale inngås oppfordres interessenter til å innhente komplett informasjon fra meglerforetaket, selger eller utleier.",2026-09-21T09:45:04+00:00
460164752,https://www.finn.no/realestate/homes/ad.html?finnkode=460164752,Innarbeidet B & B og Restaurant m.m på småbruk. Store utviklingsmuligeter.,"Månanesvegen, 6110 Austefjorden",6110,Austefjorden,6 990 000 kr,7 020 000 kr,30 000 kr,0 kr,511 465 kr,Gårdsbruk/Småbruk,Selveier,,,370 m²,,8,,1946,3,371 245 m² (eiet),371245,371.2,Renovert år,1577,1,56,1,"Stort innholdsrikt hus, i naturskjønne omgivelser.Ombygd og isolert låve med resturanter ( Kafe ). Gode parkeringsplasser. Fine turmuligheter. Sel på sætra. Jakt og fiskeretter. Skolebussen går gjennom tunet. 32 km til flyplass. Adkomst 400 m fra E39 God bilvei. Beskaffenhet Asfaltert parkeringsplass rundt huset og uteplass. Eiendommen har også en veldig gunstig strømavtale uten nettleige. Minus Vis mindre NB: Knappen for å vise hele beskrivelsen har kun en visuell effekt. Pluss tegn Vis hele beskrivelsen NB: Knappen for å vise hele beskrivelsen har kun en visuell effekt. Ta kontakt med selger for komplett informasjon Profilinfo 90 69 14 61 Rettigheter og plikter når du kjøper bolig av en privatperson Visning Påmelding til John 90691461. Nærområdet Kart Månanesvegen, 6110 Austefjorden Profilinfo 90 69 14 61 Rettigheter og plikter når du kjøper bolig av en privatperson Annonseinformasjon FINN-kode 460164752 Sist endret 13. mai 2026 14:59 Rapporter annonse Annonsene kan være mangelfulle i forhold til lovpålagt opplysningsplikt. Før bindende avtale inngås oppfordres interessenter til å innhente komplett informasjon fra meglerforetaket, selger eller utleier.",2026-09-21T09:45:05+00:00
459684975,https://www.finn.no/realestate/homes/ad.html?finnkode=459684975,EN SJELDEN SJØEIENDOM | EGET NAUST | 6 SOVEROM | STRANDLINJE | FANTASTISK BELIGGENHET |,"Vikavegen 71, 6699 Kjørsvikbugen",6699,Kjørsvikbugen,5 000 000 kr,5 126 090 kr,126 090 kr,,,Gårdsbruk/Småbruk,Selveier,,151 m² (BRA-i),394 m²,,6,,1898,,260 526 m² (eiet),260526,260.5,,1576,50,6,5,"Heimdal Eiendomsmegling har gleden av å presentere Vikavegen 71 - Her får du over 260 mål med egen eiendom, direkte tilgang til sjøen, egen strandlinje og eget naust. Eiendommen har en skjermet beliggenhet med naturen tett på. Det foreligger delingstillatelse for fradeling av boligtomt med tilhørende naustparsell på totalt ca. 4,2 daa. Boligen er fra 1898, men den største delen er bygd på i 1963, boligen har behov for noe oppussing. Verdt å få med seg: - 6 Soverom - Fantastisk beliggenhet - Naust - Delingstillatelse Velkommen til visning! Minus Vis mindre NB: Knappen for å vise hele beskrivelsen har kun en visuell effekt. Pluss tegn Vis hele beskrivelsen NB: Knappen for å vise hele beskrivelsen har kun en visuell effekt. Salgsoppgaven beskriver vesentlig og lovpålagt informasjon om eiendommen Se komplett salgsoppgave Nyttige lenker Eiendommens hjemmeside 360 Visning Alle våre visninger har påmelding. Meld deg opp til ønsket visningstidspunkt via linken  visningspåmelding , eller kontakt megler på telefon, SMS eller mail. Vi anbefaler at salgsoppgaven lastes ned digitalt, og oppfordrer alle til å lese komplett salgsoppgave før visning. Skulle det mot formodning ikke være påmeldte til angitt visningstidspunkt vil ikke visning bli gjennomført. Husk å lese komplett salgsoppgave før visning. Bestill komplett, utskriftsvennlig salgsoppgave. Visningspåmelding Gi bud Nyttige lenker Eiendommens hjemmeside 360 Nærområdet Kart Vikavegen 71, 6699 Kjørsvikbugen Annonseinformasjon FINN-kode 459684975 Sist endret 28. juli 2026 10:44 Referanse 3-25-0187 Rapporter annonse Annonsene kan være mangelfulle i forhold til lovpålagt opplysningsplikt. Før bindende avtale inngås oppfordres interessenter til å innhente komplett informasjon fra meglerforetaket, selger eller utleier.",2026-09-21T09:45:06+00:00
427365067,https://www.finn.no/realestate/homes/ad.html?finnkode=427365067,Snåsa - Innholdsrik eiendom med to boliger og selskapslokale/​bolig - Tomt på 5796 kvm.,"Sørsivegen 340, 338 og 336, 7760 Snåsa",7760,Snåsa,4 900 000 kr,5 036 490 kr,136 490 kr,,,Gårdsbruk/Småbruk,Selveier,473 m²,,495 m²,,,,2017,,5 795 m² (eiet),5795,5.8,D - Oransje,5041,53,15,3,"Landlig og fin eiendom kun 3 km fra Snåsa sentrum. Eiendommen er på ca. 5,7 dekar og inneholder et våningshus, kårbolig som brukes til utleie og et tømmerhus fra 2017 som brukes til selskap/overnatting. Tømmerhuset er godkjent til boligformål. Videre er det et redskapshus og anneks på eiendommen. Kort vei til Snåsa sentrum med bla. kommunesenter, dagligvarebutikk, skole og barnehage. Minus Vis mindre NB: Knappen for å vise hele beskrivelsen har kun en visuell effekt. Pluss tegn Vis hele beskrivelsen NB: Knappen for å vise hele beskrivelsen har kun en visuell effekt. Salgsoppgaven beskriver vesentlig og lovpålagt informasjon om eiendommen Se komplett salgsoppgave Nyttige lenker Eiendommens hjemmeside Visning Ta kontakt for å avtale visning. Husk å lese komplett salgsoppgave før visning. Bestill komplett, utskriftsvennlig salgsoppgave. Visningspåmelding Gi bud Nyttige lenker Eiendommens hjemmeside Nærområdet Kart Sørsivegen 340, 338 og 336, 7760 Snåsa Annonseinformasjon FINN-kode 427365067 Sist endret 12. sep. 2026 04:06 Referanse 39250048 Rapporter annonse Annonsene kan være mangelfulle i forhold til lovpålagt opplysningsplikt. Før bindende avtale inngås oppfordres interessenter til å innhente komplett informasjon fra meglerforetaket, selger eller utleier.",2026-09-21T09:45:07+00:00
356931753,https://www.finn.no/realestate/homes/ad.html?finnkode=356931753,Lofoten - Gårdsbruk med moderne driftsbygning for geit - Melkekvote - 4 eneboliger - Hytte,"Reinhaugveien 66, 8360 Bøstad",8360,Bøstad,10 490 000 kr,10 766 240 kr,276 240 kr,,,Gårdsbruk/Småbruk,Selveier,1 m²,,,,,,1983,,,,,,1860,122,18,3,"Innholdsrik landbrukseiendom beliggende 3 mil nord for Leknes i Lofoten/Nordland. Disponibel melkekvote (geitemelk) på 171 tonn hvorav 129 tonn er eid kvote. Moderne driftsbygning fra 2003/2010 med bla. melkekarusell. Stor eiendom på ca. 6.100 daa. som inneholder 4 boliger, hytte, 3 driftsbygninger, 2 redskapshus og garasje. Ta kontakt for avtale om visning på mob. 90233211 eller e.post: stian@landkreditteiendom.no Minus Vis mindre NB: Knappen for å vise hele beskrivelsen har kun en visuell effekt. Pluss tegn Vis hele beskrivelsen NB: Knappen for å vise hele beskrivelsen har kun en visuell effekt. Salgsoppgaven beskriver vesentlig og lovpålagt informasjon om eiendommen Se komplett salgsoppgave Nyttige lenker Eiendommens hjemmeside Visning Ta kontakt for å avtale visning. Husk å lese komplett salgsoppgave før visning. Bestill komplett, utskriftsvennlig salgsoppgave. Visningspåmelding Gi bud Nyttige lenker Eiendommens hjemmeside Nærområdet Kart Reinhaugveien 66, 8360 Bøstad Annonseinformasjon FINN-kode 356931753 Sist endret 16. apr. 2026 04:15 Referanse 39240036 Rapporter annonse Annonsene kan være mangelfulle i forhold til lovpålagt opplysningsplikt. Før bindende avtale inngås oppfordres interessenter til å innhente komplett informasjon fra meglerforetaket, selger eller utleier.",2026-09-21T09:45:08+00:00
381703211,https://www.finn.no/realestate/homes/ad.html?finnkode=381703211,"Ny pris! Nordby Nordre - Sentrumsnær eiendom med bolighus, idyllisk beliggenhet og utviklingspotensiale.","Nordbyveien 210, 1734 Hafslundsøy",1734,Hafslundsøy,8 800 000 kr,9 021 090 kr,221 090 kr,,693 129 kr,Gårdsbruk/Småbruk,Selveier,,254 m² (BRA-i),254 m²,,2,,1853,2,201 994 m² (eiet),201994,202.0,,3105,2096,2,5,"Nordby Nordre - Øya Golfpark ligger flott til helt nord på Hafslundsøy og innehar et areal på ca. 200 daa. Sentral og idyllisk beliggenhet, kun få minutters kjøring fra Sarpsborg. I kommuneplanens arealdel er deler av eiendommen avsatt til: Idrettsanlegg og Bebyggelse og anlegg. Ca. 3 daa. ved bolighuset er i reguleringsplan Øya Golfpark avsatt til: Bolig. Opprinnelig en landbrukseiendom som i 1998 ble opparbeidet som ""pay & play"" korthullsbane med 18 hull. Praktisk tilknyttet et enkelt sanitæranlegg i driftsbygningen og proshop med kiosk. Banen har gjennom årene blitt vesentlig påkostet, men bygningsmassen har pt. et vedlikeholdsetterslep. Deler av driftsbygningen er benyttet til trykkeri, og videre finnes verksted, redskapshus og bolig. Velkommen på visning! Minus Vis mindre NB: Knappen for å vise hele beskrivelsen har kun en visuell effekt. Pluss tegn Vis hele beskrivelsen NB: Knappen for å vise hele beskrivelsen har kun en visuell effekt. Salgsoppgaven beskriver vesentlig og lovpålagt informasjon om eiendommen Se komplett salgsoppgave Nyttige lenker Bestill prospekt Gi bud Øya Golfpark (selgers video) Visning Ta kontakt for å avtale visning. Husk å lese komplett salgsoppgave før visning. Bestill komplett, utskriftsvennlig salgsoppgave. Visningspåmelding Gi bud Nyttige lenker Bestill prospekt Gi bud Øya Golfpark (selgers video) Nærområdet Kart Nordbyveien 210, 1734 Hafslundsøy Annonseinformasjon FINN-kode 381703211 Sist endret 05. mai 2026 17:02 Referanse GAR30.241 Rapporter annonse Annonsene kan være mangelfulle i forhold til lovpålagt opplysningsplikt. Før bindende avtale inngås oppfordres interessenter til å innhente komplett informasjon fra meglerforetaket, selger eller utleier.",2026-09-21T09:45:10+00:00
458779304,https://www.finn.no/realestate/homes/ad.html?finnkode=458779304,"Unik småbrukseiendom i marka – bebodd, i daglig bruk og med godkjent utviklingspotensial  Enebakkveien 460 B – “Lysopp’","ENEBAKKVEIEN 460 B OG C, 1290 Oslo",1290,Oslo,12 000 000 kr,12 085 000 kr,85 000 kr,0 kr,0 kr,Gårdsbruk/Småbruk,Selveier,,,214 m²,,6,,1940,3,5 900 m² (eiet),5900,5.9,,301,173,50,1,"Eiendommen ligger i ett eget aksjeselskap som kan selges! Unik småbrukseiendom i marka – bebodd, i daglig bruk og med godkjent utviklingspotensial (foreligger IG) for omfattende oppgraderingsarbeid: totalrenovering av hovedhus med rehabilitering av kjeller for godkjent opphold riving og gjenoppføring av husmannsstue riving og gjenoppføring av garasje riving og gjenoppføring av bod riving og gjenoppføring av låve Selgers entreprenørselskap kan utføre rivningsgsarbeider, grunnarbeid, drenering og betongarbeider for eventuell kjøper etter avtale og avtalt hyggelig pris. Enebakkveien 460 B & C – “Lysopp” Se vedlagt situasjonsplan og godkjente tegninger på enebolig, husmannstue, garasje, låve og anneks. “Lysopp” er en sjelden småbrukseiendom som kombinerer markabeliggenhet, høy privatlivsfølelse med ro, minimal trafikkstøy og nærhet til Oslo sentrum på en måte få eiendommer kan tilby. Eiendommen vurderes solgt til fordel for annet prosjekt, og representerer en unik mulighet for deg som ønsker å skape et eksklusivt tun, familieeiendom, generasjonsbolig eller et attraktivt utviklingsprosjekt. Det som gjør eiendommen ekstra interessant, er at den er i daglig bruk og bebodd i dag, med enkel standard, noe som gir mulighet for kjøper til å benytte eiendommen umiddelbart samtidig som videre utvikling planlegges og utføres. Tomten er på ca. 5,9 mål, med naturskjermet beliggenhet, gode solforhold og betydelig videre potensial. Det er allerede investert betydelige midler i kostbar og fremtidsrettet infrastruktur, alt etablert i 2024: nytt strømopplegg fiber moderne renseanlegg søknadsprosess og tegninger samt opprydding av avfall som lå rundt på gården. Revet husmannstue Revet låve Revet garasje Støpt grunnmur husmanstue Støpt grunnmur låve Bygningsmasse Bolighus: 164 BRA Husmannsstue: 50 BRA Totalt 214 BRA Låve: 42 BRA Anneks: 7 BRA Garasje: 44,6 BRA Høydepunkter Eiendommen er bebodd og i daglig bruk Småbruk på ca. 5,9 mål Sjelden markabeliggenhet nær Oslo Ca. 5 min gange til buss med direkte forbindelse til sentrum 214 BRA boligmasse Godkjente tillatelser for videre utvikling Strøm, fiber og renseanlegg fra 2024 Flere eksisterende bygg med stort potensial Ideell som familieeiendom, gårdsdrift, hest, grønnsakshage, generasjonsbolig eller investering Eiendommen har to adresser hvor det kanskje er mulighet for å dele eiendommen i to? Vann fra borr-hull Eiendom blir ryddet, rengjort og frisert før eventuell salg. Kun ca. 5 minutters gange fra eiendommen ligger busstopp med direkte forbindelse til Oslo sentrum, som gir en perfekt kombinasjon av landlig ro og enkel tilgjengelighet til byen. 17 minutter med bil til parkering Aker brygge. Dette er en unik mulighet til å sikre seg en eiendom med både umiddelbar bruksverdi og betydelig fremtidig oppside. Obs! Oppgitt kvm / informasjon kan ha mindre avvik. SE SAKSINNSYN FOR KORREKT INFO: https://innsyn.pbe.oslo.kommune.no/saksinnsyn/casedet.asp?mode=&caseno=202508253",2026-09-21T09:45:11+00:00
459063072,https://www.finn.no/realestate/homes/ad.html?finnkode=459063072,Attraktivt gårdsbruk  i Svanvik - Sør-Varanger kommune - BUD MOTTATT,"Nyrudveien 368, 9925 Svanvik",9925,Svanvik,4 700 000 kr,4 819 220 kr,119 220 kr,,0 kr,Gårdsbruk/Småbruk,Selveier,,254 m² (BRA-i),254 m²,,4,,1977,,881 000 m² (eiet),881000,881.0,E - Oransje,5605,19,119,3,"Aktivt lanbruksmiljø med godt samarbeid mellom bøndene. Nærhet til uberørt natur og Pasvikelva, som er grenseelv mot Russland og byen Nikel på andre siden. Gode muligheter for friluftsliv med jakt, ferskvannsfiske, bærsanking, turer via tur-, ski- og snescooterløyper. Minus Vis mindre NB: Knappen for å vise hele beskrivelsen har kun en visuell effekt. Pluss tegn Vis hele beskrivelsen NB: Knappen for å vise hele beskrivelsen har kun en visuell effekt. Salgsoppgaven beskriver vesentlig og lovpålagt informasjon om eiendommen Se komplett salgsoppgave Visning Ta kontakt for å avtale visning. Gi bud Nærområdet Kart Nyrudveien 368, 9925 Svanvik Annonseinformasjon FINN-kode 459063072 Sist endret 26. mai 2026 09:48 Referanse 26007 Rapporter annonse Annonsene kan være mangelfulle i forhold til lovpålagt opplysningsplikt. Før bindende avtale inngås oppfordres interessenter til å innhente komplett informasjon fra meglerforetaket, selger eller utleier.",2026-09-21T09:45:12+00:00
421836139,https://www.finn.no/realestate/homes/ad.html?finnkode=421836139,"GOL - Idyllisk småbruk med våningshus, garasje, tradisjonsrike bygninger og stølsbu. 624 da","Søre Øygardsvegen 59, 3550 Gol",3550,Gol,6 990 000 kr,7 163 570 kr,173 570 kr,0 kr,289 072 kr,Gårdsbruk/Småbruk,Selveier,,197 m² (BRA-i),870 m²,,4,,1948,,,,,G - Rød,3324,34,1,1,"Velkommen til Søre Øygardsvegen 59 og 61 - ""Olsgård"". Her får du en helhetlig eiendom på ca. 624 dekar, kun 5 km fra Gol sentrum, med våningshus, garasje, tradisjonsrike bygg, støl ved Lauvsjø, jakt- og fiskerettigheter – samt årlige inntekter fra alpinanlegg og utleie av jakt. Det er også utviklingsmuligheter for hyttetomter. En eiendom som byr på både livsstil, opplevelser og investering. Eiendommen har ikke offentlig priskontroll ved konsesjonsbehandling og det er ikke odelsrett. Her kan du skape ditt eget fristed i Hallingdal – med fjellet, stølen og jaktterrenget som nabo. Enten du vil bruke eiendommen som fritidsparadis, flytte til rolige omgivelser med kort vei til sentrum, eller kombinere bolig og småskala drift, er mulighetene mange. Eiendommen gir årlige inntekter fra jakt, fiske, skog og festeavtaler, og har i tillegg langsiktig utviklingspotensial gjennom sameieandelene. Her får du en kombinasjon av stabil kontantstrøm og fremtidig verdi.",2026-09-21T09:45:13+00:00
457913084,https://www.finn.no/realestate/homes/ad.html?finnkode=457913084,Fantastisk landbrukseiendom med spektakulært gårdstun | Totalt areal på ca. 2460 daa. | Jakt og fiskerett | Festeinntekt,"Kregnesvegen 480, 7224 Melhus",7224,Melhus,29 900 000 kr,30 648 590 kr,748 590 kr,,313 468 kr,Gårdsbruk/Småbruk,Selveier,,297 m² (BRA-i),297 m²,,5,,2007,,2 459 983 m² (eiet),2459983,2460.0,B - Lysegrønn,5028,47,1,5,"Spektakulær landbrukseiendom med flott beliggenhet i landlige omgivelse på et høydedrag med flott utsikt utover omlandet og Gauldalen. Eiendommen strekker seg fra Gaula i øst mot Ånøya i vest, over et område med et rikt naturmangfold. Her kan nyte livet i en velholdt bolig med høy standard, hvor man i tillegg har godt med boltreplass og herligheter like utenfor døren. Et optimalt sted for å leve tilbaketrukket med kun 6,5 km til kommunesenteret og en 25 minutters kjøretur til Trondheim sentrum. Hoveddel av bygningsmassen er oppført av solide konstruksjoner og fremstår med høy standard med naturlig arrondert på et flott gårdstun. Tunet gir et svært godt inntrykk med skigard og motorisert port ved innkjørselen. Tunet består av et laftet våningshus fra 2007, redskapshus / lagerhall fra 2015, samt. en eldre driftsbygning og et eldre stabbur. Eiendommen er opparbeidet med skogsveier som gir lett tilgjengelighet til store deler av utmarksarealet. Jaktbu fra 2015 ved innsjøen Ånøya. Minus Vis mindre NB: Knappen for å vise hele beskrivelsen har kun en visuell effekt. Pluss tegn Vis hele beskrivelsen NB: Knappen for å vise hele beskrivelsen har kun en visuell effekt. Salgsoppgaven beskriver vesentlig og lovpålagt informasjon om eiendommen Se komplett salgsoppgave Nyttige lenker Eiendommens hjemmeside Bestill salgsoppgave Visning Ta kontakt for å avtale visning. Husk å lese komplett salgsoppgave før visning. Bestill komplett, utskriftsvennlig salgsoppgave. Visningspåmelding Gi bud Nyttige lenker Eiendommens hjemmeside Bestill salgsoppgave Nærområdet Kart Kregnesvegen 480, 7224 Melhus Annonseinformasjon FINN-kode 457913084 Sist endret 13. juli 2026 13:57 Referanse 53260036 Rapporter annonse Annonsene kan være mangelfulle i forhold til lovpålagt opplysningsplikt. Før bindende avtale inngås oppfordres interessenter til å innhente komplett informasjon fra meglerforetaket, selger eller utleier.",2026-09-21T09:45:15+00:00
457702261,https://www.finn.no/realestate/homes/ad.html?finnkode=457702261,"Sauland - Småbruk på 5,8 mål med nyoppusset hus, låve og stabbur. Kort vei til Sauland. Dyrket mark på 2,5 mål","Saulandsvegen 351, 3692 Sauland",3692,Sauland,2 850 000 kr,2 922 340 kr,72 340 kr,,126 976 kr,Gårdsbruk/Småbruk,Selveier,,124 m² (BRA-i),203 m²,,3,,1910,,5 811 m² (eiet),5811,5.8,G - Oransje,4024,77,8,5,"Velkommen til dette trivelige småbruket på Sauland i Hjartdal kommune. Eiendommen er på totalt 5,8 mål med bla. 2,5 mål fulldyrka jord. Tunet består av et pent våningshus som er vesentlig pusset opp de siste to årene, et uthus og et stabbur. Det er rikelig med sol på eiendommen. Eiendommen ligger ca. 700 meter fra Sauland sentrum som har bla. dagligvarebutikk, bibliotek og bensinstasjon. Videre er det ca. 1,9 km til Sauland skule. Det er kun ca 20 minutter med bil til Notodden sentrum, 25 minutter til Seljord og 45 minutter til Bø. Våningshuset har gjennomgått en omfattende restaurering de siste 2 årene med bla. bytte av vinduer, drenering, nytt elektrisk anlegg, nye vann- og avløpsrør, nye overflater, kjøkken, bad osv. Det er også lagt inn fiber. Dette er en flott mulighet for å få et velholdt småbruk med nærhet til flere tettsteder. Jorda har driveplikt og det er boplikt i Hjartdal kommune. Minus Vis mindre NB: Knappen for å vise hele beskrivelsen har kun en visuell effekt. Pluss tegn Vis hele beskrivelsen NB: Knappen for å vise hele beskrivelsen har kun en visuell effekt. Salgsoppgaven beskriver vesentlig og lovpålagt informasjon om eiendommen Se komplett salgsoppgave Nyttige lenker Gi bud Bestill salgsoppgave Eiendommens hjemmeside Visning Ta kontakt for å avtale visning. Husk å lese komplett salgsoppgave før visning. Bestill komplett, utskriftsvennlig salgsoppgave. Visningspåmelding Gi bud Nyttige lenker Gi bud Bestill salgsoppgave Eiendommens hjemmeside Nærområdet Kart Saulandsvegen 351, 3692 Sauland Annonseinformasjon FINN-kode 457702261 Sist endret 19. aug. 2026 10:21 Referanse 330260005 Rapporter annonse Annonsene kan være mangelfulle i forhold til lovpålagt opplysningsplikt. Før bindende avtale inngås oppfordres interessenter til å innhente komplett informasjon fra meglerforetaket, selger eller utleier.",2026-09-21T09:45:16+00:00
427545113,https://www.finn.no/realestate/homes/ad.html?finnkode=427545113,Velkommen til Austkil Gård. Vakkert gårdsbruk med mange muligheter,"Mellomriksvegen 1917, 7520 Hegra",7520,Hegra,14 900 000 kr,15 278 590 kr,378 590 kr,,362 877 kr,Gårdsbruk/Småbruk,Selveier,,434 m² (BRA-i),1 907 m²,,21,,1780,,2 561 161 m² (eiet),2561161,2561.2,G - Rød,5035,218,1,7,"Austkil - en sjelden mulighet i hjertet av Midt-Norge! Nå kan du realisere drømmen om egen gård, vakkert beliggende med god plass, perfekte jakt- og fiskemuligheter og et utviklingspotensial etter hva du måtte ønske. Austkil har vært drevet som gjestegård i over 30 år med fokus på laksefiske, kurs og konferanser, men fasilitetene innebærer muligheter i flere retninger, enten du ønsker stor eller noe mindre aktivitet på gården. Eiendommen består av historiske bygninger med sjarm, moderne fasiliteter og 15 utleierom med 27 sengeplasser. Med 100 daa innmark og 2 600 daa utmark, samt tilgang til 1,8 km fiskerett og 7 000 daa jaktområde, vil mulighetene være mange. Austkil byr på en sjelden kombinasjon av naturopplevelser, kulturhistorie og kommersielle muligheter - perfekt for deg som vil skape noe unikt i vakre omgivelser. Minus Vis mindre NB: Knappen for å vise hele beskrivelsen har kun en visuell effekt. Pluss tegn Vis hele beskrivelsen NB: Knappen for å vise hele beskrivelsen har kun en visuell effekt. Salgsoppgaven beskriver vesentlig og lovpålagt informasjon om eiendommen Se komplett salgsoppgave Nyttige lenker Eiendommens hjemmeside Bestill salgsoppgave Visning Ta kontakt for å avtale visning. Husk å lese komplett salgsoppgave før visning. Bestill komplett, utskriftsvennlig salgsoppgave. Visningspåmelding Gi bud Nyttige lenker Eiendommens hjemmeside Bestill salgsoppgave Nærområdet Kart Mellomriksvegen 1917, 7520 Hegra Annonseinformasjon FINN-kode 427545113 Sist endret 13. juli 2026 09:54 Referanse 51250049 Rapporter annonse Annonsene kan være mangelfulle i forhold til lovpålagt opplysningsplikt. Før bindende avtale inngås oppfordres interessenter til å innhente komplett informasjon fra meglerforetaket, selger eller utleier.",2026-09-21T09:45:18+00:00
457500910,https://www.finn.no/realestate/homes/ad.html?finnkode=457500910,Romslig enebolig med stor tomt i rolig og tilbaketrukket område | Stor låve med verksted og løftebukk| Gode solforhold,"Skimmeliveien 136, 7100 Rissa",7100,Rissa,3 500 000 kr,3 588 590 kr,88 590 kr,,515 491 kr,Gårdsbruk/Småbruk,Selveier,,234 m² (BRA-i),646 m²,,4,,1939,3,3 199 m² (eiet),3199,3.2,Rom,5054,71,9,7,"Paul Stene har gleden av å presentere Skimmeliveien 136   En romslig og innholdsrik enebolig på 234 m², med landlig og tilbaketrukket beliggenhet like utenfor Rissa i Indre Fosen kommune. Eiendommen ligger i rolige omgivelser med vakker natur rett utenfor døren og gode solforhold. På eiendommen finner du også et stort fjøs/låvebygg med verksted, løftebukk og rikelig med lagringsplass   perfekt for hobby, arbeid eller oppbevaring. Det er ca 14 min med bil til Rissa sentrum med skoler, butikker og servicetilbud. Kvaliteter verdt å fremheve: Meget barnevenlig ommråde i enden av blindvei Landlig beliggenhet Mulighet for utleiedel i fjøset Rikelig med lagringsplass Mange bruksmuligheter Ferdigstøypet plate til garasje på 105 m² Opparbeidet hage med terasse Minus Vis mindre NB: Knappen for å vise hele beskrivelsen har kun en visuell effekt. Pluss tegn Vis hele beskrivelsen NB: Knappen for å vise hele beskrivelsen har kun en visuell effekt. Salgsoppgaven beskriver vesentlig og lovpålagt informasjon om eiendommen Se komplett salgsoppgave Nyttige lenker Eiendommens hjemmeside Visning Alle våre visninger har påmelding. Meld deg opp til ønsket visningstidspunkt via linken  visningspåmelding , eller kontakt megler på telefon, SMS eller mail. Vi anbefaler at salgsoppgaven lastes ned digitalt, og oppfordrer alle til å lese komplett salgsoppgave før visning. Skulle det mot formodning ikke være påmeldte til angitt visningstidspunkt vil ikke visning bli gjennomført. Husk å lese komplett salgsoppgave før visning. Bestill komplett, utskriftsvennlig salgsoppgave. Visningspåmelding Gi bud Nyttige lenker Eiendommens hjemmeside Nærområdet Kart Skimmeliveien 136, 7100 Rissa Annonseinformasjon FINN-kode 457500910 Sist endret 06. aug. 2026 11:02 Referanse 8-26-0068 Rapporter annonse Annonsene kan være mangelfulle i forhold til lovpålagt opplysningsplikt. Før bindende avtale inngås oppfordres interessenter til å innhente komplett informasjon fra meglerforetaket, selger eller utleier.",2026-09-21T09:45:19+00:00
454942407,https://www.finn.no/realestate/homes/ad.html?finnkode=454942407,"Hageviken på ca. 240 daa i idylliske omgivelser | Våningshus, kårbolig og 6 øvrige bygg | 104 daa skog og 19,9 daa jord","Tuddalsvegen 1991, 3697 Tuddal",3697,Tuddal,5 900 000 kr,6 062 390 kr,162 390 kr,,184 053 kr,Gårdsbruk/Småbruk,Selveier,,369 m² (BRA-i),369 m²,,3,,1895,2,263 100 m² (eiet),263100,263.1,,4024,95,13,5,"Flott beliggende landbrukseiendom i Tuddal, som er omkranset av vakkert naturlandskap, med strandlinje til idylliske Bjårvatnet. På eiendommen er det oppført våningshus, kårbolig, låve, loft, bur, eldhus og 2 doble garasjer. Eiendommen har bl.a. 19,9 daa fulldyrka mark og 104 daa produktiv skog og et stulsområde på ca. 6 dda. Nydelig tun rundt bygningene, som består av hage, drivhus, noen trær og beplantninger. Gården ligger i idyllisk skogsterreng, og tunet ligger ca.464 m.o.h. Området byr på vakker natur med kupert fjellterreng, kulturlandskap og nærliggende skogsområder. Det er rikelig med rekreasjonsmuligheter i nærområdet. Hageviken ligger noen minutters kjøring fra Tuddal sentrum med barnehage, skole og dagligvareforretning. Ca. 20 km. fra kommunesenteret, og ca. 40 km til Notodden Minus Vis mindre NB: Knappen for å vise hele beskrivelsen har kun en visuell effekt. Pluss tegn Vis hele beskrivelsen NB: Knappen for å vise hele beskrivelsen har kun en visuell effekt. Salgsoppgaven beskriver vesentlig og lovpålagt informasjon om eiendommen Se komplett salgsoppgave Nyttige lenker Bestill prospekt Gi bud Visning Alle våre visninger har påmelding. På denne måten sikrer vi at megler har god oversikt og tid til å imøtekomme alle interessenter på beste måte. Skulle ingen være påmeldt til visningen, vil visningen ikke bli gjennomført. Passer ikke annonsert tidspunkt, ta kontakt så finner vi en løsning. Husk å lese komplett salgsoppgave før visning. Bestill komplett, utskriftsvennlig salgsoppgave. Visningspåmelding Gi bud Nyttige lenker Bestill prospekt Gi bud Nærområdet Kart Tuddalsvegen 1991, 3697 Tuddal Annonseinformasjon FINN-kode 454942407 Sist endret 18. aug. 2026 15:31 Referanse GAR30.2581 Rapporter annonse Annonsene kan være mangelfulle i forhold til lovpålagt opplysningsplikt. Før bindende avtale inngås oppfordres interessenter til å innhente komplett informasjon fra meglerforetaket, selger eller utleier.",2026-09-21T09:45:20+00:00
356020678,https://www.finn.no/realestate/homes/ad.html?finnkode=356020678,Gårdsbruk på 51 dekar med sentral og attraktiv beliggenhet | Dyrka mark av høy kvalitet | Oppussingsobjekt,"Fru Ingers vei 90, 7130 Brekstad",7130,Brekstad,2 500 000 kr,2 563 590 kr,63 590 kr,,209 196 kr,Gårdsbruk/Småbruk,Selveier,,158 m² (BRA-i),828 m²,,4,,1906,,51 100 m² (eiet),51100,51.1,G - Oransje,5057,168,32,7,"Landbrukseiendom med enebolig, garasje, vedskjul, fjøs/låve og størhus/kjøkken. Eiendommen har en sentral beliggenhet med kort vei til Brekstad og alle tjenester og servicetilbud. Boligen/våningshus har følgende rominndeling: 1. etasje: Stue, entré, gang, soverom, bad, WC, stue og kjøkken. 2. etasje: Gang, kjøkken, stue, tre soverom, gang, WC og trapperom.  boder. På eiendommen har man også følgende bygninger: Garasjen er på 265 kvm. Vedskjulet er på 34 kvm. Fjøset/låven er på 263 kvm. Størhus/kjøkken er på 108 kvm. Bygningsmassen bærer preg av slitasje og vedlikeholdsetterslep. Eiendommen selges som et oppussingsobjekt. Velkommen på visning Minus Vis mindre NB: Knappen for å vise hele beskrivelsen har kun en visuell effekt. Pluss tegn Vis hele beskrivelsen NB: Knappen for å vise hele beskrivelsen har kun en visuell effekt. Salgsoppgaven beskriver vesentlig og lovpålagt informasjon om eiendommen Se komplett salgsoppgave Nyttige lenker Eiendommens hjemmeside Bestill salgsoppgave Visning Ta kontakt for å avtale visning. Husk å lese komplett salgsoppgave før visning. Bestill komplett, utskriftsvennlig salgsoppgave. Visningspåmelding Gi bud Nyttige lenker Eiendommens hjemmeside Bestill salgsoppgave Nærområdet Kart Fru Ingers vei 90, 7130 Brekstad Annonseinformasjon FINN-kode 356020678 Sist endret 08. apr. 2026 06:02 Referanse 43240052 Rapporter annonse Annonsene kan være mangelfulle i forhold til lovpålagt opplysningsplikt. Før bindende avtale inngås oppfordres interessenter til å innhente komplett informasjon fra meglerforetaket, selger eller utleier.",2026-09-21T09:45:22+00:00
457049923,https://www.finn.no/realestate/homes/ad.html?finnkode=457049923,Landlig fritidseiendom – nedlagt småbruk i naturskjønne omgivelser i Velfjord,"Nordfjellmarka 27, 8960 Velfjord",8960,Velfjord,1 450 000 kr,1 487 340 kr,37 340 kr,0 kr,83 158 kr,Gårdsbruk/Småbruk,Selveier,,,62 m²,,2,,1937,,43 384 m² (eiet),43384,43.4,,1813,154,7,1,"Usjenert fritidseiendom i Velfjord med stor tomt (43 daa), strøm og vann fra egen brønn. Delvis oppgradert bolig med 2 soverom, peis og flere uthus. Kort vei til Markavatnet og flotte naturopplevelser. Drømmer du om ro, natur og god avstand til naboer? Denne eiendommen i Velfjord byr på landlig idyll, med vakker natur, bekk like ved og rikelig med skog og skygge rundt eiendommen. Boligen ligger ca. 23 km sørøst for Hommelstø sentrum, og har en usjenert beliggenhet med nærmeste nabobygning ca. 300 meter unna og nærmeste bebodde bolig ca. 650 meter unna. Her får du virkelig følelsen av fred og privatliv. Eiendommen er et nedlagt småbruk fra 1937 som i dag benyttes som fritidsbolig. Hovedbygget har et bruksareal (BRA/BRA-i) på 62 m² og inneholder blant annet 2 soverom. Boligen er delvis oppgradert både innvendig og utvendig, samtidig som det fortsatt er rom for videre forbedringer etter eget ønske. I stuen finner du peis som gir både varme og god stemning på kjølige dager. Boligen har innlagt strøm og vann fra egen brønn, noe som gir gode muligheter for komfortable opphold. På sommerstid er det fine solforhold på eiendommen. Tomten er på hele 43 384,1 m² og består av to teiger, noe som gir rikelig med plass og gode muligheter for utfoldelse. I tillegg følger det med flere praktiske bygg på eiendommen, inkludert fjøs fra opprinnelig byggeår, ekstern bod og et nyere drivhus/anneks. Terrassen gir en fin plass for å nyte rolige dager og naturopplevelser. Fra eiendommen er det gangavstand til Markavatnet (ca. 1,7 km), som gir gode muligheter for friluftsliv året rundt. Området er ideelt for deg som ønsker tur, fiske og naturopplevelser rett utenfor døren. Adkomst skjer via privat vei med tinglyst veirett fra offentlig vei. Eiendommen ligger på ca. 126,6 moh. Tilstandsrapport foreligger. Dette er en eiendom for deg som ønsker et landlig fristed med god plass, fine solforhold og utviklingsmuligheter – perfekt for rolige helger og fritid i naturskjønne omgivelser. Visning etter avtale Vesentlige opplysninger Se tilstandsrapport Minus Vis mindre NB: Knappen for å vise hele beskrivelsen har kun en visuell effekt. Pluss tegn Vis hele beskrivelsen NB: Knappen for å vise hele beskrivelsen har kun en visuell effekt. Salgsoppgaven beskriver vesentlig og lovpålagt informasjon om eiendommen Se komplett salgsoppgave Profilinfo Rettigheter og plikter når du kjøper bolig av en privatperson Visning Ta kontakt for å avtale visning. Nærområdet Kart Nordfjellmarka 27, 8960 Velfjord Profilinfo Rettigheter og plikter når du kjøper bolig av en privatperson Annonseinformasjon FINN-kode 457049923 Sist endret 23. mars 2026 23:28 Rapporter annonse Annonsene kan være mangelfulle i forhold til lovpålagt opplysningsplikt. Før bindende avtale inngås oppfordres interessenter til å innhente komplett informasjon fra meglerforetaket, selger eller utleier.",2026-09-21T09:45:23+00:00
456446874,https://www.finn.no/realestate/homes/ad.html?finnkode=456446874,"Idyllisk, gammelt gårdsbruk med brygge og lang strandlinje i Langårdssund","Midtre Gumøyveien 10 og 12, 3783 Kragerø skjærgård",3783,Kragerø skjærgård,12 000 000 kr,12 301 350 kr,301 350 kr,,67 149 kr,Gårdsbruk/Småbruk,Selveier,,150 m² (BRA-i),150 m²,,4,,1850,2,385 344 m² (eiet),385344,385.3,Rom,4014,25,9,5,"Den gamle plassen Rønningen ligger idyllisk til på Gumøy, den tredje største øya i Kragerøs skjærgård. Eiendommen består av hovedhus, bryggerhus, låve, stabbur, vedskjul og sjøbod. Alt av bygningsmassen er gammel, og står foran full rehabilitering i følge tilstandsrapport. Eiendommen har tomt på omtrent 380 mål, som består av flere hundre meter strandlinje mot sundet mellom Langøy og Gumøy. Her er det sjøbod fra ca. 1920, brygge, svaberg og sandstrand. På brygga er det sol til nærmere kl 22:00 sommerstid. Fra sjøen er det gammel sti opp til gårdstunet, som er omgitt av grønne arealer, gamle steingjerder og gamle syriner. Husene skal være oppført i 1850-årene, bryggerhuset ble senere erstattet i 1952. Minus Vis mindre NB: Knappen for å vise hele beskrivelsen har kun en visuell effekt. Pluss tegn Vis hele beskrivelsen NB: Knappen for å vise hele beskrivelsen har kun en visuell effekt. Salgsoppgaven beskriver vesentlig og lovpålagt informasjon om eiendommen Se komplett salgsoppgave Visning Ta kontakt for å avtale visning. Husk å lese komplett salgsoppgave før visning. Bestill komplett, utskriftsvennlig salgsoppgave. Visningspåmelding Gi bud Nærområdet Kart Midtre Gumøyveien 10 og 12, 3783 Kragerø skjærgård Annonseinformasjon FINN-kode 456446874 Sist endret 21. sep. 2026 09:32 Referanse 1302250093 Rapporter annonse Annonsene kan være mangelfulle i forhold til lovpålagt opplysningsplikt. Før bindende avtale inngås oppfordres interessenter til å innhente komplett informasjon fra meglerforetaket, selger eller utleier.",2026-09-21T09:45:24+00:00
424250389,https://www.finn.no/realestate/homes/ad.html?finnkode=424250389,"Landbrukseigedom i naturskjønne og landlege omgivelsar - Bustadhus, fjøs, verkstad, redskapshus og to stølshus.","Veitastrondsvegen 2275, 6878 Veitastrond",6878,Veitastrond,1 980 000 kr,2 048 590 kr,68 590 kr,,591 227 kr,Gårdsbruk/Småbruk,Selveier,,166 m² (BRA-i),166 m²,,6,,1920,3,215 044 m² (eiet),215044,215.0,,4644,132,10,5,"Velkomen til Veitastrondvegen 2275! Ein innhaldsrik landbrukseigedom i naturskjønt område med flotte tur- og friluftsområde rett utanfor døra.  Her får du sjansen til sikre deg ein landbrukseigedom med mykje boltreplass for store og små. Eigedomen er på ca. 215 daa fordelt på seks teigar og er dermed konsesjonspliktig, og inneheld bustadhus, fjøs, redskapshus og verkstad. I tillegg medfølger stølshus på Vårstølen og Nystølen i idylliske omgivelsar. Velkomen til visning! Minus Vis mindre NB: Knappen for å vise hele beskrivelsen har kun en visuell effekt. Pluss tegn Vis hele beskrivelsen NB: Knappen for å vise hele beskrivelsen har kun en visuell effekt. Salgsoppgaven beskriver vesentlig og lovpålagt informasjon om eiendommen Se komplett salgsoppgave Nyttige lenker Eiendommens hjemmeside Interessert i denne eiendommen? Visning Velkommen til visning! Husk å melde deg på visningen ved å trykke på knappen  visningspåmelding  under, eller ta kontakt med megler for å gjøre en avtale. Visninger uten påmeldte blir avlyst. Husk å lese komplett salgsoppgave før visning. Bestill komplett, utskriftsvennlig salgsoppgave. Visningspåmelding Gi bud Nyttige lenker Eiendommens hjemmeside Interessert i denne eiendommen? Nærområdet Kart Veitastrondsvegen 2275, 6878 Veitastrond Annonseinformasjon FINN-kode 424250389 Sist endret 14. aug. 2026 14:51 Referanse 17250058 Rapporter annonse Annonsene kan være mangelfulle i forhold til lovpålagt opplysningsplikt. Før bindende avtale inngås oppfordres interessenter til å innhente komplett informasjon fra meglerforetaket, selger eller utleier.",2026-09-21T09:45:26+00:00
456343388,https://www.finn.no/realestate/homes/ad.html?finnkode=456343388,"Herskapelig herregård med stort hovedhus, garasje, stall og låve-  utsikt utover Lierdalen","Vestsideveien 264, 3405 Lier",3405,Lier,27 000 000 kr,27 694 590 kr,694 590 kr,,,Gårdsbruk/Småbruk,Selveier,,473 m² (BRA-i),1 269 m²,,,,2002,,25 666 m² (eiet),25666,25.7,C - Gul,3312,76,84,3,"Velkommen til Bakkemehren gård En helt unik hestegård beliggende i vakre omgivelser, med utsikt med Lierdalen. En eiendom helt utenom det vanlige med bl.la herskaplig hovedhus, dobbeltgarasje, stall, ridebane og eldre låve. Tunet ligger åpent og solrikt, og eiendommer er perfekt for den hesteinteresserte, eller deg som vil leve ut drømmen på landet. - Hovedhuset er oppført i 2002. Senere ombygget/påbygget i 2010/2011 - Tegnet av arkitekt Arne Finn Solli i Drammen - Eksklusive materialvalg og klassisk preg. Imponerende takhøyde i flere rom - Dobbeltgarasje - Terrasse på hele 300 kvm m. utekjøkken - Stall, låve, paddocer og utendørs ridebane - Kort vei til barnehage, golfbane, rideskole, skole og Lierelva - Ypperlige treningsforhold for hest. Kort kjørevei til Drammen ridesenter Minus Vis mindre NB: Knappen for å vise hele beskrivelsen har kun en visuell effekt. Pluss tegn Vis hele beskrivelsen NB: Knappen for å vise hele beskrivelsen har kun en visuell effekt. Salgsoppgaven beskriver vesentlig og lovpålagt informasjon om eiendommen Se komplett salgsoppgave Nyttige lenker Eiendommens hjemmeside Visning Ta kontakt for å avtale visning. Husk å lese komplett salgsoppgave før visning. Bestill komplett, utskriftsvennlig salgsoppgave. Visningspåmelding Gi bud Nyttige lenker Eiendommens hjemmeside Nærområdet Kart Vestsideveien 264, 3405 Lier Annonseinformasjon FINN-kode 456343388 Sist endret 19. sep. 2026 04:11 Referanse 159250940 Rapporter annonse Annonsene kan være mangelfulle i forhold til lovpålagt opplysningsplikt. Før bindende avtale inngås oppfordres interessenter til å innhente komplett informasjon fra meglerforetaket, selger eller utleier.",2026-09-21T09:45:27+00:00
433533791,https://www.finn.no/realestate/homes/ad.html?finnkode=433533791,"Din egen private villmark på Sørøya - 9.000 mål med natur, jakt og fiske","Skippernes 24, 9651 Langstrand",9651,Langstrand,7 000 000 kr,7 176 350 kr,176 350 kr,,2 529 895 kr,Gårdsbruk/Småbruk,Selveier,,88 m² (BRA-i),170 m²,,4,,1947,,9 021 000 m² (eiet),9021000,9021.0,D - Oransje,5603,4,9,5,"Unik mulighet på Sørøya! Vi har for salg en stor eiendom på hele 9000 mål på Skipperneset, ytterst på Sørøya i Hammerfest kommune. Her får du rå naturopplevelser i spektakulære omgivelser, med fjell, fjord og hav som nærmeste naboer. Området byr på ypperlige forhold for jakt, fiske og friluftsliv, med rike bestander av vilt og fisk, og et landskap som inviterer til turer, bærplukking og kajakkpadling. Opplev nordlyset som danser over horisonten vinterstid, og nyt midnattssolen som lyser opp de lange sommernettene. Eiendommen egner seg som privat fristed, turistprosjekt, jakt- og fiskecamp eller investering i arktisk natur. Her får du stillhet, storslått utsikt og ekte villmark langt fra mas og støy, men tett på det som gjør Nord-Norge magisk. Dette er en sjelden sjanse til å eie et stykke urørt natur i en av landets vakreste kystlandskap. Minus Vis mindre NB: Knappen for å vise hele beskrivelsen har kun en visuell effekt. Pluss tegn Vis hele beskrivelsen NB: Knappen for å vise hele beskrivelsen har kun en visuell effekt. Salgsoppgaven beskriver vesentlig og lovpålagt informasjon om eiendommen Se komplett salgsoppgave Nyttige lenker Gi bud Bestill salgsoppgave Eiendommens hjemmeside Hjemmeside Visning Ta kontakt for å avtale visning. Husk å lese komplett salgsoppgave før visning. Bestill komplett, utskriftsvennlig salgsoppgave. Visningspåmelding Nyttige lenker Gi bud Bestill salgsoppgave Eiendommens hjemmeside Hjemmeside Nærområdet Kart Skippernes 24, 9651 Langstrand Annonseinformasjon FINN-kode 433533791 Sist endret 17. sep. 2026 11:09 Referanse 1250156 Rapporter annonse Annonsene kan være mangelfulle i forhold til lovpålagt opplysningsplikt. Før bindende avtale inngås oppfordres interessenter til å innhente komplett informasjon fra meglerforetaket, selger eller utleier.",2026-09-21T09:45:28+00:00
455254379,https://www.finn.no/realestate/homes/ad.html?finnkode=455254379,"Sjarmerende småbruk på ca. 77 dekar | Oppgradert bolig | Naust og flere uthus | Solrikt, skjermet og idyllisk eiendom","Mastadveien 105, 7242 Knarrlagsund",7242,Knarrlagsund,5 500 000 kr,5 638 850 kr,138 850 kr,,64 388 kr,Gårdsbruk/Småbruk,Selveier,,236 m² (BRA-i),236 m²,,4,,1904,,77 414 m² (eiet),77414,77.4,C - Lysegrønn,5056,86,4,7,"EIE eiendomsmegling ved Hilde Løvseth har gleden av å presentere Mastadveien 105 - en romslig eiendom med landlig og skjermet beliggenhet på Fjellværøya i Hitra kommune. Eiendommen består av ca. 77 dekar fordelt på flere teiger og fremstår som et hyggelig tun med hovedhus og flere uthus, blant annet dobbeltgarasje med isolert rom i 2. etasje, låve, smie, stabbur og naust. Boligen er opprinnelig fra 1904, men ble vesentlig oppgradert og utvidet i perioden 2012-2014. Merk deg dette: - Landlig og skjermet beliggenhet på Fjellværøya - Nytt kjøkken, bad i 2. etasje samt vaskerom og WC i 1. etasje etablert i oppgraderingsperioden - Rør-i-rør-system og nytt elektrisk anlegg i hovedhuset fra samme periode - Varmepumpe installert i 2023 - Naust på eiendommen og kort vei til sjø og båtliv - Kort vei til butikk, skole og barnehage i Knarrlagsund - Bussholdeplass ca. 30 meter fra eiendommen - Rolig og etablert nærmiljø med spredt bebyggelse Velkommen til visning! Minus Vis mindre NB: Knappen for å vise hele beskrivelsen har kun en visuell effekt. Pluss tegn Vis hele beskrivelsen NB: Knappen for å vise hele beskrivelsen har kun en visuell effekt. Salgsoppgaven beskriver vesentlig og lovpålagt informasjon om eiendommen Se komplett salgsoppgave Nyttige lenker Gi bud Bestill salgsoppgave Eiendommens hjemmeside Visning Ta kontakt for å avtale visning. Husk å lese komplett salgsoppgave før visning. Bestill komplett, utskriftsvennlig salgsoppgave. Visningspåmelding Nyttige lenker Gi bud Bestill salgsoppgave Eiendommens hjemmeside Nærområdet Kart Mastadveien 105, 7242 Knarrlagsund Annonseinformasjon FINN-kode 455254379 Sist endret 14. sep. 2026 07:04 Referanse 97260056 Rapporter annonse Annonsene kan være mangelfulle i forhold til lovpålagt opplysningsplikt. Før bindende avtale inngås oppfordres interessenter til å innhente komplett informasjon fra meglerforetaket, selger eller utleier.",2026-09-21T09:45:30+00:00
433726542,https://www.finn.no/realestate/homes/ad.html?finnkode=433726542,"Unique and healthy farm, new log house. Rentals, tourism, forest & farming",", 2436 Våler i Solør",2436,Våler i Solør,7 000 000 kr,7 185 000 kr,185 000 kr,0 kr,992 000 kr,Gårdsbruk/Småbruk,Selveier,,,209 m²,,5,,2013,2,134 000 m² (eiet),134000,134.0,B - Lysegrønn,3419,35,7,1,"Farm from the 19th century next to a big forest with a new loghouse from 2013. Perfect for a family looking for healthy living conditions or as a retreat. Built according to German building biology standards and Norwegian TEK10. Surrounded by nature, very low emissions. Built for self sustainability with own energy (wood, solar), water (wells), food (farming). High standard. Own forest and farmland. Good earning opportunities with rental flat, newly renovated cabin (Airbnb), farming and storage. Ready to move in. No additional work needed. Main log building has turf roof, triple glass windows, big terrace, balcony. Waterborne underfloor heating, ground heat pump and 2 fireplaces / wood stoves. 5 bedrooms, 2 bathrooms. Log garage with tiled concrete floor for 3 cars. Workshop with waterborn heating. Guesthouse (loghouse) with 2 bedrooms, 1 bathroom. Waterborne underfloor heating and wood cooking stove. Barns, industrial building, greenhouse and additional buildings. Sustainability equipment and event activity gear can be taken over as well. School bus stops at the driveway, 10km to grocery stores, gas station, schools, doctor's office, cross country skiing, river with beach, airstrip, motor cross. Hospital 40min by car. 2 hours drive to Oslo and Oslo Airport.",2026-09-21T09:45:31+00:00
454487275,https://www.finn.no/realestate/homes/ad.html?finnkode=454487275,BUD MOTTATT på stor eiendom med unikt potensial – ved foten av Lyngsalpene,"Jøvikvegen 1401, 9043 Jøvika",9043,Jøvika,1 490 000 kr,1 527 250 kr,37 250 kr,0 kr,95 440 kr,Gårdsbruk/Småbruk,Selveier,,,0 m²,,3,,1928,,187 000 m² (eiet),187000,187.0,,5501,159,4,1,"Stor eiendom med unikt potensial – ved foten av Lyngsalpene Velkommen til en sjelden mulighet i et av Nord‑Norges mest spektakulære landskap. Eiendommen ligger vakkert til i Straumsbukta/Jøvik‑området, med de ikoniske Lyngsalpene som mektig bakteppe. Her får du en romslig landbrukseiendom med rikt naturmangfold, utviklingsmuligheter og fantastiske omgivelser – et perfekt utgangspunkt enten du ønsker å skape et fritidsparadis, et småbruk med egenart, eller et sted for rekreasjon og friluftsliv. Hovedhus og bygninger På eiendommen står et eldre våningshus som vurderes som rivningsklart , eventuelt et større renoveringsprosjekt for den som ønsker å sette sitt preg på stedet. I tillegg finnes en driftsbygning/fjøs i grei og brukbar stand , velegnet til lager (som det benyttes til i dag), hobbyprosjekter eller videre tilpasning. Dette gir nye eiere stor fleksibilitet: enten du vil starte på nytt og bygge etter egne ønsker, eller bevare deler av gårdstunet og skape ditt helt eget uttrykk. Eiendom og areal (gnr159 bnr 4 og 10) Tomten er stor, i overkant av 187 000m2 og i underkant av 170m strandlinje, variert og rik på naturressurser. Landskapet byr på både skog, innmark og utmark, og ligger i umiddelbar nærhet til fjell, fjord og klassiske turmål. Kommunens arealplan åpner i dag for spredt fritidsbebyggelse , noe som gir et betydelig framtidspotensial for den rette kjøperen – enten privat eller investeringsorientert (muligheter kan utforskes av ny eier). Det kan nevnes at Tromsø kommune innvilget fradeling av fire parseller i 2019, med forutsetning at det ble innhentet geoteknisk dokumentasjon. Friluftsliv og naturopplevelser i toppklasse Eiendommen ligger midt i et eldorado for naturopplevelser: Fremragende fiskemuligheter i fjord og vann Bærterreng rett utenfor døren – krekling, blåbær, tyttebær og muligheter for molte Toppturer og randonnéeski i verdensklasse i Lyngsalpene Flotte skimuligheter for både tur, langrenn og løssnø Rikt dyre- og fugleliv , perfekte rammer for jakt, foto og friluftsliv Storslått utsikt og en ro som bare nordnorsk natur kan gi Dette er et sted for deg som ønsker stor plass rundt deg, naturen som nærmeste nabo og unike muligheter for å forme eiendommen etter egne drømmer. Adkomst og infrastruktur Adkomsten er svært god med helårsvei helt frem. Nylig fullført utbedring av fylkesveg 7900 har gjort området enda mer tilgjengelig, og reisetiden fra Tromsø er nå betydelig kortere . Eiendommen har innlagt strøm og vann , og ligger i et område gode sol- og lysforhold. Oppsummering Dette er en eiendom med eksepsjonelt potensial , enten du ser etter et prosjekt, et fritidssted utenom det vanlige, eller en utviklingsmulighet i et av landets flotteste fjellområder. Her får du en kombinasjon av størrelse, beliggenhet, naturkvaliteter og fleksibilitet som sjelden dukker opp på markedet. Mulighetene er mange – og de beste eiendommene blir som kjent sjelden lenge i markedet. Utfyllende informasjon om fellesgjeld og felleskostnader Evt bud legges ut på annonsen fortløpende. Vesentlige opplysninger Et eventuelt salg forutsetter at kjøper får innvilget konsesjon for eiendommen. Som det fremgår i beskrivelsen er hovedhuset i en slik befatning at en takst vil ha liten hensikt. For mer utfyllende informasjon kan selgere kontaktes på Dan Ørjan mob 95871798 Per Erik mob 91332842 Minus Vis mindre NB: Knappen for å vise hele beskrivelsen har kun en visuell effekt. Pluss tegn Vis hele beskrivelsen NB: Knappen for å vise hele beskrivelsen har kun en visuell effekt. Ta kontakt med selger for komplett informasjon Profilinfo 95 87 17 98 Rettigheter og plikter når du kjøper bolig av en privatperson Visning Ta kontakt for å avtale visning. Nærområdet Kart Jøvikvegen 1401, 9043 Jøvika Profilinfo 95 87 17 98 Rettigheter og plikter når du kjøper bolig av en privatperson Annonseinformasjon FINN-kode 454487275 Sist endret 01. juli 2026 09:38 Rapporter annonse Annonsene kan være mangelfulle i forhold til lovpålagt opplysningsplikt. Før bindende avtale inngås oppfordres interessenter til å innhente komplett informasjon fra meglerforetaket, selger eller utleier.",2026-09-21T09:45:32+00:00
454102397,https://www.finn.no/realestate/homes/ad.html?finnkode=454102397,LANDBRUKSEIENDOM PÅ STRAUMFJORDNES - NEDLAGT GÅRDSBRUK,"Straumfjordnes 181, 9158 Storslett",9158,Storslett,2 000 000 kr,2 051 090 kr,51 090 kr,,1 155 144 kr,Gårdsbruk/Småbruk,Selveier,,218 m² (BRA-i),218 m²,,5,,1948,,588 300 m² (eiet),588300,588.3,G - Rød,554,65,34,3,"En sjelden mulighet i Nord-Troms - velkommen til gården BJERKLI – en komplett landbrukseiendom med stort potensial, vakkert beliggende i Straumfjord. Eiendommen består av tre matrikkelenheter (65/34, 65/132 og 65/145) og utgjør en landbrukseiendom med varierte arealressurser. Gårdstunet med bygninger ligger på hovedeiendommen 65/34. Eiendommen er i dag ikke i aktiv drift, noe som gir en ny eier muligheten til å sette sitt eget preg på driften og utviklingen av gården. Nøkkeldata Gnr/Bnr 65/34, 65/132, 65/145 – Nordreisa kommune Totalareal Ca. 588 daa Jordbruksareal 98,1 daa (fulldyrket og overflatedyrket jord + innmarksbeite) Produktiv skog 99,3 daa Utmark/uproduktiv skog 381,8 daa Boligareal (BRA) 218 m² Driftsbygning (BTA) 536 m² Redskapshus (BTA) 124 m² Bygninger Bolig – Våningshus Byggeår: 1948, med tilbygg og totalrenovering i hhv. 1985, 2005 og 2003 Bruksareal (BRA): 218 m² Etasjer: Kjeller, hovedplan og loft Romfordeling: Loft: Loftstue, 3 soverom Hovedplan: Vindfang, gang, kjøkken, stue, bad, 2 soverom, trapperom Kjeller: 4 kjellerrom (bl.a. tidligere vaskerom med opplegg for hvitevarer) Våningshuset har tømmerkonstruksjon med tilbygg i bindingsverk, saltak med metallplater og overbygd inngangsparti. Vinduer ble i hovedsak skiftet i 2008. Boligen er beboelig, men har vedlikeholdsbehov og trenger oppgradering. Driftsbygning Byggeår: 1967, med tilbygg i 2001 og 2008 Areal (BTA): 536 m² Innhold: Gang/omkledningsrom, kontor, bad/vaskerom, melkerom med 11 melkeorganer (plass til 22 dyr), teknisk rom, dyrerom, lembro og 2 tårnsiloer (ca. 300 m³ til sammen) Driftsbygningen er bygd i flere perioder og har nyere deler med 15 cm isolasjon i vegger og 20 cm i himling. Felles brannvarslingssystem for alle bygninger på eiendommen. Redskapshus Byggeår: 1984 Areal (BTA): 124 m² Innkjøring via garasjeport (3,5 m × 3,0 m). Enkel standard med noe vedlikeholdsbehov. Arealressurser Jord og beite Arealtype Areal (daa) Fulldyrket jord 93,2 Overflatedyrket jord 4,9 Innmarksbeite Ca. 4,9 (inkl. i sum) Sum jord og beite 98,1 Skog Bonitet Areal (daa) Middels bonitet 99,2 Lav bonitet 0,1 Sum produktiv skog 99,3 Skogen består hovedsakelig av lauvskog. Ingen gjeldende skogbruksplan foreligger. Utmark og annet Uproduktiv skog, myr og åpen fastmark: 381,8 daa Jakt- og fiskerettigheter medfølger eiendommen (elgjakt m.m.) Juridiske forhold Eiendommen er konsesjonspliktig og underlagt en rekke lovpålagte forpliktelser. Kjøper oppfordres til å sette seg godt inn i disse før bud inngis. Konsesjon: Kjøper må søke Nordreisa kommune om konsesjon. Det vil være priskontroll ved fritt salg, jf. konsesjonslovens §§ 9 og 9a. Det er ikke prisvurdering dersom kjøpesum er under 3,5 mill. Boplikt: Det er i utgangspunktet lovpålagt boplikt for landbrukseiendommer. Kjøper må normalt bosette seg på eiendommen innen 1 år og bo der sammenhengende i 5 år med folkeregisteradresse. Driveplikt: Eiendommen er underlagt driveplikt etter jordlova § 8 for all fulldyrket og overflatedyrket jord samt innmarksbeite. Odelsrett/forkjøpsrett: Eiendommen oppfyller arealkravene i odelsloven § 2. Det er tinglyst forkjøpsrettigheter. Eventuelle odelsberettigede/forkjøpsretter må avklares. Deling: Eiendommen kan ikke deles uten søknad og godkjenning fra kommunen eller Statsforvalter, jf. jordlova § 12. Arealstatus: Eiendommen ligger i LNFR-areal i henhold til kommuneplanens arealdel for Nordreisa kommune. Verdisammenstilling iht. landbrukstakst Post                                      Verdi (kr) Jord og beite (98,1 daa)                  384 438 Produktiv skog (99,3 daa)                 44 674 Uproduktiv skog og utmark (381,8 daa)     76 360 Jakt og fiske                             22 000 Driftsbygninger                          550 000 Våningshus (boligverdi)               1 500 000 Eiendommens totale takstverdi         2 577 472 Fastsatt markedsverdi             Kr. 2 500 000 Bestilling av salgsoppgave Ta kontakt med Advokat Rune Gustavsen via ""Send melding"" til høyre på annonsen. Der kan du legge inn din kontaktinformasjon og bestille salgsoppgave. Du vil ved slik registrering også bli holdt orientert om bud. Visning avtales særskilt. Minus Vis mindre NB: Knappen for å vise hele beskrivelsen har kun en visuell effekt. Pluss tegn Vis hele beskrivelsen NB: Knappen for å vise hele beskrivelsen har kun en visuell effekt. Ta kontakt med megler for komplett informasjon Visning Ta kontakt for å avtale visning. Nærområdet Kart Straumfjordnes 181, 9158 Storslett Annonseinformasjon FINN-kode 454102397 Sist endret 01. juli 2026 13:38 Referanse 7460 Rapporter annonse Annonsene kan være mangelfulle i forhold til lovpålagt opplysningsplikt. Før bindende avtale inngås oppfordres interessenter til å innhente komplett informasjon fra meglerforetaket, selger eller utleier.",2026-09-21T09:45:33+00:00
360632548,https://www.finn.no/realestate/homes/ad.html?finnkode=360632548,"Li er en flott og attraktiv landbrukseiendom. Melkeproduksjon i løsdriftsfjøs, og selveid kvote på 270 048 liter.","Bjørndalsvegen 183, 7944 Indre Nærøy",7944,Indre Nærøy,6 900 000 kr,7 073 590 kr,173 590 kr,,186 539 kr,Gårdsbruk/Småbruk,Selveier,,292 m² (BRA-i),292 m²,,5,,1962,,521 000 m² (eiet),521000,521.0,G - Gul,5060,24,21,5,"Li er en flott og attraktiv landbrukseiendom i Nærøysund Kommune. Melkeproduksjon i løsdriftsfjøs, og selveid kvote på 270 048 liter. Gården har et totalareal på 521 daa, og ligger i Bjørndalen, som er et område med mye jordbruk og som har et aktivt produksjonsmiljø. Dyrka jord på 245,9 daa, samt 121 daa produktiv skog. Bygningsmassen består av bolighus, kårhus, driftsbygning for melk med utvendig gjødselkum, redskapshus og garasje. Det er jaktrett på eiendommen, og mange tur- og fiskemuligheter både i sj ø og ferskvann i nærområdet. Minus Vis mindre NB: Knappen for å vise hele beskrivelsen har kun en visuell effekt. Pluss tegn Vis hele beskrivelsen NB: Knappen for å vise hele beskrivelsen har kun en visuell effekt. Salgsoppgaven beskriver vesentlig og lovpålagt informasjon om eiendommen Se komplett salgsoppgave Nyttige lenker Eiendommens hjemmeside Bestill salgsoppgave Visning Ta kontakt for å avtale visning. Husk å lese komplett salgsoppgave før visning. Bestill komplett, utskriftsvennlig salgsoppgave. Visningspåmelding Gi bud Nyttige lenker Eiendommens hjemmeside Bestill salgsoppgave Nærområdet Kart Bjørndalsvegen 183, 7944 Indre Nærøy Annonseinformasjon FINN-kode 360632548 Sist endret 04. juni 2026 09:05 Referanse 54240072 Rapporter annonse Annonsene kan være mangelfulle i forhold til lovpålagt opplysningsplikt. Før bindende avtale inngås oppfordres interessenter til å innhente komplett informasjon fra meglerforetaket, selger eller utleier.",2026-09-21T09:45:36+00:00
452853474,https://www.finn.no/realestate/homes/ad.html?finnkode=452853474,Sjarmerende småbruk med fantastisk utsikt i Gjøvdal. Trenger mye kjærlighet!,"Homdrom 150, 4865 Åmli",4865,Åmli,2 250 000 kr,2 306 250 kr,56 250 kr,0 kr,1 047 000 kr,Gårdsbruk/Småbruk,Selveier,,,140 m²,,3,,1875,2,3 000 m² (eiet),3000,3.0,,4217,25,409,1,"Eiendommen ligger i grenda Homdrom sammen med 6 andre gårdsbruk. ""Jentene"" (navnet på huset) søker nye eiere! Huset fra 1875 oser av historikk og tar deg omgående tilbake til gamledager. Tømmervegger og bindingsverk med panelte vegger malt i vakre farger, og gamle håndmalte tapeter. Alle dører er årdret. Huset er ikke restaurert eller modernisert på 1900-tallet og har derfor alle originale bygningsdeler inntakt. Eiendommen har den flotteste utsikten på Homdrom og er i særklasse ved å være endevei. Fra stue og soveromsvinduene kan du se den flotte fjelltoppen Lindeknuten i Tovdal. I hovedhuset er alle vinduene restaurert og den gamle kledningen bevart. Nåværende eier har også drenert og planert rundt eiendommen, og laget kjørbar vei frem til døren. Når eiendommen ble drenert ble det også lagt ned et ekstra avløpsrør for toalett. Alle strøm- og fiberkabler er gravd ned. På tomten er det også en låve og et brønnhus. Eiendommen har 3 måls tomt, har ikke bo- eller driveplikt. Og selges som fritidseiendom.",2026-09-21T09:45:37+00:00
373673878,https://www.finn.no/realestate/homes/ad.html?finnkode=373673878,"Gårdsbruk med melkeproduksjon i løsdrift, gode skog- og jaktressurser og to bolighus på et trivelig tun","Lonevegen 213, 6967 Hellevik i Fjaler",6967,Hellevik i Fjaler,11 000 000 kr,11 288 990 kr,288 990 kr,,762 214 kr,Gårdsbruk/Småbruk,Selveier,186 m²,,202 m²,231 m²,4,,1994,,1 477 171 m² (eiet),1477171,1477.2,,4646,23,2,3,,2026-09-21T09:45:38+00:00
448065372,https://www.finn.no/realestate/homes/ad.html?finnkode=448065372,Landbrukseiendom på 689 daa i Vestre Toten,"Vestre Totenveg 1109, 2840 Reinsvoll",2840,Reinsvoll,10 000 000 kr,10 256 170 kr,256 170 kr,,652 029 kr,Gårdsbruk/Småbruk,Selveier,,607 m² (BRA-i),607 m²,,8,,1880,,689 100 m² (eiet),689100,689.1,,3443,29,1,5,"Landbrukseiendommen Myren ligger pent til i et aktivt landbruksmiljø i Vestre Toten kommune, ca. 9 km øst for Raufoss. Eiendommen har jordbruksressurser nær tunet som gir et godt grunnlag for planteproduksjon. Det totale arealet er på 689 daa hvorav fulldyrket mark 223 daa, produktiv skog 363 daa, annet areal 93 daa og bebygget/tun mm 9 daa. Boniteten i skogen er fordelt fra lav til høy. Det begrenset med hogstmoden skog, skog i hogstklasse 4 og 5. Tunet med bygninger ligger pent til. Bebyggelsen består av hovedbygning, sidebygning, gammelt kondemnabelt hovedhus, verkstedbygning, driftsbygning, redskapshus. Det er et etterslep på vedlikehold på bygningene. Allmenningsrett. Kjøpet er konsesjonsbetinget. Odel. Minus Vis mindre NB: Knappen for å vise hele beskrivelsen har kun en visuell effekt. Pluss tegn Vis hele beskrivelsen NB: Knappen for å vise hele beskrivelsen har kun en visuell effekt. Salgsoppgaven beskriver vesentlig og lovpålagt informasjon om eiendommen Se komplett salgsoppgave Nyttige lenker Bestill salgsoppgave Visning Ønsker du å delta på visningen ber vi deg melde deg på slik at vi vet at du kommer. Da kan vi bistå alle best mulig og gi deg tiden du trenger på visningen. Visningen avholdes bare dersom det er påmeldte senest dagen før før visning. Ta gjerne kontakt med megler før visning hvis du har noen spørsmål. Velkommen! Husk å lese komplett salgsoppgave før visning. Bestill komplett, utskriftsvennlig salgsoppgave. Visningspåmelding Gi bud Nyttige lenker Bestill salgsoppgave Nærområdet Kart Vestre Totenveg 1109, 2840 Reinsvoll Annonseinformasjon FINN-kode 448065372 Sist endret 08. juli 2026 10:26 Referanse 6024260017 Rapporter annonse Annonsene kan være mangelfulle i forhold til lovpålagt opplysningsplikt. Før bindende avtale inngås oppfordres interessenter til å innhente komplett informasjon fra meglerforetaket, selger eller utleier.",2026-09-21T09:45:39+00:00
446096428,https://www.finn.no/realestate/homes/ad.html?finnkode=446096428,Idyllisk beliggende småbruk med koselig våningshus - Fin utsikt - Strandlinje og nærhet til sjøen,"Buavegen 48, 5584 Bjoa",5584,Bjoa,3 490 000 kr,3 589 840 kr,99 840 kr,,,Gårdsbruk/Småbruk,Selveier,,76 m² (BRA-i),76 m²,,3,,,,73 783 m² (eiet),73783,73.8,,1160,255,17,5,"Et sjarmerende og idyllisk småbruk som byr på en sjelden mulighet til å eie en eiendom med nærhet til både landlige omgivelser og sjø. Eiendommen er på cirka 73 dekar og består av eiertomt med fulldyrket jord, produktiv skog og annet markslag. Med sin fine beliggenhet, fine utsikt og nærhet til sjø og badeplasser, er dette stedet som skapt for deg som drømmer om å kombinere naturskjønnhet og det enkle livet på landet. Huset har eldre standard og vil kreve noe oppgradering, men med rette grep kan denne eiendommen bli ditt drømmested. Her finner du blant annet en koselig stue, romslig kjøkken, funksjonelt bad og tre soverom på loftet. Den landlige atmosfæren forsterkes av malte tregulv, tømmervegger og utsikten mot naturen utenfor. Minus Vis mindre NB: Knappen for å vise hele beskrivelsen har kun en visuell effekt. Pluss tegn Vis hele beskrivelsen NB: Knappen for å vise hele beskrivelsen har kun en visuell effekt. Salgsoppgaven beskriver vesentlig og lovpålagt informasjon om eiendommen Se komplett salgsoppgave Nyttige lenker Bestill salgsoppgave Visning Ønsker du å delta på visningen ber vi deg melde deg på slik at vi vet at du kommer. Da kan vi bistå alle best mulig og gi deg tiden du trenger på visningen. Kontakt gjerne megler før visning hvis du har spørsmål. Visningen avholdes bare dersom det er påmeldte. Hvis det ikke er oppsatt visningstidspunkt eller tidspunkt ikke passer, kontakt megler. Husk å lese komplett salgsoppgave før visning. Bestill komplett, utskriftsvennlig salgsoppgave. Visningspåmelding Gi bud Nyttige lenker Bestill salgsoppgave Nærområdet Kart Buavegen 48, 5584 Bjoa Annonseinformasjon FINN-kode 446096428 Sist endret 05. juni 2026 15:27 Referanse 2503250189 Rapporter annonse Annonsene kan være mangelfulle i forhold til lovpålagt opplysningsplikt. Før bindende avtale inngås oppfordres interessenter til å innhente komplett informasjon fra meglerforetaket, selger eller utleier.",2026-09-21T09:45:41+00:00
450318316,https://www.finn.no/realestate/homes/ad.html?finnkode=450318316,Småbruk med tilhørende hytte selges!,"Rørosveien 1036 og Rørosveien 1038, 7295 Rognes",7295,Rognes,2 500 000 kr,2 600 000 kr,100 000 kr,0 kr,0 kr,Gårdsbruk/Småbruk,Selveier,,,169 m²,,2,,1972,,77 500 m²,77500,77.5,,1648,34,36,1,"TA KONTAKT FOR VISNING! Småbruk sentralt på Rognes med tilhørende hytte vurderes solgt! Enebolig oppført i 1972. Noe renovert 1. etg. med panelplater på vegger i stue og panel på kjøkken, parkett på gulv i stue, gang og kjøkken. Baderomsplater og gulvbelegg på bad, dusjkabinett og toalett både på bad og eget rom. Hytte totalrenovert i 2019, innlagt strøm. Bilvei helt frem på sommerstid, scooter eller ski må benyttes på vinteren. Uthuset har fått nytt panel og beis sommeren 2025, bilder er tatt før oppussing. Fjøset består av en garasjeport og resterende er lagringsplass. Jakt- og fiskerett i Gaula følger med eiendommen. Eiendom på 77,5 mål totalt. Privat vann- og kloakkanlegg. Fiber er under utbygging i området. Plenområde på framsiden av husene. Avkjøring fra fylkesvei 30, ca. 30 meter gårdsvei. Høystbydene over 2 500 000! Ta kontakt for mere informasjon og om dette er av interesse. Flere bilder kan oversendes, og er fleksibel på visningstid!",2026-09-21T09:45:42+00:00
402432829,https://www.finn.no/realestate/homes/ad.html?finnkode=402432829,"ØVRE VANG | Småbruksidyll i landlige omgivelser | Flott og innholdsrik enebolig fra 2015, stort uthus, låve og anneks","Lageråvegen 280, 2324 Vang på Hedmarken",2324,Vang på Hedmarken,8 500 000 kr,8 713 590 kr,213 590 kr,,114 465 kr,Gårdsbruk/Småbruk,Selveier,,274 m² (BRA-i),673 m²,,5,,2015,2,35 722 m² (eiet),35722,35.7,,3403,97,2,5,"Velkommen til Lageråvegen 280 og småbruksidyll i Øvre Vang! Her bor en tilbaketrukket i naturskjønne omgivelser kun 15 min. fra Hamar sentrum. Byggene ligger rundt et luftig tun hvor det er godt med parkeringsplasser, gressplen, beplantning og fine arealer for selvdyrking av grønnsaker, frukt m.m. Innholdsrikt våningshus fra 2015 over to plan med bl.a. stort og velutstyrt kjøkken, 2 stuer, vaskerom, 3 bad, 5 soverom m.m. Bergvarme med vannbåren gulvvarme og balansert ventilasjon for godt inneklima. Stor, eldre låve samt eldre uthus over to plan, ideelt for oppbevaring eller kreative prosjekter. Annekset er oppgradert og isolert de senere år. Eiendommens beliggenhet gir en rolig og privat atmosfære, nærhet til turområder, få min. med bil til barnehager, barneskole og nærbutikk. Minus Vis mindre NB: Knappen for å vise hele beskrivelsen har kun en visuell effekt. Pluss tegn Vis hele beskrivelsen NB: Knappen for å vise hele beskrivelsen har kun en visuell effekt. Salgsoppgaven beskriver vesentlig og lovpålagt informasjon om eiendommen Se komplett salgsoppgave Nyttige lenker Bestill salgsoppgave Visning Ta kontakt for å avtale visning. Husk å lese komplett salgsoppgave før visning. Bestill komplett, utskriftsvennlig salgsoppgave. Visningspåmelding Gi bud Nyttige lenker Bestill salgsoppgave Nærområdet Kart Lageråvegen 280, 2324 Vang på Hedmarken Annonseinformasjon FINN-kode 402432829 Sist endret 12. sep. 2026 13:10 Referanse 6019260074 Rapporter annonse Annonsene kan være mangelfulle i forhold til lovpålagt opplysningsplikt. Før bindende avtale inngås oppfordres interessenter til å innhente komplett informasjon fra meglerforetaket, selger eller utleier.",2026-09-21T09:45:43+00:00
415392992,https://www.finn.no/realestate/homes/ad.html?finnkode=415392992,Støa Camping. Flott campingplass i naturskjønne omgivelser. Medfølgende bolighus og stor garasje.,"Braskereidsvegen 151, 2435 Braskereidfoss",2435,Braskereidfoss,8 900 000 kr,9 137 349 kr,237 349 kr,,,Gårdsbruk/Småbruk,Selveier,1 m²,,,,,,1950,,37 511 m² (eiet),37511,37.5,,3419,49,66,3,,2026-09-21T09:45:45+00:00
402885508,https://www.finn.no/realestate/homes/ad.html?finnkode=402885508,"Eiendom på ca. 9,6 mål med enebolig, uthus og småbrukskvaliteter. Rolig beliggenhet i landlige og naturskjønne omgivelse","Sjåstadveien 42, 3405 Lier",3405,Lier,4 250 000 kr,4 377 240 kr,127 240 kr,,1 085 418 kr,Gårdsbruk/Småbruk,Selveier,,110 m² (BRA-i),167 m²,,3,,1949,3,9 654 m² (eiet),9654,9.7,Rom,3312,81,44,7,"Hyggelig småbruk på ca. 9.6 mål tomt. IKEA U-kjøkken fra ca. 2008 med delvis integrerte hvitevarer Bad i 1. etg med dusj, bad i 2. etg fra ca. 2000 med badekar og bad i u. etg med dusj Varmepumpe i stue fra 2019 og på soverom fra ca. 2006 Enkelte rom og bygningsdeler har et oppgraderingsbehov Usjenert sydvendt terrasse på ca. 19 kvm Frittstående uthus på ca. 46 kvm med boder/lagerrom Gruset gårdsplass og lader for el-bil (2021) på husveggen Flotte småbrukskvaliteter med potensiale for dyrehold 3.8 mål innmarksbeite, 4.6 mål produktiv skog og 1.3 mål bebygd areal iht. Gårdskart Skjermede utearealer og grenser til skogsarealer Rolig beliggenhet i landlige og naturskjønne omgivelser Beliggende i en privat blindvei (kun 3 eiendommer) Minus Vis mindre NB: Knappen for å vise hele beskrivelsen har kun en visuell effekt. Pluss tegn Vis hele beskrivelsen NB: Knappen for å vise hele beskrivelsen har kun en visuell effekt. Salgsoppgaven beskriver vesentlig og lovpålagt informasjon om eiendommen Se komplett salgsoppgave Nyttige lenker Gi Bud Eiendommens hjemmeside på Krogsveen.no Visning For å delta på visning, ber vi om at du melder deg på. Da sikrer vi at du får nødvendig informasjon og at det er satt av tilstrekkelig med tid. Fellesvisning uten påmelding avholdes ikke. Kontakt megler dersom annet tidspunkt ønskes. Husk å lese salgsoppgaven før visningen, så du stiller forberedt. Ønsker du kun å bli holdt orientert, kan du fra eiendommens hjemmeside få varsel om solgtpris, eller kontakte megler. Visningspåmelding Gi bud Nyttige lenker Gi Bud Eiendommens hjemmeside på Krogsveen.no Nærområdet Kart Sjåstadveien 42, 3405 Lier Annonseinformasjon FINN-kode 402885508 Sist endret 20. sep. 2026 22:09 Referanse KR20.24230 Rapporter annonse Annonsene kan være mangelfulle i forhold til lovpålagt opplysningsplikt. Før bindende avtale inngås oppfordres interessenter til å innhente komplett informasjon fra meglerforetaket, selger eller utleier.",2026-09-21T09:45:46+00:00
377867919,https://www.finn.no/realestate/homes/ad.html?finnkode=377867919,"Tjeldsund - Velholdt småbruk med flott beliggenhet på Fjelldal -  Totalt 172 daa hvorav 63,7 daa er dyrket","Fjelldalsveien 271, 9441 Fjelldal",9441,Fjelldal,5 500 000 kr,5 651 487 kr,151 487 kr,,,Gårdsbruk/Småbruk,Selveier,,235 m² (BRA-i),240 m²,,,,1973,,,,,,5512,172,152,3,"Småbruk med flott beliggenhet på Fjelldal i Tjeldsund. Eiendommen er på 172,7 dekar hvorav 63,7 dekar er dyrket. Av bebyggelse er det et velholdt og innholdsrikt bolighus, driftsbygning for hest og sau samt et romslig redskapshus. Boligen inneholder: 1. etasje: hall, bod, toalett, bad, to soverom, kjøkken og to stuer. Underetasje: gang, to soverom, toalett, to boder, kjølerom, vaskerom, trimrom, bad og kjellerstue. Ta kontakt for avtale om visning! Minus Vis mindre NB: Knappen for å vise hele beskrivelsen har kun en visuell effekt. Pluss tegn Vis hele beskrivelsen NB: Knappen for å vise hele beskrivelsen har kun en visuell effekt. Salgsoppgaven beskriver vesentlig og lovpålagt informasjon om eiendommen Se komplett salgsoppgave Visning Ta kontakt for å avtale visning. Husk å lese komplett salgsoppgave før visning. Bestill komplett, utskriftsvennlig salgsoppgave. Visningspåmelding Gi bud Nærområdet Kart Fjelldalsveien 271, 9441 Fjelldal Annonseinformasjon FINN-kode 377867919 Sist endret 16. jan. 2026 04:11 Referanse 39240028 Rapporter annonse Annonsene kan være mangelfulle i forhold til lovpålagt opplysningsplikt. Før bindende avtale inngås oppfordres interessenter til å innhente komplett informasjon fra meglerforetaket, selger eller utleier.",2026-09-21T09:45:47+00:00
372005001,https://www.finn.no/realestate/homes/ad.html?finnkode=372005001,Unik fjellgård med moderne komfort og tradisjonell sjarm - idyllisk beliggenhet ved Totak i vakre Rauland.,"Totakvegen 758 - Tuftin Fjellgard, 3864 Rauland",3864,Rauland,22 500 000 kr,23 063 500 kr,563 500 kr,,,Gårdsbruk/Småbruk,Selveier,,669 m² (BRA-i),682 m²,,9,,2009,,22 431 m² (eiet),22431,22.4,,4036,134,3,5,"Tuftin Fjellgård er en sjelden eiendom idyllisk plassert ved innsjøen Totak i Rauland, Vest-Telemark, ferdigstilt i 2009. Gården forener tradisjonelle laftede bygninger med moderne komfort som vannbåren bergvarme og oppgraderte bad. Våningshuset på 404 m² har et stort spisekjøkken med utgang til terrasse med kveldssol, to flotte stuer med peiser, samt fire soverom og to elegante bad i andre etasje. Underetasjen inneholder blant annet kjellerstue med utgang, vinkjeller, hobbyrom, vaskerom med dusj, stor garderobe, teknisk rom og romslig garasje. På tunet finnes fem gjestehus med totalt 15 sengeplasser. Låven benyttes til større samlinger og har profesjonelt kjøkken og gjestetoaletter, noe som gjør den perfekt til arrangementer. Det er ikke konsesjon, men upersonlig boplikt på eiendommen. Minus Vis mindre NB: Knappen for å vise hele beskrivelsen har kun en visuell effekt. Pluss tegn Vis hele beskrivelsen NB: Knappen for å vise hele beskrivelsen har kun en visuell effekt. Salgsoppgaven beskriver vesentlig og lovpålagt informasjon om eiendommen Se komplett salgsoppgave Nyttige lenker Se komplett salgsoppgave Visning Visningen har obligatorisk påmelding. Kravet om påmelding har vi  for å kunne gi deg og andre visningsdeltakere en best mulig opplevelse og service knyttet til gjennomføring av visningen. Velkommen! Husk å lese komplett salgsoppgave før visning. Bestill komplett, utskriftsvennlig salgsoppgave. Visningspåmelding Gi bud Nyttige lenker Se komplett salgsoppgave Nærområdet Kart Totakvegen 758 - Tuftin Fjellgard, 3864 Rauland Annonseinformasjon FINN-kode 372005001 Sist endret 17. aug. 2026 14:31 Referanse 20-24-0602 Rapporter annonse Annonsene kan være mangelfulle i forhold til lovpålagt opplysningsplikt. Før bindende avtale inngås oppfordres interessenter til å innhente komplett informasjon fra meglerforetaket, selger eller utleier.",2026-09-21T09:45:49+00:00
442874996,https://www.finn.no/realestate/homes/ad.html?finnkode=442874996,En sentral småbrukseiendom på 23 mål med akkurat passe mange bygg. Flytt rett inn og kos deg på landet. Gildesal og låve,"Skiringssalveien 186, 3213 Sandefjord",3213,Sandefjord,10 000 000 kr,10 251 380 kr,251 380 kr,,1 097 346 kr,Gårdsbruk/Småbruk,Selveier,,158 m² (BRA-i),501 m²,,2,,1910,,23 560 m² (eiet),23560,23.6,,3907,125,20,5,"# Meget romslig gårdshus som bader i sol og med mange finurlige løsninger og to trapper opp til husets 2 etg. # Et nyere bryggerhus som jeg helst vil kalle en gildesal. Perfekt som festlokale, atelier, yogarom, hjemmekontor eller bare trekke-seg tilbake-med-en-god-bok-plass # Låve over 3 etasjer med myyye plass. Her blir du lurt av størrelsen. Eget isolert snekkerverksted på låven # Dobbelgarasje med kort vei fra garasje til bolig # Vedskjul akkurat slik en eiendom som dette krever # Fantastiske utområder som inneholder litt av alt Heisann, Simen Smith Ringdal fra NORDVIK BOLIG her. Nå har jeg gleden av å presentere en eiendom som man må oppleve på nært hold. Dette er stort, innholdsrikt og ikke minst landlig og sentralt på en gang. Store muligheter for mye gøy med en slik tomt VELKOMMEN Minus Vis mindre NB: Knappen for å vise hele beskrivelsen har kun en visuell effekt. Pluss tegn Vis hele beskrivelsen NB: Knappen for å vise hele beskrivelsen har kun en visuell effekt. Salgsoppgaven beskriver vesentlig og lovpålagt informasjon om eiendommen Se komplett salgsoppgave Nyttige lenker Gi bud Bestill salgsoppgave Visning mandag, 21. september 19:30 – 20:15 Legg til i kalender Velkommen til visning! Positive tilbakemeldinger fra våre selgere og kjøpere gjør at vi fortsetter med visningspåmelding. Meld deg på ved å trykke ""visningspåmelding"" i våre boligannonser. HER VIL DET KUN BLI GJENNOMFØRT PRIVATVISNINGER. Ta gjerne kontakt med megler i forkant av visningen om du har spørsmål. Ring #MeglerSmith på tlf 92012680. Husk å lese komplett salgsoppgave før visning. Bestill komplett, utskriftsvennlig salgsoppgave. Visningspåmelding Gi bud Nyttige lenker Gi bud Bestill salgsoppgave Nærområdet Kart Skiringssalveien 186, 3213 Sandefjord Annonseinformasjon FINN-kode 442874996 Sist endret 18. sep. 2026 09:17 Referanse 40-0135/25 Rapporter annonse Annonsene kan være mangelfulle i forhold til lovpålagt opplysningsplikt. Før bindende avtale inngås oppfordres interessenter til å innhente komplett informasjon fra meglerforetaket, selger eller utleier.",2026-09-21T09:45:50+00:00
442526800,https://www.finn.no/realestate/homes/ad.html?finnkode=442526800,"Håvard Heddes rike ligger midt i nydelig natur i Hedde med Via Ferrata, utleie, bobilparkering, enebolig og driftsbygg","Setesdalsvegen 3170, 3174 og 3176, 4748 Rysstad",4748,Rysstad,14 490 000 kr,14 867 722 kr,377 722 kr,,542 725 kr,Gårdsbruk/Småbruk,Selveier,,149 m² (BRA-i),243 m²,,2,,2022,,2 823 200 m² (eiet),2823200,2823.2,,4221,70,111,3,,2026-09-21T09:45:52+00:00
441338222,https://www.finn.no/realestate/homes/ad.html?finnkode=441338222,"Balsfjord - Gårdsbruk 5 km fra Storsteinnes. 771 daa, hvorav 73 daa fulldyrket. Jakt- og fiskrettigheter.","Sagelvvassveien 474, 9050 Storsteinnes",9050,Storsteinnes,2 850 000 kr,2 935 237 kr,85 237 kr,,1 406 459 kr,Gårdsbruk/Småbruk,Selveier,100 m²,,,985 m²,,,,,,,,,5532,44,1,3,,2026-09-21T09:45:53+00:00
385752750,https://www.finn.no/realestate/homes/ad.html?finnkode=385752750,"Landbrukseiendom, bolig med 21,459 mål tomt, laksefiskerett i Namsen på 7 km strekke, tilbygd garasje og gapahuk","Movegen 101, 7873 Harran",7873,Harran,1 500 000 kr,1 500 000 kr,0 kr,0 kr,0 kr,Gårdsbruk/Småbruk,Selveier,,86 m² (BRA-i),86 m²,,3,,1915,2,21 459 m² (eiet),21459,21.5,Rom,1742,42,2,1,"Eiendommen ligger med fantastisk utsikt over Namsen fiskeelv og med utsikt til fjell og landskap. Det følger med 7 km langt strekke med laksefiskerett med eiendommen, det vil si hele familien, mor, far og barna kan da fiske årskvote i øvre Namsen som har felles vald med tilsammen 11 grunneiere, i tilegg er det sjøørret som går opp i elven og da stamørret. Fiskevald kan ikke leies ut da det er felles vald og man selger da kort, inntekt får man da etter størrelse tomt, det blir da ca 1000,- årlig +- for denne eiendommen sett i forhold til solgte kort. Boligen er renovert i 2017-20 med nytt vann og avløp, utført av Grong rør, det er nytt elektrisk tilførsel og nytt elektrisk innvendig, samsvarserklæring foreligger fra Grong Elektro. Det er nye vinduer og ytterdører fra 2017. Utvendig er det lagt nytt komplett tak med blekk, utført av lokalt firma, det er ny pipe med isolert stårør med tilkoblet vedovn i 1,etg. Utvendig er det ført opp nytt tilbygg for inngangsparti på 10m2 da det gamle måtte rives. Boligen er tilbygd med stor overbygd veranda på 23m2, pluss 3 trapper og med dels overbygd platting ved inngangsparti som er på 7m2. Innvendig er det ført opp laminat kjøkkeninnredning med inntegrert oppvaskmaskin, stål utslagsvask med armatur og komfyrløsning med mekanisk avtrekk. Badet er med innredning med servant, dusjkabinett, tilkoblet 200L varmtvannstank, opplegg for vaskemaskin, gulv er avrettet med varmekabler, flisiagt med sokkelkant, panel for vegger og tak. Det er utekran for vann for boligen. Eiendommen har 2 tilleggsbygninger med garasje på 50m2 og flott gapahuk på 15m2, disse er ført opp i 2018-2020. Eiendommen brukes idag som fritidsbolig og har kommunale avgifter etter det, det kan da opplyses til kommunen om evt helårsbruk å da blir de kommunale utgiftene etter det.",2026-09-21T09:45:54+00:00
438990533,https://www.finn.no/realestate/homes/ad.html?finnkode=438990533,Sjøidyll Hytteutleige-Sjelden eiendom m/​lang strandlinje til Ølensfjorden-7 utleieobjekt-Mulighet for høye leieinntekter,"Bjoavegen 547, 5582 Ølensvåg",5582,Ølensvåg,16 000 000 kr,16 401 090 kr,401 090 kr,,524 910 kr,Gårdsbruk/Småbruk,Selveier,,844 m² (BRA-i),1 965 m²,,3,,1984,,203 000 m² (eiet),203000,203.0,,1160,313,6,5,"Sjelden mulighet på Vaka! Fantastisk eiendom med ca. 341 m strandlinje, badestrand og molo/båthavn. Storslått utsikt og variert bebyggelse. Her får du våningshus med utleiedel, kårbolig, ""Skulestova"", løe, stor lagerhall (ca 480m2 og 280m2 loft) med isolert verksted og 4 flotte utleiehytter i sjøkanten   Gårdens drift har bestått av turisme og sauehold med utegangarsau. En perfekt investering med gode leieinntekter hele året hvor det er utleie av hytter og båter til turister på vår, sommer og høst, og utleie til firma om vinteren. Dyrkede arealer ligger samlet rundt gårdstunet. En tilleggsteig på Ulvaneset med ca. 108 m strandlinje er også inkludert, samt en skogteig i Vakadalen med tilhørende vei i felleseie. En sjelden eiendom som må oppleves! Velkommen til visning! Minus Vis mindre NB: Knappen for å vise hele beskrivelsen har kun en visuell effekt. Pluss tegn Vis hele beskrivelsen NB: Knappen for å vise hele beskrivelsen har kun en visuell effekt. Salgsoppgaven beskriver vesentlig og lovpålagt informasjon om eiendommen Se komplett salgsoppgave Nyttige lenker Bestill salgsoppgave Visning Ønsker du å delta på visningen ber vi deg melde deg på slik at vi vet at du kommer. Da kan vi bistå alle best mulig og gi deg tiden du trenger på visningen. Kontakt gjerne megler før visning hvis du har spørsmål. Visningen avholdes bare dersom det er påmeldte. Hvis det ikke er oppsatt visningstidspunkt eller tidspunkt ikke passer, kontakt megler. Husk å lese komplett salgsoppgave før visning. Bestill komplett, utskriftsvennlig salgsoppgave. Visningspåmelding Gi bud Nyttige lenker Bestill salgsoppgave Nærområdet Kart Bjoavegen 547, 5582 Ølensvåg Annonseinformasjon FINN-kode 438990533 Sist endret 25. aug. 2026 21:42 Referanse 2503250139 Rapporter annonse Annonsene kan være mangelfulle i forhold til lovpålagt opplysningsplikt. Før bindende avtale inngås oppfordres interessenter til å innhente komplett informasjon fra meglerforetaket, selger eller utleier.",2026-09-21T09:45:56+00:00
436028386,https://www.finn.no/realestate/homes/ad.html?finnkode=436028386,"Vesterålen - innholdsrikt småbruk med meget god beliggenhet - solrikt, jakt og fiske - ca. 1 300 dekar","Nordryggeveien 19, 8475 Straumsjøen",8475,Straumsjøen,7 500 000 kr,7 706 490 kr,206 490 kr,,289 014 kr,Gårdsbruk/Småbruk,Selveier,,130 m² (BRA-i),158 m²,,4,,1960,3,1 387 278 m² (eiet),1387278,1387.3,Rom,1867,73,1,7,"Småbruket Roligheten er beliggende i flotte og rolige omgivelser i området Nordrygge i Bø kommune i Vesterålen. God bebyggelse - garasje/uthus og enebolig - som er godt vedlikeholdt. Eiendommen er beliggende på et høydedrag hvor man har vid utsikt utover et flott landskap. Kort gåavstand til sjøen - eiendomen har egen og lang sjølinje. Tomtearealet utgjør ca. 1 400 dekar - noe dyrket areal, skog og stort utmarksareal. Rikt med muligheter for jakt samt fiske i både ferskvann og sjø. Ca. 20 minutter fra tettstedet Sortland - ca. 50 minutter til Stokmarknes lufthavn. Minus Vis mindre NB: Knappen for å vise hele beskrivelsen har kun en visuell effekt. Pluss tegn Vis hele beskrivelsen NB: Knappen for å vise hele beskrivelsen har kun en visuell effekt. Salgsoppgaven beskriver vesentlig og lovpålagt informasjon om eiendommen Se komplett salgsoppgave Nyttige lenker Se komplett salgsoppgave Visning Visningen har obligatorisk påmelding. Kravet om påmelding har vi  for å kunne gi deg og andre visningsdeltakere en best mulig opplevelse og service knyttet til gjennomføring av visningen. Velkommen! Husk å lese komplett salgsoppgave før visning. Bestill komplett, utskriftsvennlig salgsoppgave. Visningspåmelding Gi bud Nyttige lenker Se komplett salgsoppgave Nærområdet Kart Nordryggeveien 19, 8475 Straumsjøen Annonseinformasjon FINN-kode 436028386 Sist endret 22. aug. 2026 08:47 Referanse 20-25-1380 Rapporter annonse Annonsene kan være mangelfulle i forhold til lovpålagt opplysningsplikt. Før bindende avtale inngås oppfordres interessenter til å innhente komplett informasjon fra meglerforetaket, selger eller utleier.",2026-09-21T09:45:57+00:00
437936630,https://www.finn.no/realestate/homes/ad.html?finnkode=437936630,"Landlig eiendom på 30 daa m/​godkjent dispensasjon om oppføring av enebolig. Våningshus, ""stall"", garasje & uthus på tomt","Nordbysagvegen 31 og 33, 2055 Nordkisa",2055,Nordkisa,3 990 000 kr,4 091 100 kr,101 100 kr,,245 977 kr,Gårdsbruk/Småbruk,Selveier,,96 m² (BRA-i),348 m²,,0,,1893,,30 296 m² (eiet),30296,30.3,,3209,95,3,5,"Aktiv Eiendomsmegling ved Lise Blomberg ønsker velkommen til Nordbysagvegen 31 og 33. Nordbysagvegen har en idyllisk og landlig beliggenhet på Nordkisa i Ullensaker kommune. Eiendommen kombinerer rolige omgivelser med nærhet til flotte turmuligheter, servicetilbud, skoler og kollektivtransport. Dette er en perfekt beliggenhet for familier som ønsker å bo fredelig og trygt, men samtidig ha kort vei til alt man trenger i hverdagen. Eiendommen er på 30,2 daa og det er relativt flatt der det er bebyggelse. Det er gitt dispensasjon for oppføring av enebolig av typen Älvsbyhus ""Edvard"". Planløsningen består av entré,  2 soverom, bad, wc, kjøkken, stue og teknisk rom samt en uinnredet loftetasje. Det er for øvrig oppført våningshus, ""stall"", garasje og uthus på eiendommen. Minus Vis mindre NB: Knappen for å vise hele beskrivelsen har kun en visuell effekt. Pluss tegn Vis hele beskrivelsen NB: Knappen for å vise hele beskrivelsen har kun en visuell effekt. Salgsoppgaven beskriver vesentlig og lovpålagt informasjon om eiendommen Se komplett salgsoppgave Visning Eiendommen kan besiktiges på egen hånd. Husk å lese komplett salgsoppgave før visning. Bestill komplett, utskriftsvennlig salgsoppgave. Visningspåmelding Gi bud Nærområdet Kart Nordbysagvegen 31 og 33, 2055 Nordkisa Annonseinformasjon FINN-kode 437936630 Sist endret 18. sep. 2026 14:53 Referanse 1205250334 Rapporter annonse Annonsene kan være mangelfulle i forhold til lovpålagt opplysningsplikt. Før bindende avtale inngås oppfordres interessenter til å innhente komplett informasjon fra meglerforetaket, selger eller utleier.",2026-09-21T09:45:58+00:00
433358669,https://www.finn.no/realestate/homes/ad.html?finnkode=433358669,Sørskogbygda | 3100 daa. | 285 daa. fulldyrka | 2386 daa. produktiv skog | Melkekvote på 265 tonn | Løsdrift | Seter,"Sørskogbygdvegen 1080, 2412 Sørskogbygda",2412,Sørskogbygda,20 500 000 kr,21 026 890 kr,526 890 kr,,1 597 642 kr,Gårdsbruk/Småbruk,Selveier,,424 m² (BRA-i),424 m²,,5,,1994,3,3 100 000 m² (eiet),3100000,3100.0,,3420,180,3,5,"Lilleengen ligger i Sørskogbygda, ei bygd ca. 20 min. øst for Elverum mot Trysil. Lilleengen er en stor landbrukseiendom med stor produksjon. Samlet består eiendommen av 3100 daa. Gården har 308,9 daa. jordbruksarealer, fordelt på 285 daa. fulldyrka og 23,9 daa. innmarksbeite. Både beite og deler av jordene grenser inntil tunet. Produktivt skogareal er på 2386 daa. Det står ca. 5000 kubikk i hogstklasse 5. Eiendommen har en egen melkekvote på 265 tonn. I tillegg en leid kvote på 30 tonn. Fjøset er en kombinasjon av eldre fjøs og løsdriftsfjøs med melkerobot og delautomatisert foringsanlegg. I fra eiendommen og tunet på Lilleengen er det et nydelig skue utover det omkringliggende landskapet. Det er turmuligheter rett utenfor døra til alle årstider. Eiendommen har en omfattende bygningsmasse Minus Vis mindre NB: Knappen for å vise hele beskrivelsen har kun en visuell effekt. Pluss tegn Vis hele beskrivelsen NB: Knappen for å vise hele beskrivelsen har kun en visuell effekt. Salgsoppgaven beskriver vesentlig og lovpålagt informasjon om eiendommen Se komplett salgsoppgave Nyttige lenker Bestill prospekt Gi bud Visning Ta kontakt for å avtale visning. Husk å lese komplett salgsoppgave før visning. Bestill komplett, utskriftsvennlig salgsoppgave. Visningspåmelding Gi bud Nyttige lenker Bestill prospekt Gi bud Nærområdet Kart Sørskogbygdvegen 1080, 2412 Sørskogbygda Annonseinformasjon FINN-kode 433358669 Sist endret 03. juni 2026 11:27 Referanse GAR30.2559 Rapporter annonse Annonsene kan være mangelfulle i forhold til lovpålagt opplysningsplikt. Før bindende avtale inngås oppfordres interessenter til å innhente komplett informasjon fra meglerforetaket, selger eller utleier.",2026-09-21T09:45:59+00:00
388311696,https://www.finn.no/realestate/homes/ad.html?finnkode=388311696,Oppdal/​Stølen - Velholdt småbruk på 362 dekar ved Stølen skisenter. Solrikt og flott utsikt. Jaktrettigheter.,"Øvre Stølsvegen 16, 7340 Oppdal",7340,Oppdal,8 500 000 kr,8 726 487 kr,226 487 kr,,,Gårdsbruk/Småbruk,Selveier,,170 m² (BRA-i),239 m²,,,,,,,,,,5021,299,1,3,,2026-09-21T09:46:01+00:00
428908734,https://www.finn.no/realestate/homes/ad.html?finnkode=428908734,"Allsidig eiendom i Trysil - for hundefolk, hestefolk og naturelskere","Ljørdalsvegen 137, 2423 Østby",2423,Østby,4 700 000 kr,4 818 590 kr,118 590 kr,,474 828 kr,Gårdsbruk/Småbruk,Selveier,,194 m² (BRA-i),254 m²,,4,,1984,2,172 625 m² (eiet),172625,172.6,Rom,3421,16,160,7,"I Trysil, med snøsikre vintre og flotte turmuligheter, ligger en eiendom med mange bruksområder. Tidligere brukt til hundeskole og sledehundkennel, har eiendommen gode fasiliteter for oppstalling og aktivitet. Eiendommen passer både for deg som vil videreføre driften, eller som drømmer om småbruk, hestehold, hundehold og kennel eller en romslig eiendom nær naturen. Store uteområder gir plass til hage, dyr eller andre prosjekter, og beliggenheten gir ro og nærhet til alt Trysil tilbyr. Med snørike vintre og variert terreng er dette et eldorado for friluftsliv året rundt - enten du vil trene hunder, ri, gå på ski, slalom, jakte, eller bare nyte stillheten i skogen. Dette er en eiendom for deg som ønsker et sted hvor du kan leve tett på naturen, med frihet til å skape din egen livsstil. Minus Vis mindre NB: Knappen for å vise hele beskrivelsen har kun en visuell effekt. Pluss tegn Vis hele beskrivelsen NB: Knappen for å vise hele beskrivelsen har kun en visuell effekt. Salgsoppgaven beskriver vesentlig og lovpålagt informasjon om eiendommen Se komplett salgsoppgave Nyttige lenker Meld interesse Se komplett salgsoppgave Gi bud Visning Kontakt megler ved ønske om privatvisning. Våre visninger har påmelding. Dette gjør vi for å kunne yte bedre service for våre kunder. Verdifullt for kjøper og for oss. Vi anbefaler at salgsoppgaven lastes ned digitalt før visning, og ring oss gjerne på forhånd for spørsmål om boligen. Passer ikke angitt tidspunkt, ta kontakt så finner vi en løsning. Skulle det ikke være påmeldte til angitt visningstidspunkt innen kl 12.00 dagen det er annonsert visning, vil ikke visning bli gjennomført. Visningspåmelding Gi bud Nyttige lenker Meld interesse Se komplett salgsoppgave Gi bud Nærområdet Kart Ljørdalsvegen 137, 2423 Østby Annonseinformasjon FINN-kode 428908734 Sist endret 10. sep. 2026 09:26 Referanse 514250015 Rapporter annonse Annonsene kan være mangelfulle i forhold til lovpålagt opplysningsplikt. Før bindende avtale inngås oppfordres interessenter til å innhente komplett informasjon fra meglerforetaket, selger eller utleier.",2026-09-21T09:46:02+00:00
430857754,https://www.finn.no/realestate/homes/ad.html?finnkode=430857754,STOR OG INNHOLDSRIK EIENDOM I LANDLIGE OMGIVELSER!,"Sandnesengvegen 91, 7940 Ottersøy",7940,Ottersøy,2 190 000 kr,2 245 840 kr,55 840 kr,,102 179 kr,Gårdsbruk/Småbruk,Selveier,,165 m² (BRA-i),356 m²,,3,,1952,,116 465 m² (eiet),116465,116.5,G - Gul,5060,6,19,7,"Eiendomsmegler Mats Andersen har gleden av å presentere  Sandnesengvegen 91! Tidligere småbruk utenfor sentrum av Ottersøy, med større eiendom på rundt 116 mål tomt. Inneholder ca 22 mål med fulldyrka jord og 6 mål med skog. Boligen er brukt som fritidsbolig i senere år, og er sjarmerende med sin landlige beliggenhet. I tillegg til boligen er en større garasje samt et tidligere fjøs, per i dag brukt til oppbevaring. Velkommen til visning! Minus Vis mindre NB: Knappen for å vise hele beskrivelsen har kun en visuell effekt. Pluss tegn Vis hele beskrivelsen NB: Knappen for å vise hele beskrivelsen har kun en visuell effekt. Salgsoppgaven beskriver vesentlig og lovpålagt informasjon om eiendommen Se komplett salgsoppgave Nyttige lenker Eiendommens hjemmeside Bestill salgsoppgave Visning Ta kontakt for å avtale visning. Husk å lese komplett salgsoppgave før visning. Bestill komplett, utskriftsvennlig salgsoppgave. Visningspåmelding Gi bud Nyttige lenker Eiendommens hjemmeside Bestill salgsoppgave Nærområdet Kart Sandnesengvegen 91, 7940 Ottersøy Annonseinformasjon FINN-kode 430857754 Sist endret 17. aug. 2026 13:42 Referanse 54250095 Rapporter annonse Annonsene kan være mangelfulle i forhold til lovpålagt opplysningsplikt. Før bindende avtale inngås oppfordres interessenter til å innhente komplett informasjon fra meglerforetaket, selger eller utleier.",2026-09-21T09:46:03+00:00
398524817,https://www.finn.no/realestate/homes/ad.html?finnkode=398524817,små gård,"Rudkroken 12, 2936 Begnadalen",2936,Begnadalen,499 000 kr,599 000 kr,0 kr,0 kr,145 000 kr,Gårdsbruk/Småbruk,Selveier,,,80 m²,,2,,1920,2,4 500 m² (eiet),4500,4.5,Rom,522,71,21,1,,2026-09-21T09:46:04+00:00
376844704,https://www.finn.no/realestate/homes/ad.html?finnkode=376844704,NY PRIS! - Småbruk med sjønær og solrik plassering ytterst på Stavenesodden.,"Stavenesvegen 1185, 6984 Stongfjorden",6984,Stongfjorden,2 600 000 kr,2 684 090 kr,84 090 kr,,255 046 kr,Gårdsbruk/Småbruk,Selveier,,152 m² (BRA-i),152 m²,,4,,1920,2,183 681 m² (eiet),183681,183.7,Renovert år,4645,4,3,7,"Eiendommen er ett konsesjonspliktig småbruk med idyllisk plassering helt i vestenden av Stavenesodden. Fra eiendommen har du flott utsyn til øyene og storhavet i vest. Eiendommen har gode solforhold og om sommeren kan eiendommen by på en spektakulær utsikt til solnedgangen i vest. Eiendommen har tidligere vært ett småbruk og er bebygd med flere eldre bygninger: Enebolig, driftsbygning, uthus og sjøhus. Noen av bygningene er i dårlig stand med større behov for rehabilitering. Bolighuset er svært romslig og har normal standard med behov for oppgradering og vedlikehold. Erverv av eiendommen krever søknad om konsesjon. Huset er i dag registrert som fritidsbolig. Hovedeiendommen er fradelt flere fritidstomter som er bebygd med fritidshus som har båtplass ved felles frytebyggeanlegg. Minus Vis mindre NB: Knappen for å vise hele beskrivelsen har kun en visuell effekt. Pluss tegn Vis hele beskrivelsen NB: Knappen for å vise hele beskrivelsen har kun en visuell effekt. Salgsoppgaven beskriver vesentlig og lovpålagt informasjon om eiendommen Se komplett salgsoppgave Nyttige lenker Eiendommens hjemmeside Interessert i denne eiendommen? Visning Ta kontakt for å avtale visning. Husk å lese komplett salgsoppgave før visning. Bestill komplett, utskriftsvennlig salgsoppgave. Visningspåmelding Gi bud Nyttige lenker Eiendommens hjemmeside Interessert i denne eiendommen? Nærområdet Kart Stavenesvegen 1185, 6984 Stongfjorden Annonseinformasjon FINN-kode 376844704 Sist endret 21. sep. 2026 10:18 Referanse 43240071 Rapporter annonse Annonsene kan være mangelfulle i forhold til lovpålagt opplysningsplikt. Før bindende avtale inngås oppfordres interessenter til å innhente komplett informasjon fra meglerforetaket, selger eller utleier.",2026-09-21T09:46:05+00:00
423220256,https://www.finn.no/realestate/homes/ad.html?finnkode=423220256,"Søre Osen-Innholdsrik landbrukseiendom med strandlinje,  to hyttetomter og skog.","Osensjøen vest 1724, 2428 Søre Osen",2428,Søre Osen,2 980 000 kr,,,,284 318 kr,Gårdsbruk/Småbruk,Selveier,,76 m² (BRA-i),230 m²,,2,,1900,,634 854 m² (eiet),634854,634.9,Rom,3421,81,3,5,"Velkommen til Søre Osen og Osensjøen vest 1724! Her kan vi presentere en innholdsrik landbrukseiendom med landlig og familivennlig beliggenhet langs Osensjøen i Søre Osen. Eneboligen går over 1 1/2 plan, og har stue, kjøkken, bad og to soverom fordelt på etasjene. Eneboligen fremstår som eldre, med behov for oppgraderinger. Stor tomt med blant annet skog, hyttetomter og egen strandlinje mot Osensjøen. Eiendommen ligger ca. 15 km sør for Nordre Osen sentrum, på vestsiden av sjøen, hvor man finner nærmeste dagligvare, og det er ca. 17 km fra Søre Osen sentrum. Velkommen til visning! Benytt egen knapp for visningspåmelding eller kontakt Hans Petter Carlsson, Eiendomsmegler MNEF på tlf. 911 25 518. Minus Vis mindre NB: Knappen for å vise hele beskrivelsen har kun en visuell effekt. Pluss tegn Vis hele beskrivelsen NB: Knappen for å vise hele beskrivelsen har kun en visuell effekt. Salgsoppgaven beskriver vesentlig og lovpålagt informasjon om eiendommen Se komplett salgsoppgave Nyttige lenker Bestill prospekt Gi bud Visning Ta kontakt for å avtale visning. Husk å lese komplett salgsoppgave før visning. Bestill komplett, utskriftsvennlig salgsoppgave. Visningspåmelding Gi bud Nyttige lenker Bestill prospekt Gi bud Nærområdet Kart Osensjøen vest 1724, 2428 Søre Osen Annonseinformasjon FINN-kode 423220256 Sist endret 25. juni 2026 12:02 Referanse GAR14.2590 Rapporter annonse Annonsene kan være mangelfulle i forhold til lovpålagt opplysningsplikt. Før bindende avtale inngås oppfordres interessenter til å innhente komplett informasjon fra meglerforetaket, selger eller utleier.",2026-09-21T09:46:07+00:00
420640875,https://www.finn.no/realestate/homes/ad.html?finnkode=420640875,"Meget fin beliggenhet med kort avstand til skoler, butikk, Ålen skisenter og Gaula elva.","Eggavegen 130, 7380 Ålen",7380,Ålen,1 090 000 kr,1 118 340 kr,28 340 kr,,,Gårdsbruk/Småbruk,Selveier,,144 m² (BRA-i),235 m²,,3,,1900,,188 272 m² (eiet),188272,188.3,G - Rød,5026,97,1,5,"Flott beliggende gårdsbruk på oversiden av Eggavegen, Eggen Nordre. Eiendommen er bebygd med våningshus, driftsbygning(fjøs) og stabbur. Videre har den dyrkamark, 3 skogteiger og et kort stykke av Gaula nede i Svølja. Skogen opp for gården går helt opp til fjellet der hvor skiløype inn i Benndalen starter. Gården har eierandel i Benndalen Fjellsameie med jakt- og fiskemuligheter. Se https://benndalen.no/. Eiendommen inngår i Sør-vestsida Elgvald med rett til felling av elg og hjort. Meget god utsikt og gode solforhold. Ski inn og ut til Ålen skisenter (alpint og langrenn). Gården var bebodd til ca 1977, for deretter å bli brukt som fritidseiendom. Gårdsdriften pågikk fra til 1963. Deler av dyrka marka drives i dag av en annen bonde etter avtale. Våningshus er fra 1900 Driftsbygning er fra 1900 Eldre Stabbur",2026-09-21T09:46:08+00:00
420427982,https://www.finn.no/realestate/homes/ad.html?finnkode=420427982,"Muruvang - Jotunheimen | Gård for husdyrproduksjon | 126 daa dyrka, 19 daa beite | 280 daa skog | Melkekvote på 82 tonn.","Murudalsvegen 990, 2676 Heidal",2676,Heidal,4  650 000 kr,4 780 640 kr,130 640 kr,,442 030 kr,Gårdsbruk/Småbruk,Selveier,,,206 m²,206 m²,6,,1982,,514 300 m² (eiet),514300,514.3,,3437,190,18,5,"Muruvang ligger ved foten av Jotunheimen i Sel kommune. Det er 29 km til Sjoa, 22 km til Heidal og 45 km til Otta. Selve gårdstunet ligger i en vestvendt skråhelling med flott utsikt utover dalen og fjellmassivet. Bygningene på Muruvang består av et velholdt våningshus, kårbolig med muligheter for utleie, driftsbygning for husdyrproduksjon og redskapshus. Gården har et totalareal på 514 daa. Av dette er 126 daa fulldyrka jord og 19 daa innmarksbeite. Det er 280 daa produktivt skogareal. Gården har en melkekvote på 82.045 liter. Det drives grusuttak på eiendommen. Både beite og jorda grenser inntil tunet. I fra eiendommen er det et nydelig skue utover Murudalen og fjellene i Jotunheimen. Her er det turmuligheter rett utenfor døra til alle årstider, og en natur og stillhet som er helt unik! Minus Vis mindre NB: Knappen for å vise hele beskrivelsen har kun en visuell effekt. Pluss tegn Vis hele beskrivelsen NB: Knappen for å vise hele beskrivelsen har kun en visuell effekt. Salgsoppgaven beskriver vesentlig og lovpålagt informasjon om eiendommen Se komplett salgsoppgave Nyttige lenker Bestill prospekt Gi bud Visning Ta kontakt for å avtale visning. Husk å lese komplett salgsoppgave før visning. Bestill komplett, utskriftsvennlig salgsoppgave. Visningspåmelding Gi bud Nyttige lenker Bestill prospekt Gi bud Nærområdet Kart Murudalsvegen 990, 2676 Heidal Annonseinformasjon FINN-kode 420427982 Sist endret 07. sep. 2026 19:36 Referanse GAR30.2517 Rapporter annonse Annonsene kan være mangelfulle i forhold til lovpålagt opplysningsplikt. Før bindende avtale inngås oppfordres interessenter til å innhente komplett informasjon fra meglerforetaket, selger eller utleier.",2026-09-21T09:46:09+00:00
417962148,https://www.finn.no/realestate/homes/ad.html?finnkode=417962148,Småbruk på Igerøy /​/​ 4 soverom | Tomt på 248 762m² | Fjøs | Landlig beliggenhet |,"Skjåvikveien 24, 8986 Vega",8986,Vega,2 350 000 kr,2 409 840 kr,59 840 kr,,358 535 kr,Gårdsbruk/Småbruk,Selveier,,108 m² (BRA-i),222 m²,,4,,1915,,248 762 m² (eiet),248762,248.8,G - Oransje,1815,3,19,5,"Landlig eiendom beliggende på idylliske Vega. Skjåvikveien 24 er en landbrukseiendom som i dag benyttes som fritidsbolig, og ligger i rolige og naturskjønne omgivelser med kort avstand til ferjekai og kun ca. 10 km til Gladstad - kommunesenteret på Vega med blant annet butikker, skole og servicetilbud. Eiendommen Våningshuset er et klassisk nordlandshus oppført ca. 1915, fordelt over to etasjer. Boligen inneholder vindfang, bod, toalettrom, bad/vaskerom, kjøkken, stue og 4 soverom. Boligen har gjennom årene fått enkelte oppgraderinger, men det må påregnes ytterligere modernisering og vedlikehold. Huset fremstår som enkelt og bærer preg av alder og utidsmessige løsninger. Rett ved huset står en eldre fjøsbygning med et areal på ca. 114 m². Denne er i varierende stand og egner seg godt som bod, lagerplass eller eventuelt andre formål etter behov. Eiendommen har en tilbaketrukket og fredelig plassering med nærhet til både sjø og natur. Minus Vis mindre NB: Knappen for å vise hele beskrivelsen har kun en visuell effekt. Pluss tegn Vis hele beskrivelsen NB: Knappen for å vise hele beskrivelsen har kun en visuell effekt. Salgsoppgaven beskriver vesentlig og lovpålagt informasjon om eiendommen Se komplett salgsoppgave Nyttige lenker Eiendommens hjemmeside Bestill salgsoppgave Visning Ta kontakt for å avtale visning. Husk å lese komplett salgsoppgave før visning. Bestill komplett, utskriftsvennlig salgsoppgave. Visningspåmelding Gi bud Nyttige lenker Eiendommens hjemmeside Bestill salgsoppgave Nærområdet Kart Skjåvikveien 24, 8986 Vega Annonseinformasjon FINN-kode 417962148 Sist endret 05. aug. 2026 11:38 Referanse 86250027 Rapporter annonse Annonsene kan være mangelfulle i forhold til lovpålagt opplysningsplikt. Før bindende avtale inngås oppfordres interessenter til å innhente komplett informasjon fra meglerforetaket, selger eller utleier.",2026-09-21T09:46:10+00:00
416709615,https://www.finn.no/realestate/homes/ad.html?finnkode=416709615,Tidligere Landbrukseiendom /​ småbruk vurderes solgt,"LEKNESVEIEN 658, 8370 Leknes",8370,Leknes,3 500 000 kr,3 500 000 kr,0 kr,0 kr,0 kr,Gårdsbruk/Småbruk,Selveier,,,293 m²,,6,,1952,,100 000 m² (eiet),100000,100.0,,1860,36,14,1,"Solrik eiendom med vid utsikt utover stedet Eldre bolig som opprinnelig er solid og fagmessig bygget. De bygningsmessige konstruksjoner virker ok utført i henhold til byggeskikken på den tiden bygningen ble oppført. Dagens forskrifter til isolasjon, klima og innermiljø er midliertid strengere enn de som gjaldt da dette bygget ble satt opp. Generelt behov for rehabilitering og modernisering. Tradisjonell fjøsbygning som er solid bygget Noe urasjonell til dagens bruk. Behov for rehabillitering. Redskapshus av normalt god kvalitet",2026-09-21T09:46:11+00:00
412175521,https://www.finn.no/realestate/homes/ad.html?finnkode=412175521,Småbruk i Mauranger med idyllisk beliggenhet | Sjøutsikt | Naust | Utleiemulighet i 1. etasje | Medeier i minikraftverk,"Rennedalsvegen 70, 5476 Mauranger",5476,Mauranger,4 500 000 kr,4 612 500 kr,112 500 kr,0 kr,2 500 000 kr,Gårdsbruk/Småbruk,Selveier,,,200 m²,,5,,1975,,,,,,4617,58,2,1,"Gårdsbruk/Småbruk på ca 16 mål i Mauranger/ Hardanger vurderes solgt. Gården ligger idyllisk til øverst i bygda med vakker utsikt over Maurangerfjorden, med en kort kjøretur til Rosendal og Odda. Denne unike eiendommen har ett stort potensiale for en fantastisk småbruksdrøm i hjertet av Hardanger. Gården består av 2 hus, 1 låve med betongsilo samt separat naust nede ved fjorden. Medeier 4% av minikraftverk. Frikraft fra Statkraft opptil ca 30 000 KWT pr år. (5 KW) - Nærhet til Rosendal (ca 35 min) og Odda (ca 20 min). - Nærhet til Folgefonna nasjonalpark. - Nærhet til vakre Bondhusvannet - Røldal skisenter ca 1 time unna - ca 2,5 time fra Bergen På gården er det tilknyttet ett stort hovedhus fra ca 1978 med innredet kjelleretasje - mulighet for utleie av kjelleretasjen. Det er i tillegg ett eldre hus på gården der det ble byttet tak sommer 2023 samt kledning i 2024. (Utført av tømrerfirma). På gården er det også en gammel låve m/ betongsilo. Tilhørende gården medfølger også ett naust fra ca 1990 med påstøpt helling slik at båt enkelt kan trekkes inn i naustet. I naustet er det mulighet for innredning av loftsstue med store vinduer og nydelig utsikt mot fjorden. Båt med 10 hester Mercury påhengsmotor vurderes solgt sammen med gården. Gården er fra ca 1880, med hovedhus fra ca 1978. Eier har utført skifte av tak og kledning på gamlehuset fra ca 1880 (utført av tømrerfirma). Tilstandsrapport og nøyaktig oppmåling før salg bestilles etter avtale. Ved interesse ta kontakt på 415 10 122. Visning etter avtale - ta kontakt på telefon.",2026-09-21T09:46:12+00:00
414034360,https://www.finn.no/realestate/homes/ad.html?finnkode=414034360,Saltdal - Gårdsbruk på ca. 790 daa hvorav 121 daa er fulldyrka - Innholdsrikt våningshus - Jakt -og fiskerettigheter,"Gammelveien 388, 8252 Rognan",8252,Rognan,6 200 000 kr,6 368 980 kr,168 980 kr,,,Gårdsbruk/Småbruk,Selveier,1 m²,,,320 m²,,,1959,,,,,,1840,16,4,3,"Velholdt gårdsbruk i full drift med kjøttproduksjon på ammeku i løsdrift. Eiendommen er på ca. 790 daa hvorav ca. 121 daa er fulldyrka og ca. 615 daa produktiv skog. Gårdstunet består av et innholdsrikt våningshus, driftsbygning og romslig redskapshus. Jakt - og fiskerettigheter følger eiendommen. Det er kort vei til Røkland sentrum  (5 min med bil) hvor det bla. er dagligvarebutikk, barnehage og barne- og ungdomsskole mv. Til Rognan er det ca. 10 min kjøretur, her finner man alle fasiliteter som butikker, kafeer, hoteller og restauranter. Minus Vis mindre NB: Knappen for å vise hele beskrivelsen har kun en visuell effekt. Pluss tegn Vis hele beskrivelsen NB: Knappen for å vise hele beskrivelsen har kun en visuell effekt. Salgsoppgaven beskriver vesentlig og lovpålagt informasjon om eiendommen Se komplett salgsoppgave Nyttige lenker Eiendommens hjemmeside NIBIO Gårdskart NIBIO Gårdskart over eiendommen Visning Ta kontakt for å avtale visning. Husk å lese komplett salgsoppgave før visning. Bestill komplett, utskriftsvennlig salgsoppgave. Visningspåmelding Gi bud Nyttige lenker Eiendommens hjemmeside NIBIO Gårdskart NIBIO Gårdskart over eiendommen Nærområdet Kart Gammelveien 388, 8252 Rognan Annonseinformasjon FINN-kode 414034360 Sist endret 17. sep. 2026 04:05 Referanse 39250018 Rapporter annonse Annonsene kan være mangelfulle i forhold til lovpålagt opplysningsplikt. Før bindende avtale inngås oppfordres interessenter til å innhente komplett informasjon fra meglerforetaket, selger eller utleier.",2026-09-21T09:46:14+00:00
412113698,https://www.finn.no/realestate/homes/ad.html?finnkode=412113698,"Trivelig småbruk m/​fin beliggenhet langs Skåbuvegen | Våningshus, kårbolig, stabbur & skåle | Tilhørende seter | Utsikt!","Skåbuvegen 2375 + 2377, 2643 Skåbu",2643,Skåbu,2 600 000 kr,2 666 090 kr,66 090 kr,,356 681 kr,Gårdsbruk/Småbruk,Selveier,,362 m² (BRA-i),362 m²,,2,,1970,2,920 873 m² (eiet),920873,920.9,Rom,3436,212,9,5,"EiendomsMegler1 Lillehammer og Gudbrandsdal presenterer Skåbuvegen 2375! Småbruket ligger idyllisk til i rolige og landlige omgivelser, ca 30 min fra Vinstra. Eiendommen har totalt ca 920 daa og består av flere bygninger som våningshus, kårbolig, stabbur, bakstehus og tilhørende seter. Flott utgangspunkt for et liv på landet og med nærhet til løyper og til naturen. Hovedhuset fra 1970 inneholder bl.a. entré/gang, stue m/utgang til veranda og flott utsikt, kjøkken, 2 soverom, bad, wc-rom og vaskerom m/utgang ut. I tillegg kjeller m/flere rom. Eiendommen Vestre er en mindre landbrukseiendom med seterbebyggelse og allmenningsrett i Fron allmenning og Espedalen bygdeallmenning. Skog med bjørkeskog egnet for vedhogst. Noe oppgraderinger må påregnes. Velkommen til visning! Minus Vis mindre NB: Knappen for å vise hele beskrivelsen har kun en visuell effekt. Pluss tegn Vis hele beskrivelsen NB: Knappen for å vise hele beskrivelsen har kun en visuell effekt. Salgsoppgaven beskriver vesentlig og lovpålagt informasjon om eiendommen Se komplett salgsoppgave Nyttige lenker Bestill salgsoppgave Bladbar salgsoppgave Visning Visning etteravtale med megler. Vi anbefaler at du laster ned og leser igjennom salgsoppgaven før visning, og ring oss gjerne på forhånd for spørsmål om boligen. Velkommen. Husk å lese komplett salgsoppgave før visning. Bestill komplett, utskriftsvennlig salgsoppgave. Visningspåmelding Gi bud Nyttige lenker Bestill salgsoppgave Bladbar salgsoppgave Nærområdet Kart Skåbuvegen 2375 + 2377, 2643 Skåbu Annonseinformasjon FINN-kode 412113698 Sist endret 12. aug. 2026 13:26 Referanse 1311250026 Rapporter annonse Annonsene kan være mangelfulle i forhold til lovpålagt opplysningsplikt. Før bindende avtale inngås oppfordres interessenter til å innhente komplett informasjon fra meglerforetaket, selger eller utleier.",2026-09-21T09:46:16+00:00
297876802,https://www.finn.no/realestate/homes/ad.html?finnkode=297876802,"Storås - Gamle Fossen skole - Bruksendret til boligformål - Eiertomt på ca. 3,5 dekar.","Lykkjveien 208, 7334 Storås",7334,Storås,1 790 000 kr,1 848 737 kr,58 737 kr,,,Gårdsbruk/Småbruk,Selveier,1 m²,,,880 m²,,,2010,,3 462 m² (eiet),3462,3.5,,5059,557,23,3,"Næringseiendom som er bruksendret til boligformål med sentral beliggenhet mellom Storås og Meldal. Romslig eiertomt på totalt 3,5 dekar som er fordelt på 3 tomter. Av bebyggelse er det et næringsbygg/stall oppført i 2010 som inneholder bla. 6 stallbokser for hest med ridebane utenfor. Det er innlagt strøm, vann og avløp. Videre er det en gammel skolebygning på egen tomt som nylig er godkjent bruksendret til boligformål (planlagt til 3 enheter/leiligheter). Skolebygningen er i dårlig stand og totalrenovering må påregnes. Ta kontakt for avtale om visning på mob 90233211 eller e-post: stian@landkreditteiendom.no Minus Vis mindre NB: Knappen for å vise hele beskrivelsen har kun en visuell effekt. Pluss tegn Vis hele beskrivelsen NB: Knappen for å vise hele beskrivelsen har kun en visuell effekt. Salgsoppgaven beskriver vesentlig og lovpålagt informasjon om eiendommen Se komplett salgsoppgave Visning Ta kontakt for å avtale visning. Husk å lese komplett salgsoppgave før visning. Bestill komplett, utskriftsvennlig salgsoppgave. Visningspåmelding Gi bud Nærområdet Kart Lykkjveien 208, 7334 Storås Annonseinformasjon FINN-kode 297876802 Sist endret 15. jan. 2026 04:19 Referanse 39230013 Rapporter annonse Annonsene kan være mangelfulle i forhold til lovpålagt opplysningsplikt. Før bindende avtale inngås oppfordres interessenter til å innhente komplett informasjon fra meglerforetaket, selger eller utleier.",2026-09-21T09:46:17+00:00
397566103,https://www.finn.no/realestate/homes/ad.html?finnkode=397566103,STANDAL - BUD MOTTATT - Landbrukseiendom med løpende inntekter | Naust | Jakt- og fiskerett,"Standalvegen 76, 6184 Storestandal",6184,Storestandal,3 890 000 kr,3 988 590 kr,98 590 kr,,,Gårdsbruk/Småbruk,Selveier,,173 m² (BRA-i),244 m²,,4,,1936,4,413 200 m² (eiet),413200,413.2,,1520,170,9,7,"Velkommen til Standalvegen 76! Landbrukseiendom med flott beliggenhet på Store-Standal, omgitt av vakker natur og enkel adkomst via offentlig vei. Eiendommen består av våningshus, driftsbygning, garasje, redskapshus, naust ved sjøen, samt sel og sæterfjøs på Standalsætra. Bruket har beiterett både i egen og felles utmark, samt løpende inntekter fra fallretter og masseuttak. I tillegg har eiendommen jaktrett på små- og storvilt, inkludert hjort, og fiskerett i Standalselva og nærliggende fjellvatn. Fra eiendommen er det ca. 30 minutter til Ørsta sentrum, og nærmeste barnehage og barneskole ligger på Sæbø, ca. 15 minutter unna. Ungdomsskole og videregående skole finnes også i Ørsta. Velkommen til visning! Minus Vis mindre NB: Knappen for å vise hele beskrivelsen har kun en visuell effekt. Pluss tegn Vis hele beskrivelsen NB: Knappen for å vise hele beskrivelsen har kun en visuell effekt. Salgsoppgaven beskriver vesentlig og lovpålagt informasjon om eiendommen Se komplett salgsoppgave Nyttige lenker Bestill prospekt Gi bud Visning Ta kontakt for å avtale visning. Husk å lese komplett salgsoppgave før visning. Bestill komplett, utskriftsvennlig salgsoppgave. Visningspåmelding Gi bud Nyttige lenker Bestill prospekt Gi bud Nærområdet Kart Standalvegen 76, 6184 Storestandal Annonseinformasjon FINN-kode 397566103 Sist endret 14. sep. 2026 10:14 Referanse GAR47.2542 Rapporter annonse Annonsene kan være mangelfulle i forhold til lovpålagt opplysningsplikt. Før bindende avtale inngås oppfordres interessenter til å innhente komplett informasjon fra meglerforetaket, selger eller utleier.",2026-09-21T09:46:18+00:00
343174218,https://www.finn.no/realestate/homes/ad.html?finnkode=343174218,"Fantastisk landbrukseiendom med stor, velholdt bygningsmasse. Våningshus på over 700 kvm. Lang strandlinje mot Glomma.","Vestsivegen 592, 2406 Elverum",2406,Elverum,33 900 000 kr,34 768 184 kr,868 184 kr,,2 254 109 kr,Gårdsbruk/Småbruk,Selveier,631 m²,,743 m²,,,,1880,,6 246 000 m² (eiet),6246000,6246.0,G - Rød,3420,11,1,3,,2026-09-21T09:46:20+00:00
410667565,https://www.finn.no/realestate/homes/ad.html?finnkode=410667565,Småbruk i vakre omgivelser med utsikt - Kort skolevei - Naust - Utmark - Jaktvald,"Gurålivegen 47, 6683 Vågland",6683,Vågland,2 300 000 kr,2 345 000 kr,45 000 kr,0 kr,345 000 kr,Gårdsbruk/Småbruk,Selveier,276 m²,,370 m²,,5,,1850,,,,,G - Oransje,5055,235,7,1,"Se komplett salgsrapport opplastet. Opplysninger Antall soverom våningshus: 5-6 Antall dekar totalt: 297,430 Fulldyrka jord: 19,4 dekar Overflatedyrka: 0 Beite: 4,4 Produktiv skog: 89,9 Utmark: 268,8 Lenke til seeiendom.kartverket : https://seeiendom.kartverket.no/eiendom/5055/235/7 - Gbr: 235/7-13 - Formuesverdi: 345 000 kr (Gårdsbruk og Fritidsbolig, skatteoppgjør 2024) - Bruksareal/P‐rom: 370/276 kvm Gården har ikke vært i drift siden 1970-tallet. Det er en driftsbygning, et innredd stabbur (anneks), ei utleiehytte, et naust, og et to-etasjes våningshus. Våningshuset er fra 1850, driftsbygningen fra 1875. Det er etterslep på vedlikehold, og samtlige hus trenger fornying. Det samme gjelder kloakk og veitilkomst til husene. Våningshuset er beboelig, men omfattende fornying må påregnes. Våningshus Våningshuset er fra 1850, opprinnelig i laft. Det er påbygd i bindingsverk på 90-tallet, langs hele originalhuset og i enden. Driftsbygning Driftsbygning fra 1875 i nordmørsk stavline (grovt bindingsverk). Det har ikke vært drift på gården siden 1970-tallet, og driftsbygningen har ikke blitt oppgradert siden den tid. Andre opplysninger Bygningene trenger omfattende fornying. Drift og rettigheter Utmark i felles jaktvald. Jorda Det er ikke gjødslet eller utført andre tiltak på 3-4 år, og det egner seg godt til økologisk drift, med nabojorder som driftes økologisk. Jordprøver fra 2021 år tilbake foreligger. Her er lenke til jordprøvene og kartet skal representere innmarka https://drive.google.com/drive/folders/1DL6JoBp2PpUFWRsdCApsgokOJ7ZDgp-X",2026-09-21T09:46:21+00:00
394601595,https://www.finn.no/realestate/homes/ad.html?finnkode=394601595,"Aure - Småbruk på 868 dekar, hvorav 27 dekar fulldyrket. 2 boliger, gårdssag, egen brygge m.m. Jaktrettigheter.","Mjosundvegen 1451 og 1452, 6694 Foldfjorden",6694,Foldfjorden,4 700 000 kr,4 831 480 kr,131 480 kr,,,Gårdsbruk/Småbruk,Selveier,,433 m² (BRA-i),,,,,,,,,,,1576,96,1,3,,2026-09-21T09:46:22+00:00
363593945,https://www.finn.no/realestate/homes/ad.html?finnkode=363593945,"Ærverdige Malm Gård - En unik eiendom i Malm sentrum. Gode inntekter fra skog, jakt, utleie, festetomter og fallrett.","Kjerkbakken 8 - Malm Gård, 7790 Malm",7790,Malm,14 900 000 kr,15 273 590 kr,373 590 kr,,155 013 kr,Gårdsbruk/Småbruk,Selveier,,567 m² (BRA-i),567 m²,,8,,1850,,3 727 262 m² (eiet),3727262,3727.3,G - Oransje,5006,707,1,5,"Malm Gård er en ærverdig og unik eiendom beliggende i Malm sentrum.  Malm Gård er en av de eldste i området med bosetting tidfestet til eldre jernalder. Eiendommen fremstår som en velholdt gårdseiendom. Den har flotte velholdte bygninger, store arealer og innhold forøvrig. Eiendommen er meget godt skjøttet og ivaretatt, med skog, bygninger og sentrumsarealer. Den har i hovedsak inntekter fra skog, jaktsalg, utleie, festetomter og fallrett. For ny eier vil gården fortsatt ha et stort potensiale i forhold til videreutvikling, drift og inntektsøkning. Med dagens utnyttelse er inntektsgrunnlaget ca. en årlig inntekt på kr 500.000,- i tillegg til mulighet for skogsdrift og videre potensiale for å øke de årlige inntektene. Det følger med rike jakt- og fiskemuligheter. Dette gjelder både storvilt, småvilt, bukkejakt, ørretfiske, mv. Ta kontakt med megler for avtale om visning! Minus Vis mindre NB: Knappen for å vise hele beskrivelsen har kun en visuell effekt. Pluss tegn Vis hele beskrivelsen NB: Knappen for å vise hele beskrivelsen har kun en visuell effekt. Salgsoppgaven beskriver vesentlig og lovpålagt informasjon om eiendommen Se komplett salgsoppgave Nyttige lenker Eiendommens hjemmeside Bestill salgsoppgave Visning Ta kontakt for å avtale visning. Husk å lese komplett salgsoppgave før visning. Bestill komplett, utskriftsvennlig salgsoppgave. Visningspåmelding Gi bud Nyttige lenker Eiendommens hjemmeside Bestill salgsoppgave Nærområdet Kart Kjerkbakken 8 - Malm Gård, 7790 Malm Annonseinformasjon FINN-kode 363593945 Sist endret 28. juni 2026 22:39 Referanse 51240194 Rapporter annonse Annonsene kan være mangelfulle i forhold til lovpålagt opplysningsplikt. Før bindende avtale inngås oppfordres interessenter til å innhente komplett informasjon fra meglerforetaket, selger eller utleier.",2026-09-21T09:46:23+00:00
409116472,https://www.finn.no/realestate/homes/ad.html?finnkode=409116472,Mo i Vestre Gausdal | Mellomstor landbrukseiendom med melkeproduksjon,"Vestringsvegen 1640, 2653 Vestre Gausdal",2653,Vestre Gausdal,5 200 000 kr,5 331 090 kr,131 090 kr,,649 041 kr,Gårdsbruk/Småbruk,Selveier,,,464 m²,,4,,1877,,662 300 m² (eiet),662300,662.3,,3441,66,2,5,"Eiendommen representerer en mellomstor landbrukseiendom i størrelse. Driftsgrunnlaget er melkeproduksjon og dyrka jord med grasproduksjon i egen drift. Driftsbygning er tilpasset melkeproduksjon med båsfjøs, både for melkeku og noe påsett. I tillegg så leies melkekvote og jord fra andre bruksenheter. Opplyst melkekvoten for eiendommen er på ca. 85 tonn, i tillegg leies det 85 tonn med 3 leieavtaler. Dyrka jord 91,1 daa. Produktiv skog 492,4 daa. Eiendommens hovdebøle ligger i Aulstadgrend i Vestre Gausdal, rett nord for Aulstadkirka. Bebyggelse består av våningshus, driftsbygning med melkerom, redskapshus med garasjedel, stabbur mm. Seterhus på Viknekjølen. Avstand til Segalstad bru er ca. 18 km, og til Lillehammer ca. 38 km. Minus Vis mindre NB: Knappen for å vise hele beskrivelsen har kun en visuell effekt. Pluss tegn Vis hele beskrivelsen NB: Knappen for å vise hele beskrivelsen har kun en visuell effekt. Salgsoppgaven beskriver vesentlig og lovpålagt informasjon om eiendommen Se komplett salgsoppgave Nyttige lenker Bestill prospekt Gi bud Visning Ta kontakt for å avtale visning. Husk å lese komplett salgsoppgave før visning. Bestill komplett, utskriftsvennlig salgsoppgave. Visningspåmelding Gi bud Nyttige lenker Bestill prospekt Gi bud Nærområdet Kart Vestringsvegen 1640, 2653 Vestre Gausdal Annonseinformasjon FINN-kode 409116472 Sist endret 23. apr. 2026 09:49 Referanse GAR30.2536 Rapporter annonse Annonsene kan være mangelfulle i forhold til lovpålagt opplysningsplikt. Før bindende avtale inngås oppfordres interessenter til å innhente komplett informasjon fra meglerforetaket, selger eller utleier.",2026-09-21T09:46:25+00:00
407956817,https://www.finn.no/realestate/homes/ad.html?finnkode=407956817,BUD MOTTATT | Rebbenesøy | Idyllisk landbrukseiendom | Sjøtomt med naust | 425 mål,"Skagøysundveien 733, 9140 Rebbenes",9140,Rebbenes,1 500  000 kr,1 538 590 kr,38 590 kr,,331 542 kr,Gårdsbruk/Småbruk,Selveier,,,368 m²,,5,,1947,,422 877 m² (eiet),422877,422.9,F - Oransje,5534,15,22,3,"EIENDOMMEN Det fremgår av takstrapporten at det er vanskelig/umulig å måle eksakt areal grunn innredninger mv i boligen. Arealangivelsen er dermed omtrentlig oppgitt til: BRA-i:                                                Boligen: 152 m2 For driftsbygning og naustet er det også angitt omtrentlig areal oppgitt som bruttoareralet (BTA): Driftsbygningen er ca.                       116 m2 (bruttoareal/BTA). Naustet er ca.                                     100 m2 (bruttoareal/BTA). Tomtens areal er 422 877,9 m2, jf. opplysninger fra Karlsøy kommune. Eiendommen har privat brønn/vannkilde og privat avløp med septiktank og videre avløp i grøft/sjø. Muligheter for kommunal renovasjon med tømming/avhenting av containere ukentlig. FERDIGATTEST/MIDLERTIDIG BRUKSTILLATELSE Det foreligger ferdigattest datert 09.08.1974 for tilbygg til enebolig. Det har vært gjort en gjennomgang av kommunens arkiver etter bygningsdokumenter for de øvrige bygningene. Det er ikke funnet midlertidig brukstillatelse eller ferdigattest for de øvrige bygningene i arkivet. At slik attest eksisterer gir ingen garanti for at det ikke er utført arbeid på boligen som er byggmeldt eller godkjent. Den formelle forutsetning for lovlig bruk av eiendommen kan derfor ikke dokumenteres, jf. det ovennevnte. Kjøper overtar all risiko for dette. Det bemerkes at det ikke lenger utstedes ferdigattest for tiltak det er søkt om før 1. januar 1998, jf. plan- og bygningsloven § 21-10 femte ledd. Kommunen vil ikke kreve ferdigattest for disse tiltakene og vil avvise eventuelle søknader. Bestemmelsen innebærer ikke at tiltak med manglende søknad blir lovlige, men at man ikke trenger å avslutte gamle byggesaker. Normalt sett kreves ferdigattest for alle søknadspliktige tiltak som gjøres etter plan - og bygningsloven. REGULERINGSMESSIGE FORHOLD Området er LNF (R) område i kommuneplanen. Deler av eiendommen ligger i hensynsone H520, hensyn reindrift. Dette er opplysninger gitt av Karlsøy kommune i utskrift datert 07.02.2025 – ref. 2025/125-2. EIERFORM Selveier. FORKJØPSRETT En sameier har under ellers like vilkår, rett til å få sitt bud godtatt, jf. sameigelova § 15 annet ledd annet punktum. Det innebærer at en sameier med eierandel har fortrinnsrett ved kjøp av eiendommen. Denne retten er ikke en løsningsrett, men en rett til å få sitt bud stadfestet dersom det ellers tilsvarer bud fra andre kjøpsinteresserte. En sameier som vil benytte seg av sin rett etter § 15 annet ledd annet punktum vil måtte gi sitt bud før retten har stadfestet et annet bud. De andre kjøpsinteresserte vil kunne gi overbud, og budrunden vil fortsette til en av budgiverne gir seg. ADKOMST Privat gruset veg fra kommunal veg og opp til boligen/gårdstunet. PARKERING Parkeringsplass på eiendommen. BEBYGGELSEN Standard Innvendig eldre standard på overflater og innredninger, eks. delvis renovert bad etter vannskade i1etg. Utvendig dårlig standard og her kreves det tiltak. Vedlikehold Vedlikehold og påkostninger: Det er svertesopp på overflater i trapperom til kjeller fra en vannlekkasje. Det er flytende vann stedvis på kjellergulv i trapperom og tilliggende rom. Kan være fra manglende uttørking, kondens eller rørlekkasje, men kan også være inntrenging fra mangelfull fuktsikring/drenering. Altan står for utskifting. Platt ved inngang og alle utvendige overflater på vegg og tak trenger vedlikehold. Avløp fra boligen har et latent(hvilende) påbud om utskifting til 3- kamret avskiller med godkjent utløp. Pipa over 50 år og ved skifte av ildsted må det monteres nytt røykrør. Samlet krever dette omfattende påkostninger som er helt nødvendige. Utover dette anbefaler vi at eier starter en plan for å isolere boligen. Bygningsstruktur Plasstøpt fundamenter med naturstein. Drenering antatt fra byggeår. Utvendige forhold Tømmerkonstruksjon i bygningskassen fra 1890 ført opp her i 1947. Malt trekledning. Saltak med treverk i sperrer, trobord og metallplater som tekke. Vinduer med malte rammer og karmer. Tre omramminger. Doble rammer med glass, samt isolerglass av ulik alder. Tre vindskier og vannbord. Uisolert ytterdør. Isolert altandør. Murverk i kjeller. Trapp, platt og altan i treverk. Innvendige forhold Teglpipe er fra byggeår med ildsted. Til opplysninger er pipa over 50 år og det må påregnes at den ved skifte av ildsted må rehabiliteres med nytt røykrør. Vannrør i jern/kopperrør og avløpsrør av PVC. I kjelleren er det murgulv og rupanel på vegg, geifus i tak. Ellers i boligen er gulv og vegger i plan 1og loft pålagt overflatebehandling, Noen plassbygde skap og noen finerte skap. Finerte og malte fyllingsdører i tre. Noe tredekke på gulv i kjeller. Ellers er det fuktskade og litt svertesopp på overflater i trapperom i kjeller. Yttergang er renovert, og bad er delvis renovert etter vannskade. Tekniske installasjoner Luft til luft varmepumpe. Vedfyring. Panelovner. Sikringsskap med automatsikringer. VV-bereder. Kjøkken Kjøkkeninnredning med finerte fronter. Laminatbenkeplate, fliser mellom overskap og benk. Oppvaskkum i rustfritt stål. Plass for separat komfyr og kjøleskap. Det er ildsted på kjøkken. Fornyet gulvbelegg i kjøkken. Våtrom Badet opplyses å være delvis renovert etter vannskade. Eldre bad i kjeller. I kjelleren står en 200 I varmtvannsbereder. Kommentarer Etasjehøyde i etasjer er omkring ca. 2,12m. Dette er i kategorien lav etasjehøyde. Dette kan ha tilknytning til at den opprinnelige boligen i tømmer fra 1890 er flyttet hit og bygget opp i 1947. I kjeller er det tykke murer og det er en del ringmur med kryprom (under målbart). Kjeller og har også etasjehøyde på ca. 2,1m. Arealet i denne boligen er vanskelig eller umulig å måle opp helt nøyaktig på grunn av utforming/innredning av rom/bygningskonstruksjoner. Arealet er fastsatt omtrentlig og skjønnsmessig. Både og på grunn av tilkomst ute. Det er ikke behov for å ha nøyaktige mål/areal og NS 3940 er ikke fulgt. Tilleggsopplysninger fra sameierne: Sikringsskap med nye automatsikringer ble skiftet i 2018. Ny el. jordkabel til f",2026-09-21T09:46:26+00:00
405442412,https://www.finn.no/realestate/homes/ad.html?finnkode=405442412,"Flott, veldrevet økologisk gård med frilandsgris. 410 daa dyrket mark, 2393 daa totalt. Stort våningshus.","Hukusjøvegen 1008, 2260 Kirkenær",2260,Kirkenær,19 400 000 kr,19 901 111 kr,501 111 kr,,993 572 kr,Gårdsbruk/Småbruk,Selveier,,368 m² (BRA-i),368 m²,,,,1956,,2 393 233 m² (eiet),2393233,2393.2,,3417,62,2,3,,2026-09-21T09:46:27+00:00
294737887,https://www.finn.no/realestate/homes/ad.html?finnkode=294737887,"Mo Søndre- En historisk, flott gård ved Stiklestad, Verdal. Gård i full drift- korn og grisproduksjon.","Mogrenda 50, 7656 Verdal",7656,Verdal,14 900 000 kr,15 273 590 kr,373 590 kr,,894 654 kr,Gårdsbruk/Småbruk,Selveier,170 m²,,389 m²,,3,,1947,,350 661 m² (eiet),350661,350.7,G - Gul,5038,107,2,5,"Mo Søndre er en godt holdt og påkostet gård i Verdal. Gården har sentral beliggenhet ved Mogrenda,  sørøst for Stiklestad, ca 8 km fra Verdal sentrum. Eiendommen har mye produktiv dyrka mark med svært god arrondering. Dyrka marka er lettdrevet med gode årvisse avlinger. Produksjonen på eiendommen er kornproduksjon på omlag 271 daa. Videre produseres det 2100 slaktegris pr år. Arealer drives kostnadseffektivt med eget maskinlag. Arronderingen er meget god. Arealene på eiendommen er fordelt på 3 hovedteiger. Jord ligger nært tunet. Bebyggelsen består av våningshus (nylig oppusset), slaktegrisfjøs, 50 % andel av redskapshus, vedlager, redskapshus og garasje, samt stabbur. Totalareal er ca 347 daa, fordelt mellom ca 289 daa dyrka mark inkl. beiter, 42,9 daa skog, ca 15 daa bebygd areal. Eiendommen har allmenningsrett i Inndal og Hoås Almenning. Videre har eiendommen 1/7 del i en gjeterhytte på Melbyvollen. Hytta er på 50 m2 og er oppført i 1996. Minus Vis mindre NB: Knappen for å vise hele beskrivelsen har kun en visuell effekt. Pluss tegn Vis hele beskrivelsen NB: Knappen for å vise hele beskrivelsen har kun en visuell effekt. Salgsoppgaven beskriver vesentlig og lovpålagt informasjon om eiendommen Se komplett salgsoppgave Nyttige lenker Eiendommens hjemmeside Bestill salgsoppgave Visning Ta kontakt for å avtale visning. Husk å lese komplett salgsoppgave før visning. Bestill komplett, utskriftsvennlig salgsoppgave. Visningspåmelding Gi bud Nyttige lenker Eiendommens hjemmeside Bestill salgsoppgave Nærområdet Kart Mogrenda 50, 7656 Verdal Annonseinformasjon FINN-kode 294737887 Sist endret 24. aug. 2026 09:15 Referanse 57220046 Rapporter annonse Annonsene kan være mangelfulle i forhold til lovpålagt opplysningsplikt. Før bindende avtale inngås oppfordres interessenter til å innhente komplett informasjon fra meglerforetaket, selger eller utleier.",2026-09-21T09:46:28+00:00
377987194,https://www.finn.no/realestate/homes/ad.html?finnkode=377987194,"Landbrukseiendommen Ytre Justad, Lier på ca. 380 daa med flott beliggenhet. 42 daa fulldyrket  og gode leieinntekter","Justadveien 6, 3404 Lier",3404,Lier,17 500 000 kr,17 950 400 kr,450 400 kr,,736 109 kr,Gårdsbruk/Småbruk,Selveier,,,599 m²,,0,,1965,2,379 900 m² (eiet),379900,379.9,,3312,61,1,5,"Velkommen til Justadveien 6/""Ytre Justad."" En idyllisk beliggende landbrukseiendom på ca. 380 daa. Eiendommen har 42 daa dyrket jord og 29,4 daa innmarksbeite og 270 daa produktiv skog. Det foreligger forpaktningsavtaler på jord og beiter. Nydelig tun bestående av stor gruset gårdplass og opparbeidet hage med prydbusker og beplantninger. På eiendommen er det oppført hovedhus/enebolig, tomannsbolig, en solid og moderne driftsbygning/låve og 2 skoghytter. Hovedhuset er på ett plan + innredet kjeller med bl.a. hele 4 soverom, romslig stue, kjøkken. Kjellerstue, trimrom, vaskerom m.m. i kjeller. Det er også et innebygd svømmebasseng. God lagringsplass. Eiendommen holder en god standard, og vedlikehold er fulgt opp. Det er p.t. gode leieinntekter på eiendommen med potensiale for mer. Minus Vis mindre NB: Knappen for å vise hele beskrivelsen har kun en visuell effekt. Pluss tegn Vis hele beskrivelsen NB: Knappen for å vise hele beskrivelsen har kun en visuell effekt. Salgsoppgaven beskriver vesentlig og lovpålagt informasjon om eiendommen Se komplett salgsoppgave Nyttige lenker Bestill prospekt Gi bud Visning Ta kontakt for å avtale visning. Husk å lese komplett salgsoppgave før visning. Bestill komplett, utskriftsvennlig salgsoppgave. Visningspåmelding Gi bud Nyttige lenker Bestill prospekt Gi bud Nærområdet Kart Justadveien 6, 3404 Lier Annonseinformasjon FINN-kode 377987194 Sist endret 01. juli 2026 14:31 Referanse GAR30.244 Rapporter annonse Annonsene kan være mangelfulle i forhold til lovpålagt opplysningsplikt. Før bindende avtale inngås oppfordres interessenter til å innhente komplett informasjon fra meglerforetaket, selger eller utleier.",2026-09-21T09:46:30+00:00
400632879,https://www.finn.no/realestate/homes/ad.html?finnkode=400632879,"NEDRE SALTBUTANGEN - Historisk gårdseiendom med lang strandlinje, brygger, stor tomt og betydelig bygningsmasse.","Skåtøyveien 75, 3780 Skåtøy",3780,Skåtøy,27 500 000 kr,28 188 890 kr,688 890 kr,,757 748 kr,Gårdsbruk/Småbruk,Selveier,,251 m² (BRA-i),460 m²,,7,,1864,2,66 000 m² (eiet),66000,66.0,Rom,4014,30,17,5,"Nedre Saltbutangen er en tidligere lystgård som ligger nordvest på Skåtøy, med utsikt mot Skåtøysund og byen. Eiendommen har en omfattende bygningsmasse bestående av hovedhus, bryggerhus, låve, stabbur, båthus og sjøbod. Hovedhuset ble bygget i 1864-1865, resten av bygningene antas å være eldre. Eiendommen har stor tomt på omtrent 66 mål, som består av Nedre Saltbutangen samt holmen utenfor, kalt Badeholmen. Det er store, fine utearealer bestående av store grøntområder med blant annet gamle syriner og frukttrær. Eiendommen har lang strandlinje mot Skåtøysund og det er brygge mot nordøst og mot vest på eiendommen. Saltbutangen ligger i hjertet av Kragerøskjærgården med god tilgjengelighet og kort vei til byen. Det er adkomst med båt eller bil via ferge. Eiendommen har bo- og driveplikt. Minus Vis mindre NB: Knappen for å vise hele beskrivelsen har kun en visuell effekt. Pluss tegn Vis hele beskrivelsen NB: Knappen for å vise hele beskrivelsen har kun en visuell effekt. Salgsoppgaven beskriver vesentlig og lovpålagt informasjon om eiendommen Se komplett salgsoppgave Visning Ta kontakt for å avtale visning. Husk å lese komplett salgsoppgave før visning. Bestill komplett, utskriftsvennlig salgsoppgave. Visningspåmelding Gi bud Nærområdet Kart Skåtøyveien 75, 3780 Skåtøy Annonseinformasjon FINN-kode 400632879 Sist endret 21. sep. 2026 09:35 Referanse 1302240186 Rapporter annonse Annonsene kan være mangelfulle i forhold til lovpålagt opplysningsplikt. Før bindende avtale inngås oppfordres interessenter til å innhente komplett informasjon fra meglerforetaket, selger eller utleier.",2026-09-21T09:46:31+00:00
349753432,https://www.finn.no/realestate/homes/ad.html?finnkode=349753432,"Sørskogbygda - NY PRIS! Flott, nyere småbruk beliggende i landlige og idylliske omgivelser. 6 soverom. Stall og ridebane","Brennfeltet 14, 2412 Sørskogbygda",2412,Sørskogbygda,7 490 000 kr,7 741 400 kr,251 400 kr,,719 955 kr,Gårdsbruk/Småbruk,Selveier,,197 m² (BRA-i),478 m²,,6,,2016,,87 424 m² (eiet),87424,87.4,Rom,3420,179,2,5,"Velkommen til Sørskogbygda og Brennfeltet 14! Her har vi gleden av å presentere et landlig beliggende småbruk fra 2016 over ett plan, med blant annet to stuer, kjøkken, to bad og seks soverom. Oppvarming med vedfyring og strøm. Terrasseplatting ved inngangsparti samt stor terrasseplatting mot syd med innglasset vinterhage og basseng. Frittstående stall fra 2019 med høy standard. Stallen har blant annet 9 stallbokser, spyleboks og høyrom. Opparbeidet ridebane og to store, inngjerdede luftegårder til hest. Det er ca. 2,5 km til skole og barnehage i Sørskogbygda og ca. 17 km til Elverum sentrum. Kort vei til naturen og fine turområder. Velkommen til visning! Meld deg på via påmeldingsknappen, eller ta kontakt med Hans Petter Carlsson, eiendomsmegler MNEF, på tlf. 911 25 518. Minus Vis mindre NB: Knappen for å vise hele beskrivelsen har kun en visuell effekt. Pluss tegn Vis hele beskrivelsen NB: Knappen for å vise hele beskrivelsen har kun en visuell effekt. Salgsoppgaven beskriver vesentlig og lovpålagt informasjon om eiendommen Se komplett salgsoppgave Nyttige lenker Bestill prospekt Gi bud Visning Alle våre visninger har påmelding. På denne måten sikrer vi at megler har god oversikt og tid til å imøtekomme alle interessenter på beste måte. Skulle ingen være påmeldt til visningen, vil visningen ikke bli gjennomført. Passer ikke annonsert tidspunkt, ta kontakt så finner vi en løsning. Husk å lese komplett salgsoppgave før visning. Bestill komplett, utskriftsvennlig salgsoppgave. Visningspåmelding Gi bud Nyttige lenker Bestill prospekt Gi bud Nærområdet Kart Brennfeltet 14, 2412 Sørskogbygda Annonseinformasjon FINN-kode 349753432 Sist endret 09. sep. 2026 00:36 Referanse GAR14.2412 Rapporter annonse Annonsene kan være mangelfulle i forhold til lovpålagt opplysningsplikt. Før bindende avtale inngås oppfordres interessenter til å innhente komplett informasjon fra meglerforetaket, selger eller utleier.",2026-09-21T09:46:32+00:00
395869579,https://www.finn.no/realestate/homes/ad.html?finnkode=395869579,"Herlig småbruk med romslig 5-roms enebolig med hage, uthus og garasje. Idyllisk strandlinje ved Tanaelven.","Deanugeaidnu 2321, 9734 Karasjok",9734,Karasjok,3 600 000 kr,3 696 090 kr,96 090 kr,0 kr,407 742 kr,Gårdsbruk/Småbruk,Selveier,180 m²,,192 m²,,3,,1965,2,168 000 m² (eiet),168000,168.0,E - Gul,9734,6,7,1,"Fantastisk småbruk i Tanadalen med renovert bolig i unik og sjelden usjenert beliggenhet. Her er det god avstand mellom naboene uten at man er mutters alene i verden. Det er mulig å søke om laksebrev, eiendommen gir grunnlag for lakserett. Eiendommen ligger i nærheten av et populært elgvald med masse elg som trekker. Eiendommen passer for kjøpere som ønsker å bo i svært rolige og flotte omgivelser. Eiendommen har store muligheter for både grønnsaks-, høy- og fruktdyrking.",2026-09-21T09:46:33+00:00
350081495,https://www.finn.no/realestate/homes/ad.html?finnkode=350081495,"Småbruk - Enebolig med fjøs/​anneks, stabbur og uthus - Solrik beliggenhet og nærhet til Mosjøen sentrum","Vefsnvegen 531, 8658 Mosjøen",8658,Mosjøen,2 450 000 kr,2 512 340 kr,62 340 kr,,480 618 kr,Gårdsbruk/Småbruk,Selveier,,524 m² (BRA-i),524 m²,,4,,1850,,9 149 m² (eiet),9149,9.1,,1824,99,15,5,"Velkommen til Vefsnvegen 531, en eiendom beliggende i et rolig og barnevennlig område ca. 6,2 km fra Mosjøen sentrum. Området byr på gode solforhold og kort avstand til skoler, barnehager, idrettsanlegg og dagligvarebutikker. Eiendommen har enkel adkomst via offentlig vei og privat stikkvei. Eneboligen har et bruksareal på 137 m² fordelt over tre etasjer med rom som entré, stue, kjøkken, bad/vaskerom og flere soverom. Deler av arealet har lav takhøyde. Eiendommen inkluderer også en omsøkt låve som anneks, stabbur og uthus. Tomten på ca. 9.156 m² er opparbeidet med plen, busker og trær, samt privat vannforsyning fra brønn og avløp via septiktank. Minus Vis mindre NB: Knappen for å vise hele beskrivelsen har kun en visuell effekt. Pluss tegn Vis hele beskrivelsen NB: Knappen for å vise hele beskrivelsen har kun en visuell effekt. Salgsoppgaven beskriver vesentlig og lovpålagt informasjon om eiendommen Se komplett salgsoppgave Visning Ta kontakt for å avtale visning. Husk å lese komplett salgsoppgave før visning. Bestill komplett, utskriftsvennlig salgsoppgave. Visningspåmelding Gi bud Nærområdet Kart Vefsnvegen 531, 8658 Mosjøen Annonseinformasjon FINN-kode 350081495 Sist endret 05. aug. 2026 15:09 Referanse 1801240009 Rapporter annonse Annonsene kan være mangelfulle i forhold til lovpålagt opplysningsplikt. Før bindende avtale inngås oppfordres interessenter til å innhente komplett informasjon fra meglerforetaket, selger eller utleier.",2026-09-21T09:46:35+00:00
396167968,https://www.finn.no/realestate/homes/ad.html?finnkode=396167968,Korgen camping - 14 hytter - vaktbolig - 2 sanitærbygg - 24 dekar som grenser til lakselva Røssåga - Fiskerett,"Korgen Camping - Korgauren 5, 8646 Korgen",8646,Korgen,10 000 000 kr,10 000 000 kr,"10 000 000,- (Prisantydning)",,,Gårdsbruk/Småbruk,Selveier,1 m²,,,,,,1985,,,,,,1832,107,125,3,"Korgen camping ligger sentralt og vakkert til på en halvøy som er omslynget av lakseelva Røssåga. Campingen inneholder 9 campinghytter (sommerhytter) og 5 helårshytter, vaktbolig, to sanitærbygg, felleshytte med kjøkken og oppholdsrom, grillhytte og resepsjon. I tillegg til hyttene er det plass til ca. 30 bobiler, vogner eller telt, alle med strømuttak. Her kan man nyte stillheten med bare fuglene og elvebruset som bakteppe, selv om det er knapt 10 minutters gange til butikk, café og andre tilbud i Korgen sentrum. Minus Vis mindre NB: Knappen for å vise hele beskrivelsen har kun en visuell effekt. Pluss tegn Vis hele beskrivelsen NB: Knappen for å vise hele beskrivelsen har kun en visuell effekt. Salgsoppgaven beskriver vesentlig og lovpålagt informasjon om eiendommen Se komplett salgsoppgave Visning Ta kontakt for å avtale visning. Husk å lese komplett salgsoppgave før visning. Bestill komplett, utskriftsvennlig salgsoppgave. Visningspåmelding Gi bud Nærområdet Kart Korgen Camping - Korgauren 5, 8646 Korgen Annonseinformasjon FINN-kode 396167968 Sist endret 19. mai 2025 02:13 Referanse 39259008 Rapporter annonse Annonsene kan være mangelfulle i forhold til lovpålagt opplysningsplikt. Før bindende avtale inngås oppfordres interessenter til å innhente komplett informasjon fra meglerforetaket, selger eller utleier.",2026-09-21T09:46:37+00:00
396160296,https://www.finn.no/realestate/homes/ad.html?finnkode=396160296,Lødingen - Småbruk på 50 dekar m/​moderne produksjonsanlegg for verpehøner og konsumegg. Fin beliggenhet med strandlinje.,"Bresjevegen 17, 8412 Vestbygda",8412,Vestbygda,15 000 000 kr,15 388 980 kr,388 980 kr,,381 620 kr,Gårdsbruk/Småbruk,Selveier,1 m²,,,2368 m²,,,,,,,,,1851,13,3,3,,2026-09-21T09:46:38+00:00
382611048,https://www.finn.no/realestate/homes/ad.html?finnkode=382611048,Rennebu - Gårdsbruk på 1.195 dekar med nasjonalt anerkjent ridesenter. Vakre omgivelser. Jaktrettigheter.,"Gamle Kongevei 2264, 7397 Rennebu",7397,Rennebu,5 800 000 kr,5 958 469 kr,158 469 kr,,,Gårdsbruk/Småbruk,Selveier,170 m²,,,1676 m²,,,,,,,,,5022,104,2,3,Velkommen til Langklopp Fjellgård! Rideleirer: Perfekt for hesteelskere der det er mulig å oppleve naturen fra hesteryggen. Pilegrimsopplevelser: Hvert år besøker opp mot 200 pilegrimer Langklopp Fjellgård for bespisning og overnatting. Bærekraftig produksjon: Det er lagt stor vekt på bærekraft og det brukes materialer fra egen skog i drifta.,2026-09-21T09:46:39+00:00
376854021,https://www.finn.no/realestate/homes/ad.html?finnkode=376854021,bolig/​ småbruk/​ fritidsbolig,"SAUHERADVEGEN 1700, 3683 Notodden",3683,Notodden,2 500 000 kr,2 550 000 kr,50 000 kr,0 kr,2 500 000 kr,Gårdsbruk/Småbruk,Selveier,,187 m² (BRA-i),210 m²,,3,,1930,2,26 100 m² (eiet),26100,26.1,Renovert år,3808,433,5,1,eiendommen som har vært et småbruk var i dårlig forfattning med gjengrodd mark og uhoggen skog hovedhuset er oppgradert innvendig og utvendig det står 2 eldre moelvenbrakker i oppgradert stand med el nye laminat gulv og utv.terasse brukes som lager og hobby 1 enkel garage med utvendig bod for hagemaskiner 1 låve  idårlig forfattning en eldre utedo som bør rives et hus nede i skogen nedblåst i stormen,2026-09-21T09:46:40+00:00
376592022,https://www.finn.no/realestate/homes/ad.html?finnkode=376592022,Landbrukseiendom i Lofoten med sauebesetning til salgs,"Haverringen 1195, 8360 Bøstad",8360,Bøstad,6 250 000 kr,6 407 420 kr,157 420 kr,0 kr,760 000 kr,Gårdsbruk/Småbruk,Selveier,,,116 m²,,4,,1987,1,18 000 m² (eiet),18000,18.0,,1860,111,12,1,"Produksjon på gården er 300 vinterforet sau.Totalt  ca 180 mål,  80 fulldyrket, 7 overflatedyrket. Gode beiter. Sauebesetning kan selges med.",2026-09-21T09:46:42+00:00
369578795,https://www.finn.no/realestate/homes/ad.html?finnkode=369578795,Rålekker enebolig med spektakulær beliggenhet og eiendom på 907 mål | Ekslusive og moderne løsninger | Fantastisk utsikt,"Sør-Villen 24, 8611 Mo i Rana",8611,Mo i Rana,10 000 000 kr,10 268 750 kr,268 750 kr,,11 744 kr,Gårdsbruk/Småbruk,Selveier,,242 m² (BRA-i),301 m²,,4,,1920,,907 000 m² (eiet),907000,907.0,B - Gul,1833,30,11,5,"EIE eiendomsmegling har gleden av å presentere Sør-Villen 24 - En spektakulær utsiktseiendom i landlige omgivelser. Velkommen til en bolig som kombinerer moderne design med eksklusive detaljer og gjennomtenkte løsninger. Her møtes romslige oppholdsrom, et stilrent kjøkken med integrerte hvitevarer mot en romslig stue og spisestue. Flere luksuriøse bad, alt i en lun og elegant fargepalett. Hovedsoverommet er en suite med eget bad, stor garderobe og utgang til en solrik terrasse. Videre har du to romslige soverom, TV-stue og vaskerom. Underetasjen byr på en separat leilighet, med mulighet for inntekt. Uteområdene er like imponerende med flere solrike terrasser og frodig tomt. Denne eiendommen er en sjelden mulighet for deg som søker et drømmehjem i unike omgivelser. EIE ønsker velkommen! Minus Vis mindre NB: Knappen for å vise hele beskrivelsen har kun en visuell effekt. Pluss tegn Vis hele beskrivelsen NB: Knappen for å vise hele beskrivelsen har kun en visuell effekt. Salgsoppgaven beskriver vesentlig og lovpålagt informasjon om eiendommen Se komplett salgsoppgave Nyttige lenker Meld interesse og få tilgang til salgsoppgaven Se hjemmeside for eiendommen Visning Ta kontakt for å avtale visning. Husk å lese komplett salgsoppgave før visning. Bestill komplett, utskriftsvennlig salgsoppgave. Visningspåmelding Gi bud Nyttige lenker Meld interesse og få tilgang til salgsoppgaven Se hjemmeside for eiendommen Nærområdet Kart Sør-Villen 24, 8611 Mo i Rana Annonseinformasjon FINN-kode 369578795 Sist endret 07. sep. 2024 10:24 Referanse 100240035 Rapporter annonse Annonsene kan være mangelfulle i forhold til lovpålagt opplysningsplikt. Før bindende avtale inngås oppfordres interessenter til å innhente komplett informasjon fra meglerforetaket, selger eller utleier.",2026-09-21T09:46:43+00:00
365548794,https://www.finn.no/realestate/homes/ad.html?finnkode=365548794,Gårdsbruk til salgs i Lakselvdalen,"Mobakken 9, 9040 Nordkjosbotn",9040,Nordkjosbotn,3 700 000 kr,3 795 000 kr,95 000 kr,0 kr,503 000 kr,Gårdsbruk/Småbruk,Selveier,207 m²,,307 m²,,7,,1977,,596 900 m² (eiet),596900,596.9,,5532,17,5,1,"Takst, tilstandsrapport og budskjema er vedlagt annonsen. Gårdsbruk i vakre omgivelser ved Lakseelva i Lakselvdalen i Lyngsalpene (Balsfjord kommune). Skogmo gård selges på grunn av sykdom. Det ble drevet med melkegeit til 2020. Gården har ikke melkekvote. I dag produseres det ca. 1000 firkant-tørrhøyballer per sesong. Med en god gjødselplan, kan dette økes betydelig. Turistutleie utgjør 23-25 000,-/mnd i høysesongen. Fra taksten tatt 02.12.2021/februar 2023: ""Driftsenheten ligger i Lakselvdalen i Balsfjord kommune- og er et eldre småbruk/kombinasjonsbruk med lang kulturhistorie. Tidligere generasjoner har drevet med husdyrhold og sjølberging i tillegg til arbeid utenfor gården. Gården er beliggende et stykke inn i Lakselvdalen når man kjører opp fra Balsfjordsiden. Bruket ligger på venstre side hovedvegen og har et naturlig gårdstun med opparbeidet hageanlegg, plener, gruset adkomstveg og oppstillingsplasser/arealer foran garasje og våningshus. Tunet er noe beplantet med stauder, busker, samt stedsegne trær. Beliggenhet med fin utsikt utover jordbruksarealene, Lakselvdalen og område generelt. Gården ligger relativt sentralt i forhold til Nordkjosbotn, Storsteinnes og Tromsø og det er rimelige avstander til lokale skoler barnehager og andre offentlige og kommunale fasiliteter og tilbud. Hovedbygningen er romslig og innholdsrik, og har i hovedsak relativt lav standard sett i forhold til dagens krav til standard og bocomfort. El-anlegg er oppgradert og påkostet. Foruten det elektriske anlegget er de fleste overflater, bygningsinstallasjoner og innredninger, tidstypiske og noe utdaterte. I tillegg til våningshuset står fortsatt kårboligen som er delvis modernisert og som leies ut til turisme. På driftssiden har man driftsbygningen for melkeproduksjon geit, verksted/redskapshus og bukkehus. Det er også oppført en liten hytte samt en gamme i utmarka ca 600 m fra gårdstunet. Bygningene har et visst etterslep på vedlikehold men har tette tak og kan fortsatt brukes til det de var ment for. Gården drives økologisk (Debiogodkjent). Konsesjonspliktig. Uregulert område, avsatt som LNRF område i kommunens reguleringsplan (arealdelen). Privat gruset veg fra kommunal veg og opp til boligen/gårdstunet. Privat vann egen vannkilde. Privat anlegg med septiktank. Kommunal renovasjon med tømming av dunker annenhver uke. Parkering i garasje og på gårdstunet. Ikke odel. Det er ikke registrert fredede, verneverdige kulturminner eller bygninger. Eiendommen er passiv medlem i lokalt grunneierlag/utmarkslag som forvalter utmarksressursene som jakt og fiskerettigheter. Det gjenstår en del for å oppnå dagens standard på bygningene, men her er en ikke-utfyllende liste over det vi har gjort siden vi kom hit desember 2016: VÅNINGSHUSET - Nytt sikringsskap i 2018 - Installert Siemens PLS kontrollsentraler som overvåker og styrer forskjellige funksjoner - Lagt fiberkabel i bakken fra stolpe til våningshus, med WiFi-aksesspunkter over hele gården - Installert teknisk skap med bl.a. fiberinntak, nettfordeling og WiFi - Reparert septikanlegg, lagt ny drenering - Skiftet alle lyspunkter til LED og lagt til flere - Malt murvegg i treningsrommet i kjelleren i hvitt - Skiftet stoppekraner og lagt en del nye rør, nytt avløp fra kjøkkenet - Nytt vindu på badet, skiftet ut badekar med dusjkabinett - Renovert inngangspartiet i våningshuset - Installert ringeklokke ved inngangen - Malt soverommene og skiftet gulvbelegg på hovedsoverom - Ny kjøkkenvifte - Satt opp ekstra utelys ved inngang KÅRBOLIGEN - Renovert førsteetasjen. Påbegynt andre etasje. - Montert utestikk for bobil - Installert sentralstøvsuger - Installert teknisk sentral i kjelleren FJØSEN - Bygget nytt bad ved fjøskontoret, ny brannslangetilkopling - Nytt sikringsskap og nettskap på fjøskontoret - Montert utestikk 240v og 2x32A blå stikk, for bl.a lading av elbil - Diverse vasker og rør skiftet i driftsbygningen, montert utekran - Lagt nytt fjøsgulv - Taklys i fjøsen skiftet ut med LED armatur. Montert utelys ved dyreutgang med tidsstyring - Gravd ny utkjøring, nedkjøring og pålastingsområde ved gjødselkjelleren - Reparert utelampen der dyrene går ut og inn - Installert downlights over inngangen LÅVEN - Lagt 16A stikk og kabel fra sentralen - Bygget nytt gulv over gammel silo - Påbegynt rom - Installert fjernkontroll til traverskran REDSKAPSHUSET - Nytt sikringsskap med flere kurser, nye stikk, skiftet til LED armatur - Installert utestikk med timer til traktorens motorvarmer, lyskaster i mønet og downlights over porter med lys- og bevegelsessensor - Installert garasjeportåpner på den ene porten - Malt røstvegg DYRKAMARK OG UTEOMRÅDENE - Opparbeidet ettåring problemmark på 21 mål til flerårig eng - Ryddet og beitepusset nytt område på ca. 30 mål som forberedelse til etablering av nytt grovforareal - Gravd nytt, rett løp til sikksakk-dreneringsgrøft på nymarka - Gravd rørgater mellom alle bygningene - Gravd ut gjørmeområde ved bukkehytta og laget standplass for redskaper - Bygget gangbruer over bekker og grøfter - Ryddet og påbegynt utbedring av gårdsveier",2026-09-21T09:46:44+00:00
368122313,https://www.finn.no/realestate/homes/ad.html?finnkode=368122313,Gårdsbruk med melkekvote i Ulvik,5730 Ulvik,5730,Ulvik,4 500 000 kr,4 612 500 kr,112 500 kr,,748 029 kr,Gårdsbruk/Småbruk,Selveier,260 m²,,345 m²,,6,,1930,,,,,G - Rød,4620,58,1,3,"Vi har for salg et gårdsbruk med adresse Espelandsvegen 618, ca 6 km fra Ulvik Sentrum. Eiendommen ligger på gbnr 58/1 og 68/1 i (4620) Ulvik kommune. Gården har ca 150 dekar fulldyrka jord, 60 dekar innmarksbeite og i underkant av 600 dekar utmarksområder/skog med jakt og beiteretter. Det tilligger stølsrettigheter på Gunnarsete og på Torbjørnsstølen på Finse. Driftsbygninger er fra 1970 med innvendig oppgradering i 2008. Fjøs er godkjent frem til 2034, med totalt 20 melkekyr, 10 kviger og 20 kalver og tilhørende melkekvote. Det er et relativt stort vedlikeholdsetterslep. Det er i tillegg driftsbygnigner for sau og storfe samt verksted/redskapshus samt to tilrettelagte tomter på gbnr 68/1. Våningshuset er fra 1930 og har to enheter, der det er kår- og borett tilknyttet den ene. Kår-delen er et tilbygg fra 1973. Våningshuset er over tre plan med loft og kjeller, er gradvis oppgradert, men holder eldre standard og trenger vedlikehold. Det er odel, konsesjonplikt, boplikt og driveplikt samt priskontroll på eiendommen. Eiendommen er etter verditakst totalt verdsatt til kr 7 000 000 , som er prisantydning. Adkomst Utfyllende informasjon om fellesgjeld og felleskostnader Visning Visning etter avtale. Annen info 2 Annen info 3 Annen info 4 Annen info 5 Vesentlige opplysninger Vi viser til verditakst og salgsoppgave for vesentlige opplysninger om eiendommen. Det er viktig at interesserte kjøpere går grundig gjennom salgsoppgaven før evt. bud. Ta kontakt med advokat Torgils Bryn for tilgang til salgsoppgave og verditakst Minus Vis mindre NB: Knappen for å vise hele beskrivelsen har kun en visuell effekt. Pluss tegn Vis hele beskrivelsen NB: Knappen for å vise hele beskrivelsen har kun en visuell effekt. Ta kontakt med megler for komplett informasjon Visning Ta kontakt for å avtale visning. Nærområdet Kart 5730 Ulvik Annonseinformasjon FINN-kode 368122313 Sist endret 28. aug. 2024 11:57 Referanse Gårdsbruk i Ulvik Rapporter annonse Annonsene kan være mangelfulle i forhold til lovpålagt opplysningsplikt. Før bindende avtale inngås oppfordres interessenter til å innhente komplett informasjon fra meglerforetaket, selger eller utleier.",2026-09-21T09:46:45+00:00
368026966,https://www.finn.no/realestate/homes/ad.html?finnkode=368026966,Vigård hyttefelt med 20 utskilte byggeklare hyttetomter + skogeiendom med fritidsbolig. Tot. ca. 920 daa.,"Tuddalsvegen 1369, 3697 Tuddal",3697,Tuddal,5 700 000 kr,5 861 349 kr,161 349 kr,,,Gårdsbruk/Småbruk,Selveier,65 m²,,,,2,,1912,,,,,,4024,84,113,3,,2026-09-21T09:46:46+00:00
365615306,https://www.finn.no/realestate/homes/ad.html?finnkode=365615306,"Idyllisk beliggende, stort gårdstun. Per d.d. inntekt på kr 25 000,- per mnd. Driftsbygning med isolert verksted!","Høyfossveien 88, 1827 Hobøl",1827,Hobøl,6 900 000 kr,7 086 459 kr,186 459 kr,,1 534 798 kr,Gårdsbruk/Småbruk,Selveier,,219 m² (BRA-i),492 m²,,4,,1800,,6 308 m² (eiet),6308,6.3,G - Gul,3118,874,26,3,,2026-09-21T09:46:48+00:00
311146765,https://www.finn.no/realestate/homes/ad.html?finnkode=311146765,Unik fritidsbolig med 604 m² og kommersielt potensial – nær sjøen og sandstrand,"Værnesveien 1056, 7318 Agdenes",7318,Agdenes,1 800 000 kr,1 845 000 kr,45 000 kr,0 kr,450 000 kr,Gårdsbruk/Småbruk,Selveier,,,604 m²,,6,,1940,,2 050 m²,2050,2.0,,5059,715,45,1,"Velkommen til Værnesveien 1056 – en helt unik fritidsbolig med historie, sjel og et potensial som svært få eiendommer i Norge kan matche. Med hele 604 m² bruksareal, profesjonelt kjøkken, 6 soverom, 3 stuer, 3 toaletter, stort bad, 133 m² kjeller med egen inngang og en terrasse på 82 m², får du her en fritidseiendom som både kan brukes privat og gi mulighet for inntektsbringende aktivitet. Bygget ble oppført av tyske styrker under andre verdenskrig som del av Løkhaug kystfort, senere overtatt av det norske Forsvaret, og de siste 14 årene brukt privat som fritidsbolig. Det betyr lav slitasje, ingen kommersiell drift bak seg og et bygg som står klart for en ny eier som vil bruke det på sin måte. Eiendommen ligger kun ca. 200 meter fra sjøen, med sandstrand, svaberg, utsikt mot fjorden og vakre solnedganger. Her får du en sjelden kombinasjon av natur, ro, hav og plass – samtidig som du har et bygg som kan romme store grupper, arrangementer, kurs, retreat, familiesamlinger eller utleie. Hovedetasjen (471 m²) består av hall, entré, 6 store soverom, stue, spisestue, TV‑stue, bad, toalettrom med 3 WC + urinal, stort profesjonelt kjøkken, kjølerom, boder og utgang til en terrasse på 82 m². Planløsningen er fleksibel og egner seg både for privat bruk og for grupper. Kjelleren (133 m²) har både intern trapp og egen inngang utenfra. Den består av gang og fire store boder, og kan brukes som lager, verksted, badstue, treningsrom, atelier, utstyrslager eller som støtteareal for drift. Den solide betongkonstruksjonen gjør kjelleren tørr og anvendelig. Kjøkkenet er et av eiendommens største fortrinn: et fullt utstyrt storkjøkken med rustfrie flater, store kokeplater, stekeplate, industriell oppvaskmaskin, ventilasjonssystem og kjølerom. Perfekt for matkurs, catering, selskaper eller storfamilier som elsker å lage mat sammen. Oppgraderinger inkluderer nytt parkettgulv i hovedstuen, løpende vedlikehold. Bygget ble taksert til 4,1 millioner kroner i 2014 , og fremstår i dag bedre enn ved takseringstidspunktet. Selv om eiendommen selges som fritidsbolig, har den et betydelig kommersielt potensial. Her kan du kombinere fritidsbruk med inntektsmuligheter – og samtidig få bankfinansiering som fritidsbolig. Mulige konsepter inkluderer retreat‑sted, kurs‑ og seminarhus, utleie til grupper, bryllup og selskaper, kunst‑ og kulturresidens, matkurs og catering, helse‑ og velværetilbud eller coworking med overnatting. Dette er en eiendom for deg som ønsker noe helt utenom det vanlige – et sted hvor du kan ha god tid for deg selv, og samtidig la eiendommen betale for seg selv.",2026-09-21T09:46:49+00:00
355847711,https://www.finn.no/realestate/homes/ad.html?finnkode=355847711,Nedlagt Småbruk Gnr13.Bnr.3 - SELFORS - BEIARN.-,"Nedre Beiarveien 349 og Nedre Beiarveien 351, 8110 Moldjord",8110,Moldjord,750 000 kr,750 000 kr,0 kr,0 kr,450 000 kr,Gårdsbruk/Småbruk,Selveier,,71 m² (BRA-i),75 m²,,2,,,3,147 000 m² (eiet),147000,147.0,,8110,13,3,1,"Gnr13 Bnr3 SELFORS. Nedlagt Bondegård selges høystbydende over kr.750.000,- Driveplikt er ivaretatt med bortleie av jordbruksarealer. Nærhet til Storjord Sentrum med Butikker,Bank og Post. Følg Hovedveien fra Storjord nedover ca 3km til Busstopp mrk-Selfors. Kjør opp grusveien ca 150m med Adkomst til eiendommen.Enkel og god parkering --Noen tilleggs opplysninger-- Areal ca 6 mål med Bygninger er registrert som Fritidseiendom. Forslag til utnyttelse,Se Vedlagte Tegninger og Bilder, Og Brev/Melding innlevert til Beiarn Kommune hvor det ønskes å benytte eksisterende BYA og tilpasse planløsninger. Det må Søkes om Evnt,Bruksendring til Helårsboliger hvis ønskelig. Strøm og Kommunalt vann i nærområdet. Nytt septik-anlegg bør prosjekteres. Omkostninger vedr. salg påregnes kjøper. Eiendommen har skog til uttak materialer og Bjørk til ved. Fiskerett i Beiarelva. Fiskerett i flere vann fra Grønnåsen til Lurfjell,- og Kobbåvatnet. Hytte ved Grønnåsvatnet. Elgvall og Jakt på Orrfugl og Ryper. Lett adkomst opp i høyden med skogsveier som fører opp til fjell og vidder. Fantastisk skiterreng med bakker for Barn og Voksne",2026-09-21T09:46:50+00:00
358634890,https://www.finn.no/realestate/homes/ad.html?finnkode=358634890,"Gårdstun, til salgs i Skiptvet.","Stokkebekkveien 175, 1816 Skiptvet",1816,Skiptvet,1 180 000 kr,1 210 590 kr,30 590 kr,0 kr,1 212 900 kr,Gårdsbruk/Småbruk,Selveier,,76 m² (BRA-i),60 m²,,2,,1850,2,3 213 m² (eiet),3213,3.2,G - Rød,127,66,13,1,"Eiendommen ligger fint til, landlig men kun 7 minutter med bil fra Skiptvet sentrum. Her er det Rema, Kiwi, Europris, bensinstasjon, kro, bilverksted og kirke. Tomta har veldig bra solforhold, hele dagen fra morgen til kveld. Veldig pent å se lys fra bebyggelsen i Spydeberg på kvelden. Det er ilevann på eiendommen og kommunalt vann ca 20 meter fra tomtegrense. Denne kan kobles til, mot en avgift til kommunen. Må også søkes om. Huset har ikke bad eller innlagt vann, kun utedo. Rett bak huset ligger det et 2 hus renseanlegg, dette hører 50 prosent til denne tomta og 50 prosent til naboen. Nabo har koblet til sitt hus og har en service avtale på dette. Huset sto tidligere som annen landbruksbygning, dette er endret til enebolig, men med begrensning at man ikke kan bo der. Huset står også registrert som Sefrak registrert (type rød) at dette gir visse begrensninger, men ikke automatisk vernestatus. Siden Skiptvet ikke har eiendomsskatt og det ikke er registrert noen boenheter på denne eiendommen, koster det ikke noe annet enn strøm og forsikring. Lån koster selvfølgelig. I møte med Skiptvet kommune var de enig om at huset kunne søkes, om å få bli enebolig med bruksrett igjen. Søknad koster og det må legges inn kommunalt vann og evt andre krav som blir resultat, ved en søknad. Dette er en liten kommune og er greie å ha med å gjøre. Alle bygninger er i dårlig forfatning og du trenger å være handy og ikke være redd for å ta i et tak, hvis du skal ta over denne tomta. Men til gjengjeld er det en fantastisk mulighet for de som liker å mekke eller bare ha en stor tomt og god boltreplass.",2026-09-21T09:46:52+00:00
333118850,https://www.finn.no/realestate/homes/ad.html?finnkode=333118850,"Landbrukseiendom med potensiale /​/​ Våningshus, driftsbygning og redskapshus /​/​ Elgjakt /​/​ Egen skog og beiterett","Bardalsveien 81, 8897 Bardal",8897,Bardal,1 900 000 kr,1 948 850 kr,48 850 kr,,513 307 kr,Gårdsbruk/Småbruk,Selveier,,173 m² (BRA-i),173 m²,,3,,1968,,682 333 m² (eiet),682333,682.3,F - Gul,1822,98,2,3,"Velkommen til Bardalsveien 81! En spennende landbrukseiendom beliggende i naturskjønne Bardal i Leirfjord kommune. Eiendommen består av våningshus med tilhørende driftsbygninger, herunder driftsbygning og redskapshus. Her bor du landlig og fredelig, med umiddelbar nærhet til flotte tur- og friluftsområder året rundt. Området byr på jaktmuligheter, egen skog og beiterett. Hovedeiendommen består av to teiger med et samlet areal på ca. 682 dekar, noe som gir et solid ressursgrunnlag og mange utviklingsmuligheter for den rette kjøper. I tillegg følger det med andeler i Gnr. 92, bnr. 9 og 14. Går du med en drøm om landbrukseiendom med potesiale for videre utvikling, er dette kanskje det rette for deg. Last ned salgsoppgaven for mer informasjon. Minus Vis mindre NB: Knappen for å vise hele beskrivelsen har kun en visuell effekt. Pluss tegn Vis hele beskrivelsen NB: Knappen for å vise hele beskrivelsen har kun en visuell effekt. Salgsoppgaven beskriver vesentlig og lovpålagt informasjon om eiendommen Se komplett salgsoppgave Nyttige lenker Bestill salgsoppgave Visning Ta kontakt for å avtale visning. Husk å lese komplett salgsoppgave før visning. Bestill komplett, utskriftsvennlig salgsoppgave. Gi bud Nyttige lenker Bestill salgsoppgave Nærområdet Kart Bardalsveien 81, 8897 Bardal Annonseinformasjon FINN-kode 333118850 Sist endret 30. juli 2026 04:10 Referanse 260230013 Rapporter annonse Annonsene kan være mangelfulle i forhold til lovpålagt opplysningsplikt. Før bindende avtale inngås oppfordres interessenter til å innhente komplett informasjon fra meglerforetaket, selger eller utleier.",2026-09-21T09:46:53+00:00
319405905,https://www.finn.no/realestate/homes/ad.html?finnkode=319405905,Innholdsrikt gårdsbruk i Brydalen selges,"Brydalsveien 1558, 2500 Tynset",2500,Tynset,3 600 000 kr,3 710 000 kr,110 000 kr,0 kr,100 000 kr,Gårdsbruk/Småbruk,Selveier,,,200 m²,,6,,1969,,,,,,3427,14,2,1,"SALGSUM 3,6 M FORUTSETTER FRADELING AV 20/29 SOM I TAKST. FELLESTEIG I GAMMELDALEN ER SOLGT. HELE EIENDOMMEN, UTEN FRADELING AV 20/29 ER TILGENGELIG TIL SALGSSUM 4,1 M. KÅRBOLIG MED OMLIGGENDE AREAL,20/20 ER FRADELT OG IKKE EN DEL AV SALGET Landbrukseiendom med svært praktisk beliggenhet. - Kort avstand til riksvei. Enkel logistikk. - Stort bolighus med seks soverom. - Driftsbygning klar til bruk - Gårdsverksted med smøregrav - Tunet er lokalisert inne i et jaktvald - Medeier i sameier og sagbruk. To fiskeretter og to setrer. Eiendommen 14/2 selges som en landbrukseiendom. Takst på landbrukseiendommen er utført høsten 2023 av Alvdal takst AS. Tall i annonsen for omkostninger, kommunale avgifter etc. er omtrentlige. Gjennomføring av salg utføres via eiendomsmegler eller advokat. https://gardskart.nibio.no/landbrukseiendom/3427/14/2/0?gardskartlayer=ar5kl7 Interessenter er velkommen til å ta kontakt med Morten Rusten for informasjon og visning, tlf 918 66 479 Vesentlige opplysninger For ytterligere opplysninger vises det til Verditakst for landbrukseiendom ligger under Nyttige lenker (kan sendes pr epost) Utdrag fra konsesjonsbehandling februar 2025 om prisvurdering ligger under Nyttige lenker. (kan sendes pr epost) Minus Vis mindre NB: Knappen for å vise hele beskrivelsen har kun en visuell effekt. Pluss tegn Vis hele beskrivelsen NB: Knappen for å vise hele beskrivelsen har kun en visuell effekt. Ta kontakt med selger for komplett informasjon Nyttige lenker Verditakst Brydalsveien 1558 med vedlegg, 2023 Utdrag fra konsesjonsbehandling februar 2025 Profilinfo 91 86 64 79 Rettigheter og plikter når du kjøper bolig av en privatperson Visning Interessenter er velkommen til å ta kontakt for informasjon eller visning. Nyttige lenker Verditakst Brydalsveien 1558 med vedlegg, 2023 Utdrag fra konsesjonsbehandling februar 2025 Nærområdet Kart Brydalsveien 1558, 2500 Tynset Profilinfo 91 86 64 79 Rettigheter og plikter når du kjøper bolig av en privatperson Annonseinformasjon FINN-kode 319405905 Sist endret 29. juni 2026 18:13 Rapporter annonse Annonsene kan være mangelfulle i forhold til lovpålagt opplysningsplikt. Før bindende avtale inngås oppfordres interessenter til å innhente komplett informasjon fra meglerforetaket, selger eller utleier.",2026-09-21T09:46:55+00:00
301203578,https://www.finn.no/realestate/homes/ad.html?finnkode=301203578,Småbruk nær sjøen med strandlinje. Flere eldre bygninger.,"Haraldstad 29, 4521 Lindesnes",4521,Lindesnes,1 950 000 kr,2 017 840 kr,67 840 kr,,,Gårdsbruk/Småbruk,Selveier,,,,,0,,1986,1,375 491 m² (eiet),375491,375.5,,4205,472,5,5,"Småbruk på Haraldstad i Lindesnes kommune. Eiendommen består av flere teiger og har totalt areal på ca. 375 dekar. Ca. 123 dekar produktiv skog og ca. 250 dekar annet markslag. Del av eiendommen har strandlinje på ca. 300 m i nordvest mot Grønsfjorden - Haraldstadstrand. Eiendom har veirett til sjøen og grenser til eksisterende hyttefelt ved sjøen. På eiendommen er det oppført 3 bygninger - lager/garasjer. Det ene bygget er brukt som en enkel hytte, men det er ikke godkjent for varig opphold. Har følgende rom: vindfang, bad, 4 soverom, stue/kjøkken. Kjeller/krypkjeller. Ikke tilknyttet strøm eller vann pr nå. Det er ikke sjøutsikt fra bygningene. Konsesjonspliktig eiendom. Velkommen til visning! HUSK: Påmelding til megler på forhånd. Minus Vis mindre NB: Knappen for å vise hele beskrivelsen har kun en visuell effekt. Pluss tegn Vis hele beskrivelsen NB: Knappen for å vise hele beskrivelsen har kun en visuell effekt. Salgsoppgaven beskriver vesentlig og lovpålagt informasjon om eiendommen Se komplett salgsoppgave Nyttige lenker Eiendommens hjemmeside Interessert i denne eiendommen? Visning Eiendomsmegler Norge sine visninger har påmelding. Påmelding gjøres enkelt ved å benytte knappen under. Ta kontakt med megler dersom oppsatt tidspunkt ikke passer. Det vil ikke bli avholdt visning uten påmelding, frist for påmelding er senest kl. 15.00 dagen før oppsatt visning. Husk å laste ned salgsoppgaven digitalt før visning. Velkommen til en hyggelig visning! Husk å lese komplett salgsoppgave før visning. Bestill komplett, utskriftsvennlig salgsoppgave. Visningspåmelding Gi bud Nyttige lenker Eiendommens hjemmeside Interessert i denne eiendommen? Nærområdet Kart Haraldstad 29, 4521 Lindesnes Annonseinformasjon FINN-kode 301203578 Sist endret 21. sep. 2026 11:01 Referanse 54250127 Rapporter annonse Annonsene kan være mangelfulle i forhold til lovpålagt opplysningsplikt. Før bindende avtale inngås oppfordres interessenter til å innhente komplett informasjon fra meglerforetaket, selger eller utleier.",2026-09-21T09:46:56+00:00
