,score,finnkode,title,place,fylke,pris_kr,total_daa,forest_daa,dyrka_daa,coast,creek,iso,water_power,konsesjon,losore,url,listing_kind,p_price,p_region,p_coast,p_total_size,p_forest,p_dyrka,p_creek,p_isolation,p_water_power,p_konsesjon,p_losore
1,78.0,464983010,Landbrukseiendom i Naustdal,Naustdal,Vestland,923850,,,80.0,strandlinje/naust,bekk/vassdrag,-,vann,ja,ja,https://www.finn.no/realestate/homes/ad.html?finnkode=464983010,farm,1.0,0.45,1.0,0.5,0.5,1.0,1.0,0.4,0.6,1.0,1.0
2,76.4,428653800,"Stor eiendom i vakre omgivelser - bolig, uthus, naust og landlig beliggenhet",Kjeldebotn,Nordland,1144750,153.0,153.0,,strandlinje/naust,elv/vann,ja,-,ja,-,https://www.finn.no/realestate/homes/ad.html?finnkode=428653800,farm,1.0,0.45,1.0,0.61,1.0,0.5,0.5,1.0,0.3,1.0,0.3
3,75.2,467679110,NY PRIS Idyllisk småbruk med brygge og naust,Leirfjord,Nordland,1600000,480.1,,,strandlinje/naust,bekk/vassdrag,-,vann,ja,ja,https://www.finn.no/realestate/homes/ad.html?finnkode=467679110,farm,0.97,0.45,1.0,0.68,0.5,0.5,1.0,0.4,0.6,1.0,1.0
4,73.3,445777037,HARALDSTAD - Eiendom med eldre bolighus og uthus beliggende på Haraldstad. Grense til sjø. Rett til båtplass.,Lindesnes,Agder,925785,241.1,,,strandlinje/naust,elv/vann,-,strøm,ja,-,https://www.finn.no/realestate/homes/ad.html?finnkode=445777037,house,1.0,0.45,1.0,0.96,0.5,0.5,0.5,0.4,0.6,1.0,0.3
5,72.4,407956817,BUD MOTTATT | Rebbenesøy | Idyllisk landbrukseiendom | Sjøtomt med naust | 425 mål,Rebbenes,Troms,1538590,422.9,91.0,425.0,strandlinje/naust,elv/vann,ja,-,ja,-,https://www.finn.no/realestate/homes/ad.html?finnkode=407956817,farm,0.99,0.45,1.0,0.91,0.71,0.0,0.5,1.0,0.3,1.0,0.3
6,72.3,466053264,"Meget idyllisk og lite gårdsbruk som er velholdt med låve, uthus/​verksted og et naust. Skap ditt lille småbruk. NY PRIS",Uggdal,Vestland,2051090,268.1,,,strandlinje/naust,elv/vann,ja,-,ja,-,https://www.finn.no/realestate/homes/ad.html?finnkode=466053264,farm,0.84,0.45,1.0,1.0,0.5,0.5,0.5,1.0,0.3,1.0,0.3
7,72.2,475438557,"Stor landbrukseigedom i idylliske Arnafjorden uten buplikt. Jaktrett, stølsrett og naust føl med!",Vik i Sogn,Vestland,913340,206.6,,,strandlinje/naust,elv/vann,ja,-,-,-,https://www.finn.no/realestate/homes/ad.html?finnkode=475438557,farm,1.0,0.45,1.0,0.83,0.5,0.5,0.5,1.0,0.3,0.4,0.3
8,72.1,460136298,Ny pris! Småbruk/​fritidsbolig til salgs.,Indre Nærøy,Trøndelag,1150000,,,,strandlinje/naust,elv/vann,-,vann,-,-,https://www.finn.no/realestate/homes/ad.html?finnkode=460136298,farm,1.0,0.8,1.0,0.5,0.5,0.5,0.5,0.4,0.6,0.4,0.3
9,71.8,476965604,"Småbruksidyll på Finnøya | Ca. 100 daa, låve og stort potensial | Ingen boplikt!",Harøy,Møre og Romsdal,1846090,100.1,,335.0,strandlinje/naust,elv/vann,ja,-,ja,-,https://www.finn.no/realestate/homes/ad.html?finnkode=476965604,farm,0.9,1.0,1.0,0.4,0.5,0.0,0.5,1.0,0.3,1.0,0.3
10,71.6,469923994,Ny Pris! Vakkert småbruk med sjø- og fjellutsikt - Solceller og batteri,Mindlandet,Nordland,2158085,172.5,,,strandlinje/naust,bekk/vassdrag,-,vann+strøm,ja,-,https://www.finn.no/realestate/homes/ad.html?finnkode=469923994,farm,0.81,0.45,1.0,0.69,0.5,0.5,1.0,0.4,1.0,1.0,0.3
11,71.3,355528659,Hus med stor tomt ved fjorden med egen strandlinje selges,Bangsund,Trøndelag,2300000,133.0,,,strandlinje/naust,elv/vann,ja,-,ja,-,https://www.finn.no/realestate/homes/ad.html?finnkode=355528659,house,0.77,0.8,1.0,0.53,0.5,0.5,0.5,1.0,0.3,1.0,0.3
12,71.3,465020062,"VISNING ONSDAG 7/​10 KL 18! Landbrukseiendom med stort potensial på ca. 184 mål | Våningshus, fjøs, sjå og naust",Silsand,Troms,821090,184.9,,,strandlinje/naust,elv/vann,ja,-,-,-,https://www.finn.no/realestate/homes/ad.html?finnkode=465020062,farm,1.0,0.45,1.0,0.74,0.5,0.5,0.5,1.0,0.3,0.4,0.3
13,71.0,454487275,BUD MOTTATT på stor eiendom med unikt potensial – ved foten av Lyngsalpene,Jøvika,Troms,1527250,187.0,,,strandlinje/naust,elv/vann,-,strøm,ja,-,https://www.finn.no/realestate/homes/ad.html?finnkode=454487275,farm,0.99,0.45,1.0,0.75,0.5,0.5,0.5,0.4,0.6,1.0,0.3
14,70.8,471408971,Fritidseiendom med stor tomt og strandlinje | Naust | Utebod | Usjenert og landlig | Oppgraderingsbehov,Hol i Tjeldsund,Troms,2563590,283.7,,,strandlinje/naust,elv/vann,ja,vann+strøm,-,ja,https://www.finn.no/realestate/homes/ad.html?finnkode=471408971,house,0.7,0.45,1.0,1.0,0.5,0.5,0.5,1.0,1.0,0.4,1.0
15,70.3,474542996,"Tidligere småbruk med enebolig, låve, naust og garasje. 177 dekar tomt. Landlig og idyllisk i Gildeskål kommune.",Storvik,Nordland,2045840,177.2,,,strandlinje/naust,elv/vann,ja,vann,ja,-,https://www.finn.no/realestate/homes/ad.html?finnkode=474542996,farm,0.84,0.45,1.0,0.71,0.5,0.5,0.5,1.0,0.6,1.0,0.3
16,70.3,417962148,Småbruk på Igerøy /​/​ 4 soverom | Tomt på 248 762m² | Fjøs | Landlig beliggenhet |,Vega,Nordland,2409840,248.8,,,strandlinje/naust,elv/vann,ja,vann+strøm,-,-,https://www.finn.no/realestate/homes/ad.html?finnkode=417962148,farm,0.74,0.45,1.0,1.0,0.5,0.5,0.5,1.0,1.0,0.4,0.3
17,69.8,471069427,Eldre småbruk i Eidebukta | Totalrenoveringsobjekt | Frikort på jakt og fiske i Hognfjord utmarkslag,Sortland,Nordland,718590,321.1,,,sjø nevnt,elv/vann,ja,-,ja,-,https://www.finn.no/realestate/homes/ad.html?finnkode=471069427,house,1.0,0.45,0.6,1.0,0.5,0.5,0.5,1.0,0.3,1.0,0.3
18,69.6,472114307,"Småbruk på 109 mål med jaktrettigheter, hogstmoden skog og øko jord",Gjerstad,Agder,1250000,109.0,96.0,,-,bekk/vassdrag,ja,vann,ja,-,https://www.finn.no/realestate/homes/ad.html?finnkode=472114307,farm,1.0,0.45,0.5,0.44,0.73,0.5,1.0,1.0,0.6,1.0,0.3
19,69.6,376754442,"Flott eiendom med en eldre bolig, naust og strandlinje | Gode fiskemuligheter, bærplukking og jakt!",Hansnes,Troms,737050,456.7,,,strandlinje/naust,elv/vann,-,strøm,-,-,https://www.finn.no/realestate/homes/ad.html?finnkode=376754442,house,1.0,0.45,1.0,0.77,0.5,0.5,0.5,0.4,0.6,0.4,0.3
20,69.5,467203422,NY PRIS! Småbruk på idylliske Madsøya - strandrett - Se videopresentasjon av eiendommen og omgivelsene,Lysøysundet,Trøndelag,2564277,251.6,,,strandlinje/naust,elv/vann,-,-,-,-,https://www.finn.no/realestate/homes/ad.html?finnkode=467203422,farm,0.7,0.8,1.0,1.0,0.5,0.5,0.5,0.4,0.3,0.4,0.3
21,69.4,466566362,Eldre enebolig/​hytte? på tomt 5000 kvm - nært sjøen. Kort kjøretur til butikk mv. Stor bolig med bla 5 sov og 2 stuer.,Halsanaustan,Trøndelag,823590,5.1,,,strandlinje/naust,elv/vann,ja,-,-,-,https://www.finn.no/realestate/homes/ad.html?finnkode=466566362,house,1.0,0.8,1.0,0.02,0.5,0.5,0.5,1.0,0.3,0.4,0.3
22,69.3,301203578,Småbruk nær sjøen med strandlinje. Flere eldre bygninger.,Lindesnes,Agder,2017840,375.5,375.0,,strandlinje/naust,elv/vann,-,strøm,ja,-,https://www.finn.no/realestate/homes/ad.html?finnkode=301203578,farm,0.85,0.45,1.0,1.0,0.38,0.5,0.5,0.4,0.6,1.0,0.3
23,69.2,475527762,Usjenert landbrukseiendom i naturskjønne omgivelser | Jaktrett | Naust og stabbur | 1 383 dekar tomt | Oppussingsobjekt,Sandstad,Trøndelag,1425840,1383.0,,,strandlinje/naust,elv/vann,ja,-,-,-,https://www.finn.no/realestate/homes/ad.html?finnkode=475527762,farm,1.0,0.8,1.0,0.0,0.5,0.5,0.5,1.0,0.3,0.4,0.3
24,68.5,471410488,"BUD FORELIGGER! Sjarmerende eiendom med våningshus, fjøs, garasje og nausttomt - flott utsikt!",Vihals,Møre og Romsdal,2143640,8.6,,,strandlinje/naust,elv/vann,ja,-,-,-,https://www.finn.no/realestate/homes/ad.html?finnkode=471410488,house,0.82,1.0,1.0,0.03,0.5,0.5,0.5,1.0,0.3,0.4,0.3
25,68.1,475820070,Flott landbrukseiendom med naturskjønn beliggenhet på Smøla!,Smøla,Møre og Romsdal,2563590,443.6,,,-,elv/vann,ja,-,ja,-,https://www.finn.no/realestate/homes/ad.html?finnkode=475820070,farm,0.7,1.0,0.5,0.83,0.5,0.5,0.5,1.0,0.3,1.0,0.3
26,68.1,474540774,Landlig småbruk 76 daa | Innholdsrik eiendom med sjøutsikt | Fin natur med turmuligheter,Mosvik,Trøndelag,1835840,76.5,,76.0,sjø nevnt,elv/vann,ja,-,-,-,https://www.finn.no/realestate/homes/ad.html?finnkode=474540774,farm,0.9,0.8,0.6,0.31,0.5,1.0,0.5,1.0,0.3,0.4,0.3
27,68.0,311146765,Unik fritidsbolig med 604 m² og kommersielt potensial – nær sjøen og sandstrand,Agdenes,Trøndelag,1845000,2.0,,,strandlinje/naust,elv/vann,ja,vann,-,-,https://www.finn.no/realestate/homes/ad.html?finnkode=311146765,farm,0.9,0.8,1.0,0.01,0.5,0.5,0.5,1.0,0.6,0.4,0.3
28,67.7,420640875,"Meget fin beliggenhet med kort avstand til skoler, butikk, Ålen skisenter og Gaula elva.",Ålen,Trøndelag,1118340,188.3,42.0,,-,elv/vann,-,-,ja,-,https://www.finn.no/realestate/homes/ad.html?finnkode=420640875,farm,1.0,0.8,0.5,0.75,0.46,0.5,0.5,0.4,0.3,1.0,0.3
29,67.6,472124111,"Småbruk/​landbrukseiendom med fantastisk beliggenhet. 5 teiger, totalt 34800m². Solrik tomt med flott utsikt.",Frosta,Trøndelag,1487340,34.7,,,strandlinje/naust,elv/vann,-,-,-,-,https://www.finn.no/realestate/homes/ad.html?finnkode=472124111,farm,1.0,0.8,1.0,0.14,0.5,0.5,0.5,0.4,0.3,0.4,0.3
30,67.5,470651948,"Småbruk i naturskjønne omgivelser i Dyping, Bogøy- stor tomt på 315 mål- kaiområde- inntekt vannrett, ca. 21000.-pr. år",Bogøy,,2458490,315.3,,,strandlinje/naust,elv/vann,ja,-,ja,-,https://www.finn.no/realestate/homes/ad.html?finnkode=470651948,farm,0.73,0.3,1.0,1.0,0.5,0.5,0.5,1.0,0.3,1.0,0.3
31,67.3,475831520,"Enebolig i Smedvik med sjøutsikt | 3 soverom, vedovn og to terrasser | Garasje og stor tomt | Moderniseringsbehov",Bøstad,Nordland,2563590,290.6,,,strandlinje/naust,elv/vann,ja,-,-,-,https://www.finn.no/realestate/homes/ad.html?finnkode=475831520,house,0.7,0.45,1.0,1.0,0.5,0.5,0.5,1.0,0.3,0.4,0.3
32,67.3,476684559,Landbrukseiendom på 239 dekar ved Kongsvika | Våningshus fra 1880 og uthus | Solrik og usjenert plassering nært havet,Kongsvik,Troms,1528340,239.3,,,sjø nevnt,elv/vann,ja,-,-,-,https://www.finn.no/realestate/homes/ad.html?finnkode=476684559,farm,0.99,0.45,0.6,0.96,0.5,0.5,0.5,1.0,0.3,0.4,0.3
33,67.2,468698212,"Småbruk med store arealressurser, ridebane og utviklingsmuligheter.",Farstad,Møre og Romsdal,2553640,144.8,61.0,47.0,-,elv/vann,ja,-,-,-,https://www.finn.no/realestate/homes/ad.html?finnkode=468698212,farm,0.7,1.0,0.5,0.58,0.55,0.86,0.5,1.0,0.3,0.4,0.3
34,67.1,475979121,"Flott eiendom i landlige og naturskjønne omgivelser I Eiendommen består av enebolig, uthus og eldre fjøs mm",Inndyr,Nordland,1528340,14.9,,,strandlinje/naust,elv/vann,ja,vann,ja,-,https://www.finn.no/realestate/homes/ad.html?finnkode=475979121,house,0.99,0.45,1.0,0.06,0.5,0.5,0.5,1.0,0.6,1.0,0.3
35,66.9,475687022,Små bruk,Kvisvik,Møre og Romsdal,2802000,,,,strandlinje/naust,elv/vann,-,vann,-,-,https://www.finn.no/realestate/homes/ad.html?finnkode=475687022,farm,0.63,1.0,1.0,0.5,0.5,0.5,0.5,0.4,0.6,0.4,0.3
36,66.5,443567563,"NY PRIS: 750.000,- Enebolig i Halsavegen 608",Halsanaustan,Trøndelag,769840,7.5,,,strandlinje/naust,elv/vann,-,-,-,-,https://www.finn.no/realestate/homes/ad.html?finnkode=443567563,house,1.0,0.8,1.0,0.03,0.5,0.5,0.5,0.4,0.3,0.4,0.3
37,66.3,474078575,Småbruk med stort potensial | Tomt på 281 dekar| Usjenert plassering i Ytredalen | Flott utsikt |,Sande i Sunnfjord,Vestland,2054800,281.2,,,sjø nevnt,elv/vann,ja,-,ja,-,https://www.finn.no/realestate/homes/ad.html?finnkode=474078575,farm,0.84,0.45,0.6,1.0,0.5,0.5,0.5,1.0,0.3,1.0,0.3
38,66.2,436987165,"NY PRIS | Særegen og innholdsrik eiendom på ca. 89 mål, med enebolig, våningshus og fjøs | Naturflotte omgivelser",Straumsjøen,Nordland,1999840,89.3,,,strandlinje/naust,elv/vann,ja,-,ja,-,https://www.finn.no/realestate/homes/ad.html?finnkode=436987165,house,0.86,0.45,1.0,0.36,0.5,0.5,0.5,1.0,0.3,1.0,0.3
39,66.2,474757947,"Landbrukseiendom på Atløy med våningshus, uthus og driftsbygning - 269 daa totalt areal",Atløy,Vestland,1641292,269.8,269.0,,-,elv/vann,-,-,-,-,https://www.finn.no/realestate/homes/ad.html?finnkode=474757947,house,0.96,0.45,0.5,1.0,0.91,0.5,0.5,0.4,0.3,0.4,0.3
40,66.1,467178758,Tidligere gårdsbruk innerst i Bekkarfjorden.,Lebesby,Finnmark,646840,179.6,,,sjø nevnt,bekk/vassdrag,-,-,-,-,https://www.finn.no/realestate/homes/ad.html?finnkode=467178758,farm,1.0,0.45,0.6,0.72,0.5,0.5,1.0,0.4,0.3,0.4,0.3
41,66.0,468153599,"Småbruk med strandlinje, naust og gode friluftsmuligheter. 51 dekar. Dobbelgarasje. Godt potensiale for modernisering.",Terråk,Nordland,1323340,50.6,,,strandlinje/naust,elv/vann,ja,-,-,-,https://www.finn.no/realestate/homes/ad.html?finnkode=468153599,house,1.0,0.45,1.0,0.2,0.5,0.5,0.5,1.0,0.3,0.4,0.3
42,65.9,474562380,Småbruk på 125 dekar ved Skar i Misvær. Ideel andel i jordsameie. 10 hyttetomter ved Skarsvatnet,Misvær,Nordland,1794840,,169.0,,-,elv/vann,ja,-,ja,-,https://www.finn.no/realestate/homes/ad.html?finnkode=474562380,farm,0.92,0.45,0.5,0.5,1.0,0.5,0.5,1.0,0.3,1.0,0.3
43,65.8,457049923,Landlig fritidseiendom – nedlagt småbruk i naturskjønne omgivelser i Velfjord,Velfjord,Nordland,1487340,43.4,,,sjø nevnt,bekk/vassdrag,ja,vann+strøm,-,-,https://www.finn.no/realestate/homes/ad.html?finnkode=457049923,farm,1.0,0.45,0.6,0.17,0.5,0.5,1.0,1.0,1.0,0.4,0.3
44,65.8,349756784,Molde - Småbruk på 151 dekar i Vistdal - Innholdsrikt våningshus - Driftsbygning fra 2015,Vistdal,Møre og Romsdal,2115240,,115.0,,-,elv/vann,-,-,-,-,https://www.finn.no/realestate/homes/ad.html?finnkode=349756784,farm,0.82,1.0,0.5,0.5,0.82,0.5,0.5,0.4,0.3,0.4,0.3
45,65.6,476843297,"Enebolig med garasje, fjøs og diverse bryggehus. Solrik og fin beliggenhet med flott utsikt over Kattfjord og Sjøtun.",Kvaløya,Troms,2000100,148.9,,,strandlinje/naust,elv/vann,-,-,ja,-,https://www.finn.no/realestate/homes/ad.html?finnkode=476843297,farm,0.86,0.45,1.0,0.6,0.5,0.5,0.5,0.4,0.3,1.0,0.3
46,65.6,469251867,Landlig idyll i Olden/​Lysøysundet | Stor tomt på over 11 mål | Uthus/​låve | Flott utsikt,Lysøysundet,Trøndelag,1528340,11.3,,,sjø nevnt,elv/vann,ja,vann+strøm,-,-,https://www.finn.no/realestate/homes/ad.html?finnkode=469251867,house,0.99,0.8,0.6,0.05,0.5,0.5,0.5,1.0,1.0,0.4,0.3
47,65.4,466763238,"Enebolig med naturskjønn beliggenhet, stor tomt, dobbelgarasje og gode sol- og utsiktsforhold på Sundøya.",Sundøya,Nordland,1384840,37.1,,,strandlinje/naust,elv/vann,ja,-,-,-,https://www.finn.no/realestate/homes/ad.html?finnkode=466763238,house,1.0,0.45,1.0,0.15,0.5,0.5,0.5,1.0,0.3,0.4,0.3
48,65.3,469741837,"Renoveringsobjekt med stort potensial i naturskjønne omgivelser, med fjøs og strandlinje! Kontakt megler for visning",Kaldfarnes,Troms,718590,10.7,,,strandlinje/naust,elv/vann,ja,vann,-,-,https://www.finn.no/realestate/homes/ad.html?finnkode=469741837,house,1.0,0.45,1.0,0.04,0.5,0.5,0.5,1.0,0.6,0.4,0.3
49,65.2,468411674,Stor eiendom med flott beliggenhet og nærhet til storslått nordnorsk natur - Naust!,Vannvåg,Troms,1967050,105.6,,,strandlinje/naust,elv/vann,ja,-,-,-,https://www.finn.no/realestate/homes/ad.html?finnkode=468411674,house,0.87,0.45,1.0,0.42,0.5,0.5,0.5,1.0,0.3,0.4,0.3
50,65.1,425625721,Innholdsrikt og romslig småbruk | Fiskerett og naust | Idylliske og landlige omgivelser | Sjelden mulighet,Neverdal,Nordland,2153590,132.3,,,strandlinje/naust,elv/vann,ja,-,-,-,https://www.finn.no/realestate/homes/ad.html?finnkode=425625721,farm,0.81,0.45,1.0,0.53,0.5,0.5,0.5,1.0,0.3,0.4,0.3
51,65.1,410667565,Småbruk i vakre omgivelser med utsikt - Kort skolevei - Naust - Utmark - Jaktvald,Vågland,Trøndelag,2345000,,,194.0,strandlinje/naust,elv/vann,-,-,-,-,https://www.finn.no/realestate/homes/ad.html?finnkode=410667565,farm,0.76,0.8,1.0,0.5,0.5,0.4,0.5,0.4,0.3,0.4,0.3
52,65.0,475283450,Småbruk på nesten 25 mål med fantastisk utsikt mot Lyngsalpene | Enebolig og fjøs med stort rehabiliteringsbehov,Lyngseidet,Troms,1282340,25.0,,,strandlinje/naust,elv/vann,ja,-,-,-,https://www.finn.no/realestate/homes/ad.html?finnkode=475283450,house,1.0,0.45,1.0,0.1,0.5,0.5,0.5,1.0,0.3,0.4,0.3
53,65.0,472119208,"Innholdsrik enebolig med stor tomt, strandlinje og naust | Eldre bolig med oppgraderingsbehov og stort potensial",Nordfold,Nordland,1015840,25.1,,,strandlinje/naust,elv/vann,ja,-,-,-,https://www.finn.no/realestate/homes/ad.html?finnkode=472119208,house,1.0,0.45,1.0,0.1,0.5,0.5,0.5,1.0,0.3,0.4,0.3
54,64.8,424250389,"Landbrukseigedom i naturskjønne og landlege omgivelsar - Bustadhus, fjøs, verkstad, redskapshus og to stølshus.",Veitastrond,Vestland,2048590,215.0,,,-,elv/vann,ja,-,ja,ja,https://www.finn.no/realestate/homes/ad.html?finnkode=424250389,farm,0.84,0.45,0.5,0.86,0.5,0.5,0.5,1.0,0.3,1.0,1.0
55,64.8,416541143,Eldre gårdsbruk fra 1917,Sortland,Nordland,1085000,75.0,,,sjø nevnt,elv/vann,ja,vann+strøm,ja,-,https://www.finn.no/realestate/homes/ad.html?finnkode=416541143,farm,1.0,0.45,0.6,0.3,0.5,0.5,0.5,1.0,1.0,1.0,0.3
56,64.6,476406700,"BUD MOTTATT! Midtli -Landbrukseiendom med 241 mål stor tomt, jaktrettigheter og vannlinje til Vegårsvann",Gjerstad,Agder,1220840,241.9,,,sjø nevnt,elv/vann,-,-,-,-,https://www.finn.no/realestate/homes/ad.html?finnkode=476406700,farm,1.0,0.45,0.6,0.97,0.5,0.5,0.5,0.4,0.3,0.4,0.3
57,64.4,397566103,STANDAL - BUD MOTTATT - Landbrukseiendom med løpende inntekter | Naust | Jakt- og fiskerett,Storestandal,Møre og Romsdal,3988590,413.2,,,strandlinje/naust,elv/vann,-,-,-,ja,https://www.finn.no/realestate/homes/ad.html?finnkode=397566103,farm,0.29,1.0,1.0,0.95,0.5,0.5,0.5,0.4,0.3,0.4,1.0
58,64.3,457788970,NY PRIS! Koselig eiendom i rolige og naturskjønne omgivelser | Flott utsikt mot hav og fjell | Strandlinje | Stor tomt |,Hamneidet,Troms,1015840,8.8,,,strandlinje/naust,elv/vann,ja,-,-,-,https://www.finn.no/realestate/homes/ad.html?finnkode=457788970,house,1.0,0.45,1.0,0.04,0.5,0.5,0.5,1.0,0.3,0.4,0.3
59,64.0,475976360,"Hemnskjela - Småbruk på 35 dekar, hvorav 26 dekar fulldyrket. I tillegg en 1/​2-part i et utmarkssameie på 406 dekar.",Hemnskjela,Trøndelag,2576490,,258.0,,sjø nevnt,elv/vann,-,-,-,ja,https://www.finn.no/realestate/homes/ad.html?finnkode=475976360,farm,0.69,0.8,0.6,0.5,0.96,0.5,0.5,0.4,0.3,0.4,1.0
60,64.0,475873934,"Bud mottatt! Landlig idyll på Kvitnes, enebolig med naust, anneks og fin utsikt!",Kvitnes,Nordland,1552240,8.9,,,strandlinje/naust,elv/vann,ja,-,-,-,https://www.finn.no/realestate/homes/ad.html?finnkode=475873934,house,0.99,0.45,1.0,0.04,0.5,0.5,0.5,1.0,0.3,0.4,0.3
61,64.0,473054867,"Småbruk med våningshus, kårhus og driftsbygning | Eigedom på 330mål | Jakt og fiskerett | Fallrettsleige |",Leirvik i Sogn,Vestland,3090050,330.8,,,strandlinje/naust,elv/vann,ja,-,-,-,https://www.finn.no/realestate/homes/ad.html?finnkode=473054867,farm,0.55,0.45,1.0,1.0,0.5,0.5,0.5,1.0,0.3,0.4,0.3
62,64.0,476643025,"Tangen - Småbruk i idylliske og landlige omgivelser - Tomt på ca. 3,5 daa - Låve med flere bruksmuligheter - Naustrett",Midsund,Møre og Romsdal,2819840,3.6,,,strandlinje/naust,elv/vann,ja,-,-,-,https://www.finn.no/realestate/homes/ad.html?finnkode=476643025,farm,0.62,1.0,1.0,0.01,0.5,0.5,0.5,1.0,0.3,0.4,0.3
63,63.8,475855755,"Enebolig/​fritidsbolig med strandlinje til Randsfjorden - 7,5 mål tomt - Oppussingsbehov - MYE potensiale!",Dokka,Innlandet,1128890,7.6,,,strandlinje/naust,elv/vann,ja,-,ja,-,https://www.finn.no/realestate/homes/ad.html?finnkode=475855755,house,1.0,0.3,1.0,0.03,0.5,0.5,0.5,1.0,0.3,1.0,0.3
64,63.8,464103876,"BAGNSSTRONDI | Veiløst småbruk med strandlinje, bolighus, naust og flere bygninger ved naturskjønne Osafjorden!",Ulvik,Vestland,1846090,50.0,,,strandlinje/naust,elv/vann,ja,-,-,-,https://www.finn.no/realestate/homes/ad.html?finnkode=464103876,house,0.9,0.45,1.0,0.2,0.5,0.5,0.5,1.0,0.3,0.4,0.3
65,63.7,467122671,Landbrukseiendom med flott beliggenhet. Totalt areal ca. 330 dekar. Tilhørende setereiendom. Jaktrettigheter,Ålen,Trøndelag,2450840,330.7,115.0,330.0,-,elv/vann,-,vann+strøm,-,-,https://www.finn.no/realestate/homes/ad.html?finnkode=467122671,farm,0.73,0.8,0.5,1.0,0.82,0.0,0.5,0.4,1.0,0.4,0.3
66,63.7,473138516,"Innholdsrik enebolig i naturskjønne  omgivelser | Flott utsikt | ca. 91,8 mål tomt | Rehabilitering må påregnes",Ansnes,Trøndelag,1999840,91.8,,,sjø nevnt,elv/vann,ja,-,-,-,https://www.finn.no/realestate/homes/ad.html?finnkode=473138516,house,0.86,0.8,0.6,0.37,0.5,0.5,0.5,1.0,0.3,0.4,0.3
67,63.4,477022491,Sjelden mulighet! Småbruk på over 200 daa med landlig og solrik beliggenhet i Uvdal | 7 bygninger | Renoveringsbehov,Uvdal,Buskerud,1436090,204.2,200.0,,-,elv/vann,ja,-,ja,-,https://www.finn.no/realestate/homes/ad.html?finnkode=477022491,farm,1.0,0.3,0.15,0.82,1.0,0.5,0.5,1.0,0.3,1.0,0.3
68,63.1,476612002,Konsesjonsfritt småbruk med våningshus og løe solrikt beliggende ved Vågenes Camping. Naustetomt/​båtfeste.,Manger,Vestland,2245840,52.0,,,strandlinje/naust,elv/vann,ja,-,ja,-,https://www.finn.no/realestate/homes/ad.html?finnkode=476612002,farm,0.79,0.45,1.0,0.21,0.5,0.5,0.5,1.0,0.3,1.0,0.3
69,63.1,465703822,"Småbruk med stor eiendom, strandlinje og mye lagring i naturskjønne omgivelser!",Laksvatn,Troms,3742600,377.1,,,strandlinje/naust,elv/vann,ja,-,ja,ja,https://www.finn.no/realestate/homes/ad.html?finnkode=465703822,farm,0.36,0.45,1.0,1.0,0.5,0.5,0.5,1.0,0.3,1.0,1.0
70,63.1,449805105,"Innholdsrik eiendom med småbrukspreg - Romslig tomt på 13430 m², landlige omgivelser, eldre fjøs og stor garasje",Dyrvik,Trøndelag,1641090,13.4,,,-,elv/vann,ja,-,ja,-,https://www.finn.no/realestate/homes/ad.html?finnkode=449805105,house,0.96,0.8,0.5,0.05,0.5,0.5,0.5,1.0,0.3,1.0,0.3
71,62.9,474573639,Landbrukseiendom med flott beliggenhet på Indre Mittet,Mittet,Møre og Romsdal,2553340,588.8,,,sjø nevnt,elv/vann,ja,vann,-,-,https://www.finn.no/realestate/homes/ad.html?finnkode=474573639,farm,0.7,1.0,0.6,0.24,0.5,0.5,0.5,1.0,0.6,0.4,0.3
72,62.8,427635750,BUD MOTTATT! - Enebolig med attraktiv beliggenhet på Grytøya,Lundenes,Troms,1948085,18.2,,,strandlinje/naust,elv/vann,ja,vann,-,-,https://www.finn.no/realestate/homes/ad.html?finnkode=427635750,house,0.87,0.45,1.0,0.07,0.5,0.5,0.5,1.0,0.6,0.4,0.3
73,62.7,376844704,NY PRIS! - Småbruk med sjønær og solrik plassering ytterst på Stavenesodden.,Stongfjorden,Vestland,2684090,183.7,,,strandlinje/naust,elv/vann,-,-,ja,-,https://www.finn.no/realestate/homes/ad.html?finnkode=376844704,farm,0.66,0.45,1.0,0.73,0.5,0.5,0.5,0.4,0.3,1.0,0.3
74,62.6,457326307,"Pent oppusset småbruk i Lesund på Aure med innholdsrik enebolig, romslig tomt og flott utsikt.",Lesund,Møre og Romsdal,2287140,10.0,,,sjø nevnt,elv/vann,ja,vann,-,-,https://www.finn.no/realestate/homes/ad.html?finnkode=457326307,farm,0.78,1.0,0.6,0.04,0.5,0.5,0.5,1.0,0.6,0.4,0.3
75,62.6,475873889,VEGA - Eldre enebolig med landlig beligghenhet - tre soverom - garasje/​uthus - naust,Vega,Nordland,2204840,76.3,,,strandlinje/naust,elv/vann,ja,-,-,-,https://www.finn.no/realestate/homes/ad.html?finnkode=475873889,house,0.8,0.45,1.0,0.31,0.5,0.5,0.5,1.0,0.3,0.4,0.3
76,62.5,473049581,"Småbruk med 11,3 da eiendom | 3 daa skog og 6 daa jord |",Vuku,Trøndelag,2051090,11.3,6.0,113.0,-,elv/vann,ja,-,ja,-,https://www.finn.no/realestate/homes/ad.html?finnkode=473049581,house,0.84,0.8,0.5,0.05,0.28,1.0,0.5,1.0,0.3,1.0,0.3
77,62.5,467677544,"Nedlagt småbruk med 5,4 mål tomt selges i Fevåg.",Fevåg,Trøndelag,667340,5.4,,,sjø nevnt,elv/vann,-,vann+strøm,-,-,https://www.finn.no/realestate/homes/ad.html?finnkode=467677544,farm,1.0,0.8,0.6,0.02,0.5,0.5,0.5,0.4,1.0,0.4,0.3
78,62.5,469330058,Modernisert småbruk med stort våningshus og låve - Flott beliggenhet i bukta på Lyngstad,Lyngstad,Møre og Romsdal,2348600,71.0,35.0,72.0,-,elv/vann,-,-,-,-,https://www.finn.no/realestate/homes/ad.html?finnkode=469330058,house,0.76,1.0,0.5,0.28,0.43,1.0,0.5,0.4,0.3,0.4,0.3
79,62.2,362005029,Eigedom ved Espelandsvatnet i Hyllestad kommune. Ny pris etter oppgradering av boligen. Bud ønskes.,Leirvik i Sogn,Vestland,1281250,7.9,,,strandlinje/naust,elv/vann,-,vann,-,-,https://www.finn.no/realestate/homes/ad.html?finnkode=362005029,house,1.0,0.45,1.0,0.03,0.5,0.5,0.5,0.4,0.6,0.4,0.3
80,62.1,473271448,Landbrukseiendom på 421 dekar med flott beliggenhet ved Lysøysundet.,Lysøysundet,Trøndelag,2040840,,1506.0,,sjø nevnt,elv/vann,ja,-,ja,-,https://www.finn.no/realestate/homes/ad.html?finnkode=473271448,farm,0.85,0.8,0.6,0.5,0.0,0.5,0.5,1.0,0.3,1.0,0.3
81,61.9,473333678,"Sjarmerende småbruk i havgapet! Enebolig m/​utleiemulighet fra 1981, dobbelgarasje, torvsjå, uthus og stabbur - 106 mål",Myklebust,Møre og Romsdal,1795100,106.7,594.0,25.0,-,elv/vann,-,-,-,ja,https://www.finn.no/realestate/homes/ad.html?finnkode=473333678,farm,0.92,1.0,0.5,0.43,0.0,0.61,0.5,0.4,0.3,0.4,1.0
82,61.8,474643619,Barekstad - landleg eigedom på 20 mål med strandlinje - 5 bygningar tilsaman - renoveringsbehov,Barekstad,Vestland,1501300,20.6,,,strandlinje/naust,elv/vann,-,-,-,-,https://www.finn.no/realestate/homes/ad.html?finnkode=474643619,farm,1.0,0.45,1.0,0.08,0.5,0.5,0.5,0.4,0.3,0.4,0.3
83,61.7,468468311,"Velkommen til renoveringsobjektet på Størok. Sørvendt og stor tomt på 92.2 daa. Våningshus, garasje og låve.",Skodje,Møre og Romsdal,2973590,92.3,,,sjø nevnt,elv/vann,-,strøm,ja,ja,https://www.finn.no/realestate/homes/ad.html?finnkode=468468311,farm,0.58,1.0,0.6,0.37,0.5,0.5,0.5,0.4,0.6,1.0,1.0
84,61.6,466733108,"Småbruk | Idyllisk beliggenhet | Våningshus, driftsbygning, seterhus og naust, selve naustet fjernet i 2025 | Jakt",Rovde,,2263740,192.9,,,strandlinje/naust,elv/vann,-,-,-,-,https://www.finn.no/realestate/homes/ad.html?finnkode=466733108,farm,0.78,0.3,1.0,0.77,0.5,0.5,0.5,0.4,0.3,0.4,0.3
85,61.4,475458624,Koselig eldre enebolig med stor tomt | Landlig beliggenhet | Kort vei til ferjekai | Nærhet til fine turområder,Vanvikan,Trøndelag,2358590,90.7,,,sjø nevnt,elv/vann,ja,-,-,-,https://www.finn.no/realestate/homes/ad.html?finnkode=475458624,house,0.75,0.8,0.6,0.36,0.5,0.5,0.5,1.0,0.3,0.4,0.3
86,61.3,467480104,"Eiendom med småbrukspreg i landlige omgivelser. 5,5 mål tomt I 2 boliger og uthus I Skjermet beliggenhet I 4 soverom.",Steinkjer,Trøndelag,1836140,5.4,,,sjø nevnt,elv/vann,ja,-,-,-,https://www.finn.no/realestate/homes/ad.html?finnkode=467480104,house,0.9,0.8,0.6,0.02,0.5,0.5,0.5,1.0,0.3,0.4,0.3
87,61.2,476375061,Tidligere landbrukseiendom på 45 mål - Strandlinje til Randsfjorden - 43 mål skog,Dokka,Innlandet,616390,45.6,442.0,,strandlinje/naust,elv/vann,ja,-,ja,-,https://www.finn.no/realestate/homes/ad.html?finnkode=476375061,house,1.0,0.3,1.0,0.18,0.04,0.5,0.5,1.0,0.3,1.0,0.3
88,61.1,475518116,"Stor eiendom med hovedhus, våningshus, naust og en eldre løe | Fin beliggenhet med sjøen | Godkjent rammetillatelse",Skodje,Møre og Romsdal,3486090,34.4,,,strandlinje/naust,elv/vann,ja,-,-,-,https://www.finn.no/realestate/homes/ad.html?finnkode=475518116,house,0.43,1.0,1.0,0.14,0.5,0.5,0.5,1.0,0.3,0.4,0.3
89,61.1,476050011,BUD FORELIGGER! Velholdt landbrukseiendom på Steinsøysundet med flott beliggenhet og lang sjølinje!,Smøla,Møre og Romsdal,4613590,205.6,,,strandlinje/naust,elv/vann,-,-,ja,ja,https://www.finn.no/realestate/homes/ad.html?finnkode=476050011,farm,0.11,1.0,1.0,0.82,0.5,0.5,0.5,0.4,0.3,1.0,1.0
90,60.8,476788515,"Innholdsrikt småbruk med fabelaktig fjordutsikt | 52,9 mål tomt og naust | Solrik sørvendt veranda | 3 soverom",Kjørsvikbugen,Møre og Romsdal,3168340,52.9,,,strandlinje/naust,elv/vann,-,-,-,-,https://www.finn.no/realestate/homes/ad.html?finnkode=476788515,house,0.52,1.0,1.0,0.21,0.5,0.5,0.5,0.4,0.3,0.4,0.3
91,60.8,469440662,Eiendom med landlig beliggenhet og stor tomt på Gryting i Gjerstad - flott område for gode friluftsopplevelser,Sundebru,Agder,1641350,131.0,,,-,elv/vann,ja,-,-,-,https://www.finn.no/realestate/homes/ad.html?finnkode=469440662,house,0.96,0.45,0.5,0.52,0.5,0.5,0.5,1.0,0.3,0.4,0.3
92,60.8,476392471,Engerdal -Sjarmerende tidligere småbruk med rolig og usjenert beliggenhet,Engerdal,Innlandet,2417650,236.0,,,sjø nevnt,elv/vann,ja,-,-,ja,https://www.finn.no/realestate/homes/ad.html?finnkode=476392471,farm,0.74,0.3,0.6,0.94,0.5,0.5,0.5,1.0,0.3,0.4,1.0
93,60.8,464235480,"Småbruk med renoveringsbehov på 73,7 dekar i Meldal - Hytte med uthus i Resdalen. Ca. 31 daa produktiv skog",Jerpstad,Trøndelag,605840,73.7,31.0,,-,elv/vann,-,-,-,-,https://www.finn.no/realestate/homes/ad.html?finnkode=464235480,farm,1.0,0.8,0.5,0.29,0.41,0.5,0.5,0.4,0.3,0.4,0.3
94,60.6,474068215,BUD MOTTATT! Sentrumsnær bolig i landlige omgivelser med stor tomt | Redskapsbod | Ingen boplikt | Moderniserings behov,Åmli,Agder,1528600,5.9,,,-,elv/vann,ja,vann,ja,ja,https://www.finn.no/realestate/homes/ad.html?finnkode=474068215,house,0.99,0.45,0.5,0.02,0.5,0.5,0.5,1.0,0.6,1.0,1.0
95,60.5,385752750,"Landbrukseiendom, bolig med 21,459 mål tomt, laksefiskerett i Namsen på 7 km strekke, tilbygd garasje og gapahuk",Harran,Trøndelag,1500000,21.5,,,strandlinje/naust,elv/vann,-,vann,-,-,https://www.finn.no/realestate/homes/ad.html?finnkode=385752750,farm,1.0,0.3,1.0,0.09,0.5,0.5,0.5,0.4,0.6,0.4,0.3
96,60.4,464454931,Stor eiendom på 480 dekar med eldre tun bestående av flere bygninger i rolige og landlige omgivelser langs Bondalsvegen,Tuddal,Telemark,2246140,480.0,,,-,elv/vann,ja,-,ja,-,https://www.finn.no/realestate/homes/ad.html?finnkode=464454931,farm,0.79,0.45,0.5,0.68,0.5,0.5,0.5,1.0,0.3,1.0,0.3
97,60.4,464864606,Enebolig med strandlinje og stor tomt med landlig beliggenhet | Fantastisk utsikt | Gode solforhold | Hytte på Tysnes?,Flatråker,Vestland,2450295,15.5,,,strandlinje/naust,elv/vann,ja,-,ja,-,https://www.finn.no/realestate/homes/ad.html?finnkode=464864606,house,0.73,0.45,1.0,0.06,0.5,0.5,0.5,1.0,0.3,1.0,0.3
98,60.3,474071722,Sjarmerende småbruk med renoveringsbehov | Nesten 5 mål tomt | Nydelig utsikt | Gode solforhold | Mye bygningsmasse,Rindalsskogen,Trøndelag,667340,4.9,,,-,elv/vann,-,-,-,ja,https://www.finn.no/realestate/homes/ad.html?finnkode=474071722,farm,1.0,0.8,0.5,0.02,0.5,0.5,0.5,0.4,0.3,0.4,1.0
99,60.3,430857754,STOR OG INNHOLDSRIK EIENDOM I LANDLIGE OMGIVELSER!,Ottersøy,Trøndelag,2245840,116.5,6.0,22.0,-,elv/vann,ja,-,-,-,https://www.finn.no/realestate/homes/ad.html?finnkode=430857754,farm,0.79,0.8,0.5,0.47,0.28,0.58,0.5,1.0,0.3,0.4,0.3
100,60.2,474767311,"Innholdsrik enebolig i familievennlig og attraktivt område. Romslig tomt på hele 13,8 mål. Gode sol- og utsiktsforhold.",Råkvåg,Trøndelag,3024840,13.9,,,strandlinje/naust,elv/vann,ja,-,-,-,https://www.finn.no/realestate/homes/ad.html?finnkode=474767311,house,0.56,0.8,1.0,0.06,0.5,0.5,0.5,1.0,0.3,0.4,0.3
101,60.2,472090363,Stor eigedom med skog - bustadhus renoveringsobjekt. Bod 700 000 føreligg,Foldrøyhamn,Vestland,411090,30.1,,,sjø nevnt,bekk/vassdrag,-,-,-,-,https://www.finn.no/realestate/homes/ad.html?finnkode=472090363,house,1.0,0.45,0.6,0.12,0.5,0.5,1.0,0.4,0.3,0.4,0.3
102,60.0,467709596,Eiendom i Båteng til salgs,Tana,Finnmark,564295,,,,sjø nevnt,elv/vann,-,-,-,-,https://www.finn.no/realestate/homes/ad.html?finnkode=467709596,farm,1.0,0.45,0.6,0.5,0.5,0.5,0.5,0.4,0.3,0.4,0.3
103,59.7,473993975,"Enebolig sentralt med sjøutsikt og solrik tomt | ca 7,5 mål eiertomt | Usjenert og ingen gjennomgangstrafikk",Mosvik,Trøndelag,2102340,7.5,,,sjø nevnt,elv/vann,ja,-,-,-,https://www.finn.no/realestate/homes/ad.html?finnkode=473993975,house,0.83,0.8,0.6,0.03,0.5,0.5,0.5,1.0,0.3,0.4,0.3
104,59.7,464376719,"Enebolig med landlig beliggenhet og romslig tomt på 12,8 dekar. Eldre driftsbygning til lager og garasje. Flott hage.",Fosslandsosen,Trøndelag,1897340,12.8,,,-,elv/vann,ja,-,-,-,https://www.finn.no/realestate/homes/ad.html?finnkode=464376719,house,0.89,0.8,0.5,0.05,0.5,0.5,0.5,1.0,0.3,0.4,0.3
105,59.7,475541991,Hetleli - Idyllisk småbruk /​ landsted på 76 mål med usjenerte omgivelser og lang strandlinje til Djubavatnet.,Årdal i Ryfylke,Rogaland,2563890,76.6,579.0,,strandlinje/naust,elv/vann,ja,vann+strøm,ja,-,https://www.finn.no/realestate/homes/ad.html?finnkode=475541991,farm,0.7,0.45,1.0,0.31,0.0,0.5,0.5,1.0,1.0,1.0,0.3
106,59.5,466444841,"Bøvågen | Eldre småbruk med bolighus, dobbel garasje, løe, naust og naustetomt | 89 mål tomt | Ikke boplikt",Bøvågen,Vestland,3281090,89.3,,,strandlinje/naust,elv/vann,ja,-,ja,ja,https://www.finn.no/realestate/homes/ad.html?finnkode=466444841,farm,0.49,0.45,1.0,0.36,0.5,0.5,0.5,1.0,0.3,1.0,1.0
107,59.5,477144785,"VISNING MANDAG 5/​10! Stor landbrukseiendom på ca. 3260 dekar i Bardu, 2681 dekar skog og 63 dekar fulldyrket jord",Bardu,Troms,872340,3259.7,3260.0,,strandlinje/naust,elv/vann,ja,-,-,-,https://www.finn.no/realestate/homes/ad.html?finnkode=477144785,farm,1.0,0.45,1.0,0.0,0.0,0.5,0.5,1.0,0.3,0.4,0.3
108,59.4,464143373,"Slåttun - Konsesjonsfritt småbruk på 24,3 dekar med stort potensiale, sentralt i Bø. 20 daa dyrka jord mot Bøelva.",Bø i Telemark,Telemark,2871090,24.2,,20.0,strandlinje/naust,elv/vann,ja,vann,ja,-,https://www.finn.no/realestate/homes/ad.html?finnkode=464143373,farm,0.61,0.45,1.0,0.1,0.5,0.56,0.5,1.0,0.6,1.0,0.3
109,59.3,473268523,"Eldre småbruk med skogteiger, skogskoie og andel i privatsameie med jakt- og fiskerettigheter. Usjenert beliggenhet.",Bagn,Innlandet,1733640,270.2,,,-,elv/vann,ja,-,ja,-,https://www.finn.no/realestate/homes/ad.html?finnkode=473268523,farm,0.93,0.3,0.15,1.0,0.5,0.5,0.5,1.0,0.3,1.0,0.3
110,59.2,404193110,NY PRIS! | Enebolig med stor tomt og flott utsikt | Landlig beliggenhet i Indre Billefjord | Garasje,Indre Billefjord,Finnmark,713460,8.0,,,sjø nevnt,elv/vann,ja,vann,-,-,https://www.finn.no/realestate/homes/ad.html?finnkode=404193110,house,1.0,0.45,0.6,0.03,0.5,0.5,0.5,1.0,0.6,0.4,0.3
111,59.1,475576893,Gårdsbruk med fin beliggenhet i Rendalen med 144 daa dyrket mark og produktiv skog.,Rendalen,Innlandet,3798590,411.4,201.0,144.0,sjø nevnt,elv/vann,-,-,ja,ja,https://www.finn.no/realestate/homes/ad.html?finnkode=475576893,farm,0.34,0.3,0.6,0.95,1.0,0.96,0.5,0.4,0.3,1.0,1.0
112,59.0,475987647,Enebolig med stor tomt på 7186 kvm. Uthus fra -25. 4 sov.,Meråker,Trøndelag,1015840,7.2,,,-,elv/vann,-,-,-,-,https://www.finn.no/realestate/homes/ad.html?finnkode=475987647,house,1.0,0.8,0.5,0.03,0.5,0.5,0.5,0.4,0.3,0.4,0.3
113,59.0,461976533,"Spennende, stor eiendom som består av to teiger på totalt ca. 25 294,6kvm!",Utskarpen,Nordland,1966590,25.3,,,strandlinje/naust,elv/vann,-,-,-,-,https://www.finn.no/realestate/homes/ad.html?finnkode=461976533,house,0.87,0.45,1.0,0.1,0.5,0.5,0.5,0.4,0.3,0.4,0.3
114,58.9,470008888,Småbruk på ca. 400 mål med driftsbygninger | Våningshus med moderniseringsbehov | Landlig beliggenhet i Svatsum,Svatsum,Innlandet,1384840,400.8,,,-,elv/vann,ja,-,-,-,https://www.finn.no/realestate/homes/ad.html?finnkode=470008888,farm,1.0,0.3,0.15,1.0,0.5,0.5,0.5,1.0,0.3,0.4,0.3
115,58.8,466362101,Farstad - Småbruk i landlige omgivelser - Våningshus fra 1997  - 3 soverom - 2 stuer - Låve og stabbur,Farstad,Møre og Romsdal,3435385,19.0,83.0,83.0,-,elv/vann,ja,-,-,-,https://www.finn.no/realestate/homes/ad.html?finnkode=466362101,house,0.45,1.0,0.5,0.08,0.67,1.0,0.5,1.0,0.3,0.4,0.3
116,58.7,468180497,BJØRN - Liten enebolig med store uteområder,Dønna,Nordland,1180100,18.2,,,sjø nevnt,elv/vann,ja,-,-,-,https://www.finn.no/realestate/homes/ad.html?finnkode=468180497,house,1.0,0.45,0.6,0.07,0.5,0.5,0.5,1.0,0.3,0.4,0.3
117,58.7,477261803,"Småbruk med enebolig, uthus og gode solforhold. Renoveringsbehov. Ingen boplikt!",Drangedal,Telemark,1323640,11.4,,,-,elv/vann,ja,-,ja,-,https://www.finn.no/realestate/homes/ad.html?finnkode=477261803,farm,1.0,0.45,0.5,0.05,0.5,0.5,0.5,1.0,0.3,1.0,0.3
118,58.6,473772466,"Småbruk med sentral beliggenhet og flott utsikt. 110 dekar, hvorav 107 dekar produktiv skog. Jaktrettigheter.",Orkanger,Trøndelag,1794840,110.3,1075.0,,-,elv/vann,-,-,ja,-,https://www.finn.no/realestate/homes/ad.html?finnkode=473772466,farm,0.92,0.8,0.5,0.44,0.0,0.5,0.5,0.4,0.3,1.0,0.3
119,58.5,476679723,Landbrukseiendom i naturskjønne omgivelser | Uthus og låve | Kort vei til Bodø | Ingen boplikt,Saltstraumen,Nordland,2553340,171.8,,,-,elv/vann,ja,-,ja,-,https://www.finn.no/realestate/homes/ad.html?finnkode=476679723,farm,0.7,0.45,0.5,0.69,0.5,0.5,0.5,1.0,0.3,1.0,0.3
120,58.5,473322165,"BUD MOTTATT! Småbruk med sjel og muligheter. Flott utsikt, jord og rom for dyr. Ca. 31 mål tomt.",Eidsvåg i Romsdal,Møre og Romsdal,2040840,31.9,48.0,319.0,-,elv/vann,ja,-,-,-,https://www.finn.no/realestate/homes/ad.html?finnkode=473322165,house,0.85,1.0,0.5,0.13,0.49,0.0,0.5,1.0,0.3,0.4,0.3
121,58.5,469995524,"Innholdsrikt småbruk med våningshus, driftsbygning & uthus | Naturskjønne omgivelser | Nytt tak 2015 | Tomt på 6283 m²",Rissa,Trøndelag,2050060,6.3,,,-,elv/vann,ja,-,-,-,https://www.finn.no/realestate/homes/ad.html?finnkode=469995524,farm,0.84,0.8,0.5,0.03,0.5,0.5,0.5,1.0,0.3,0.4,0.3
122,58.4,471532115,"Småbruk uten boplikt i naturskjønne omgivelser ved Randsfjorden - gode solforhold, romslig tomt og flere uthus",Vestsida,,1507900,23.4,,,sjø nevnt,elv/vann,ja,-,ja,-,https://www.finn.no/realestate/homes/ad.html?finnkode=471532115,farm,1.0,0.3,0.6,0.09,0.5,0.5,0.5,1.0,0.3,1.0,0.3
123,58.4,471834044,"Koselig hus i sjønære omgivelser, utmerket som oppussingsprosjekt eller feriebolig",Inderøy,,2057740,5.0,,5.0,strandlinje/naust,elv/vann,ja,vann,-,-,https://www.finn.no/realestate/homes/ad.html?finnkode=471834044,house,0.84,0.3,1.0,0.02,0.5,0.39,0.5,1.0,0.6,0.4,0.3
124,58.2,475976093,"Landbrukseiendom med 67 DAA tomt, landlig beliggende på Lunner | Våningshus og uthus - renoveringsobjekt.",Lunner,Akershus,1026090,67.2,67.0,67.0,-,elv/vann,ja,-,ja,-,https://www.finn.no/realestate/homes/ad.html?finnkode=475976093,farm,1.0,0.3,0.15,0.27,0.58,1.0,0.5,1.0,0.3,1.0,0.3
125,58.2,356085804,Enebolig på Ågskardet vurderes solgt,Ågskardet,Nordland,690000,6.3,,,sjø nevnt,elv/vann,ja,-,-,-,https://www.finn.no/realestate/homes/ad.html?finnkode=356085804,house,1.0,0.45,0.6,0.03,0.5,0.5,0.5,1.0,0.3,0.4,0.3
126,58.0,455741590,"NY PRIS! Enebolig på Skognes med tilhørende carport, garasje og naust - stor eiendom og fin beliggenhet.",Gibostad,Troms,2068280,14.6,,,strandlinje/naust,elv/vann,-,-,-,-,https://www.finn.no/realestate/homes/ad.html?finnkode=455741590,house,0.84,0.45,1.0,0.06,0.5,0.5,0.5,0.4,0.3,0.4,0.3
127,58.0,465708748,"NATURKSJØNN SMÅBRUKSIDYLL PÅ 113 DAA | 3 badstuer, badebrønn og sjarmerende gårdstun | Solrik beliggenhet",Husbysjøen,Trøndelag,3486090,113.7,,,sjø nevnt,elv/vann,ja,vann,ja,-,https://www.finn.no/realestate/homes/ad.html?finnkode=465708748,farm,0.43,0.8,0.6,0.45,0.5,0.5,0.5,1.0,0.6,1.0,0.3
128,58.0,475969154,"Idyllisk eiendom med flott tomt og nydelig utsikt på naturskjønne Sekken! Stor enebolig, frittliggende hytte og garasje.",Sekken,Møre og Romsdal,2987390,6.2,,,sjø nevnt,elv/vann,ja,vann,-,-,https://www.finn.no/realestate/homes/ad.html?finnkode=475969154,house,0.58,1.0,0.6,0.02,0.5,0.5,0.5,1.0,0.6,0.4,0.3
129,57.9,355847711,Nedlagt Småbruk Gnr13.Bnr.3 - SELFORS - BEIARN.-,Moldjord,81,750000,147.0,,147.0,-,elv/vann,-,strøm,ja,-,https://www.finn.no/realestate/homes/ad.html?finnkode=355847711,farm,1.0,0.3,0.15,0.59,0.5,0.92,0.5,0.4,0.6,1.0,0.3
130,57.9,467294160,Selnesvikan Østre | Småbruk med utsikt over Namsenfjorden | Totalt ca. 488 daa. | ca. 550m strandlinje | Festeinntekt,Bangsund,Trøndelag,3844840,488.6,,,strandlinje/naust,elv/vann,-,-,-,-,https://www.finn.no/realestate/homes/ad.html?finnkode=467294160,farm,0.33,0.8,1.0,0.65,0.5,0.5,0.5,0.4,0.3,0.4,0.3
131,57.8,455103396,"Oppgradert enebolig (fritidsbolig med naust, fjøs og stor tomt (120mål) | Nydelig utsikt | 4 soverom",Langfjordbotn,Finnmark,2758340,120.2,,,strandlinje/naust,elv/vann,-,-,-,-,https://www.finn.no/realestate/homes/ad.html?finnkode=455103396,house,0.64,0.45,1.0,0.48,0.5,0.5,0.5,0.4,0.3,0.4,0.3
132,57.7,476131238,Trivelig småbruk i landlige omgivelser på Våler vestside | Overbygd terrasse mot vest | ca. 48 daa fulldyrket jord,Braskereidfoss,Innlandet,1947500,132.5,60.0,60.0,-,elv/vann,ja,-,ja,-,https://www.finn.no/realestate/homes/ad.html?finnkode=476131238,farm,0.87,0.3,0.15,0.53,0.55,1.0,0.5,1.0,0.3,1.0,0.3
133,57.7,476099750,"Landbrukseiendom på Dverberg | Enebolig, fjøs, garasje og fritidsbolig",Dverberg,Nordland,1538590,794.0,,,sjø nevnt,elv/vann,ja,-,-,-,https://www.finn.no/realestate/homes/ad.html?finnkode=476099750,farm,0.99,0.45,0.6,0.0,0.5,0.5,0.5,1.0,0.3,0.4,0.3
134,57.7,471316257,"Sjarmfull enebolig med landlig og idyllisk beliggenhet nært sjø - 8,2 mål tomt med spennende muligheter -",Sagstua,Innlandet,1743590,8.2,82.0,,sjø nevnt,elv/vann,ja,-,ja,-,https://www.finn.no/realestate/homes/ad.html?finnkode=471316257,house,0.93,0.3,0.6,0.03,0.66,0.5,0.5,1.0,0.3,1.0,0.3
135,57.7,468419268,Småbruk med med solrik og usjenert beliggenhet i idylliske omgivelser!,Hokkåsen,Innlandet,3065840,101.0,,,strandlinje/naust,elv/vann,ja,-,ja,-,https://www.finn.no/realestate/homes/ad.html?finnkode=468419268,farm,0.55,0.3,1.0,0.4,0.5,0.5,0.5,1.0,0.3,1.0,0.3
136,57.7,473648025,Enebolig med stor eiertomt | Garasje og anneks | Landlig og usjenert beliggenhet,Ulvsvåg,Nordland,1641090,16.6,,,sjø nevnt,elv/vann,ja,-,-,-,https://www.finn.no/realestate/homes/ad.html?finnkode=473648025,house,0.96,0.45,0.6,0.07,0.5,0.5,0.5,1.0,0.3,0.4,0.3
137,57.6,476623521,Landbrukseiendom i Svanes | Naust | 2 båtplasser | potensielt utbyggingsområde BF21,Egersund,Rogaland,2963340,102.4,,,strandlinje/naust,elv/vann,-,-,ja,-,https://www.finn.no/realestate/homes/ad.html?finnkode=476623521,farm,0.58,0.45,1.0,0.41,0.5,0.5,0.5,0.4,0.3,1.0,0.3
138,57.5,297876802,"Storås - Gamle Fossen skole - Bruksendret til boligformål - Eiertomt på ca. 3,5 dekar.",Storås,Trøndelag,1848737,3.5,,,-,elv/vann,-,strøm,-,-,https://www.finn.no/realestate/homes/ad.html?finnkode=297876802,farm,0.9,0.8,0.5,0.01,0.5,0.5,0.5,0.4,0.6,0.4,0.3
139,57.4,475313132,"Trivelig småbruk på dryge 37 mål, med flere tilleggsbygninger og utsikt til Femunden. 3 sov og bad fra -24.",Drevsjø,Innlandet,1948890,37.3,,,strandlinje/naust,elv/vann,-,-,-,-,https://www.finn.no/realestate/homes/ad.html?finnkode=475313132,house,0.87,0.3,1.0,0.15,0.5,0.5,0.5,0.4,0.3,0.4,0.3
140,57.4,476716806,"Setereiendom på 216,5 daa. Flott område for jakt og fiske.",Dokka,Innlandet,1948590,216.5,1479.0,35.0,-,elv/vann,ja,vann+strøm,ja,ja,https://www.finn.no/realestate/homes/ad.html?finnkode=476716806,farm,0.87,0.3,0.15,0.87,0.0,0.72,0.5,1.0,1.0,1.0,1.0
141,57.4,468822575,Påmeldingsvisning torsdag 24.9 kl 16!,Sørreisa,Troms,1692630,520.9,,,-,elv/vann,-,-,-,-,https://www.finn.no/realestate/homes/ad.html?finnkode=468822575,house,0.94,0.45,0.5,0.52,0.5,0.5,0.5,0.4,0.3,0.4,0.3
142,57.3,467973698,"Idyllisk gårdsbruk/​småbruk i vakre Bjærangen. 1.060 dekar, hvorav 76 dekar fulldyrket. Jakt- og fiskerettigheter.",Halsa,Nordland,2666090,,5001.0,,strandlinje/naust,elv/vann,-,-,ja,ja,https://www.finn.no/realestate/homes/ad.html?finnkode=467973698,farm,0.67,0.45,1.0,0.5,0.0,0.5,0.5,0.4,0.3,1.0,1.0
143,57.1,428146220,Oppgradert og rimelig enebolig - med fantastisk utsikt!,Gursken,Møre og Romsdal,2410100,5.8,,,-,elv/vann,-,vann,-,-,https://www.finn.no/realestate/homes/ad.html?finnkode=428146220,house,0.74,1.0,0.5,0.02,0.5,0.5,0.5,0.4,0.6,0.4,0.3
144,57.1,465587427,"Småbruk på Vega med enebolig, fjøs og stor garasje | Flytebrygge | Oppgradert bad og garasje m/​ elbillader",Vega,Nordland,2922340,104.5,,,strandlinje/naust,elv/vann,-,vann,-,-,https://www.finn.no/realestate/homes/ad.html?finnkode=465587427,farm,0.59,0.45,1.0,0.42,0.5,0.5,0.5,0.4,0.6,0.4,0.3
145,57.1,476618265,"Landbrukseiendom på 1.117,5 dekar beliggende i Storbudal. Innholdsrikt bolighus - Sæterbebyggelse Budal statsallmenning",Budalen,Trøndelag,3537340,,,,-,elv/vann,ja,-,ja,ja,https://www.finn.no/realestate/homes/ad.html?finnkode=476618265,farm,0.42,0.8,0.5,0.5,0.5,0.5,0.5,1.0,0.3,1.0,1.0
146,57.1,436086225,"Endret pris! Stor eiendom med bolig, brygge og kai på Smøla/​ Großes Grundstück mit Haus, Bootssteg und Kai auf Smøla",Smøla,65,1950000,9.0,,,strandlinje/naust,elv/vann,-,strøm,-,-,https://www.finn.no/realestate/homes/ad.html?finnkode=436086225,house,0.87,0.3,1.0,0.04,0.5,0.5,0.5,0.4,0.6,0.4,0.3
147,57.0,476027590,Enebolig/​Fritidsbolig m/​4 sov på stor eiet tomt | Frittstående garasje | Vedovn i stue | Beliggenhet v/​Takvatnet,Storsteinnes,Troms,1692340,6.3,,,sjø nevnt,elv/vann,ja,-,-,-,https://www.finn.no/realestate/homes/ad.html?finnkode=476027590,house,0.95,0.45,0.6,0.03,0.5,0.5,0.5,1.0,0.3,0.4,0.3
148,57.0,465827656,"Eldre enebolig med nærhet til sjø - Båtplass, stor tomt og garasje",Auklandshamn,Vestland,2655840,8.9,,,strandlinje/naust,elv/vann,ja,-,-,-,https://www.finn.no/realestate/homes/ad.html?finnkode=465827656,house,0.67,0.45,1.0,0.04,0.5,0.5,0.5,1.0,0.3,0.4,0.3
149,56.9,474548983,Enebolig med stor garasje og låve. Tomt på 9 440 kvm. Sentralt beliggende i Elnesvågen.,Elnesvågen,Møre og Romsdal,2321140,9.4,,,-,elv/vann,-,-,-,-,https://www.finn.no/realestate/homes/ad.html?finnkode=474548983,house,0.77,1.0,0.5,0.04,0.5,0.5,0.5,0.4,0.3,0.4,0.3
150,56.8,474203425,"Enebolig i Kokelv, stor tomt - bud kr 100 000 mottatt",Kokelv,Finnmark,124090,7.8,,,-,elv/vann,ja,-,-,-,https://www.finn.no/realestate/homes/ad.html?finnkode=474203425,house,1.0,0.45,0.5,0.03,0.5,0.5,0.5,1.0,0.3,0.4,0.3
151,56.8,413279463,Eldre bolig med utviklingspotensiale og 4 regulerte tomter til salgs,Lena,Innlandet,500000,6.2,,,sjø nevnt,elv/vann,ja,strøm,-,-,https://www.finn.no/realestate/homes/ad.html?finnkode=413279463,house,1.0,0.3,0.6,0.02,0.5,0.5,0.5,1.0,0.6,0.4,0.3
152,56.7,473264029,Hylland- Hyggelig småbruk m/​renoveringsbehov. Kort vei til Åmot. Flott utsikt over Hyllandshylen. Hytte i skogen,Vinje,Telemark,3588590,356.0,1984.0,167.0,strandlinje/naust,elv/vann,-,-,ja,-,https://www.finn.no/realestate/homes/ad.html?finnkode=473264029,farm,0.4,0.45,1.0,1.0,0.0,0.7,0.5,0.4,0.3,1.0,0.3
153,56.6,472266654,"Eldre tømret bolig med renoveringsbehov, gode solforhold og landlig beliggenhet!",Høydalsmo,Telemark,974840,5.0,,,-,elv/vann,ja,-,-,-,https://www.finn.no/realestate/homes/ad.html?finnkode=472266654,house,1.0,0.45,0.5,0.02,0.5,0.5,0.5,1.0,0.3,0.4,0.3
154,56.5,473870317,"Nedlagt småbruk med romslig tomt på 28,8 daa | Låve og garasje med god lagringsplass - DITT NYE HJEM?",Leirfjord,Nordland,2245840,28.9,,,sjø nevnt,elv/vann,ja,vann+strøm,-,-,https://www.finn.no/realestate/homes/ad.html?finnkode=473870317,house,0.79,0.45,0.6,0.12,0.5,0.5,0.5,1.0,1.0,0.4,0.3
155,56.5,333118850,"Landbrukseiendom med potensiale /​/​ Våningshus, driftsbygning og redskapshus /​/​ Elgjakt /​/​ Egen skog og beiterett",Bardal,Nordland,1948850,682.3,,,sjø nevnt,elv/vann,ja,-,-,ja,https://www.finn.no/realestate/homes/ad.html?finnkode=333118850,farm,0.87,0.45,0.6,0.0,0.5,0.5,0.5,1.0,0.3,0.4,1.0
156,56.4,395869579,"Herlig småbruk med romslig 5-roms enebolig med hage, uthus og garasje. Idyllisk strandlinje ved Tanaelven.",Karasjok,97,3696090,168.0,,,strandlinje/naust,elv/vann,ja,-,ja,-,https://www.finn.no/realestate/homes/ad.html?finnkode=395869579,farm,0.37,0.3,1.0,0.67,0.5,0.5,0.5,1.0,0.3,1.0,0.3
157,56.3,468145058,Innholdsrik eiendom med landlig beliggenhet - 13 daa tomt - Garasje,Hestvika,Trøndelag,2450840,13.5,,,-,elv/vann,ja,-,-,-,https://www.finn.no/realestate/homes/ad.html?finnkode=468145058,house,0.73,0.8,0.5,0.05,0.5,0.5,0.5,1.0,0.3,0.4,0.3
158,55.9,401209430,NY PRIS   Hus/​Fritidsbolig med uthus i Øvre Svenningdal,Trofors,Nordland,550000,24.3,,,sjø nevnt,elv/vann,-,-,-,-,https://www.finn.no/realestate/homes/ad.html?finnkode=401209430,house,1.0,0.45,0.6,0.1,0.5,0.5,0.5,0.4,0.3,0.4,0.3
159,55.9,460730121,"Enebolig med  stort  potensial, fint beliggende  til salgs på Værøy.",Værøy,Nordland,1543750,29.8,,,sjø nevnt,elv/vann,-,-,-,-,https://www.finn.no/realestate/homes/ad.html?finnkode=460730121,house,0.99,0.45,0.6,0.12,0.5,0.5,0.5,0.4,0.3,0.4,0.3
160,55.8,464337117,"Fantastisk mulighet - Småbruk med naturskjønn beliggenhet ved Ålfjorden - Naustteig - Ca 45,8 mål tomt",Førde i Hordaland,Vestland,3080500,45.8,,,strandlinje/naust,elv/vann,ja,-,-,-,https://www.finn.no/realestate/homes/ad.html?finnkode=464337117,farm,0.55,0.45,1.0,0.18,0.5,0.5,0.5,1.0,0.3,0.4,0.3
161,55.8,473993348,"Enebolig med strandlinje og stor tomt på 5,8 mål  | Flere uthus og dobbeltgarasje | Utbygd i 2018 | Stort potensiale",Ballangen,Nordland,2973590,5.9,,,strandlinje/naust,elv/vann,ja,vann,-,-,https://www.finn.no/realestate/homes/ad.html?finnkode=473993348,house,0.58,0.45,1.0,0.02,0.5,0.5,0.5,1.0,0.6,0.4,0.3
162,55.5,472264429,Enebolig med sydvendt veranda og idyllisk hage | Dobbelgarasje | Tinglyst rett til sjøhus,Smøla,,2058740,6.9,,,strandlinje/naust,elv/vann,-,-,-,-,https://www.finn.no/realestate/homes/ad.html?finnkode=472264429,house,0.84,0.3,1.0,0.03,0.5,0.5,0.5,0.4,0.3,0.4,0.3
163,55.5,468604662,Idyllisk og oppgradert eiendom med egen strand | Svømmebasseng | Jacuzzi | Perfekt til eget bruk eller utleieobjekt,Fåvang,Innlandet,2563590,12.3,,,strandlinje/naust,elv/vann,ja,-,-,-,https://www.finn.no/realestate/homes/ad.html?finnkode=468604662,house,0.7,0.3,1.0,0.05,0.5,0.5,0.5,1.0,0.3,0.4,0.3
164,55.3,443583241,Større enebolig på Røssøyvågen |  Tomt på 5851 kvm - Regulert til boligformål,kvm - Regulert til boligformål,Møre og Romsdal,2563590,5.9,,,-,elv/vann,-,-,-,-,https://www.finn.no/realestate/homes/ad.html?finnkode=443583241,house,0.7,1.0,0.5,0.02,0.5,0.5,0.5,0.4,0.3,0.4,0.3
165,55.2,357150286,"Fiskerhytte i Nordnorsk paradis, spar 99000 nå; Hamarøya, midnattsol og fiskelykke, båt/​båtplass, og bilvei helt frem.",Tranøy,Nordland,627800,5.3,,,sjø nevnt,elv/vann,-,-,-,-,https://www.finn.no/realestate/homes/ad.html?finnkode=357150286,house,1.0,0.45,0.6,0.02,0.5,0.5,0.5,0.4,0.3,0.4,0.3
166,55.2,475740389,"BOGEN | Innholdsrik eiendom med enebolig, naust og uthus | Stor tomt | Sjøutsikt og gode solforhold",Bogen i Ofoten,Nordland,2922340,5.9,,,strandlinje/naust,elv/vann,ja,-,-,-,https://www.finn.no/realestate/homes/ad.html?finnkode=475740389,house,0.59,0.45,1.0,0.02,0.5,0.5,0.5,1.0,0.3,0.4,0.3
167,55.2,472018590,"NY PRIS! Stor landbrukseiendom med 1,8 mill m² skog, utmark, utsikt og jaktmuligheter ved Myrefjell",Moen,Troms,1692340,1865.6,,,-,elv/vann,ja,-,-,-,https://www.finn.no/realestate/homes/ad.html?finnkode=472018590,farm,0.95,0.45,0.5,0.0,0.5,0.5,0.5,1.0,0.3,0.4,0.3
168,55.2,465951982,Småbruk med verksted og tømmerhytte,Rena,,2221740,100.6,,,sjø nevnt,elv/vann,ja,-,-,-,https://www.finn.no/realestate/homes/ad.html?finnkode=465951982,house,0.79,0.3,0.6,0.4,0.5,0.5,0.5,1.0,0.3,0.4,0.3
169,55.1,475912239,Innholdsrik eiendom på ca. 38 mål | Garasje-/​verkstedbygg på ca. 150 m² | 3 soverom | Landlig beliggenhet | Løftebukk,Leksvik,Trøndelag,2799640,38.6,,,-,elv/vann,ja,-,-,-,https://www.finn.no/realestate/homes/ad.html?finnkode=475912239,farm,0.63,0.8,0.5,0.15,0.5,0.5,0.5,1.0,0.3,0.4,0.3
170,55.0,424440806,Volda /​ Bjørke - Gårdsbruk med geitemelkproduksjon - 577 dekar + ideel andel i jordsameie - Melkekvote,Bjørke,Møre og Romsdal,4780240,,,,strandlinje/naust,elv/vann,-,-,-,ja,https://www.finn.no/realestate/homes/ad.html?finnkode=424440806,farm,0.06,1.0,1.0,0.5,0.5,0.5,0.5,0.4,0.3,0.4,1.0
171,55.0,356020678,Gårdsbruk på 51 dekar med sentral og attraktiv beliggenhet | Dyrka mark av høy kvalitet | Oppussingsobjekt,Brekstad,Trøndelag,2563590,51.1,,,-,elv/vann,-,vann,-,-,https://www.finn.no/realestate/homes/ad.html?finnkode=356020678,farm,0.7,0.8,0.5,0.2,0.5,0.5,0.5,0.4,0.6,0.4,0.3
172,55.0,469440153,"Sørvendt landbrukseiendom på 2.967,3 daa med attraktiv beliggenhet ved Aursunden på Glåmos. Jakt- og fiskerettigheter.",- Engesvollen.,Trøndelag,2410140,2967.3,29673.0,29673.0,strandlinje/naust,elv/vann,ja,-,-,-,https://www.finn.no/realestate/homes/ad.html?finnkode=469440153,farm,0.74,0.8,1.0,0.0,0.0,0.0,0.5,1.0,0.3,0.4,0.3
173,54.9,472437010,Sjarmerende renoveringsobjekt med stort potensial - skap din egen drømmebolig på landet!,Andebu,Vestfold,1538890,5.5,,,sjø nevnt,elv/vann,-,-,-,-,https://www.finn.no/realestate/homes/ad.html?finnkode=472437010,house,0.99,0.45,0.6,0.02,0.5,0.5,0.5,0.4,0.3,0.4,0.3
174,54.8,475804613,"Sjønær eiendom på Bremneset | Strandlinje, stor tomt og fjøsbygning med utviklingsmuligheter",Rørvik,Trøndelag,3988340,7.7,,,strandlinje/naust,elv/vann,ja,vann,-,-,https://www.finn.no/realestate/homes/ad.html?finnkode=475804613,house,0.29,0.8,1.0,0.03,0.5,0.5,0.5,1.0,0.6,0.4,0.3
175,54.8,474594205,"Landlig og idyllisk eiendom rett ved Bjelviktjenna! Garasjebygg, hage og gode solforhold.",Stabbestad,Telemark,1795140,5.0,,,-,elv/vann,ja,-,-,-,https://www.finn.no/realestate/homes/ad.html?finnkode=474594205,house,0.92,0.45,0.5,0.02,0.5,0.5,0.5,1.0,0.3,0.4,0.3
176,54.7,475167699,"Idyllisk småbruk på hele 311 m² BRA-i | 433,3 daa med jord- og utmarksareal | Vannbåren varme | Trippelgarasje",Singsås,Trøndelag,3578340,433.3,,4333.0,-,elv/vann,ja,-,-,ja,https://www.finn.no/realestate/homes/ad.html?finnkode=475167699,farm,0.41,0.8,0.5,0.87,0.5,0.0,0.5,1.0,0.3,0.4,1.0
177,54.7,476554822,Enebolig Vedhøggan,Myre,Nordland,1896795,19.4,,,-,elv/vann,ja,-,-,-,https://www.finn.no/realestate/homes/ad.html?finnkode=476554822,house,0.89,0.45,0.5,0.08,0.5,0.5,0.5,1.0,0.3,0.4,0.3
178,54.6,475434352,"Eldre enebolig m/​stor tomt på hele 8902 kvm - Garasje - Landlig beliggenhet, men likevel sentralt - Renoveringsobjekt",Sævelandsvik,Rogaland,1850240,8.9,,,-,elv/vann,ja,-,-,-,https://www.finn.no/realestate/homes/ad.html?finnkode=475434352,house,0.9,0.45,0.5,0.04,0.5,0.5,0.5,1.0,0.3,0.4,0.3
179,54.4,475275627,Småbruk på ca. 52 mål med våningshus og fjøs/​låve | 4 soverom og 2 bad | Landlig beliggenhet,Koppang,Innlandet,1425840,52.8,,52.0,-,elv/vann,ja,-,-,-,https://www.finn.no/realestate/homes/ad.html?finnkode=475275627,farm,1.0,0.3,0.15,0.21,0.5,0.91,0.5,1.0,0.3,0.4,0.3
180,54.4,422041607,"Småbruk | Bolig, naust, løde og eldre kårbolig og ubebygd naustareal | Jaktrett og fiskerett | Flott utsikt over fjorden",Vartdal,,3281000,173.3,,,strandlinje/naust,elv/vann,-,-,-,-,https://www.finn.no/realestate/homes/ad.html?finnkode=422041607,farm,0.49,0.3,1.0,0.69,0.5,0.5,0.5,0.4,0.3,0.4,0.3
181,54.4,475178028,Meløy - Dahlgården - attraktiv eiendom - store utmarksarealer,Meløy,Nordland,2833740,492.4,492.0,,strandlinje/naust,elv/vann,-,-,-,-,https://www.finn.no/realestate/homes/ad.html?finnkode=475178028,farm,0.62,0.45,1.0,0.63,0.0,0.5,0.5,0.4,0.3,0.4,0.3
182,54.3,460126018,"Gardseigedom med eiga øy| To bustadhus, driftsbygning, sjølinje med båtslipp og meir",Rugsund,Vestland,3037540,1316.2,,,strandlinje/naust,elv/vann,ja,-,-,-,https://www.finn.no/realestate/homes/ad.html?finnkode=460126018,farm,0.56,0.45,1.0,0.0,0.5,0.5,0.5,1.0,0.3,0.4,0.3
183,54.3,474769148,"Frittliggende enebolig på Selfors med altan, garasjer og stor eiet tomt. Renoveringsobjekt.",Mo i Rana,Nordland,2051390,32.4,,,-,elv/vann,ja,-,-,-,https://www.finn.no/realestate/homes/ad.html?finnkode=474769148,house,0.84,0.45,0.5,0.13,0.5,0.5,0.5,1.0,0.3,0.4,0.3
184,54.1,409942924,Ny pris - enebolig med strandlinje og nydelig utsikt i Rekefjord I stor parkeringsplass,Hauge i Dalane,Rogaland,2655840,9.3,,,strandlinje/naust,elv/vann,-,-,-,-,https://www.finn.no/realestate/homes/ad.html?finnkode=409942924,house,0.67,0.45,1.0,0.04,0.5,0.5,0.5,0.4,0.3,0.4,0.3
185,54.1,438988756,"Enebolig med garasje, grillbu, låve og naust - stor eiendomstomt  - VISNING KONTAKT MEGLER",Kjeldebotn,Nordland,2717340,20.4,,,strandlinje/naust,elv/vann,-,-,-,-,https://www.finn.no/realestate/homes/ad.html?finnkode=438988756,house,0.65,0.45,1.0,0.08,0.5,0.5,0.5,0.4,0.3,0.4,0.3
186,54.1,477507645,"Koselig våningshus, stabbur/​anneks og driftsbygning - landlig beliggenhet i Nord-Torpa. 180 daa med jord og skogarealer.",Nord-Torpa,Innlandet,2973890,180.4,180.0,,-,elv/vann,ja,strøm,ja,-,https://www.finn.no/realestate/homes/ad.html?finnkode=477507645,farm,0.58,0.3,0.15,0.72,1.0,0.5,0.5,1.0,0.6,1.0,0.3
187,54.1,477282236,Stor landbrukseiendom med to boliger og flere bygninger i Efjord,Ballangen,Nordland,2871090,3287.8,,,strandlinje/naust,elv/vann,-,-,ja,-,https://www.finn.no/realestate/homes/ad.html?finnkode=477282236,farm,0.61,0.45,1.0,0.0,0.5,0.5,0.5,0.4,0.3,1.0,0.3
188,54.0,460914389,"Velkommen til Larsgarden. Eiendom på ca. 86 daa med regulert område på 13 daa til boligbebyggelse, naust og friområde.",Mauseidvåg,Møre og Romsdal,4613590,86.5,,,strandlinje/naust,elv/vann,-,strøm,-,-,https://www.finn.no/realestate/homes/ad.html?finnkode=460914389,farm,0.11,1.0,1.0,0.35,0.5,0.5,0.5,0.4,0.6,0.4,0.3
189,53.8,476740935,Småbruk | Stort hus med to naust | Store hageområder | Løe og drivhus | Landlige omgivelser på Sotra,Skogsvåg,Vestland,4090840,152.2,,,strandlinje/naust,elv/vann,ja,-,-,-,https://www.finn.no/realestate/homes/ad.html?finnkode=476740935,house,0.26,0.45,1.0,0.61,0.5,0.5,0.5,1.0,0.3,0.4,0.3
190,53.8,465163704,Lys fritidsleilighet på populære Lifjell | 3 soverom | Sydvendt balkong | Opplevelser året rundt,Bø i Telemark,Telemark,1897340,19.9,,,-,elv/vann,-,vann+strøm,-,-,https://www.finn.no/realestate/homes/ad.html?finnkode=465163704,house,0.89,0.45,0.5,0.08,0.5,0.5,0.5,0.4,1.0,0.4,0.3
191,53.8,446096428,Idyllisk beliggende småbruk med koselig våningshus - Fin utsikt - Strandlinje og nærhet til sjøen,Bjoa,Rogaland,3589840,73.8,,,strandlinje/naust,elv/vann,ja,-,-,-,https://www.finn.no/realestate/homes/ad.html?finnkode=446096428,farm,0.4,0.45,1.0,0.3,0.5,0.5,0.5,1.0,0.3,0.4,0.3
192,53.7,468123954,Idyllisk småbruk med tilhørende seter og rik historie | Garasje & stabbur | Naturskjønn beliggenhet & flott utsikt!,Heidal,Innlandet,2614840,309.0,,,-,elv/vann,ja,-,ja,-,https://www.finn.no/realestate/homes/ad.html?finnkode=468123954,farm,0.68,0.3,0.15,1.0,0.5,0.5,0.5,1.0,0.3,1.0,0.3
193,53.5,473860827,"Einebustad med flott beliggenheit, med behov for renovering | 3 etasjar | 2 kjøkken | 2 Vaskerom | Parkering",Vik i Sogn,Vestland,1528340,6.3,,,-,elv/vann,-,-,-,-,https://www.finn.no/realestate/homes/ad.html?finnkode=473860827,house,0.99,0.45,0.5,0.03,0.5,0.5,0.5,0.4,0.3,0.4,0.3
194,53.5,476632199,"Sjelden mulighet på Fredvang med innholdsrik enebolig, fire soverom, garasje, uthus og naust.",Fredvang,Nordland,2758340,11.1,,,strandlinje/naust,elv/vann,-,-,-,-,https://www.finn.no/realestate/homes/ad.html?finnkode=476632199,house,0.64,0.45,1.0,0.04,0.5,0.5,0.5,0.4,0.3,0.4,0.3
195,53.5,472390885,Meget idyllisk småbruk med flott og sjønær beliggenhet i Sveggesundet!,Averøy,Møre og Romsdal,4972340,107.1,,,strandlinje/naust,elv/vann,-,-,ja,-,https://www.finn.no/realestate/homes/ad.html?finnkode=472390885,farm,0.01,1.0,1.0,0.43,0.5,0.5,0.5,0.4,0.3,1.0,0.3
196,53.4,476117522,Landlig eiendom på Hope - Sjarmerende hus - Uthus - Stor tomt - Attraktive friluftsområder,Risør,Agder,2563850,30.6,,,sjø nevnt,elv/vann,ja,vann,-,-,https://www.finn.no/realestate/homes/ad.html?finnkode=476117522,house,0.7,0.45,0.6,0.12,0.5,0.5,0.5,1.0,0.6,0.4,0.3
197,53.3,416709615,Tidligere Landbrukseiendom /​ småbruk vurderes solgt,Leknes,Nordland,3500000,100.0,,85.0,-,elv/vann,ja,-,-,ja,https://www.finn.no/realestate/homes/ad.html?finnkode=416709615,farm,0.43,0.45,0.5,0.4,0.5,1.0,0.5,1.0,0.3,0.4,1.0
198,53.3,474861015,Visning | Sjarmerende og koselig bolig med pen hage i rolige og sentrumsnære omgivelser i historiske Kanalbyen,Notodden,Telemark,1630932,16.5,,,-,elv/vann,-,-,-,-,https://www.finn.no/realestate/homes/ad.html?finnkode=474861015,house,0.96,0.45,0.5,0.07,0.5,0.5,0.5,0.4,0.3,0.4,0.3
199,53.0,470565732,Småbruk i Telemark,Nissedal,Telemark,2255000,13.5,14.0,,sjø nevnt,elv/vann,-,vann+strøm,ja,-,https://www.finn.no/realestate/homes/ad.html?finnkode=470565732,farm,0.78,0.45,0.6,0.05,0.32,0.5,0.5,0.4,1.0,1.0,0.3
200,53.0,472302780,Småbruk/​ fritidseiendom,Hattfjelldal,Nordland,2750000,,,,sjø nevnt,elv/vann,-,vann,-,-,https://www.finn.no/realestate/homes/ad.html?finnkode=472302780,farm,0.64,0.45,0.6,0.5,0.5,0.5,0.5,0.4,0.6,0.4,0.3
201,53.0,474830340,"Landlig småbruk på 115 daa | Enebolig, låve med verksted og flere stabbur | 11,9 daa jord, 2,3 daa beite og 86 daa skog",Disenå,Innlandet,1846090,115.6,86.0,,-,elv/vann,ja,-,-,-,https://www.finn.no/realestate/homes/ad.html?finnkode=474830340,farm,0.9,0.3,0.15,0.46,0.68,0.5,0.5,1.0,0.3,0.4,0.3
202,52.8,476452323,Sjarmerende sæter med fint tun og tømmerbygg omringet av flotte friluftsområder - 48 daa skog - Konsesjonsfritt,Gjesåsen,Innlandet,647140,52.3,48.0,,-,elv/vann,ja,-,ja,-,https://www.finn.no/realestate/homes/ad.html?finnkode=476452323,house,1.0,0.3,0.15,0.21,0.49,0.5,0.5,1.0,0.3,1.0,0.3
203,52.6,476102695,Småbruk med tomt på 91 dekar i Slettås | Naturskjønne og rolige omgivelser,Slettås,Innlandet,708340,92.0,,,-,elv/vann,ja,-,-,-,https://www.finn.no/realestate/homes/ad.html?finnkode=476102695,house,1.0,0.3,0.15,0.37,0.5,0.5,0.5,1.0,0.3,0.4,0.3
204,52.5,423220256,"Søre Osen-Innholdsrik landbrukseiendom med strandlinje,  to hyttetomter og skog.",Søre Osen,Innlandet,3054500,634.9,,,strandlinje/naust,elv/vann,ja,-,-,-,https://www.finn.no/realestate/homes/ad.html?finnkode=423220256,farm,0.56,0.3,1.0,0.06,0.5,0.5,0.5,1.0,0.3,0.4,0.3
205,52.5,413038308,Innholdsrik eiendom hvor det er to boliger og en tidl. driftsbygning - Umiddelbar nærhet til natur og vakker utsikt,Bøstad,Nordland,2819840,145.3,,,sjø nevnt,elv/vann,-,-,-,-,https://www.finn.no/realestate/homes/ad.html?finnkode=413038308,house,0.62,0.45,0.6,0.58,0.5,0.5,0.5,0.4,0.3,0.4,0.3
206,52.4,466811008,"Sjarmerende & idyllisk småbruk/​fritidseiendom. Gode solforhold og fantastisk utsikt. Våningshus, låve, stabbur, utebod.",Ytterøy,Trøndelag,3076090,53.7,,,sjø nevnt,elv/vann,-,-,-,-,https://www.finn.no/realestate/homes/ad.html?finnkode=466811008,house,0.55,0.8,0.6,0.21,0.5,0.5,0.5,0.4,0.3,0.4,0.3
207,52.4,475953512,"Sjelden mulighet! Småbruk brukt som fritidsbolig. Våningshus, driftsbygg og kort vei til Bergen. Jaktrettigheter",Lonevåg,Vestland,3583340,218.2,,,sjø nevnt,elv/vann,-,-,ja,-,https://www.finn.no/realestate/homes/ad.html?finnkode=475953512,farm,0.4,0.45,0.6,0.87,0.5,0.5,0.5,0.4,0.3,1.0,0.3
208,52.3,465276821,"Enebolig med  Anneks /​garasje. Strandlinje, naust. Stor eiet tomt på hele 103 dekar, Leinesveien 13 i Steigen",Leines,,3657740,103.4,,,strandlinje/naust,elv/vann,ja,-,-,-,https://www.finn.no/realestate/homes/ad.html?finnkode=465276821,farm,0.38,0.3,1.0,0.41,0.5,0.5,0.5,1.0,0.3,0.4,0.3
209,52.3,405480303,Enebolig med stor tomt og 20 m strandlinje | Integrert garasje og gode parkeringsmuligheter | Naturskjønt ved fjorden,Meistervik,Troms,3076090,8.9,,,strandlinje/naust,elv/vann,-,vann,-,-,https://www.finn.no/realestate/homes/ad.html?finnkode=405480303,house,0.55,0.45,1.0,0.04,0.5,0.5,0.5,0.4,0.6,0.4,0.3
210,52.2,350001088,"Innholdsrikt hus med havutsikt. Taksten er på 2 millioner, men kom gjerne med bud. Alle bud vurderes seriøst",Berlevåg,,1806650,13.9,,,sjø nevnt,elv/vann,-,vann,-,-,https://www.finn.no/realestate/homes/ad.html?finnkode=350001088,house,0.91,0.3,0.6,0.06,0.5,0.5,0.5,0.4,0.6,0.4,0.3
211,52.0,476993122,"Landbrukseiendom på Balsnes | Enebolig over tre plan | Garasje, fjøs og naust | Stor veranda | Stor eiet tomt",Vikran,Troms,3691090,1177.7,,,strandlinje/naust,elv/vann,ja,-,ja,-,https://www.finn.no/realestate/homes/ad.html?finnkode=476993122,farm,0.37,0.45,1.0,0.0,0.5,0.5,0.5,1.0,0.3,1.0,0.3
212,52.0,468279699,"Laftet hus og tre hytter i Morgedal - tomt på 40,8 dekar!",Morgedal,Telemark,1990000,40.8,,,-,elv/vann,-,-,-,-,https://www.finn.no/realestate/homes/ad.html?finnkode=468279699,farm,0.86,0.45,0.5,0.16,0.5,0.5,0.5,0.4,0.3,0.4,0.3
213,51.9,465191471,"Idyllisk og sjarmerende småbruk på 14,75 mål - Usjenert tomt med låve, uthus, stor garasje -Landlig med stort potensiale",Risdal,Agder,2563590,14.8,,,sjø nevnt,elv/vann,ja,-,-,-,https://www.finn.no/realestate/homes/ad.html?finnkode=465191471,house,0.7,0.45,0.6,0.06,0.5,0.5,0.5,1.0,0.3,0.4,0.3
214,51.9,459986959,NY PRIS - Konsesjonspliktig landbrukseigedom i flotte omgivelser på Åsane | Jakt & fiskerett | Fallrettsleige |,Førde,Vestland,3961300,634.3,,67.0,strandlinje/naust,elv/vann,-,-,ja,-,https://www.finn.no/realestate/homes/ad.html?finnkode=459986959,farm,0.3,0.45,1.0,0.06,0.5,1.0,0.5,0.4,0.3,1.0,0.3
215,51.7,476134536,"Gravberget - småbruk med landlig og skjermet beliggenhet. Stor tomt på 61,7 daa. Uthus og låve. Nærhet til natur!",Gravberget,Innlandet,1244890,61.7,344.0,,-,elv/vann,ja,-,-,-,https://www.finn.no/realestate/homes/ad.html?finnkode=476134536,farm,1.0,0.3,0.15,0.25,0.53,0.5,0.5,1.0,0.3,0.4,0.3
216,51.7,475981266,"Avaldsnes - Innholdsrik familiebolig på stor tomt - 4 soverom, loftstue og egen nausttomt",Avaldsnes,Rogaland,3067040,15.9,,,strandlinje/naust,elv/vann,-,-,-,-,https://www.finn.no/realestate/homes/ad.html?finnkode=475981266,house,0.55,0.45,1.0,0.06,0.5,0.5,0.5,0.4,0.3,0.4,0.3
217,51.7,459773412,"Velholdt familiebolig med fire soverom i landlige omgivelser på 11,6 daa tomt - Uthus/​garasje med muligheter",Namnå,Innlandet,1846390,11.6,61.0,116.0,-,elv/vann,ja,-,-,-,https://www.finn.no/realestate/homes/ad.html?finnkode=459773412,house,0.9,0.3,0.15,0.05,0.55,1.0,0.5,1.0,0.3,0.4,0.3
218,51.3,473226872,Enebolig med stor tomt - Landlig beliggenhet - Gode solforhold,Ballstad,Nordland,2358590,5.1,,,-,elv/vann,ja,-,-,-,https://www.finn.no/realestate/homes/ad.html?finnkode=473226872,house,0.75,0.45,0.5,0.02,0.5,0.5,0.5,1.0,0.3,0.4,0.3
219,51.2,452853474,Sjarmerende småbruk med fantastisk utsikt i Gjøvdal. Trenger mye kjærlighet!,Åmli,Agder,2306250,3.0,,,-,elv/vann,-,strøm,ja,-,https://www.finn.no/realestate/homes/ad.html?finnkode=452853474,farm,0.77,0.45,0.5,0.01,0.5,0.5,0.5,0.4,0.6,1.0,0.3
220,51.2,475499104,Oppussingsobjekt i rolige omgivelser på Grinder | Småbruk | Stort potensial | Konsesjonsfritt,Grinder,Innlandet,1333590,12.1,,,-,elv/vann,ja,-,ja,-,https://www.finn.no/realestate/homes/ad.html?finnkode=475499104,farm,1.0,0.3,0.15,0.05,0.5,0.5,0.5,1.0,0.3,1.0,0.3
221,51.1,408849592,Delikat bolig med høy standard benyttet som fritidsbolig. Usjenert beliggenhet. 49 dekar tomt. Gode solforhold,Konsvikosen,Nordland,3055590,49.6,,,sjø nevnt,elv/vann,ja,strøm,-,-,https://www.finn.no/realestate/homes/ad.html?finnkode=408849592,house,0.56,0.45,0.6,0.2,0.5,0.5,0.5,1.0,0.6,0.4,0.3
222,51.0,469302668,Småbruk til salgs i vakre Setesdal,Rysstad,Agder,3280000,8.2,,,strandlinje/naust,elv/vann,-,vann,-,-,https://www.finn.no/realestate/homes/ad.html?finnkode=469302668,farm,0.49,0.45,1.0,0.03,0.5,0.5,0.5,0.4,0.6,0.4,0.3
223,50.5,475506915,Enebolig med sjøutsikt og fjellpanorama | Stor stue med imponerende takhøyde og hems | Veranda og garasje | 13 mål,Stokmarknes,Nordland,2768590,13.1,,,sjø nevnt,elv/vann,ja,-,-,-,https://www.finn.no/realestate/homes/ad.html?finnkode=475506915,house,0.64,0.45,0.6,0.05,0.5,0.5,0.5,1.0,0.3,0.4,0.3
224,50.4,457702261,"Sauland - Småbruk på 5,8 mål med nyoppusset hus, låve og stabbur. Kort vei til Sauland. Dyrket mark på 2,5 mål",Sauland,Telemark,2922340,5.8,,58.0,-,elv/vann,-,-,ja,-,https://www.finn.no/realestate/homes/ad.html?finnkode=457702261,farm,0.59,0.45,0.5,0.02,0.5,0.98,0.5,0.4,0.3,1.0,0.3
225,50.4,471512912,"Oppgradert og praktisk enebolig i kjede med alt på en flate | Etterisolert, nye vinduer og ny kledning | 2 Sov | Carport",Trøgstad,Østfold,2672476,11.7,,,-,elv/vann,ja,vann,-,-,https://www.finn.no/realestate/homes/ad.html?finnkode=471512912,house,0.67,0.45,0.5,0.05,0.5,0.5,0.5,1.0,0.6,0.4,0.3
226,50.3,472129925,Velholdt enebolig på familievennlige Jøriberget | 4 soverom | Garasje | Solrike uteplasser!,Frei,Møre og Romsdal,3493870,5.8,,,-,elv/vann,-,vann,-,-,https://www.finn.no/realestate/homes/ad.html?finnkode=472129925,house,0.43,1.0,0.5,0.02,0.5,0.5,0.5,0.4,0.6,0.4,0.3
227,50.3,465095687,Innholdsrik enebolig med landlig beliggenhet | Stor terrasse og hage | Flott fjellutsikt,Inndyr,Nordland,2655840,5.2,,,-,elv/vann,ja,vann,-,-,https://www.finn.no/realestate/homes/ad.html?finnkode=465095687,house,0.67,0.45,0.5,0.02,0.5,0.5,0.5,1.0,0.6,0.4,0.3
228,50.2,325600631,"NY PRIS - Stor og velholdt enebolig, sentralt på Steine i Bø - Garasje - Stor tomt - Flere parseller",Bø i Vesterålen,Nordland,2553340,62.1,,,-,elv/vann,-,vann,-,-,https://www.finn.no/realestate/homes/ad.html?finnkode=325600631,house,0.7,0.45,0.5,0.25,0.5,0.5,0.5,0.4,0.6,0.4,0.3
229,50.2,452600298,Stor enebolig med 5 soverom og to tilleggs tomter - totalt 10 mål i Vestre Jakobselv - NY PRIS,Vestre Jakobselv,Finnmark,2565595,10.4,,,-,elv/vann,ja,-,-,-,https://www.finn.no/realestate/homes/ad.html?finnkode=452600298,house,0.7,0.45,0.5,0.04,0.5,0.5,0.5,1.0,0.3,0.4,0.3
230,50.1,450258996,Enebolig på Austevoll - Stolmen,Stolmen,Vestland,2307600,6.9,,,sjø nevnt,elv/vann,-,-,-,-,https://www.finn.no/realestate/homes/ad.html?finnkode=450258996,house,0.77,0.45,0.6,0.03,0.5,0.5,0.5,0.4,0.3,0.4,0.3
231,50.1,475966797,Småbruk med låve og stor tomt på over 28 dekar | Enebolig med behov for modernisering | Landlig beliggenhet,Åsvang,Innlandet,1128590,28.5,,,-,elv/vann,ja,-,-,-,https://www.finn.no/realestate/homes/ad.html?finnkode=475966797,house,1.0,0.3,0.15,0.11,0.5,0.5,0.5,1.0,0.3,0.4,0.3
232,50.1,472017495,TRYSIL - Idyllisk eiendom på Rømoen.,Jordet,Innlandet,828900,5.1,,,-,elv/vann,ja,strøm,-,-,https://www.finn.no/realestate/homes/ad.html?finnkode=472017495,house,1.0,0.3,0.15,0.02,0.5,0.5,0.5,1.0,0.6,0.4,0.3
233,50.1,380330192,Stor boligtomt med nytt uthus. Ny pris!,Hernes,Innlandet,1000000,5.4,,,-,elv/vann,ja,strøm,-,-,https://www.finn.no/realestate/homes/ad.html?finnkode=380330192,house,1.0,0.3,0.15,0.02,0.5,0.5,0.5,1.0,0.6,0.4,0.3
234,50.1,474079155,Sjarmerende eiendom beliggende i landlige omgivelser ved Disenå i Sør-Odal kommune,Disenå,,1300240,5.6,,,-,elv/vann,ja,strøm,-,-,https://www.finn.no/realestate/homes/ad.html?finnkode=474079155,house,1.0,0.3,0.15,0.02,0.5,0.5,0.5,1.0,0.6,0.4,0.3
235,50.0,467201752,Småbruk med stor tomt ved Hallingdalselva | Våningshus og fire driftsbygninger | Omfattende rehabiliteringsbehov,Gol,Buskerud,1332500,27.3,,,-,elv/vann,ja,-,-,-,https://www.finn.no/realestate/homes/ad.html?finnkode=467201752,farm,1.0,0.3,0.15,0.11,0.5,0.5,0.5,1.0,0.3,0.4,0.3
236,50.0,467414431,Innholdsrik enebolig med landlig beliggenhet på Frosta. Flott utsikt mot fjorden. 5 soverom. Garasje.,Frosta,Trøndelag,3783340,5.1,,,sjø nevnt,elv/vann,ja,strøm,-,-,https://www.finn.no/realestate/homes/ad.html?finnkode=467414431,house,0.35,0.8,0.6,0.02,0.5,0.5,0.5,1.0,0.6,0.4,0.3
237,50.0,471947373,Innholdsrikt kjedehus med fire romslige soverom og to toalett | Sørvendt terrasse | Garasje med loft | Godt vedlikeholdt,Molde,Møre og Romsdal,4132274,22.5,,,-,elv/vann,ja,vann,-,-,https://www.finn.no/realestate/homes/ad.html?finnkode=471947373,house,0.25,1.0,0.5,0.09,0.5,0.5,0.5,1.0,0.6,0.4,0.3
238,49.8,467077812,"Landlig småbruk med stor tomt og utsikt | Våningshus med utleiedel, låve og uthus | Naturnært på Slåstad i Sør-Odal",Slåstad,Innlandet,2512340,12.7,,,sjø nevnt,elv/vann,ja,-,-,-,https://www.finn.no/realestate/homes/ad.html?finnkode=467077812,house,0.71,0.3,0.6,0.05,0.5,0.5,0.5,1.0,0.3,0.4,0.3
239,49.8,365548794,Gårdsbruk til salgs i Lakselvdalen,Nordkjosbotn,Troms,3795000,596.9,,,sjø nevnt,bekk/vassdrag,-,-,ja,ja,https://www.finn.no/realestate/homes/ad.html?finnkode=365548794,farm,0.34,0.45,0.6,0.21,0.5,0.5,1.0,0.4,0.3,1.0,1.0
240,49.7,467478150,"Eiendom i havgapet i Solund | 2 bolighus, sjøbu og låve | Lun havn med kai/​brygge | 2 t m/​ ekspressbåt fra Bergen",Ytrøygrend,Vestland,3378340,13.1,,,strandlinje/naust,elv/vann,-,-,-,-,https://www.finn.no/realestate/homes/ad.html?finnkode=467478150,farm,0.46,0.45,1.0,0.05,0.5,0.5,0.5,0.4,0.3,0.4,0.3
241,49.6,475465429,Enebolig med potensial på 17 mål eiertomt | To doble garasjer | Oppgraderinger må påregnes,Våler i Solør,Innlandet,605840,17.2,,,-,elv/vann,ja,-,-,-,https://www.finn.no/realestate/homes/ad.html?finnkode=475465429,farm,1.0,0.3,0.15,0.07,0.5,0.5,0.5,1.0,0.3,0.4,0.3
242,49.6,399785558,Tidligere småbruk med skjermet og god beliggenhet - 22 mål tomt - Oppussingsobjekt med potensiale,Heradsbygd,Innlandet,1541090,22.1,,,-,elv/vann,ja,-,-,-,https://www.finn.no/realestate/homes/ad.html?finnkode=399785558,house,0.99,0.3,0.15,0.09,0.5,0.5,0.5,1.0,0.3,0.4,0.3
243,49.5,410904334,Småbruk med stort våningshus påbygd i 2017 | Nyere dobbelgarasje | Over 20 dekar med tomt,Aukra,Møre og Romsdal,4049840,20.2,,,-,elv/vann,ja,-,-,-,https://www.finn.no/realestate/homes/ad.html?finnkode=410904334,farm,0.27,1.0,0.5,0.08,0.5,0.5,0.5,1.0,0.3,0.4,0.3
244,49.4,467956016,Ny pris! Moderne og praktisk enebolig fra 2018 - Uthus + badstue - Tomt på ca.34 mål - Naturskjønn og rolig beliggenhet,Bøstad,Nordland,3065840,34.8,,,-,elv/vann,ja,-,-,ja,https://www.finn.no/realestate/homes/ad.html?finnkode=467956016,house,0.55,0.45,0.5,0.14,0.5,0.5,0.5,1.0,0.3,0.4,1.0
245,49.4,461110658,"Bo enklere, lettere og smartere - moderne bolig med fantastisk utsikt",Skjolden,Vestland,2758340,6.0,,,sjø nevnt,elv/vann,-,vann+strøm,-,-,https://www.finn.no/realestate/homes/ad.html?finnkode=461110658,house,0.64,0.45,0.6,0.02,0.5,0.5,0.5,0.4,1.0,0.4,0.3
246,49.3,467352478,Påbegynt totalrenoveringsobjekt med stor tomt - skap ditt eget drømmeprosjekt!,Kolbu,,685240,9.6,,,-,elv/vann,ja,-,-,-,https://www.finn.no/realestate/homes/ad.html?finnkode=467352478,farm,1.0,0.3,0.15,0.04,0.5,0.5,0.5,1.0,0.3,0.4,0.3
247,49.3,475517405,"Stor eiendom på 20,3 mål med enebolig, smie, mølle, lagerbygg, uthus og garasje/​lagerbygg. 10,9 mål med produktiv skog!",Stavsjø,Innlandet,3076390,20.2,109.0,,sjø nevnt,elv/vann,ja,-,-,-,https://www.finn.no/realestate/homes/ad.html?finnkode=475517405,house,0.55,0.3,0.6,0.08,0.8,0.5,0.5,1.0,0.3,0.4,0.3
248,49.2,475532229,"Landlig beliggende enebolig med stor tomt, terrasse og garasje | Kort vei til flotte friluftsområder",Øvre Snertingdal,,1238740,6.8,,,-,elv/vann,ja,-,-,-,https://www.finn.no/realestate/homes/ad.html?finnkode=475532229,farm,1.0,0.3,0.15,0.03,0.5,0.5,0.5,1.0,0.3,0.4,0.3
249,49.2,427828013,Innholdsrik enebolig med gode solforhold i landlige omgivelser. Uthus og garasje!,Stabbestad,Telemark,3025100,21.9,,,sjø nevnt,elv/vann,ja,-,-,-,https://www.finn.no/realestate/homes/ad.html?finnkode=427828013,house,0.56,0.45,0.6,0.09,0.5,0.5,0.5,1.0,0.3,0.4,0.3
250,49.2,473025763,"Enebolig med tomt på 5,6 mål | Landlig og usjenert i Stor-Elvdal | Overbygget terrasse | Uthus med lagringsplass",Koppang,Innlandet,993590,5.6,,,-,elv/vann,ja,-,-,-,https://www.finn.no/realestate/homes/ad.html?finnkode=473025763,house,1.0,0.3,0.15,0.02,0.5,0.5,0.5,1.0,0.3,0.4,0.3
251,49.2,476532413,"Enebolig med et stort rehabiliteringsbehov i landlige omgivelser - Tomteareal på ca. 5,2 mål.",Rollag,Buskerud,718886,5.2,,,-,elv/vann,ja,-,-,-,https://www.finn.no/realestate/homes/ad.html?finnkode=476532413,house,1.0,0.3,0.15,0.02,0.5,0.5,0.5,1.0,0.3,0.4,0.3
252,49.0,350081495,"Småbruk - Enebolig med fjøs/​anneks, stabbur og uthus - Solrik beliggenhet og nærhet til Mosjøen sentrum",Mosjøen,Nordland,2512340,9.1,,,sjø nevnt,elv/vann,-,-,-,-,https://www.finn.no/realestate/homes/ad.html?finnkode=350081495,farm,0.71,0.45,0.6,0.04,0.5,0.5,0.5,0.4,0.3,0.4,0.3
253,49.0,474864987,Landbrukseiendom |  Stort våningshus - Bad/​vaskerom  oppusset i 2015 | Innholdsrik driftsbygning | 73 daa,Verdal,Trøndelag,4500840,73.2,,51.0,-,elv/vann,ja,-,-,-,https://www.finn.no/realestate/homes/ad.html?finnkode=474864987,farm,0.14,0.8,0.5,0.29,0.5,0.9,0.5,1.0,0.3,0.4,0.3
254,49.0,466662732,"Unik mulighet! Nydelig landbrukseiendom på 1214 mål i naturskjønne omgivelser. Bolig, driftsbygning, garasje og naust",Midsund,Møre og Romsdal,3845100,1214.1,7095.0,4192.0,strandlinje/naust,elv/vann,ja,-,-,-,https://www.finn.no/realestate/homes/ad.html?finnkode=466662732,farm,0.33,1.0,1.0,0.0,0.0,0.0,0.5,1.0,0.3,0.4,0.3
255,48.9,472374565,"Enebolig (tidl. småbruk) med ca. 13,3 daa tomt. Hage med skigard. Gode muligheter for hobby, hage og friluftsliv.",Rena,Innlandet,1590140,13.3,,,-,elv/vann,ja,-,-,-,https://www.finn.no/realestate/homes/ad.html?finnkode=472374565,house,0.97,0.3,0.15,0.05,0.5,0.5,0.5,1.0,0.3,0.4,0.3
256,48.9,477563352,"Småbruk med 4,1 mål tomt - Gjennomgått oppgradering i 2026 - Kort avstand til skole og barnehage - Låvebygning",Evje,Agder,2245840,4.2,,,-,elv/vann,-,-,-,-,https://www.finn.no/realestate/homes/ad.html?finnkode=477563352,farm,0.79,0.45,0.5,0.02,0.5,0.5,0.5,0.4,0.3,0.4,0.3
257,48.8,394601595,"Aure - Småbruk på 868 dekar, hvorav 27 dekar fulldyrket. 2 boliger, gårdssag, egen brygge m.m. Jaktrettigheter.",Foldfjorden,Møre og Romsdal,4831480,,868.0,,strandlinje/naust,elv/vann,-,-,-,-,https://www.finn.no/realestate/homes/ad.html?finnkode=394601595,farm,0.05,1.0,1.0,0.5,0.0,0.5,0.5,0.4,0.3,0.4,0.3
258,48.8,473995618,Bolig med 2 leiligheter  | Stor garasje med 4 plasser | Naust | Flere ubebygde tomter inkl. en fritidstomt,Moen,Troms,4090840,28.9,,,strandlinje/naust,elv/vann,ja,-,-,-,https://www.finn.no/realestate/homes/ad.html?finnkode=473995618,house,0.26,0.45,1.0,0.12,0.5,0.5,0.5,1.0,0.3,0.4,0.3
259,48.8,475920152,BUD MOTTATT! Tidligere småbruk med stor tomt & fin utsikt - Eldre fjøs og uthus - 3 soverom - Barnevennlig beliggenhet.,Stokmarknes,Nordland,2512340,6.2,,,sjø nevnt,elv/vann,-,-,-,-,https://www.finn.no/realestate/homes/ad.html?finnkode=475920152,house,0.71,0.45,0.6,0.02,0.5,0.5,0.5,0.4,0.3,0.4,0.3
260,48.8,476150391,"Sjarmerende småbruk med låve og stabbur på Øygardane | 16 mål | Ca. 5,5 km fra Gol sentrum",Gol,Buskerud,2358850,16.3,63.0,64.0,-,elv/vann,ja,-,-,-,https://www.finn.no/realestate/homes/ad.html?finnkode=476150391,house,0.75,0.3,0.15,0.07,0.56,1.0,0.5,1.0,0.3,0.4,0.3
261,48.8,475393649,Familievennlig enebolig i rekke med god planløsning - Perfekt for barn med lekeplass i umiddelbar nærhet!,Tistedal,Østfold,2518368,21.2,,,-,elv/vann,-,vann,-,-,https://www.finn.no/realestate/homes/ad.html?finnkode=475393649,house,0.71,0.45,0.5,0.08,0.5,0.5,0.5,0.4,0.6,0.4,0.3
262,48.7,468076297,"Konsmo-Betydelig oppgradert lite småbruk på solrik tomt i landlige, idylliske omgivelser.",Konsmo,Agder,2771700,5.1,,,-,elv/vann,ja,-,-,-,https://www.finn.no/realestate/homes/ad.html?finnkode=468076297,house,0.64,0.45,0.5,0.02,0.5,0.5,0.5,1.0,0.3,0.4,0.3
263,48.7,457500910,Romslig enebolig med stor tomt i rolig og tilbaketrukket område | Stor låve med verksted og løftebukk| Gode solforhold,Rissa,Trøndelag,3588590,3.2,,,-,elv/vann,ja,-,-,-,https://www.finn.no/realestate/homes/ad.html?finnkode=457500910,farm,0.4,0.8,0.5,0.01,0.5,0.5,0.5,1.0,0.3,0.4,0.3
264,48.6,465634805,"Velholdt småbruk med ca. 41 daa fulldyrket jord , strandlinje, våningshus med 3 soverom og driftsbygning.",Kongsvinger,Innlandet,3844840,47.5,13.0,,strandlinje/naust,elv/vann,ja,-,-,ja,https://www.finn.no/realestate/homes/ad.html?finnkode=465634805,farm,0.33,0.3,1.0,0.19,0.31,0.5,0.5,1.0,0.3,0.4,1.0
265,48.4,419923473,Innholdsrik enebolig med stor og solrik tomt. Låve og uthus. Koselig beliggenhet.,Koppang,Innlandet,1631140,5.7,,,-,elv/vann,ja,-,-,-,https://www.finn.no/realestate/homes/ad.html?finnkode=419923473,house,0.96,0.3,0.15,0.02,0.5,0.5,0.5,1.0,0.3,0.4,0.3
266,48.3,476018387,"Stor landbrukseiendom m/​ nydelig beliggenhet v/​ Drevvatnet | Ca. 9 300 daa | Jakt, fiske, skog & fjell! - DITT NYE HJEM?",Elsfjord,Nordland,3281090,9328.9,9300.0,,strandlinje/naust,elv/vann,ja,-,-,-,https://www.finn.no/realestate/homes/ad.html?finnkode=476018387,farm,0.49,0.45,1.0,0.0,0.0,0.5,0.5,1.0,0.3,0.4,0.3
267,48.2,439328840,"Hyggelig og sjarmerende småbruk på 18,9 mål med 5 sov og uthus m/​ garasje. Kort vei til butikk, bhg og friluftsområder!",Braskereidfoss,Innlandet,1733640,18.9,,,-,elv/vann,ja,-,-,-,https://www.finn.no/realestate/homes/ad.html?finnkode=439328840,house,0.93,0.3,0.15,0.08,0.5,0.5,0.5,1.0,0.3,0.4,0.3
268,48.1,473280055,Stor eiendomstomt med kondemnable bygg - mulighet for veg - SEFRAK-reg. uthus - boplikt.,Knapper,Innlandet,334215,8.9,,,-,elv/vann,-,-,ja,-,https://www.finn.no/realestate/homes/ad.html?finnkode=473280055,house,1.0,0.3,0.15,0.04,0.5,0.5,0.5,0.4,0.3,1.0,0.3
269,48.0,438947605,"Småbruk med sentral beliggenhet og stort potensiale. Stort renoveringsbehov. Låve med 2 stallbokser. Tomt på 6,3 mål.",Mysen,Østfold,2553340,6.4,,,-,elv/vann,-,vann,-,-,https://www.finn.no/realestate/homes/ad.html?finnkode=438947605,house,0.7,0.45,0.5,0.03,0.5,0.5,0.5,0.4,0.6,0.4,0.3
270,47.8,476467455,"Sjarmerende boligeiendom med ca 5,5 mål tomt | Låve | Terrasse og overbygget veranda | Peisovn og varmepumpe",Gardvik,Innlandet,1999840,5.5,,,-,elv/vann,ja,-,ja,-,https://www.finn.no/realestate/homes/ad.html?finnkode=476467455,house,0.86,0.3,0.15,0.02,0.5,0.5,0.5,1.0,0.3,1.0,0.3
271,47.8,465163683,"Fritids-/​ Landbrukseiendom med stor enebolig over tre plan, uthus/​fjøs og et garasjebygg | Eiertomt på ca. 110 dekar!",Storslett,Troms,3332340,110.1,,,sjø nevnt,elv/vann,-,-,-,-,https://www.finn.no/realestate/homes/ad.html?finnkode=465163683,farm,0.48,0.45,0.6,0.44,0.5,0.5,0.5,0.4,0.3,0.4,0.3
272,47.8,475577122,Sjarmerende enebolig i naturskjønne omgivelser | Stor eiendom med utviklingsmuligheter | Nydelig utsikt,Valberg,Nordland,2973590,14.2,,,-,elv/vann,ja,-,-,-,https://www.finn.no/realestate/homes/ad.html?finnkode=475577122,house,0.58,0.45,0.5,0.06,0.5,0.5,0.5,1.0,0.3,0.4,0.3
273,47.7,467085501,Skjervøy - Enebolig med 3 soverom,Skjervøy,Troms,2461090,6.5,,,-,elv/vann,-,-,-,-,https://www.finn.no/realestate/homes/ad.html?finnkode=467085501,house,0.73,0.45,0.5,0.03,0.5,0.5,0.5,0.4,0.3,0.4,0.3
274,47.6,463912402,Naturskjønn og solrik eiendom med pent opparbeidet tomt og strandlinje på Foldøy! Stort lagerbygg og serveringslokale!,Foldøy,Rogaland,4398340,12.0,,,strandlinje/naust,elv/vann,ja,-,-,ja,https://www.finn.no/realestate/homes/ad.html?finnkode=463912402,house,0.17,0.45,1.0,0.05,0.5,0.5,0.5,1.0,0.3,0.4,1.0
275,47.6,473643110,Idyllisk gårdseiendom like ved Veressjøen. 596 daa totalt. 8 hyttetomter. Jakt- og fiske. Setervoll i nasjonalparken.,Vuku,Trøndelag,4398640,596.0,385.0,596.0,strandlinje/naust,elv/vann,ja,-,-,-,https://www.finn.no/realestate/homes/ad.html?finnkode=473643110,farm,0.17,0.8,1.0,0.22,0.32,0.0,0.5,1.0,0.3,0.4,0.3
276,47.5,468046894,"STOR ENEBOLIG MED IDYLLISK BELIGGENHET | Garasje, låve, anneks og naust | Stor tomt og terrasse på 72 m²",Sandhornøy,Nordland,4090840,69.9,,,strandlinje/naust,elv/vann,-,-,-,-,https://www.finn.no/realestate/homes/ad.html?finnkode=468046894,house,0.26,0.45,1.0,0.28,0.5,0.5,0.5,0.4,0.3,0.4,0.3
277,47.5,472804759,"Landlig beliggende enebolig på stor eiertomt på 6,6 mål | Solrike uteplasser | Kort vei til sentrum |",Skiptvet,Østfold,2973590,6.6,,,-,elv/vann,ja,-,-,-,https://www.finn.no/realestate/homes/ad.html?finnkode=472804759,house,0.58,0.45,0.5,0.03,0.5,0.5,0.5,1.0,0.3,0.4,0.3
278,47.4,463365021,"Innholdsrikt småbruk med våningshus, verksted m/​ flere isolerte rom, hytte og to uthus på 32 daa tomt ved Skalbukilen",Åsnes Finnskog,Innlandet,2666390,32.9,237.0,,-,elv/vann,ja,-,-,-,https://www.finn.no/realestate/homes/ad.html?finnkode=463365021,farm,0.67,0.3,0.15,0.13,1.0,0.5,0.5,1.0,0.3,0.4,0.3
279,47.3,466354000,Neverfjord/​Porsa. Moderne og innholdsrik enebolig med 4 sov og 2 bad. Alle fasiliteter. Ro og fantastisk sjøutsikt.,Kvalsund,,3297990,23.8,,,sjø nevnt,bekk/vassdrag,-,strøm,-,-,https://www.finn.no/realestate/homes/ad.html?finnkode=466354000,house,0.49,0.3,0.6,0.1,0.5,0.5,1.0,0.4,0.6,0.4,0.3
280,47.1,419046312,| Sjelden mulighet |Skap din drømmeplass! Stor sjøeiendom på over 19 mål med enebolig og naust.,Skogsvåg,Vestland,4306090,19.8,,,strandlinje/naust,elv/vann,ja,-,-,-,https://www.finn.no/realestate/homes/ad.html?finnkode=419046312,house,0.2,0.45,1.0,0.08,0.5,0.5,0.5,1.0,0.3,0.4,0.3
281,46.8,415359177,"Potensielt motell, utleieeiendom, airBNB selges ca 22 mål",Haltdalen,73,530001,22.0,,,-,elv/vann,-,-,-,-,https://www.finn.no/realestate/homes/ad.html?finnkode=415359177,house,1.0,0.3,0.15,0.09,0.5,0.5,0.5,0.4,0.3,0.4,0.3
282,46.7,469153168,"Landlig og idyllisk beliggende enebolig/​ fritidsbolig, ved sjøen-11 mål eiendomstomt-Fantastiske sol og utsiktsforhold",Tverlandet,Nordland,4306090,10.9,,,strandlinje/naust,elv/vann,ja,-,-,-,https://www.finn.no/realestate/homes/ad.html?finnkode=469153168,house,0.2,0.45,1.0,0.04,0.5,0.5,0.5,1.0,0.3,0.4,0.3
283,46.7,461176997,"Trivelig småbruk m/​skjermet & fredelig beliggenhet | Enebolig, flere garasjer & fritidsbolig m/​anneks | Flott utsikt!",Sør-Fron,Innlandet,2819840,152.0,,,-,elv/vann,ja,-,-,-,https://www.finn.no/realestate/homes/ad.html?finnkode=461176997,farm,0.62,0.3,0.15,0.61,0.5,0.5,0.5,1.0,0.3,0.4,0.3
284,46.5,477589884,"Landlig eiendom med hovedbolig og eldre boligbygning | Ca. 17,3 mål | Romslig garasje | Tilbaketrukket og naturnært",Hallingby,Buskerud,1999840,17.3,,,-,elv/vann,ja,-,-,-,https://www.finn.no/realestate/homes/ad.html?finnkode=477589884,farm,0.86,0.3,0.15,0.07,0.5,0.5,0.5,1.0,0.3,0.4,0.3
285,46.4,412175521,Småbruk i Mauranger med idyllisk beliggenhet | Sjøutsikt | Naust | Utleiemulighet i 1. etasje | Medeier i minikraftverk,Mauranger,Vestland,4612500,,,,strandlinje/naust,elv/vann,-,-,-,-,https://www.finn.no/realestate/homes/ad.html?finnkode=412175521,farm,0.11,0.45,1.0,0.5,0.5,0.5,0.5,0.4,0.3,0.4,0.3
286,46.4,454102397,LANDBRUKSEIENDOM PÅ STRAUMFJORDNES - NEDLAGT GÅRDSBRUK,Storslett,Innlandet,2051090,588.3,3818.0,981.0,sjø nevnt,elv/vann,-,-,ja,ja,https://www.finn.no/realestate/homes/ad.html?finnkode=454102397,farm,0.84,0.3,0.6,0.25,0.0,0.0,0.5,0.4,0.3,1.0,1.0
287,46.4,441338222,"Balsfjord - Gårdsbruk 5 km fra Storsteinnes. 771 daa, hvorav 73 daa fulldyrket. Jakt- og fiskrettigheter.",Storsteinnes,Troms,2935237,,2234.0,,sjø nevnt,elv/vann,-,-,-,-,https://www.finn.no/realestate/homes/ad.html?finnkode=441338222,farm,0.59,0.45,0.6,0.5,0.0,0.5,0.5,0.4,0.3,0.4,0.3
288,46.3,475464069,Småbruk Vågå,Vågå,Innlandet,452090,9.6,,,-,elv/vann,-,-,-,-,https://www.finn.no/realestate/homes/ad.html?finnkode=475464069,farm,1.0,0.3,0.15,0.04,0.5,0.5,0.5,0.4,0.3,0.4,0.3
289,46.3,459626325,Fin og romslig familiebolig med solrik og skjermet uteplass. IN- ordning. Stille og barnevennlig. Garasje og bod.,Sandefjord,Vestfold,3598455,16.7,,,sjø nevnt,elv/vann,ja,strøm,-,-,https://www.finn.no/realestate/homes/ad.html?finnkode=459626325,house,0.4,0.45,0.6,0.07,0.5,0.5,0.5,1.0,0.6,0.4,0.3
290,46.1,467999745,Da selges  Systua på  Småbruk,Nord-Torpa,Innlandet,625000,4.9,,,-,elv/vann,-,-,-,-,https://www.finn.no/realestate/homes/ad.html?finnkode=467999745,farm,1.0,0.3,0.15,0.02,0.5,0.5,0.5,0.4,0.3,0.4,0.3
291,46.1,398524817,små gård,Begnadalen,Innlandet,599000,4.5,,,-,elv/vann,-,-,-,-,https://www.finn.no/realestate/homes/ad.html?finnkode=398524817,farm,1.0,0.3,0.15,0.02,0.5,0.5,0.5,0.4,0.3,0.4,0.3
292,46.0,477070845,Sogndal | Småbruk m/​driftsbygning | 117 mål fordelt over to teigar | Jaktløyve | Fine turmoglegheiter i nærleiken,Sogndal,Vestland,2372550,117.5,628.0,238.0,-,elv/vann,-,-,ja,-,https://www.finn.no/realestate/homes/ad.html?finnkode=477070845,farm,0.75,0.45,0.5,0.47,0.0,0.0,0.5,0.4,0.3,1.0,0.3
293,46.0,476978961,Landbrukseiendom på ca 1600 mål. Naturskjønne omgivelser med gode jakt muligheter. Boligmassen trenger renovering.,Iveland,Agder,3168340,1601.7,,,-,elv/vann,ja,-,-,-,https://www.finn.no/realestate/homes/ad.html?finnkode=476978961,farm,0.52,0.45,0.5,0.0,0.5,0.5,0.5,1.0,0.3,0.4,0.3
294,45.9,476738337,Nedlagt småbruk omkranset av flott natur | ca. 585 mål | Jakt- og 2. fiskeretter | Garasje og flere driftsbygninger,Sørreisa,Troms,3588590,585.3,,,-,elv/vann,ja,-,-,-,https://www.finn.no/realestate/homes/ad.html?finnkode=476738337,farm,0.4,0.45,0.5,0.26,0.5,0.5,0.5,1.0,0.3,0.4,0.3
295,45.9,474088235,"Eiendom med potensiale. Eiertomt på 9,6 mål - Landlige og usjenerte omgivelser - Nærhet til Åmot - Kondemnerbare bygning",Åmot,Buskerud,2040840,9.6,,,-,elv/vann,ja,-,-,-,https://www.finn.no/realestate/homes/ad.html?finnkode=474088235,house,0.85,0.3,0.15,0.04,0.5,0.5,0.5,1.0,0.3,0.4,0.3
296,45.8,466087779,"Stor og innholdsrik enebolig i enden av blindvei med dobbel garasje, usjenert tomt og gode solforhold. 6 mål tomt 4 sov.",Vegårshei,Agder,3372795,6.0,,,-,elv/vann,ja,vann,-,-,https://www.finn.no/realestate/homes/ad.html?finnkode=466087779,house,0.46,0.45,0.5,0.02,0.5,0.5,0.5,1.0,0.6,0.4,0.3
297,45.8,462879314,"Tidligere småbruk med bolig, stor driftsbygning, eldre uthus og anneks. Idyllisk plass i flott kulturlandskap.",Sørskogbygda,Innlandet,2040840,6.0,,,-,elv/vann,ja,-,-,-,https://www.finn.no/realestate/homes/ad.html?finnkode=462879314,farm,0.85,0.3,0.15,0.02,0.5,0.5,0.5,1.0,0.3,0.4,0.3
298,45.4,476460346,"Innholdsrik enebolig på 22,7 måls tomt | Garasje og rikelig med lagringsplass | Naturskjønt beliggende i Vågan",Kabelvåg,Nordland,3065840,22.7,,,-,elv/vann,-,strøm,-,-,https://www.finn.no/realestate/homes/ad.html?finnkode=476460346,house,0.55,0.45,0.5,0.09,0.5,0.5,0.5,0.4,0.6,0.4,0.3
299,45.3,463773705,Landlig beliggende eiendom med bolighus og driftsbygning,Brusand,Rogaland,3537340,3.2,,,sjø nevnt,elv/vann,ja,-,-,-,https://www.finn.no/realestate/homes/ad.html?finnkode=463773705,farm,0.42,0.45,0.6,0.01,0.5,0.5,0.5,1.0,0.3,0.4,0.3
300,45.2,368122313,Gårdsbruk med melkekvote i Ulvik,Ulvik,Vestland,4612500,,,150.0,-,elv/vann,-,-,ja,ja,https://www.finn.no/realestate/homes/ad.html?finnkode=368122313,farm,0.11,0.45,0.5,0.5,0.5,0.89,0.5,0.4,0.3,1.0,1.0
301,45.2,467123276,Enebolig med utleiedel & stor tomt i landlige omgivelser i Alleknjarg,Tana,Finnmark,3885840,94.7,,,-,elv/vann,ja,-,-,-,https://www.finn.no/realestate/homes/ad.html?finnkode=467123276,house,0.32,0.45,0.5,0.38,0.5,0.5,0.5,1.0,0.3,0.4,0.3
302,45.1,463577409,"Landlig perle med storslått utsikt, over 5 mål tomt og enorme muligheter - kun en kort kjøretur fra Stavanger!",Skiftun,Rogaland,3583460,5.1,,,sjø nevnt,elv/vann,ja,-,-,-,https://www.finn.no/realestate/homes/ad.html?finnkode=463577409,house,0.4,0.45,0.6,0.02,0.5,0.5,0.5,1.0,0.3,0.4,0.3
303,45.1,461894151,Idyllisk beliggende småbruk i Setesdal med ferdig regulert hyttefelt,- et herlig småbruk på Rysstad,Agder,4306090,177.4,901.0,72.0,-,elv/vann,-,vann,ja,-,https://www.finn.no/realestate/homes/ad.html?finnkode=461894151,farm,0.2,0.45,0.5,0.71,0.0,1.0,0.5,0.4,0.6,1.0,0.3
304,45.1,477071513,Nerre Garli   -  Eldre småbruk med koselig tun i umiddelbar nærhet til Fagernes - Utleieleilighet - Dyrket jord,Fagernes,Innlandet,3476140,44.5,,,sjø nevnt,elv/vann,ja,-,-,-,https://www.finn.no/realestate/homes/ad.html?finnkode=477071513,farm,0.44,0.3,0.6,0.18,0.5,0.5,0.5,1.0,0.3,0.4,0.3
305,45.1,461823727,Kjedet enebolig med endebeliggenhet /​/​ 3 sov & garasje | Godt vedlikeholdt | Solrik balkong på 19 m² & utsikt,Mosjøen,Nordland,3266680,9.0,,,sjø nevnt,elv/vann,-,vann,-,-,https://www.finn.no/realestate/homes/ad.html?finnkode=461823727,house,0.5,0.45,0.6,0.04,0.5,0.5,0.5,0.4,0.6,0.4,0.3
306,44.9,467476176,Nydelig perle til salgs,Storfosna,Trøndelag,3895000,8.0,,,-,elv/vann,-,vann,-,-,https://www.finn.no/realestate/homes/ad.html?finnkode=467476176,farm,0.32,0.8,0.5,0.03,0.5,0.5,0.5,0.4,0.6,0.4,0.3
307,44.9,432485187,Flott gårdsbruk med sentrumsnær beliggenhet.,Rennebu,Trøndelag,4818850,509.3,,,-,elv/vann,-,-,-,ja,https://www.finn.no/realestate/homes/ad.html?finnkode=432485187,farm,0.05,0.8,0.5,0.56,0.5,0.5,0.5,0.4,0.3,0.4,1.0
308,44.8,471014354,"Idyllisk småbruk på 89,5 mål med våningshus, to uthus og låve. Avsatt til boligbygging i kommuneplanens arealdel.",Bjugn,Trøndelag,4613930,89.5,,,-,elv/vann,-,vann+strøm,-,-,https://www.finn.no/realestate/homes/ad.html?finnkode=471014354,house,0.11,0.8,0.5,0.36,0.5,0.5,0.5,0.4,1.0,0.4,0.3
309,44.7,474666834,"Småbruk på ca. 70 dekar med våningshus, låve, stabbur og dobbel garasje | Stort potensial",Kirkenær,Innlandet,2768590,69.9,,,-,elv/vann,ja,vann,-,-,https://www.finn.no/realestate/homes/ad.html?finnkode=474666834,farm,0.64,0.3,0.15,0.28,0.5,0.5,0.5,1.0,0.6,0.4,0.3
310,44.6,464836830,Betydelig oppgradert og lekker enebolig i naturskjønne omgivelser | Stor tomt | Barnevennlig område | Eldre fjøsbygning,Halsa,Nordland,3680840,10.1,,,sjø nevnt,elv/vann,ja,-,-,-,https://www.finn.no/realestate/homes/ad.html?finnkode=464836830,house,0.38,0.45,0.6,0.04,0.5,0.5,0.5,1.0,0.3,0.4,0.3
311,44.3,474919337,Småbruk i Skjåk med fallrettighet,Skjåk,Innlandet,2563590,,,,-,elv/vann,-,-,-,-,https://www.finn.no/realestate/homes/ad.html?finnkode=474919337,farm,0.7,0.3,0.15,0.5,0.5,0.5,0.5,0.4,0.3,0.4,0.3
312,44.2,475957070,"Enebolig på stor tomt i landlige Våler | Stabbur, bakststue og redskapshus | Stue m/​klebersteinsovn og synlig tømmer",Våler i Solør,Innlandet,2655840,27.1,,,-,elv/vann,ja,-,-,ja,https://www.finn.no/realestate/homes/ad.html?finnkode=475957070,house,0.67,0.3,0.15,0.11,0.5,0.5,0.5,1.0,0.3,0.4,1.0
313,44.0,474102429,Særpreget og idyllisk landbrukseiendom i naturskjønne Espedalen | Vis-Knut heimen,Svatsum,Innlandet,3076090,124.5,,,-,elv/vann,ja,-,-,-,https://www.finn.no/realestate/homes/ad.html?finnkode=474102429,farm,0.55,0.3,0.15,0.5,0.5,0.5,0.5,1.0,0.3,0.4,0.3
314,43.9,464026933,"Langeland - Lista! Innholdsrikt småbruk med stor bygningsmasse, fjøs, plasthall m.m. Nytt yttertak enebolig i 2025!",Vanse,Agder,3025140,2.0,,,-,elv/vann,-,-,-,-,https://www.finn.no/realestate/homes/ad.html?finnkode=464026933,farm,0.56,0.45,0.5,0.01,0.5,0.5,0.5,0.4,0.3,0.4,0.3
315,43.8,472807091,"Bud mottatt! - Stor landbrukseiendom med våningshus, kårbolig, melkekvote, driftsbygning og jaktrett",Hellesylt,Møre og Romsdal,4627390,1423.3,,,-,elv/vann,-,-,ja,-,https://www.finn.no/realestate/homes/ad.html?finnkode=472807091,farm,0.11,1.0,0.5,0.0,0.5,0.5,0.5,0.4,0.3,1.0,0.3
316,43.7,477278258,"Småbruk på ca. 15,8 mål tomt. Enebolig som krever totalrenovering. Landlig og rolig område med naturskjønne omgivelser.",Lier,Buskerud,3076090,15.9,,,-,bekk/vassdrag,ja,-,-,-,https://www.finn.no/realestate/homes/ad.html?finnkode=477278258,farm,0.55,0.3,0.15,0.06,0.5,0.5,1.0,1.0,0.3,0.4,0.3
317,43.5,465940673,Idyllisk småbruk på Inderøya | 25 mål tomt | Fantastisk fjordutsikt | Garasje og fjøs | Kort vei til Straumen,Inderøy,Trøndelag,4788140,25.0,,,sjø nevnt,elv/vann,ja,-,-,-,https://www.finn.no/realestate/homes/ad.html?finnkode=465940673,farm,0.06,0.8,0.6,0.1,0.5,0.5,0.5,1.0,0.3,0.4,0.3
318,43.5,464474256,Oppussingsobjekt i landlige omgivelser med solrik beliggenhet med stor tomt,Gran,Innlandet,2409840,6.2,,,-,elv/vann,ja,-,-,-,https://www.finn.no/realestate/homes/ad.html?finnkode=464474256,house,0.74,0.3,0.15,0.02,0.5,0.5,0.5,1.0,0.3,0.4,0.3
319,43.5,461880089,"Idyllisk og romslig enebolig med utleie, stor tomt og solrike omgivelser - kun minutter fra sentrum",Lakselv,Finnmark,3588590,5.4,,,-,elv/vann,ja,-,-,-,https://www.finn.no/realestate/homes/ad.html?finnkode=461880089,house,0.4,0.45,0.5,0.02,0.5,0.5,0.5,1.0,0.3,0.4,0.3
320,43.2,476355127,Drømmen om det perfekte småbruket | Ca. 24 mål tomt | Omfattende arbeid utført | Rammetillatelse for driftsbygning,Hof,Vestfold,3896090,24.0,,,-,elv/vann,ja,strøm,-,-,https://www.finn.no/realestate/homes/ad.html?finnkode=476355127,farm,0.32,0.45,0.5,0.1,0.5,0.5,0.5,1.0,0.6,0.4,0.3
321,43.1,476705616,Koselig småbruk med landlig og usjenert beliggenhet. Ca. 32 daa. Idyllisk hage. Garasje/​uthus og hagestue.,Hernes,Innlandet,2871390,32.2,,32.0,-,elv/vann,ja,-,-,-,https://www.finn.no/realestate/homes/ad.html?finnkode=476705616,house,0.61,0.3,0.15,0.13,0.5,0.69,0.5,1.0,0.3,0.4,0.3
322,43.1,465596482,"Småbruket Øvre Lunde i Valebø | Tomt på ca. 8,4 mål | Enebolig m/​ 3 sov og nyere kjøkken | Stor låve/​driftsbygning",Skien,Telemark,3680840,8.4,,,-,elv/vann,ja,-,-,-,https://www.finn.no/realestate/homes/ad.html?finnkode=465596482,farm,0.38,0.45,0.5,0.03,0.5,0.5,0.5,1.0,0.3,0.4,0.3
323,43.0,476704385,Innholdsrik enebolig over to plan med oppgradert bad. Solrik terrasse og p-plass i garasje. Vedovn.,Tiller,Trøndelag,4257958,17.5,,,-,elv/vann,-,vann,-,-,https://www.finn.no/realestate/homes/ad.html?finnkode=476704385,house,0.21,0.8,0.5,0.07,0.5,0.5,0.5,0.4,0.6,0.4,0.3
324,42.9,463732982,"Høyt og frittliggende med gode solforhold - Romslig bolig med 4 soverom og 2 bad - Underetasje utleid for kr. 9.000,-",Sandefjord,Vestfold,4149372,16.7,,,sjø nevnt,elv/vann,ja,strøm,-,-,https://www.finn.no/realestate/homes/ad.html?finnkode=463732982,house,0.24,0.45,0.6,0.07,0.5,0.5,0.5,1.0,0.6,0.4,0.3
325,42.7,464221711,Landbrukseiendom i Murudalen omgitt av fin natur | Utsikt mot Jotunheimen | Våningshus & driftsbygning | To hyttetomter,Heidal,Innlandet,3896090,331.7,,,-,elv/vann,-,-,ja,-,https://www.finn.no/realestate/homes/ad.html?finnkode=464221711,farm,0.32,0.3,0.15,1.0,0.5,0.5,0.5,0.4,0.3,1.0,0.3
326,42.5,463504358,Innholdsrik 4-roms enebolig - Lys og trivelig - Nyere bad - 2 nye varmepumper - Vedovn - Barnevennlig innerst i blindvei,Skien,Telemark,3757956,7.3,,,-,elv/vann,ja,-,-,-,https://www.finn.no/realestate/homes/ad.html?finnkode=463504358,house,0.35,0.45,0.5,0.03,0.5,0.5,0.5,1.0,0.3,0.4,0.3
327,42.4,466464506,Susort - Som en upløyd mark ligger denne muligheten. Skap din egen drøm med 78 mål eiendom og teig med 30 meter sjølinje,Tysværvåg,Rogaland,4092040,78.8,448.0,448.0,strandlinje/naust,elv/vann,ja,-,-,-,https://www.finn.no/realestate/homes/ad.html?finnkode=466464506,farm,0.26,0.45,1.0,0.32,0.01,0.0,0.5,1.0,0.3,0.4,0.3
328,42.2,465291046,"Småbruk med stor tomt på ca. 31 mål i usjenert og landlig område | Låve, anneks, garasje og bod | Kort vei til Minnesund",Minnesund,Akershus,3076090,30.8,,27.0,-,elv/vann,ja,strøm,-,-,https://www.finn.no/realestate/homes/ad.html?finnkode=465291046,farm,0.55,0.3,0.15,0.12,0.5,0.63,0.5,1.0,0.6,0.4,0.3
329,42.2,475275737,"Småbruk i Kjerringåsen på ca. 64,7 daa med flott beliggenhet| ca. 60,3 daa produktiv skog | våningshus, låve og verksted",Sarpsborg,Østfold,2987390,64.7,647.0,,-,elv/vann,-,-,-,-,https://www.finn.no/realestate/homes/ad.html?finnkode=475275737,farm,0.58,0.45,0.5,0.26,0.0,0.5,0.5,0.4,0.3,0.4,0.3
330,42.1,475554655,"Familieidyll på Asmaløy. Velholdt enebolig med 75 kvm terrasse. God planløsning, skogutsikt og badestrender i nærheten.",Vesterøy,Østfold,3807903,18.9,,,sjø nevnt,elv/vann,-,vann,-,-,https://www.finn.no/realestate/homes/ad.html?finnkode=475554655,house,0.34,0.45,0.6,0.08,0.5,0.5,0.5,0.4,0.6,0.4,0.3
331,42.1,473650016,"Enebolig med tomt på 5 130 m2, men mange muligheter. Usjenert beliggenhet. Store terrasser/​plattinger.",Nes på Hedmarken,Innlandet,2615140,5.1,,,-,elv/vann,ja,-,-,-,https://www.finn.no/realestate/homes/ad.html?finnkode=473650016,house,0.68,0.3,0.15,0.02,0.5,0.5,0.5,1.0,0.3,0.4,0.3
332,41.8,474854227,"Gårdsbruk på 1.506 dekar, hvorav 42 dekar fulldyrket. Våningshus med 2 boligenheter. Seter. Jakt- og fiskerettigheter.",Overhalla,Trøndelag,4562340,,533.0,,-,elv/vann,-,-,ja,-,https://www.finn.no/realestate/homes/ad.html?finnkode=474854227,farm,0.13,0.8,0.5,0.5,0.0,0.5,0.5,0.4,0.3,1.0,0.3
333,41.8,376854021,bolig/​ småbruk/​ fritidsbolig,Notodden,38,2550000,26.1,,,-,elv/vann,-,-,-,ja,https://www.finn.no/realestate/homes/ad.html?finnkode=376854021,farm,0.7,0.3,0.15,0.1,0.5,0.5,0.5,0.4,0.3,0.4,1.0
334,41.6,473868683,"Idyllisk småbruk - Ca 129 da - Stor, velholdt enebolig - Garasje fra 2017 - Driftsbygninger - Flotte, solrike uteområder",Auklandshamn,Vestland,4925500,129.1,,,sjø nevnt,elv/vann,ja,-,-,-,https://www.finn.no/realestate/homes/ad.html?finnkode=473868683,farm,0.02,0.45,0.6,0.52,0.5,0.5,0.5,1.0,0.3,0.4,0.3
335,41.6,471281976,Sjelden kystperle på Byrknesøy | Strandlinje og egen kai | Ingen boplikt,Byrknesøy,Vestland,4921350,8.9,,,strandlinje/naust,elv/vann,-,-,ja,-,https://www.finn.no/realestate/homes/ad.html?finnkode=471281976,house,0.02,0.45,1.0,0.04,0.5,0.5,0.5,0.4,0.3,1.0,0.3
336,41.6,412113698,"Trivelig småbruk m/​fin beliggenhet langs Skåbuvegen | Våningshus, kårbolig, stabbur & skåle | Tilhørende seter | Utsikt!",Skåbu,Innlandet,2666090,920.9,,,-,elv/vann,ja,-,-,-,https://www.finn.no/realestate/homes/ad.html?finnkode=412113698,farm,0.67,0.3,0.15,0.0,0.5,0.5,0.5,1.0,0.3,0.4,0.3
337,41.6,475309867,Nedlagt lite småbruk med garasje/​verksted på 201 m² | Landlig og usjenert med utsikt mot fjord og fjell,Hemnesberget,Nordland,4306090,31.1,,,sjø nevnt,elv/vann,ja,-,-,-,https://www.finn.no/realestate/homes/ad.html?finnkode=475309867,house,0.2,0.45,0.6,0.12,0.5,0.5,0.5,1.0,0.3,0.4,0.3
338,41.4,463488941,"Landbrukseiendom på over 800daa med naust, fjøs og strandlinje!",Kvaløya,Troms,4613850,830.3,,,strandlinje/naust,elv/vann,-,-,-,-,https://www.finn.no/realestate/homes/ad.html?finnkode=463488941,farm,0.11,0.45,1.0,0.0,0.5,0.5,0.5,0.4,0.3,0.4,0.3
339,41.2,459356087,"Enebolig på stor landlig tomt med ""kårbolig"" | Moderniseringsbehov | Garasje, bod og stort utviklingspotensiale!",Råde,Østfold,3998590,10.3,,,-,elv/vann,ja,-,-,-,https://www.finn.no/realestate/homes/ad.html?finnkode=459356087,house,0.29,0.45,0.5,0.04,0.5,0.5,0.5,1.0,0.3,0.4,0.3
340,41.1,476980719,Landbrukseiendom med våningshus og garasje/​redskapshus * Dyrket mark * Konsesjon * Solrik og usjenert,Skarnes,Innlandet,3588890,50.8,,,-,elv/vann,ja,-,ja,ja,https://www.finn.no/realestate/homes/ad.html?finnkode=476980719,farm,0.4,0.3,0.15,0.2,0.5,0.5,0.5,1.0,0.3,1.0,1.0
341,41.1,465626317,"Koselig småbruk med jord og skog i landlige omgivelser. Hyggelig tun opparbeidet med enebolig, stor låve og garasje.",Brumunddal,Innlandet,3383890,29.3,57.0,157.0,-,elv/vann,ja,-,-,-,https://www.finn.no/realestate/homes/ad.html?finnkode=465626317,farm,0.46,0.3,0.15,0.12,0.53,0.81,0.5,1.0,0.3,0.4,0.3
342,41.1,475818592,Småbruk i Ål til salgs,Ål,Buskerud,2480000,34.0,,,-,elv/vann,-,-,-,-,https://www.finn.no/realestate/homes/ad.html?finnkode=475818592,farm,0.72,0.3,0.15,0.14,0.5,0.5,0.5,0.4,0.3,0.4,0.3
343,40.9,472945043,Stilren enebolig i rekke fra 2017 | Stor terrasse | Rolig og familievennlig beliggenhet innerst på feltet!,Klavestadhaugen,Østfold,3885840,8.5,,,-,elv/vann,-,vann+strøm,-,-,https://www.finn.no/realestate/homes/ad.html?finnkode=472945043,house,0.32,0.45,0.5,0.03,0.5,0.5,0.5,0.4,1.0,0.4,0.3
344,40.7,468824491,"Kynndalen-Landbrukseiendom på 615 719,5 m² med 2 boliger, låve, 2 driftsbygninger, garasje, jaktrettigheter & skogsdrift",Sørskogbygda,Innlandet,4104640,615.7,,,sjø nevnt,elv/vann,ja,-,-,-,https://www.finn.no/realestate/homes/ad.html?finnkode=468824491,farm,0.26,0.3,0.6,0.14,0.5,0.5,0.5,1.0,0.3,0.4,0.3
345,40.7,474557027,Et lite stykke Norge! - Deler av Måbø gård venter på nye heldige eiere - Mye utmark - Jakt og fiskerettigheter,Øvre Eidfjord,Vestland,4101090,1947.9,,,sjø nevnt,elv/vann,-,vann+strøm,-,-,https://www.finn.no/realestate/homes/ad.html?finnkode=474557027,farm,0.26,0.45,0.6,0.0,0.5,0.5,0.5,0.4,1.0,0.4,0.3
346,40.7,473020002,Solrikt og koselig småbruk tilrettelagt for hestehold. Sjarmerende enebolig med bad oppusset i 2026. Stor låve på 250m².,Hernes,Innlandet,2461390,66.0,368.0,368.0,-,elv/vann,ja,-,-,-,https://www.finn.no/realestate/homes/ad.html?finnkode=473020002,farm,0.73,0.3,0.15,0.26,0.41,0.0,0.5,1.0,0.3,0.4,0.3
347,40.6,474642321,Enebolig beliggende i barnevennlig boligområde - Stor tomt - 4 soverom - Romslig garasje,Saltrød,Agder,3588590,7.9,,,-,elv/vann,-,-,-,-,https://www.finn.no/realestate/homes/ad.html?finnkode=474642321,house,0.4,0.45,0.5,0.03,0.5,0.5,0.5,0.4,0.3,0.4,0.3
348,40.6,475819057,"Kjedet enebolig m/​solrike uteplasser - Carport m/​elbillader - Kort vei til tur, bhg og skoler - Barnevennlig og sentralt",Moss,Østfold,4316449,23.3,,,-,elv/vann,ja,vann,-,-,https://www.finn.no/realestate/homes/ad.html?finnkode=475819057,house,0.2,0.45,0.5,0.09,0.5,0.5,0.5,1.0,0.6,0.4,0.3
349,40.6,467174939,"Innholdsrik landbrukseiendom i Murudalen | Våningshus, kårbolig & driftsbygning | Hyttetomt medfølger",Heidal,Innlandet,3229840,557.4,,,-,elv/vann,-,-,ja,-,https://www.finn.no/realestate/homes/ad.html?finnkode=467174939,farm,0.51,0.3,0.15,0.37,0.5,0.5,0.5,0.4,0.3,1.0,0.3
350,40.3,476133570,Pen enebolig i ende m/​ alt på én flate på Kråkerøy! | Uteplass på ca. 61 m² | Rett v/​ skogkanten | 3 sov | Elbillader,Kråkerøy,Østfold,4531090,12.5,,,sjø nevnt,elv/vann,ja,vann,-,-,https://www.finn.no/realestate/homes/ad.html?finnkode=476133570,house,0.13,0.45,0.6,0.05,0.5,0.5,0.5,1.0,0.6,0.4,0.3
351,40.2,466353828,"Rømskog: Ideell halvpart av landbrukseiendom idyllisk beliggende på halvøy mot Rømsjøen.  1344,9 dekar",Rømskog,Akershus,3486090,1344.9,,,sjø nevnt,elv/vann,-,-,-,-,https://www.finn.no/realestate/homes/ad.html?finnkode=466353828,farm,0.43,0.3,0.6,0.0,0.5,0.5,0.5,0.4,0.3,0.4,0.3
352,40.2,476125936,"Lys og innbydende familiebolig med solrike uteområder, garasje og fantastisk beliggenhet nær skole og sjøen!",Sandefjord,Vestfold,4551090,12.8,,,sjø nevnt,elv/vann,ja,strøm,-,-,https://www.finn.no/realestate/homes/ad.html?finnkode=476125936,house,0.13,0.45,0.6,0.05,0.5,0.5,0.5,1.0,0.6,0.4,0.3
353,40.0,473327518,"Innholdsrik enebolig i rekke i familievennlig boligområde | 3 sov, 2 bad, carport og stor markterrasse | IN ordning!",Skien,Telemark,4021072,8.4,,,-,elv/vann,-,vann+strøm,-,-,https://www.finn.no/realestate/homes/ad.html?finnkode=473327518,house,0.28,0.45,0.5,0.03,0.5,0.5,0.5,0.4,1.0,0.4,0.3
354,40.0,402397722,KAUTOKEINO-ØVERBYGDA +/​- Lett tilgjengelig og renovert 4-roms enebolig i sentralt område med stor terrasse og stor tomt,Kautokeino,,3398290,8.0,,,-,elv/vann,ja,vann,ja,-,https://www.finn.no/realestate/homes/ad.html?finnkode=402397722,house,0.46,0.3,0.15,0.03,0.5,0.5,0.5,1.0,0.6,1.0,0.3
355,39.9,468439006,"Småbruk tilrettelagt for hest med flott beliggenhet, fin utsikt over Mjøsa.",Espa,,3042740,15.2,,,-,elv/vann,ja,-,-,-,https://www.finn.no/realestate/homes/ad.html?finnkode=468439006,farm,0.56,0.3,0.15,0.06,0.5,0.5,0.5,1.0,0.3,0.4,0.3
356,39.9,448512878,"Enebolig med nytt kjøkken fra 2024 | Stor, overbygget terrasse | Barnevennlig beliggenhet | Varmepumpe og vedovn",Trysil,Innlandet,2743690,20.8,,,-,elv/vann,-,vann,-,-,https://www.finn.no/realestate/homes/ad.html?finnkode=448512878,house,0.64,0.3,0.15,0.08,0.5,0.5,0.5,0.4,0.6,0.4,0.3
357,39.8,476534151,"Småbruk med våningshus & gammelstugu fra 1721 | Stor eiet tomt & flere eldre uthusbygninger | Utleiemulighet | 55,3 daa",Vågå,Innlandet,3588590,55.3,,,-,elv/vann,ja,-,ja,-,https://www.finn.no/realestate/homes/ad.html?finnkode=476534151,farm,0.4,0.3,0.15,0.22,0.5,0.5,0.5,1.0,0.3,1.0,0.3
358,39.6,476064235,Enebolig med stor utsiktstomt | Rolige omgivelser og natur rett utenfor døren | Moderniseringsbehov,Roa,Akershus,2563850,7.9,,,-,elv/vann,-,-,-,-,https://www.finn.no/realestate/homes/ad.html?finnkode=476064235,house,0.7,0.3,0.15,0.03,0.5,0.5,0.5,0.4,0.3,0.4,0.3
359,39.6,463342646,"Eldre småbruk med landlig beliggenhet og tomt på 12,7 mål | Carport | Godt med lagring | Oppussing- og renoveringsbehov",Maura,Akershus,3065840,12.7,,,-,elv/vann,ja,-,-,-,https://www.finn.no/realestate/homes/ad.html?finnkode=463342646,house,0.55,0.3,0.15,0.05,0.5,0.5,0.5,1.0,0.3,0.4,0.3
360,39.5,434857490,"Sjarmerende eiendom med eldre enebolig, garasje og bod/​utedo, samt frittstående tomt | Nærhet til Sundet | Barnevennlig",Eidsvoll,Akershus,2553340,5.0,,,-,elv/vann,-,-,-,-,https://www.finn.no/realestate/homes/ad.html?finnkode=434857490,house,0.7,0.3,0.15,0.02,0.5,0.5,0.5,0.4,0.3,0.4,0.3
361,39.3,473289405,4-roms enebolig i rekke - Sentralt og familievennlig område - Utekjøkken og solrik uteplass - Egen carport med lader,Porsgrunn,Telemark,3940971,7.4,,,-,elv/vann,-,vann,-,-,https://www.finn.no/realestate/homes/ad.html?finnkode=473289405,house,0.3,0.45,0.5,0.03,0.5,0.5,0.5,0.4,0.6,0.4,0.3
362,39.3,476029350,Idyllisk og sjarmerende eiendom med flott beliggenhet på Vågland. Strandlinje. Naust med flytebrygge. Låve.,Vågland,,4631490,6.8,,,strandlinje/naust,elv/vann,-,-,-,-,https://www.finn.no/realestate/homes/ad.html?finnkode=476029350,house,0.11,0.3,1.0,0.03,0.5,0.5,0.5,0.4,0.3,0.4,0.3
363,39.2,411761611,"Idyllisk og solrik eiendom –Hoved del + Stall/​verksted, + utleieleieleilighet og god ute lagringsplass.",Sem,Vestfold,4585000,1.4,,,-,elv/vann,ja,vann+strøm,-,-,https://www.finn.no/realestate/homes/ad.html?finnkode=411761611,farm,0.12,0.45,0.5,0.01,0.5,0.5,0.5,1.0,1.0,0.4,0.3
364,39.1,465702226,"Ørje | Nyoppført og moderne enebolig i kjede | Carport | 3 soverom, bad,  separat WC og vaskerom | Solrik uteplass",Ørje,Østfold,3969680,7.0,,,-,elv/vann,-,vann,-,-,https://www.finn.no/realestate/homes/ad.html?finnkode=465702226,house,0.29,0.45,0.5,0.03,0.5,0.5,0.5,0.4,0.6,0.4,0.3
365,39.1,473302622,"Småbruk på 125 dekar med to bolighus | Driftsbygning, låve og stabbur | Landlig og usjenert beliggenhet",Skarnes,Innlandet,4926090,125.3,,119.0,-,elv/vann,ja,strøm,ja,-,https://www.finn.no/realestate/homes/ad.html?finnkode=473302622,farm,0.02,0.3,0.15,0.5,0.5,1.0,0.5,1.0,0.6,1.0,0.3
366,38.9,319405905,Innholdsrikt gårdsbruk i Brydalen selges,Tynset,Innlandet,3710000,,,,-,elv/vann,-,-,ja,-,https://www.finn.no/realestate/homes/ad.html?finnkode=319405905,farm,0.37,0.3,0.15,0.5,0.5,0.5,0.5,0.4,0.3,1.0,0.3
367,38.8,461655181,Flott og idyllisk småbruk med nærhet til Glomma! Godt ivaretatt enebolig ca. 12 min til sentrum - ingen boplikt.,Elverum,Innlandet,3066140,23.3,,,-,elv/vann,-,-,ja,-,https://www.finn.no/realestate/homes/ad.html?finnkode=461655181,house,0.55,0.3,0.15,0.09,0.5,0.5,0.5,0.4,0.3,1.0,0.3
368,38.7,472805825,Praktisk kjedehus på ett plan | 3 soverom og carport | Barnevennlig og landlig på Ingeberg | Nær skole og butikk,Ingeberg,Innlandet,3322575,7.3,,,-,elv/vann,ja,vann,-,-,https://www.finn.no/realestate/homes/ad.html?finnkode=472805825,house,0.48,0.3,0.15,0.03,0.5,0.5,0.5,1.0,0.6,0.4,0.3
369,38.4,454081109,Landbrukseiendom på ca. 753 daa. Oppgraderingsbehov. Mange muligheter. Landlig beliggenhet.,Hernes,Innlandet,3096290,753.9,565.0,,-,bekk/vassdrag,ja,-,-,-,https://www.finn.no/realestate/homes/ad.html?finnkode=454081109,farm,0.54,0.3,0.15,0.0,0.0,0.5,1.0,1.0,0.3,0.4,0.3
370,38.4,476470938,Nes- Gårdsbruk med idyllisk beliggenhet og et sjarmerende våningshus - Renoveringsbehov- 66 daa. dyrket og 95 daa. skog,Spydeberg,Østfold,4996390,192.9,121.0,1929.0,-,elv/vann,-,-,-,-,https://www.finn.no/realestate/homes/ad.html?finnkode=476470938,farm,0.0,0.45,0.5,0.77,0.85,0.0,0.5,0.4,0.3,0.4,0.3
371,38.3,476269015,Familiebolig over to plan | Garasje m/​ el-lader | Flere uteplasser | Hage | Barnevennlig og populært område,Gamle Fredrikstad,Østfold,4426790,5.2,,,-,elv/vann,ja,-,-,-,https://www.finn.no/realestate/homes/ad.html?finnkode=476269015,house,0.16,0.45,0.5,0.02,0.5,0.5,0.5,1.0,0.3,0.4,0.3
372,38.3,462746774,"Familiebolig med nydelig utsikt over Mjøsa | Stor, sørøstvendt veranda/​takterrasse | 3 soverom og garasjeplass",Gjøvik,Innlandet,3627782,20.9,,,-,bekk/vassdrag,-,vann,-,-,https://www.finn.no/realestate/homes/ad.html?finnkode=462746774,house,0.39,0.3,0.15,0.08,0.5,0.5,1.0,0.4,0.6,0.4,0.3
373,38.2,477065018,Lys og pen enebolig med landlig beliggenhet * Mye oppusset i 2024-2026 * Garasje/​uthus * Stor tomt på ca 12 daa!,Granli,Innlandet,3281390,12.1,,,-,elv/vann,ja,-,-,-,https://www.finn.no/realestate/homes/ad.html?finnkode=477065018,farm,0.49,0.3,0.15,0.05,0.5,0.5,0.5,1.0,0.3,0.4,0.3
374,38.1,477215401,"Idyllisk småbruk på Ihle med sjarmerende tun. Flott utsikt utover Slomma - Bolighus, låve og stabbur",Bøverbru,Innlandet,3793890,54.3,,,-,elv/vann,ja,-,-,ja,https://www.finn.no/realestate/homes/ad.html?finnkode=477215401,farm,0.34,0.3,0.15,0.22,0.5,0.5,0.5,1.0,0.3,0.4,1.0
375,38.0,467799293,Småbruk med flott utsikt i Åmot - jakt - konsesjon - støyl,Vinje,Telemark,4869840,691.2,,,-,elv/vann,ja,vann,ja,-,https://www.finn.no/realestate/homes/ad.html?finnkode=467799293,farm,0.04,0.45,0.5,0.0,0.5,0.5,0.5,1.0,0.6,1.0,0.3
376,38.0,465916721,"Sentralt beliggende småbruk nær skole, butikk og flotte turområder",Bjorbekk,Agder,4818590,12.7,,,-,bekk/vassdrag,-,vann,-,-,https://www.finn.no/realestate/homes/ad.html?finnkode=465916721,farm,0.05,0.45,0.5,0.05,0.5,0.5,1.0,0.4,0.6,0.4,0.3
377,37.5,476562738,"Landbrukseiendom med to våningshus, låve og stabbur. 42 daa fulldyrket jord. Eiendom med potensiale.",Årnes,Akershus,4106090,66.3,184.0,663.0,-,elv/vann,ja,-,ja,-,https://www.finn.no/realestate/homes/ad.html?finnkode=476562738,farm,0.26,0.3,0.15,0.27,1.0,0.0,0.5,1.0,0.3,1.0,0.3
378,37.3,475937782,"Hyggelig gårdsbruk med jord og skog. Velholdt og innholdsrik enebolig, koselig hytte, låve, garasjebygg og redskapshus!",Trysil,Innlandet,2876390,132.8,772.0,772.0,-,elv/vann,-,-,ja,ja,https://www.finn.no/realestate/homes/ad.html?finnkode=475937782,farm,0.61,0.3,0.15,0.53,0.0,0.0,0.5,0.4,0.3,1.0,1.0
379,37.3,476056018,"Unik boligeiendom med skjermet tomt på 5,8 mål og fjordutsikt. Hus over 3 plan, ombygget i 2001. Totalt 3 garasjeplasser",Eina,Innlandet,4613590,5.8,,,sjø nevnt,elv/vann,ja,vann,-,-,https://www.finn.no/realestate/homes/ad.html?finnkode=476056018,house,0.11,0.3,0.6,0.02,0.5,0.5,0.5,1.0,0.6,0.4,0.3
380,37.3,475890844,Enebolig i kjede med attraktiv beliggenhet på Eik | Carport | 4 sov | Flotte turområder,Tønsberg,Vestfold,4257033,6.9,,,-,elv/vann,-,vann,-,-,https://www.finn.no/realestate/homes/ad.html?finnkode=475890844,house,0.21,0.45,0.5,0.03,0.5,0.5,0.5,0.4,0.6,0.4,0.3
381,37.1,404662779,Frittliggende enebolig over to plan med stor terrasse og god planløsning!,Lillehammer,Innlandet,3415809,28.1,,,-,elv/vann,-,vann+strøm,-,-,https://www.finn.no/realestate/homes/ad.html?finnkode=404662779,house,0.45,0.3,0.15,0.11,0.5,0.5,0.5,0.4,1.0,0.4,0.3
382,37.0,475220151,Grååsen - Fin og innholdsrik familiebolig med koselig hage - 4 soverom - 2 bad -2 P-plasser,Spydeberg,Østfold,4408850,10.3,,,-,elv/vann,-,-,-,ja,https://www.finn.no/realestate/homes/ad.html?finnkode=475220151,house,0.17,0.45,0.5,0.04,0.5,0.5,0.5,0.4,0.3,0.4,1.0
383,36.7,474683753,"Hyggelig enebolig i kjede, garasje, peisovn og romslig terrasse mot vest. Trygt og rolig boligtun i grense til skogen!",Setskog,Akershus,3006567,5.1,,,-,elv/vann,-,-,-,-,https://www.finn.no/realestate/homes/ad.html?finnkode=474683753,house,0.57,0.3,0.15,0.02,0.5,0.5,0.5,0.4,0.3,0.4,0.3
384,36.6,467978789,"Landlig småbruk med 20,8 mål eiertomt | Våningshus med terrasse | Stor garasje m/​ verksted og hagestue",Andebu,Vestfold,4808340,20.8,20.0,,sjø nevnt,elv/vann,ja,-,-,-,https://www.finn.no/realestate/homes/ad.html?finnkode=467978789,farm,0.05,0.45,0.6,0.08,0.35,0.5,0.5,1.0,0.3,0.4,0.3
385,36.6,462408912,Enebolig med låve og ca 19 mål tomt. Landlig beliggenhet mellom Darbu og Kongsberg. Låve med lagringsplass.,Fiskum,Buskerud,3588590,19.2,,,-,elv/vann,ja,-,-,-,https://www.finn.no/realestate/homes/ad.html?finnkode=462408912,farm,0.4,0.3,0.15,0.08,0.5,0.5,0.5,1.0,0.3,0.4,0.3
386,36.5,468150605,"Idyllisk beliggende landbrukseiendom med våningshus, større bygningsmasse og flere gbnr | Oppussingsobjekt",Gjesåsen,Innlandet,4306090,160.0,,,-,elv/vann,-,-,ja,-,https://www.finn.no/realestate/homes/ad.html?finnkode=468150605,farm,0.2,0.3,0.15,0.64,0.5,0.5,0.5,0.4,0.3,1.0,0.3
387,36.4,463485539,"Småbruk m/​stort potensiale| Stor tomt på 13,5 mål |Almenningsrett | Rolig og barnevennlig | Kort veg til Eidsvoll",Eidsvoll,Akershus,3578640,13.5,,,-,elv/vann,ja,-,-,-,https://www.finn.no/realestate/homes/ad.html?finnkode=463485539,farm,0.41,0.3,0.15,0.05,0.5,0.5,0.5,1.0,0.3,0.4,0.3
388,36.3,477258046,ØVRE EIDFJORD | Tidligere småbruk med stølshus i Veigdalen og på Hardangervidda - gode jaktrettigheter!,Øvre Eidfjord,Vestland,4613590,1.5,,,sjø nevnt,elv/vann,-,vann,-,-,https://www.finn.no/realestate/homes/ad.html?finnkode=477258046,farm,0.11,0.45,0.6,0.01,0.5,0.5,0.5,0.4,0.6,0.4,0.3
389,36.3,462402533,"Landlig småbruk m/​våningshus, låve m/​garasje og 31,5 daa tomt | Nytt kjøkken (2022) og bad (2024) | Kort vei til Hamar",Ridabu,Innlandet,3998590,31.5,,,-,elv/vann,ja,-,ja,-,https://www.finn.no/realestate/homes/ad.html?finnkode=462402533,farm,0.29,0.3,0.15,0.13,0.5,0.5,0.5,1.0,0.3,1.0,0.3
390,36.2,438112393,Idyllisk småbruk i landlige og barnevennlig område - Tomt på 21 daa - Oppgradert kjøkken og bad,Knapper,Innlandet,3886100,21.7,,,-,elv/vann,ja,-,-,ja,https://www.finn.no/realestate/homes/ad.html?finnkode=438112393,farm,0.32,0.3,0.15,0.09,0.5,0.5,0.5,1.0,0.3,0.4,1.0
391,36.2,474457072,"Drømmer du om småbruk? Dette fine bruket m/​ to hus, garasjer og uthus på 27 daa tomt ca. 6 km sør for Flisa kan bli ditt",Arneberg,Innlandet,3281390,27.0,,233.0,-,elv/vann,ja,-,-,ja,https://www.finn.no/realestate/homes/ad.html?finnkode=474457072,farm,0.49,0.3,0.15,0.11,0.5,0.0,0.5,1.0,0.3,0.4,1.0
392,36.2,467299134,"Sjarmerende enebolig med tomt på over 7 mål! | Usjenert og nærhet til Husnes sentrum | Stabbur, eldstove og uthus",Husnes,Vestland,4767340,7.4,,,-,elv/vann,ja,-,-,-,https://www.finn.no/realestate/homes/ad.html?finnkode=467299134,house,0.07,0.45,0.5,0.03,0.5,0.5,0.5,1.0,0.3,0.4,0.3
393,36.1,476048151,Enebolig med dobbel garasje  - hele 7 422 kvm tomt | Usjenert beliggenhet & en fantastisk hage!,Arendal,Agder,4921350,7.4,,,-,elv/vann,ja,vann,-,-,https://www.finn.no/realestate/homes/ad.html?finnkode=476048151,house,0.02,0.45,0.5,0.03,0.5,0.5,0.5,1.0,0.6,0.4,0.3
394,36.0,465623446,Småbruk med hybelleilighet. Åpen solrik beliggenhet. Vestvendt. Mjøsutsikt. Tomt på 35 dekar.,Rudshøgda,Innlandet,3783640,34.8,,,-,elv/vann,ja,-,-,-,https://www.finn.no/realestate/homes/ad.html?finnkode=465623446,farm,0.35,0.3,0.15,0.14,0.5,0.5,0.5,1.0,0.3,0.4,0.3
395,36.0,434373622,Strøken og tiltalende enebolig i kjede fra 2022 | Effektiv planløsning over 2 plan | Carport | Ingen forkjøpsrett,Porsgrunn,Telemark,4895000,6.2,,,sjø nevnt,elv/vann,-,vann+strøm,-,-,https://www.finn.no/realestate/homes/ad.html?finnkode=434373622,house,0.03,0.45,0.6,0.02,0.5,0.5,0.5,0.4,1.0,0.4,0.3
396,35.7,476537593,"Sjarmerende lanbrukseiendom på ca. 48 dekar med sentral beliggenhet i Heddal - Våningshus, eldhus, loft og garasje",Notodden,Telemark,4101090,47.9,66.0,366.0,-,elv/vann,-,-,-,-,https://www.finn.no/realestate/homes/ad.html?finnkode=476537593,farm,0.26,0.45,0.5,0.19,0.58,0.0,0.5,0.4,0.3,0.4,0.3
397,35.7,459343202,Småbruk i boligområde i Heradsbygda | 74 070m2 fordelt på 2 teiger | Dobbeltgarasje og stabbur | Oppgraderingsbehov,Hønefoss,Buskerud,4408590,74.1,,,-,elv/vann,ja,vann+strøm,-,-,https://www.finn.no/realestate/homes/ad.html?finnkode=459343202,farm,0.17,0.3,0.15,0.3,0.5,0.5,0.5,1.0,1.0,0.4,0.3
398,35.5,477129829,"Bakketun | Landlig småbruk med gode solforhold i Lørenfallet | 37,7 daa med jord og skog | 30 min. til Oslo med tog/​bil",Sørum,Akershus,4463640,37.7,377.0,116.0,-,elv/vann,ja,strøm,-,-,https://www.finn.no/realestate/homes/ad.html?finnkode=477129829,farm,0.15,0.3,0.15,0.15,0.36,1.0,0.5,1.0,0.6,0.4,0.3
399,35.4,465018697,"Romslig enebolig med landlig beliggenhet, garasje og stor eiet tomt. Flott utsikt, vestvendte terrasser.",Follebu,Innlandet,3697340,5.4,,,-,elv/vann,ja,-,-,-,https://www.finn.no/realestate/homes/ad.html?finnkode=465018697,house,0.37,0.3,0.15,0.02,0.5,0.5,0.5,1.0,0.3,0.4,0.3
400,35.4,367294690,"Ruud gård Ro i Gausdal. 12 unike bygg og 649 daa totalt areal. Turisme, overnatting og kulturformidling.",Vestre Gausdal,Innlandet,4719785,649.0,9.0,649.0,strandlinje/naust,elv/vann,-,strøm,ja,-,https://www.finn.no/realestate/homes/ad.html?finnkode=367294690,farm,0.08,0.3,1.0,0.0,0.3,0.0,0.5,0.4,0.6,1.0,0.3
401,35.3,474473166,"Gamle Glemmen gård | Gammelt småbruk med stor tomt | Enebolig, låve og uthus - mye potensiale!",Fredrikstad,Østfold,4920545,61.7,,,-,elv/vann,-,vann,-,-,https://www.finn.no/realestate/homes/ad.html?finnkode=474473166,house,0.02,0.45,0.5,0.25,0.5,0.5,0.5,0.4,0.6,0.4,0.3
402,35.3,475156582,Småbruk på Finnskogen,Sørskogbygda,Innlandet,4205920,147.2,21.0,,-,elv/vann,-,-,ja,-,https://www.finn.no/realestate/homes/ad.html?finnkode=475156582,farm,0.23,0.3,0.15,0.59,0.35,0.5,0.5,0.4,0.3,1.0,0.3
403,35.2,421499946,Unik mulighet på Helgeland: Innholdsrik fjellgård  på hele 1963 dekar med jakt-. fiske og næringsmuligheter.,Hattfjelldal,Nordland,4611500,,19635.0,271.0,-,elv/vann,ja,-,ja,-,https://www.finn.no/realestate/homes/ad.html?finnkode=421499946,farm,0.11,0.45,0.5,0.5,0.0,0.0,0.5,1.0,0.3,1.0,0.3
404,34.7,469935354,LANDBRUKSEIENDOM I MANNDALEN - OLMMAIVAHBALGGIS 465,Samuelsberg,Troms,3588590,1338.4,1269.0,1361.0,sjø nevnt,elv/vann,-,-,-,ja,https://www.finn.no/realestate/homes/ad.html?finnkode=469935354,farm,0.4,0.45,0.6,0.0,0.0,0.0,0.5,0.4,0.3,0.4,1.0
405,34.4,466580179,Småbruk med stor låve og uthus på ca. 19 mål eiertomt | Nytt tak og bad i 2023 | Landlig og solrikt på Jaren | utsikt,Gran,Innlandet,4298850,18.9,,,-,elv/vann,ja,vann,-,ja,https://www.finn.no/realestate/homes/ad.html?finnkode=466580179,farm,0.2,0.3,0.15,0.08,0.5,0.5,0.5,1.0,0.6,0.4,1.0
406,34.3,475899576,Innholdsrik landbrukseiendom beliggende v/​elva i Holdalsfoss - Jakt*- og fiskerettigheter - Støl på Grøslie,Fagernes,Innlandet,4613590,88.1,,,-,elv/vann,ja,-,-,ja,https://www.finn.no/realestate/homes/ad.html?finnkode=475899576,farm,0.11,0.3,0.15,0.35,0.5,0.5,0.5,1.0,0.3,0.4,1.0
407,34.1,414873019,Innholdsrik og lys enebolig i barnevennlig område.,Beitostølen,,3605490,12.0,,,-,elv/vann,-,vann,-,-,https://www.finn.no/realestate/homes/ad.html?finnkode=414873019,house,0.4,0.3,0.15,0.05,0.5,0.5,0.5,0.4,0.6,0.4,0.3
408,33.9,437936630,"Landlig eiendom på 30 daa m/​godkjent dispensasjon om oppføring av enebolig. Våningshus, ""stall"", garasje & uthus på tomt",Nordkisa,Akershus,4091100,30.3,,,-,elv/vann,ja,-,-,-,https://www.finn.no/realestate/homes/ad.html?finnkode=437936630,farm,0.26,0.3,0.15,0.12,0.5,0.5,0.5,1.0,0.3,0.4,0.3
409,33.8,472352898,"Landlig og usjenert enebolig på stor eiertomt på over 5,5 mål - Garasje m/​ isolert bod - Stor terrasse og balkong!",Åmot,Buskerud,4090840,5.5,,,-,elv/vann,ja,strøm,-,-,https://www.finn.no/realestate/homes/ad.html?finnkode=472352898,house,0.26,0.3,0.15,0.02,0.5,0.5,0.5,1.0,0.6,0.4,0.3
410,33.3,473734704,"Rålekker, barnevennlig enebolig fra 2022 med god planløsning, carport, to bad og solrike uteareal. Flytt rett inn.",Tønsberg,Vestfold,4881350,5.4,,,-,elv/vann,-,vann,-,-,https://www.finn.no/realestate/homes/ad.html?finnkode=473734704,house,0.03,0.45,0.5,0.02,0.5,0.5,0.5,0.4,0.6,0.4,0.3
411,32.6,459063072,Attraktivt gårdsbruk  i Svanvik - Sør-Varanger kommune - BUD MOTTATT,Svanvik,Finnmark,4819220,881.0,,,-,elv/vann,-,-,-,-,https://www.finn.no/realestate/homes/ad.html?finnkode=459063072,farm,0.05,0.45,0.5,0.0,0.5,0.5,0.5,0.4,0.3,0.4,0.3
412,32.5,474248433,Sjarmerende landbrukseiendom med ca. 692 daa | Flott gårdstun | Kun 5 km til Flå sentrum,Flå,Buskerud,3476100,691.6,,692.0,-,elv/vann,ja,-,-,-,https://www.finn.no/realestate/homes/ad.html?finnkode=474248433,farm,0.44,0.3,0.15,0.0,0.5,0.0,0.5,1.0,0.3,0.4,0.3
413,32.2,468355635,"Neiden/​Mikkelsnes: Stor landbrukseiendom med bla to bolighus, store jorder, sauefjøs og lakserett!",Neiden,Finnmark,4613850,795.0,,795.0,-,elv/vann,-,strøm,-,ja,https://www.finn.no/realestate/homes/ad.html?finnkode=468355635,farm,0.11,0.45,0.5,0.0,0.5,0.0,0.5,0.4,0.6,0.4,1.0
414,32.0,428908734,"Allsidig eiendom i Trysil - for hundefolk, hestefolk og naturelskere",Østby,Innlandet,4818590,172.6,,,-,elv/vann,-,-,-,-,https://www.finn.no/realestate/homes/ad.html?finnkode=428908734,farm,0.05,0.3,0.15,0.69,0.5,0.5,0.5,0.4,0.3,0.4,0.3
415,32.0,361324472,"Rena - Romslig, sentralt beliggende enebolig med innredet sokkelkjeller. Vannbåren gulvvarme. Garasje med sokkeletasje.",Rena,Innlandet,3899640,5.2,,,-,elv/vann,-,vann,-,-,https://www.finn.no/realestate/homes/ad.html?finnkode=361324472,house,0.31,0.3,0.15,0.02,0.5,0.5,0.5,0.4,0.6,0.4,0.3
416,31.6,476453806,"*VISNING AVLYST* Enebolig og frittliggende sidebygg - Landlig beliggenhet- Stor eiet tomt på ca. 6,9 mål - Frittstående",Skotselv,Buskerud,4306090,6.9,,,-,elv/vann,ja,-,-,-,https://www.finn.no/realestate/homes/ad.html?finnkode=476453806,house,0.2,0.3,0.15,0.03,0.5,0.5,0.5,1.0,0.3,0.4,0.3
417,31.3,420427982,"Muruvang - Jotunheimen | Gård for husdyrproduksjon | 126 daa dyrka, 19 daa beite | 280 daa skog | Melkekvote på 82 tonn.",Heidal,Innlandet,4780640,514.3,280.0,514.0,-,elv/vann,-,-,-,ja,https://www.finn.no/realestate/homes/ad.html?finnkode=420427982,farm,0.06,0.3,0.15,0.54,0.85,0.0,0.5,0.4,0.3,0.4,1.0
418,31.1,402885508,"Eiendom på ca. 9,6 mål med enebolig, uthus og småbrukskvaliteter. Rolig beliggenhet i landlige og naturskjønne omgivelse",Lier,Buskerud,4377240,9.7,46.0,,-,elv/vann,ja,-,-,-,https://www.finn.no/realestate/homes/ad.html?finnkode=402885508,farm,0.18,0.3,0.15,0.04,0.48,0.5,0.5,1.0,0.3,0.4,0.3
419,30.9,475356878,"Spennende enebolig m/​hybel i naturskjønne omgivelser. Hytte og hundegård. Frodig tomt, ca 6 mål. Solcelleanlegg på taket",Bjørkelangen,Akershus,4408890,6.1,,,-,elv/vann,ja,-,-,-,https://www.finn.no/realestate/homes/ad.html?finnkode=475356878,house,0.17,0.3,0.15,0.02,0.5,0.5,0.5,1.0,0.3,0.4,0.3
420,30.9,467685895,"Koselig småbruk i landlige omgivelser. Uthus m/​stall, stabbur og stor tomt på ca 4,6 mål. Godt egnet for hestehold.",Løken,Akershus,4398640,4.6,,,-,elv/vann,ja,-,-,-,https://www.finn.no/realestate/homes/ad.html?finnkode=467685895,farm,0.17,0.3,0.15,0.02,0.5,0.5,0.5,1.0,0.3,0.4,0.3
421,30.3,468057142,Innholdsrikt småbruk med landlig beliggenhet rett utenfor Løten sentrum. Over 15 daa tomt. Stor driftsbygning.,Løten,Innlandet,4562640,15.4,,,-,elv/vann,ja,-,-,-,https://www.finn.no/realestate/homes/ad.html?finnkode=468057142,house,0.12,0.3,0.15,0.06,0.5,0.5,0.5,1.0,0.3,0.4,0.3
422,30.2,475450960,Innholdsrik landbrukseiendom på ca. 844 dekar | To bolighus | Sagbruk og stor bygningsmasse | Støl og hjortejakt!,Tørvikbygd,Vestland,4613590,843.7,624.0,624.0,-,elv/vann,ja,-,ja,-,https://www.finn.no/realestate/homes/ad.html?finnkode=475450960,house,0.11,0.45,0.5,0.0,0.0,0.0,0.5,1.0,0.3,1.0,0.3
423,30.0,465900965,"NY PRIS! Sjarmerende hesteeiendom med stall, store beiter og ridehall!",Flisa,Innlandet,4705840,29.3,,,-,elv/vann,ja,-,-,-,https://www.finn.no/realestate/homes/ad.html?finnkode=465900965,farm,0.08,0.3,0.15,0.12,0.5,0.5,0.5,1.0,0.3,0.4,0.3
424,29.2,475559882,GJERDRUM - Familievennlig bolig over tre plan -4 sov -Loftsstue- Solrike uteplasser- Carport,Gjerdrum,Akershus,4880400,15.2,,,-,elv/vann,ja,strøm,-,-,https://www.finn.no/realestate/homes/ad.html?finnkode=475559882,house,0.03,0.3,0.15,0.06,0.5,0.5,0.5,1.0,0.6,0.4,0.3
425,28.7,471404606,"Unik mulighet i Vollgata 33/​35 enebolig-eiendom på 9,2 mål og med stort potensial | Attraktiv beliggenhet i blindvei |",Kongsvinger,Innlandet,4306090,9.2,,,-,elv/vann,-,-,-,-,https://www.finn.no/realestate/homes/ad.html?finnkode=471404606,house,0.2,0.3,0.15,0.04,0.5,0.5,0.5,0.4,0.3,0.4,0.3
426,28.7,445933763,Romslig tomt på 5 221 m² med enebolig for renovering eller rivning | kort vei til Fetsund og Lillestrøm,Lillestrøm,Akershus,4613590,5.2,,,-,elv/vann,-,vann+strøm,-,-,https://www.finn.no/realestate/homes/ad.html?finnkode=445933763,house,0.11,0.3,0.15,0.02,0.5,0.5,0.5,0.4,1.0,0.4,0.3
427,27.9,473305467,"Innholdsrik enebolig m/​hybel og 10 mål tomt |Carport og gårdsplass | Landlig |2 kjøkken, 2 bad og 5 sov | Utsikt",Vestfossen,Buskerud,4910990,10.9,,,-,elv/vann,ja,-,-,-,https://www.finn.no/realestate/homes/ad.html?finnkode=473305467,house,0.03,0.3,0.15,0.04,0.5,0.5,0.5,1.0,0.3,0.4,0.3
428,27.7,458933013,"Innholdsrikt tidligere småbruk med stor solrik tomt  - Bolig, 2 garasjer, uthus og låve - Noe oppgradert - Ny pris",Geilo,Buskerud,4459840,7.8,,,-,elv/vann,-,-,-,-,https://www.finn.no/realestate/homes/ad.html?finnkode=458933013,house,0.15,0.3,0.15,0.03,0.5,0.5,0.5,0.4,0.3,0.4,0.3
429,27.0,476392191,Tiltalende enebolig med attraktiv og barnevennlig beliggenhet | Utsikt og gode solforhold,Kongsberg,Buskerud,4613590,14.9,,,-,elv/vann,-,-,-,-,https://www.finn.no/realestate/homes/ad.html?finnkode=476392191,house,0.11,0.3,0.15,0.06,0.5,0.5,0.5,0.4,0.3,0.4,0.3
430,26.9,471932241,Enebolig med godkjent utleiedel i underetasje | Sentralt og barnevennlig | Garasje i rekke med elbillader,Råholt,Akershus,4954294,14.2,,,-,elv/vann,-,vann+strøm,-,-,https://www.finn.no/realestate/homes/ad.html?finnkode=471932241,house,0.01,0.3,0.15,0.06,0.5,0.5,0.5,0.4,1.0,0.4,0.3
431,26.0,475376185,Endehus fra 2018 - 3 etasjer - 4 sov - 2 bad - Store uteplasser - 2 garasjeplasser - Nær marka - IN ordning,Drammen,Buskerud,4708840,6.5,,,-,elv/vann,-,-,-,-,https://www.finn.no/realestate/homes/ad.html?finnkode=475376185,house,0.08,0.3,0.15,0.03,0.5,0.5,0.5,0.4,0.3,0.4,0.3
