finnkode,url,title,address,postcode,place,prisantydning,totalpris,omkostninger,fellesgjeld,formuesverdi,boligtype,eieform,primaerrom,internt_bruksareal,bruksareal,bruttoareal,soverom,antall_rom,byggeaar,etasje,tomteareal,tomteareal_m2,tomteareal_dekar,energimerking,kommunenr,gnr,bnr,n_images,description,scraped_at,listing_kind
476377339,https://www.finn.no/realestate/homes/ad.html?finnkode=476377339,Delikat frittliggende enebolig i funkisstil fra 2023 med hage - 3 terrasser - Carport med elbillader - Rolig.,"Oppgarden Styri 27, 2080 Eidsvoll",2080,Eidsvoll,5 000 000 kr,5 126 090 kr,126 090 kr,,1 103 927 kr,Enebolig,Selveier,,126 m² (BRA-i),133 m²,,3,,2023,2,5 586 m² (eiet),5586,5.6,Rom,3240,11,180,5,"Velkommen til Oppgarden Styri 27. Nyere, frittliggende enebolig i funkisstil fra 2023 i et rolig og familievennlig område på Styri. Området er ideelt for barnefamilier med nærhet til skole, barnehage og flotte rekreasjonsområder. Boligen går over to plan og består av entré, stue/kjøkken, tre soverom, to bad, flere terrasser på 26 kvm og 27 kvm, samt. balkong på 5 kvm. Det er også utgang til en stor frodig hage som er rammet inn med hekk. Vedovn for ekstra oppvarming. Parkering i tilhørende carport med elbillader og på egen tomt. To sportsboder for ekstra oppbevaring. TV-stuen ligger i dag i åpen løsning mot kjøkkenet. Godkjente tegninger viser rommet som et soverom, og ved å sette opp lettvegg og dør kan det enkelt etableres som et fjerde soverom. Se prospekt for mer informasjon. Minus Vis mindre NB: Knappen for å vise hele beskrivelsen har kun en visuell effekt. Pluss tegn Vis hele beskrivelsen NB: Knappen for å vise hele beskrivelsen har kun en visuell effekt. Salgsoppgaven beskriver vesentlig og lovpålagt informasjon om eiendommen Se komplett salgsoppgave Nyttige lenker Meld interesse Se komplett salgsoppgave Gi bud Visning onsdag, 23. september 16:30 – 17:30 Legg til i kalender Velkommen til visning! Meld deg på ved å trykke ""visningspåmelding"" i våre boligannonser. Visning med megler til stede vil ikke bli avholdt uten påmeldinger. Visningspåmelding Gi bud Nyttige lenker Meld interesse Se komplett salgsoppgave Gi bud Nærområdet Kart Oppgarden Styri 27, 2080 Eidsvoll Annonseinformasjon FINN-kode 476377339 Sist endret 15. sep. 2026 16:32 Referanse 302260280 Rapporter annonse Annonsene kan være mangelfulle i forhold til lovpålagt opplysningsplikt. Før bindende avtale inngås oppfordres interessenter til å innhente komplett informasjon fra meglerforetaket, selger eller utleier.",2026-09-20T15:34:14+00:00,house
476644440,https://www.finn.no/realestate/homes/ad.html?finnkode=476644440,Landlig og bynær idyll på hele 21 mål | Moderne enebolig på ett plan | Stort uthus med verksted og unike bruksmuligheter,"Brattlandsvegen 188, 5268 Haukeland",5268,Haukeland,8 400 000 kr,8 611 090 kr,211 090 kr,,1 284 122 kr,Enebolig,Selveier,,167 m² (BRA-i),290 m²,,2,,2001,1,21 277 m² (eiet),21277,21.3,Rom,4601,3,8,5,"Velkommen til en bynær eiendom med frihet, muligheter og landlig sjarm. Drømmer du om en rolig og tilbaketrukket tilværelse med god plass rundt deg? Her får du en moderne enebolig på ett plan, omgitt av hele 21 mål tomt i naturskjønne omgivelser. Perfekt for familien som ønsker god boltreplass, nærhet til naturen og en fredelig hverdag, samtidig som den byr på unike muligheter for deg som driver egen virksomhet eller har plasskrevende hobbyer. Enebolig: Stue, kjøkken, 2 soverom, 2 bad, vaskerom, garderobe, hall og teknisk rom. Uthus: Innholdsrikt uthus med verksted, slakterom, kjølerom og redskapsskjul. Høydepunkter: -Enebolig på ett plan -21 mål tomt med stor grad av privatliv -Perfekt for familier som ønsker plass og frihet -Ideell for håndverker, entreprenør eller hobbybruker mm. Minus Vis mindre NB: Knappen for å vise hele beskrivelsen har kun en visuell effekt. Pluss tegn Vis hele beskrivelsen NB: Knappen for å vise hele beskrivelsen har kun en visuell effekt. Salgsoppgaven beskriver vesentlig og lovpålagt informasjon om eiendommen Se komplett salgsoppgave Nyttige lenker Gi Bud Eiendommens hjemmeside på Krogsveen.no Visning søndag, 27. september 13:00 – 14:00 Legg til i kalender For å delta på visning, ber vi om at du melder deg på. Da sikrer vi at du får nødvendig informasjon og at det er satt av tilstrekkelig med tid. Kontakt megler dersom annet tidspunkt ønskes. Husk å lese salgsoppgaven før visningen, så du stiller forberedt. Ønsker du kun å bli holdt orientert, kan du fra eiendommens hjemmeside få varsel om solgtpris, eller kontakte megler. Visningspåmelding Gi bud Nyttige lenker Gi Bud Eiendommens hjemmeside på Krogsveen.no Nærområdet Kart Brattlandsvegen 188, 5268 Haukeland Annonseinformasjon FINN-kode 476644440 Sist endret 20. sep. 2026 02:12 Referanse KR74.2641 Rapporter annonse Annonsene kan være mangelfulle i forhold til lovpålagt opplysningsplikt. Før bindende avtale inngås oppfordres interessenter til å innhente komplett informasjon fra meglerforetaket, selger eller utleier.",2026-09-20T15:34:16+00:00,house
476788515,https://www.finn.no/realestate/homes/ad.html?finnkode=476788515,"Innholdsrikt småbruk med fabelaktig fjordutsikt | 52,9 mål tomt og naust | Solrik sørvendt veranda | 3 soverom","Hemnevegen 115, 6699 Kjørsvikbugen",6699,Kjørsvikbugen,3 090 000 kr,3 168 340 kr,78 340 kr,,397 884 kr,Enebolig,Selveier,,199 m² (BRA-i),199 m²,,3,,1975,,52 919 m² (eiet),52919,52.9,Rom,1576,50,7,5,"Drømmer du om et hjem med fjorden like i nærheten, naturen tett på og utsikt som kan nytes hver dag? Velkommen til Kjørsvikbugen og Hemnevegen 115! Her får du et innholdsrikt småbruk med fabelaktig og uhindret utsikt mot Dromnessundet, Trondheimsleia og Hitra, stor tomt, gode solforhold og kort vei til fjord og natur. Samtidig som områdets dagligvare, servicetilbud ligger like i nærheten. Vi ønsker å fremheve: - Uhindret utsikt mot Dromnessundet, Trondheimsleia og Hitra - en utsikt du aldri blir lei av - Stor tomt på 52,9 mål - Sørvendt veranda på ca. 22m² med gode solforhold - Stort kjøkken med rikelig skap- og benkeplass - Lys og trivelig stue med store vinduer som rammer inn utsikten - 3 soverom i hovedetasjen - Kjeller med flere rom og fleksible bruksmuligheter - Naust, låve, eldhus, garasje og dobbelgarasje på eiendommen - Gode tur- og friluftsmuligheter rett utenfor døren - Modernisering/oppussingsbehov bør beregnes Velkommen til en hyggelig visning! - husk visningspåmelding Minus Vis mindre NB: Knappen for å vise hele beskrivelsen har kun en visuell effekt. Pluss tegn Vis hele beskrivelsen NB: Knappen for å vise hele beskrivelsen har kun en visuell effekt. Salgsoppgaven beskriver vesentlig og lovpålagt informasjon om eiendommen Se komplett salgsoppgave Nyttige lenker Digital salgsoppgave Gi bud Bestill salgsoppgave Eiendommens hjemmeside Visning søndag, 27. september 14:15 – 15:15 Legg til i kalender Velkommen til visning! Alle våre visninger har påmelding. På denne måten sikrer vi at våre meglere har god tid og på best mulig måte kan møte alle interessentene. Det er enkelt å melde seg på og like enkelt å melde seg av. Husk å les salgsoppgaven i forkant! Kontakt oss gjerne i forkant av visning om du har noen spørsmål. Husk å lese komplett salgsoppgave før visning. Bestill komplett, utskriftsvennlig salgsoppgave. Visningspåmelding Gi bud Nyttige lenker Digital salgsoppgave Gi bud Bestill salgsoppgave Eiendommens hjemmeside Nærområdet Kart Hemnevegen 115, 6699 Kjørsvikbugen Annonseinformasjon FINN-kode 476788515 Sist endret 19. sep. 2026 21:53 Referanse 7-26-00078 Rapporter annonse Annonsene kan være mangelfulle i forhold til lovpålagt opplysningsplikt. Før bindende avtale inngås oppfordres interessenter til å innhente komplett informasjon fra meglerforetaket, selger eller utleier.",2026-09-20T15:34:17+00:00,house
476393717,https://www.finn.no/realestate/homes/ad.html?finnkode=476393717,"Eldre enebolig med stor, usjenert tomt og idyllisk hage på ca 7.000  m². Renovering må påregnes.","Østerhusmonen 12, 4879 Grimstad",4879,Grimstad,5 000 000 kr,5 126 090 kr,126 090 kr,,1 177 999 kr,Enebolig,Selveier,,184 m² (BRA-i),234 m²,,6,,1880,2,6 915 m² (eiet),6915,6.9,,4202,79,5,5,"Velkommen til Østerhusmonen 12. Her presenteres en eldre enebolig med en stor og skjermet eiertomt på nesten 7 mål. Eiendommen ligger tilbaketrukket og rolig til, med en stor hage og gode muligheter for den som ønsker rom og plass rundt seg. Beliggenheten er barnevennlig med kort vei til Østerhus barnehage og Holviga skole, samt nærhet til turområder og idrettsanlegg. Boligen er av eldre standard og modernisering må påregnes. Høydepunkter: Innholdsrik bolig over to plan med fem soverom Etablert hage med trær og busker Stor, skjermet eiertomt på ca. 7 mål Uregulert eiendom, avsatt til LNFR i kommuneplanen Dobbelgarasje med god lagringsplass Barnevennlig område med kort vei til skole og barnehage Velkommen til visning. Minus Vis mindre NB: Knappen for å vise hele beskrivelsen har kun en visuell effekt. Pluss tegn Vis hele beskrivelsen NB: Knappen for å vise hele beskrivelsen har kun en visuell effekt. Salgsoppgaven beskriver vesentlig og lovpålagt informasjon om eiendommen Se komplett salgsoppgave Nyttige lenker Bestill salgsoppgave Visning tirsdag, 29. september 16:00 – 17:00 Legg til i kalender Ønsker du å delta på visningen ber vi deg melde deg på slik at vi vet at du kommer. Da kan vi bistå alle best mulig og gi deg tiden du trenger på visningen. Kontakt gjerne megler før visning hvis du har spørsmål. Visningen avholdes bare dersom det er påmeldte. Hvis det ikke er oppsatt visningstidspunkt eller tidspunkt ikke passer, kontakt megler. Husk å lese komplett salgsoppgave før visning. Bestill komplett, utskriftsvennlig salgsoppgave. Visningspåmelding Gi bud Nyttige lenker Bestill salgsoppgave Nærområdet Kart Østerhusmonen 12, 4879 Grimstad Annonseinformasjon FINN-kode 476393717 Sist endret 19. sep. 2026 21:00 Referanse 2602260089 Rapporter annonse Annonsene kan være mangelfulle i forhold til lovpålagt opplysningsplikt. Før bindende avtale inngås oppfordres interessenter til å innhente komplett informasjon fra meglerforetaket, selger eller utleier.",2026-09-20T15:34:18+00:00,house
476704385,https://www.finn.no/realestate/homes/ad.html?finnkode=476704385,Innholdsrik enebolig over to plan med oppgradert bad. Solrik terrasse og p-plass i garasje. Vedovn.,"Moltmyra 86, 7091 Tiller",7091,Tiller,3 890 000 kr,4 257 958 kr,9 836 kr,358 122 kr,1 017 141 kr,Enebolig,Andel,,106 m² (BRA-i),112 m²,,3,,1982,,17 479 m² (eiet),17479,17.5,E - Oransje,5001,323,756,5,"EIE eiendomsmegling ved Marius Forsell Lund har gleden av å presentere Moltmyra 86 - en innholdsrik enebolig over to plan i et populært og barnevennlig område på Tiller. Eneboligen har en fin beliggenhet og har kort vei til både skole, barnehage og ""alt du trenger"" i hverdagen. Boligen byr også på en stor veranda og hage med gode solforhold. Merk deg følgende: - Bad oppgradert i 2026 - Vaskerom oppgradert i 2025 - Kjøkken med integrerte hvitevarer - Vedovn i stue - Tre soverom - Terrasse og hage med gode solforhold - Balkong i 2 etg. - Egen bod - Fast parkering i felles garasjeanlegg Velkommen til visning! Minus Vis mindre NB: Knappen for å vise hele beskrivelsen har kun en visuell effekt. Pluss tegn Vis hele beskrivelsen NB: Knappen for å vise hele beskrivelsen har kun en visuell effekt. Salgsoppgaven beskriver vesentlig og lovpålagt informasjon om eiendommen Se komplett salgsoppgave Nyttige lenker Gi bud Bestill salgsoppgave Eiendommens hjemmeside Visning tirsdag, 29. september 17:00 – 18:00 Legg til i kalender Husk å lese komplett salgsoppgave før visning. Bestill komplett, utskriftsvennlig salgsoppgave. Visningspåmelding Nyttige lenker Gi bud Bestill salgsoppgave Eiendommens hjemmeside Nærområdet Kart Moltmyra 86, 7091 Tiller Annonseinformasjon FINN-kode 476704385 Sist endret 19. sep. 2026 17:50 Referanse 33260181 Rapporter annonse Annonsene kan være mangelfulle i forhold til lovpålagt opplysningsplikt. Før bindende avtale inngås oppfordres interessenter til å innhente komplett informasjon fra meglerforetaket, selger eller utleier.",2026-09-20T15:34:20+00:00,house
476696435,https://www.finn.no/realestate/homes/ad.html?finnkode=476696435,Nyere enebolig med nærhet til Son sentrum | 3 soverom | Solrik terrasse på 31kvm | Carport m/​el-billader,"Skoglundveien 126, 1555 Son",1555,Son,6 200 000 kr,6 356 090 kr,156 090 kr,,1 588 733 kr,Enebolig,Selveier,,106 m² (BRA-i),106 m²,,3,,2023,,8 588 m² (eiet),8588,8.6,B - Rød,3216,137,30,7,"Ragnhild Felix v/ASK Foss har gleden av å presentere Skoglundveien 126! Flott og moderne enebolig fra 2023 med en gjennomtenkt planløsning over to etasjer. Boligen holder en gjennomgående god standard. Underetasjen inneholder hall med trapp, bad/vaskerom, teknisk rom og tre soverom, hvorav hovedsoverommet har eget omkledningsrom. I 1. etasje finner du en åpen og sosial stue- og kjøkkenløsning samt toalettrom. Fra kjøkkenet er det utgang til terrasse, mens stuen har utgang til en hyggelig veranda. Parkering i carport med tilhørende bod. Eiendommen ligger fint, kun få minutters gange fra Son sentrum med kaféer, restauranter, gallerier, butikker, museum, lege og apotek. Det er kort vei til barnehager, skoler og Grevlingen med idrettshall, svømmehall, slalåmbakke, kunstgressbane og lysløype. Til Oslo er det 40 minutter med bil og 30 minutter med tog. Minus Vis mindre NB: Knappen for å vise hele beskrivelsen har kun en visuell effekt. Pluss tegn Vis hele beskrivelsen NB: Knappen for å vise hele beskrivelsen har kun en visuell effekt. Salgsoppgaven beskriver vesentlig og lovpålagt informasjon om eiendommen Se komplett salgsoppgave Nyttige lenker Salgsoppgave med vedlegg Gi bud Bestill salgsoppgave Eiendommens hjemmeside Visning søndag, 27. september 14:00 – 14:45 Legg til i kalender Velkommen til visning! Alle våre visninger har påmelding. Visninger uten påmeldte blir ikke avholdt. På denne måten sikrer vi at våre meglere har god tid og på best mulig måte kan møte alle interessentene. Det er enkelt å melde seg på og like enkelt å melde seg av. Husk å les salgsoppgaven i forkant! Kontakt oss gjerne i forkant av visning om du har noen spørsmål. Husk å lese komplett salgsoppgave før visning. Bestill komplett, utskriftsvennlig salgsoppgave. Visningspåmelding Gi bud Nyttige lenker Salgsoppgave med vedlegg Gi bud Bestill salgsoppgave Eiendommens hjemmeside Nærområdet Kart Skoglundveien 126, 1555 Son Annonseinformasjon FINN-kode 476696435 Sist endret 19. sep. 2026 17:17 Referanse 10-26-0044 Rapporter annonse Annonsene kan være mangelfulle i forhold til lovpålagt opplysningsplikt. Før bindende avtale inngås oppfordres interessenter til å innhente komplett informasjon fra meglerforetaket, selger eller utleier.",2026-09-20T15:34:21+00:00,house
476740935,https://www.finn.no/realestate/homes/ad.html?finnkode=476740935,Småbruk | Stort hus med to naust | Store hageområder | Løe og drivhus | Landlige omgivelser på Sotra,"Spilda 68, 5382 Skogsvåg",5382,Skogsvåg,3 990 000 kr,4 090 840 kr,100 840 kr,,936 562 kr,Enebolig,Selveier,,239 m² (BRA-i),502 m²,,5,,1921,,152 247 m² (eiet),152247,152.2,,4626,141,3,5,"Velkommen til Spilda 68. Småbruk i landlige omgivelser. Eiendommen har store, grønne hage- og utearealer ved huset, drivhus og flere småbygg. Boligen har en innholdsrik planløsning med fem soverom, tre stuer, to kjøkken og bad. I kjelleretasjen finnes fire boder og kjellerrom med gode oppbevaringsmuligheter. Standarden er varierende og enkel, og det må påregnes oppgradering og modernisering. Beliggenheten er fredelig og naturskjønn på Sotra med nærhet til både vann og sjø. Høydepunkter: To naust med båter medfølger, beliggende ved henholdsvis vann og sjøen Eldre løe over to plan med eksternt bruksareal på ca. 129 m² Frittstående terrasse på ca. 27 m² anlagt på terreng ved huset Yttertak fornyet i 2018 med betongtakstein og nye takrenner Velkommen til visning! Minus Vis mindre NB: Knappen for å vise hele beskrivelsen har kun en visuell effekt. Pluss tegn Vis hele beskrivelsen NB: Knappen for å vise hele beskrivelsen har kun en visuell effekt. Salgsoppgaven beskriver vesentlig og lovpålagt informasjon om eiendommen Se komplett salgsoppgave Nyttige lenker Bestill salgsoppgave Visning torsdag, 24. september 18:00 – 19:00 Legg til i kalender Husk å lese komplett salgsoppgave før visning. Bestill komplett, utskriftsvennlig salgsoppgave. Visningspåmelding Gi bud Nyttige lenker Bestill salgsoppgave Nærområdet Kart Spilda 68, 5382 Skogsvåg Annonseinformasjon FINN-kode 476740935 Sist endret 19. sep. 2026 15:03 Referanse 2704260133 Rapporter annonse Annonsene kan være mangelfulle i forhold til lovpålagt opplysningsplikt. Før bindende avtale inngås oppfordres interessenter til å innhente komplett informasjon fra meglerforetaket, selger eller utleier.",2026-09-20T15:34:22+00:00,house
476759581,https://www.finn.no/realestate/homes/ad.html?finnkode=476759581,Sjelden mulighet kun 10 min fra Lillestrøm | Hele 5 639 m² tomt | Store muligheter | Usjenert og solrikt,"Branderudveien 45, 2015 Leirsund",2015,Leirsund,10 000 000 kr,10 251 090 kr,251 090 kr,,2 003 058 kr,Enebolig,Selveier,,253 m² (BRA-i),253 m²,,2,,1955,,5 640 m² (eiet),5640,5.6,F - Oransje,3205,7,22,3,"Velkommen til Branderudveien 45 - en sjelden mulighet på Leirsund med hele 5 639 m² tomt, usjenert beliggenhet og gode solforhold. Den store tomten er eiendommens klare hovedkvalitet og gir et spennende utgangspunkt for kjøpere som ønsker god plass og ser mulighetene på lengre sikt. Eiendommen ligger fritt og skjermet, med skog og natur tett på, samtidig som Lillestrøm er lett tilgjengelig. Det er gangavstand til tog og buss, og nærområdet byr på gode tur-, bade- og fiskemuligheter. Eiendommen har også gruset gårdsplass med gode oppstillingsmuligheter og frittstående garasje med lagringsplass. Høydepunkter: -Hele 5 639 m² tomt -Spennende og store muligheter -Usjenert og solrik beliggenhet -Kort vei til Lillestrøm -Gangavstand til tog og buss -Skog og turterreng rett i nærheten -Gode parkeringsmuligheter -Frittstående garasje med lagringsplass Velkommen til en hyggelig visning! Minus Vis mindre NB: Knappen for å vise hele beskrivelsen har kun en visuell effekt. Pluss tegn Vis hele beskrivelsen NB: Knappen for å vise hele beskrivelsen har kun en visuell effekt. Salgsoppgaven beskriver vesentlig og lovpålagt informasjon om eiendommen Se komplett salgsoppgave Nyttige lenker Gi bud Bestill salgsoppgave Eiendommens hjemmeside Visning Ta kontakt for å avtale visning. Husk å lese komplett salgsoppgave før visning. Bestill komplett, utskriftsvennlig salgsoppgave. Visningspåmelding Gi bud Nyttige lenker Gi bud Bestill salgsoppgave Eiendommens hjemmeside Nærområdet Kart Branderudveien 45, 2015 Leirsund Annonseinformasjon FINN-kode 476759581 Sist endret 20. sep. 2026 09:29 Referanse 24260153 Rapporter annonse Annonsene kan være mangelfulle i forhold til lovpålagt opplysningsplikt. Før bindende avtale inngås oppfordres interessenter til å innhente komplett informasjon fra meglerforetaket, selger eller utleier.",2026-09-20T15:34:24+00:00,house
476758163,https://www.finn.no/realestate/homes/ad.html?finnkode=476758163,"Lekker og gjennomført enebolig fra 2022 | Innholdsrikt uteområde | Carport med elbillader | 3 sov, 2 bad og vask","Lofthuslia 13, 1825 Tomter",1825,Tomter,5 700 000 kr,5 843 590 kr,143 590 kr,,1 258 561 kr,Enebolig,Selveier,,140 m² (BRA-i),142 m²,,3,,2022,,13 034 m² (eiet),13034,13.0,,3118,805,162,7,"Velkommen til Lofthuslia 13! Dette er en lekker og gjennomført enebolig med praktisk planløsning, pene fargevalg og moderne standard fra 2022. Inneholder entré, kjøkken, stue, TV-stue, tre soverom, to bad, vaskerom og teknisk rom. Hovedsoverommet har adkomst til eget garderoberom, og det er ellers gode lagringsmuligheter. Solrikt og innholdsrikt uteområde med gode kvaliteter og rikelig med plass til å nyte livet utendørs. Parkering i carport med elbillader og på gårdsplass med plass til flere biler. Rolig, barnevennlig og attraktiv beliggenhet. Kort vei til skoler, barnehager, butikker, kollektiv og marka. Minus Vis mindre NB: Knappen for å vise hele beskrivelsen har kun en visuell effekt. Pluss tegn Vis hele beskrivelsen NB: Knappen for å vise hele beskrivelsen har kun en visuell effekt. Salgsoppgaven beskriver vesentlig og lovpålagt informasjon om eiendommen Se komplett salgsoppgave Nyttige lenker Gi bud Bestill salgsoppgave Eiendommens hjemmeside Visning søndag, 27. september 12:00 – 12:45 Legg til i kalender Velkommen til visning! Alle våre visninger har påmelding. På denne måten sikrer vi at megler har god oversikt og tid til å imøtekomme alle interessenter på beste måte. Dette er veldig verdifullt for boligkjøpere og for oss. Det er enkelt å melde seg på, og du kan like enkelt melde deg av. Kontakt også gjerne megler i forkant av visning dersom du har spørsmål. Husk å lese komplett salgsoppgave før visning. Bestill komplett, utskriftsvennlig salgsoppgave. Visningspåmelding Gi bud Nyttige lenker Gi bud Bestill salgsoppgave Eiendommens hjemmeside Nærområdet Kart Lofthuslia 13, 1825 Tomter Annonseinformasjon FINN-kode 476758163 Sist endret 19. sep. 2026 09:04 Referanse 120260099 Rapporter annonse Annonsene kan være mangelfulle i forhold til lovpålagt opplysningsplikt. Før bindende avtale inngås oppfordres interessenter til å innhente komplett informasjon fra meglerforetaket, selger eller utleier.",2026-09-20T15:34:25+00:00,house
476632199,https://www.finn.no/realestate/homes/ad.html?finnkode=476632199,"Sjelden mulighet på Fredvang med innholdsrik enebolig, fire soverom, garasje, uthus og naust.","Hovdanveien 124, 8387 Fredvang",8387,Fredvang,2 690 000 kr,2 758 340 kr,68 340 kr,,674 609 kr,Enebolig,Selveier,,197 m² (BRA-i),197 m²,,4,,1991,3,11 143 m² (eiet),11143,11.1,Rom,1859,22,12,5,"Velkommen til Hovdanveien 124! En innholdsrik enebolig med en fantastisk beliggenhet i Fredvang, i hjertet av Lofoten. Eiendommen byr på en fleksibel planløsning over tre plan, inkludert en egen utleiedel i underetasjen, som gir gode muligheter. Boligen inneholder per i dag fire soverom, to bad, vaskerom og flere stuer og kjøkken. Uteområdet er opparbeidet med plen og beplantning. I tillegg til boligen følger det med garasje, uthus og et naust, noe som gir rikelig med lagringsplass og muligheter for hobbyaktiviteter. Her bor du i umiddelbar nærhet til storslått natur med fjell og hav som nærmeste nabo. Dette er en eiendom med et betydelig potensial for den rette kjøperen. Ta kontakt for en hyggelig visning! Minus Vis mindre NB: Knappen for å vise hele beskrivelsen har kun en visuell effekt. Pluss tegn Vis hele beskrivelsen NB: Knappen for å vise hele beskrivelsen har kun en visuell effekt. Salgsoppgaven beskriver vesentlig og lovpålagt informasjon om eiendommen Se komplett salgsoppgave Nyttige lenker Gi bud Bestill salgsoppgave Visning onsdag, 30. september 17:00 – 17:45 Legg til i kalender Husk å lese komplett salgsoppgave før visning. Bestill komplett, utskriftsvennlig salgsoppgave. Visningspåmelding Gi bud Nyttige lenker Gi bud Bestill salgsoppgave Nærområdet Kart Hovdanveien 124, 8387 Fredvang Annonseinformasjon FINN-kode 476632199 Sist endret 18. sep. 2026 20:01 Referanse 101260068 Rapporter annonse Annonsene kan være mangelfulle i forhold til lovpålagt opplysningsplikt. Før bindende avtale inngås oppfordres interessenter til å innhente komplett informasjon fra meglerforetaket, selger eller utleier.",2026-09-20T15:34:26+00:00,house
476074813,https://www.finn.no/realestate/homes/ad.html?finnkode=476074813,"Innbydende leilighet i 2. etasje fra 2022, med tre soverom, to bad og to balkonger. Heis og parkering i lukket anlegg.","Theodor Dahls veg 4 B, 4355 Kvernaland",4355,Kvernaland,6 290 000 kr,6 448 340 kr,158 340 kr,,1 608 880 kr,Enebolig,Selveier,,130 m² (BRA-i),145 m²,,3,,2022,2,5 558 m² (eiet),5558,5.6,Rom,1121,28,26,5,"Velkommen til Theodor Dahls veg 4 B! Attraktiv beliggenhet i Kvernaland sentrum, med et godt servicetilbud like utenfor døren Kort gangavstand til butikker, servicetilbud og øvrige fasiliteter i nærområdet Leiligheten har enkel adkomst via heis eller trapp. Lys og innbydende leilighet beliggende i byggets 2. etasje Stue og kjøkken i en delvis åpen løsning, med en fleksibel planløsning som enkelt kan tilpasses ulike behov Utgang til hver sin balkong fra stuen, hvorav den ene er innglasset Stilrent og funksjonelt kjøkken med god oppbevaringsplass og romslige arbeidsflater To helflisede bad samt praktisk separat vaskerom Tre innbydende soverom med gode bruksmuligheter Parkering og bod i lukket garasjeanlegg Innhold: 2. etasje: Entré/gang, stue/spisestue/kjøkken, bad/vaskerom, bad, 3 soverom og bod Minus Vis mindre NB: Knappen for å vise hele beskrivelsen har kun en visuell effekt. Pluss tegn Vis hele beskrivelsen NB: Knappen for å vise hele beskrivelsen har kun en visuell effekt. Salgsoppgaven beskriver vesentlig og lovpålagt informasjon om eiendommen Se komplett salgsoppgave Nyttige lenker Gi bud Bestill salgsoppgave Eiendommens hjemmeside Visning mandag, 28. september 19:00 – 19:30 Legg til i kalender Velkommen til visning! Alle våre visninger har påmelding. På denne måten sikrer vi at megler har god oversikt og tid til å imøtekomme alle interessenter på beste måte. Dette er veldig verdifullt for boligkjøpere og for oss. Det er enkelt å melde seg på, og du kan like enkelt melde deg av. Kontakt også gjerne megler i forkant av visning dersom du har spørsmål. Husk å lese komplett salgsoppgave før visning. Bestill komplett, utskriftsvennlig salgsoppgave. Visningspåmelding Gi bud Nyttige lenker Gi bud Bestill salgsoppgave Eiendommens hjemmeside Nærområdet Kart Theodor Dahls veg 4 B, 4355 Kvernaland Annonseinformasjon FINN-kode 476074813 Sist endret 19. sep. 2026 17:36 Referanse 310260211 Rapporter annonse Annonsene kan være mangelfulle i forhold til lovpålagt opplysningsplikt. Før bindende avtale inngås oppfordres interessenter til å innhente komplett informasjon fra meglerforetaket, selger eller utleier.",2026-09-20T15:34:27+00:00,house
476103611,https://www.finn.no/realestate/homes/ad.html?finnkode=476103611,Stor eiendom på over 7 mål - Sentralt plassert mellom Larvik og Sandefjord - Kort vei til E-18 - Enebolig og stor hage,"Gamle Ravei 333, 3270 Larvik",3270,Larvik,4 900 000 kr,5 023 830 kr,123 830 kr,,669 109 kr,Enebolig,Selveier,,90 m² (BRA-i),90 m²,,3,,,,7 201 m² (eiet),7201,7.2,G - Rød,3909,2040,53,5,"Velkommen til Gamle Ravei 333 Dette er en eiendom på 7201 kvm beliggende på Amundrød/ Verningen mellom Larvik og Sandefjord. Det er kort vei til E-18 slik at eiendommen ligger godt plassert for enkel adkomst til omkringliggende byer. Eiendommen består av enebolig og stor hage. Eneboligen leies ut pr i dag. Eiendommen består av 2 bruksnummer der hovedeiendommen er GBNR 2040/53 og er på 4851 kvm, mens den andre eiendommen er GBNR 2136/5 og er på 2350 kvm. Se kart i salgsoppgaven for mer info. I følge reguleringsplan fra 1979 og 1986 er eiendommene uregulert. I følge kommuneplanens arealdel fra 2025 er: Ca 1481 kvm regulert til LNF-B (spredt bolig-, fritids eller næringsbebyggelse. Ca 1100 kvm er båndlagt etter lov om kulturminner. Øvrig areal er regulert til LNRF. Det er 3 kulturminner på tomten, disse er omtalt i salgsoppgaven. For rette kjøper har denne eiendommen fint potensial. Hva området kan brukes til må avklares med Larvik kommune. Minus Vis mindre NB: Knappen for å vise hele beskrivelsen har kun en visuell effekt. Pluss tegn Vis hele beskrivelsen NB: Knappen for å vise hele beskrivelsen har kun en visuell effekt. Salgsoppgaven beskriver vesentlig og lovpålagt informasjon om eiendommen Se komplett salgsoppgave Nyttige lenker Gi bud Bestill salgsoppgave Eiendommens hjemmeside Visning mandag, 28. september 16:30 – 17:30 Legg til i kalender Alle våre visninger har påmelding. På denne måten sikrer vi at megler har god oversikt og tid til å imøtekomme alle interessenter på beste måte. Påmelding til visning må gjøres senest innen kl.15.00 dagen før. Visninger uten påmelding vil ikke bli avholdt. Kontakt også gjerne i forkant av visning dersom du har spørsmål. Husk å lese komplett salgsoppgave før visning. Bestill komplett, utskriftsvennlig salgsoppgave. Visningspåmelding Nyttige lenker Gi bud Bestill salgsoppgave Eiendommens hjemmeside Nærområdet Kart Gamle Ravei 333, 3270 Larvik Annonseinformasjon FINN-kode 476103611 Sist endret 18. sep. 2026 16:58 Referanse 69260145 Rapporter annonse Annonsene kan være mangelfulle i forhold til lovpålagt opplysningsplikt. Før bindende avtale inngås oppfordres interessenter til å innhente komplett informasjon fra meglerforetaket, selger eller utleier.",2026-09-20T15:34:29+00:00,house
463577409,https://www.finn.no/realestate/homes/ad.html?finnkode=463577409,"Landlig perle med storslått utsikt, over 5 mål tomt og enorme muligheter - kun en kort kjøretur fra Stavanger!","Foss 20, 4146 Skiftun",4146,Skiftun,3 495 000 kr,3 583 460 kr,88 460 kr,,1 568 000 kr,Enebolig,Selveier,,192 m² (BRA-i),311 m²,,2,,2000,,5 070 m² (eiet),5070,5.1,Rom,1133,14,34,5,"Velkommen til Foss 20! Drømmer du om god plass, fantastisk utsikt og naturskjønne omgivelser? Denne innholdsrike eneboligen i vakre Hjelmeland byr på en kombinasjon av frihet, fleksibilitet og landlig idyll - samtidig som Stavanger er innen komfortabel kjøreavstand. Her får du en romslig bolig med flere oppholdssoner, flotte uteplasser og en eiendom med stort potensial. Høydepunkter: Stor eiertomt på over 5 mål Spektakulær utsikt mot fjord og landskap Solrike uteplasser med god plass til gjester Integrert garasje med bodplass Koselig peisestue med åpen peis og skifergulv Kjøkken med vedovn og utgang til balkong Flere uthus, stall/bod og gode muligheter for småbruk- og hobbydrift Fiber En eiendom som må oppleves på visning! Minus Vis mindre NB: Knappen for å vise hele beskrivelsen har kun en visuell effekt. Pluss tegn Vis hele beskrivelsen NB: Knappen for å vise hele beskrivelsen har kun en visuell effekt. Salgsoppgaven beskriver vesentlig og lovpålagt informasjon om eiendommen Se komplett salgsoppgave Nyttige lenker Bestill salgsoppgave Visning tirsdag, 29. september 16:30 – 17:30 Legg til i kalender Ønsker du å delta på visningen ber vi deg melde deg på slik at vi vet at du kommer. Da kan vi bistå alle best mulig og gi deg tiden du trenger på visningen. Kontakt gjerne megler før visning hvis du har spørsmål. Visningen avholdes bare dersom det er påmeldte. Hvis det ikke er oppsatt visningstidspunkt eller tidspunkt ikke passer, kontakt megler. Husk å lese komplett salgsoppgave før visning. Bestill komplett, utskriftsvennlig salgsoppgave. Visningspåmelding Gi bud Nyttige lenker Bestill salgsoppgave Nærområdet Kart Foss 20, 4146 Skiftun Annonseinformasjon FINN-kode 463577409 Sist endret 18. sep. 2026 16:19 Referanse 2209260051 Rapporter annonse Annonsene kan være mangelfulle i forhold til lovpålagt opplysningsplikt. Før bindende avtale inngås oppfordres interessenter til å innhente komplett informasjon fra meglerforetaket, selger eller utleier.",2026-09-20T15:34:30+00:00,house
476705616,https://www.finn.no/realestate/homes/ad.html?finnkode=476705616,Koselig småbruk med landlig og usjenert beliggenhet. Ca. 32 daa. Idyllisk hage. Garasje/​uthus og hagestue.,"Nordskogbygdvegen 692, 2410 Hernes",2410,Hernes,2 800 000 kr,2 871 390 kr,71 390 kr,,572 907 kr,Enebolig,Selveier,,133 m² (BRA-i),313 m²,,3,,1947,,32 241 m² (eiet),32241,32.2,,3420,131,12,5,"Velkommen til et sjarmerende småbruk med landlig og usjenert beliggenhet i Nordskogbygda. Eiendommen består av ca. 32 dekar fordelt på to teiger med dyrket mark og utmark med skog. Arealene gir gode muligheter for blant annet hest, sau eller annet dyrehold. Boligen går over to plan og byr på tre soverom og flere hyggelige oppholdsrom. Tregulv, fine fargevalg, flere ildsteder og varmepumpe bidrar til en lun og hjemmekoselig atmosfære. Rundt tunet venter en idyllisk og skjermet hage med plen, variert beplantning, bærbusker, grønnsakhage og en koselig hagestue med terrasse og liten dam. Her ligger alt til rette for dyrking og en større grad av selvberging. Eiendommen har flere praktiske tilleggsbygninger, samt tilrettelagte områder for hunde- og hønsehold. Her får du med andre ord gode muligheter for både dyr, hobbyer og oppbevaring. Ca. 11 km til Hernes og 18,5 km til Elverum sentrum. Velkommen til visning! Minus Vis mindre NB: Knappen for å vise hele beskrivelsen har kun en visuell effekt. Pluss tegn Vis hele beskrivelsen NB: Knappen for å vise hele beskrivelsen har kun en visuell effekt. Salgsoppgaven beskriver vesentlig og lovpålagt informasjon om eiendommen Se komplett salgsoppgave Nyttige lenker Gi bud Bestill salgsoppgave Visning onsdag, 30. september 18:30 – 19:00 Legg til i kalender Husk å lese komplett salgsoppgave før visning. Bestill komplett, utskriftsvennlig salgsoppgave. Visningspåmelding Gi bud Nyttige lenker Gi bud Bestill salgsoppgave Nærområdet Kart Nordskogbygdvegen 692, 2410 Hernes Annonseinformasjon FINN-kode 476705616 Sist endret 18. sep. 2026 13:08 Referanse 99260263 Rapporter annonse Annonsene kan være mangelfulle i forhold til lovpålagt opplysningsplikt. Før bindende avtale inngås oppfordres interessenter til å innhente komplett informasjon fra meglerforetaket, selger eller utleier.",2026-09-20T15:34:31+00:00,house
474538043,https://www.finn.no/realestate/homes/ad.html?finnkode=474538043,Innholdsrik familiebolig over 3 plan med 4 soverom | Barnevennlig og rolig beliggenhet | Garasje og flere uteplasser,"Svenskerud 134, 3409 Tranby",3409,Tranby,4 800 000 kr,5 291 205 kr,1 090 kr,490 115 kr,905 116 kr,Enebolig,Andel,,164 m² (BRA-i),190 m²,,4,,1987,,21 139 m² (eiet),21139,21.1,,3312,145,210,5,"Velkommen til Svenskerud 134. Dette er en innholdsrik familiebolig over tre plan, beliggende i et etablert og barnevennlig område med lite trafikk. Her bor du med umiddelbar nærhet til skoler, barnehager, ballplass og marka, samt kort vei til Liertoppen kjøpesenter. Boligen har en praktisk planløsning med fire soverom og to stuer, inkludert en lys loftstue med takvinduer. I hovedstuen sørger en peisovn for ekstra varme og hygge, og fra spisestuen er det utgang til en stor terrasse og hage. For ekstra velvære finner du en egen badstue i underetasjen. Yttertak, vinduer og balkongdør ble skiftet i regi av borettslaget, og det medfølger en praktisk, frittstående garasje med innlagt strøm. Velkommen til visning. Minus Vis mindre NB: Knappen for å vise hele beskrivelsen har kun en visuell effekt. Pluss tegn Vis hele beskrivelsen NB: Knappen for å vise hele beskrivelsen har kun en visuell effekt. Salgsoppgaven beskriver vesentlig og lovpålagt informasjon om eiendommen Se komplett salgsoppgave Nyttige lenker Bestill salgsoppgave Visning søndag, 27. september 13:30 – 14:30 Legg til i kalender Ønsker du å delta på visningen ber vi deg melde deg på slik at vi vet at du kommer. Da kan vi bistå alle best mulig og gi deg tiden du trenger på visningen. Kontakt gjerne megler før visning hvis du har spørsmål. Visningen avholdes bare dersom det er påmeldte. Hvis det ikke er oppsatt visningstidspunkt eller tidspunkt ikke passer, kontakt megler. Husk å lese komplett salgsoppgave før visning. Bestill komplett, utskriftsvennlig salgsoppgave. Visningspåmelding Gi bud Nyttige lenker Bestill salgsoppgave Nærområdet Kart Svenskerud 134, 3409 Tranby Annonseinformasjon FINN-kode 474538043 Sist endret 18. sep. 2026 10:46 Referanse 2867260035 Rapporter annonse Annonsene kan være mangelfulle i forhold til lovpålagt opplysningsplikt. Før bindende avtale inngås oppfordres interessenter til å innhente komplett informasjon fra meglerforetaket, selger eller utleier.",2026-09-20T15:34:32+00:00,house
476375061,https://www.finn.no/realestate/homes/ad.html?finnkode=476375061,Tidligere landbrukseiendom på 45 mål - Strandlinje til Randsfjorden - 43 mål skog,"Jevnakervegen 742, 2870 Dokka",2870,Dokka,600 000 kr,616 390 kr,16 390 kr,,300 925 kr,Enebolig,Selveier,,,,,0,,1925,,45 648 m² (eiet),45648,45.6,,3448,143,8,5,"Velkommen til Jevnakervegen 742! Tidligere landbrukseiendom som ligger idyllisk til sør for Dokka, med en flott beliggenhet ned mot Randsfjorden og Dokka deltaet naturreservat. Eiendommen er på ca. 45 dekar og har egen strandlinje, noe som gir gode muligheter for å nyte de naturskjønne omgivelsene og nærheten til fjorden. Eiendommen består hovedsakelig av skrånende naturterreng og furuskog, og byr på en usjenert beliggenhet med flotte naturkvaliteter. Det er ca. 20 år siden eiendommen var bebodd og har et eldre bolighus samt tre uthus. Bygningene er i svært dårlig forfatning, og eiendommen er derfor vurdert som tomt og taksert som dette. Det er gruset vei frem til naboeiendommen, mens veien videre inn til tidligere bolig er noe gjengrodd. Iht. Gårdskart består eiendommen av ca. 44,2 dekar produktiv skog, 0,8 dekar annet markslag og 1,8 dekar bebygd areal. Minus Vis mindre NB: Knappen for å vise hele beskrivelsen har kun en visuell effekt. Pluss tegn Vis hele beskrivelsen NB: Knappen for å vise hele beskrivelsen har kun en visuell effekt. Salgsoppgaven beskriver vesentlig og lovpålagt informasjon om eiendommen Se komplett salgsoppgave Nyttige lenker Fotoweb Gi bud Bestill salgsoppgave Hjemmeside Visning Ta kontakt for å avtale visning. Husk å lese komplett salgsoppgave før visning. Bestill komplett, utskriftsvennlig salgsoppgave. Visningspåmelding Gi bud Nyttige lenker Fotoweb Gi bud Bestill salgsoppgave Hjemmeside Nærområdet Kart Jevnakervegen 742, 2870 Dokka Annonseinformasjon FINN-kode 476375061 Sist endret 18. sep. 2026 10:31 Referanse 61260168 Rapporter annonse Annonsene kan være mangelfulle i forhold til lovpålagt opplysningsplikt. Før bindende avtale inngås oppfordres interessenter til å innhente komplett informasjon fra meglerforetaket, selger eller utleier.",2026-09-20T15:34:33+00:00,house
476460556,https://www.finn.no/realestate/homes/ad.html?finnkode=476460556,Lofoten - Digermulen - egen halvøy - arkitektonisk perle,"Digermulveien 820J og K, 8324 Digermulen",8324,Digermulen,12 000 000 kr,12 301 090 kr,301 090 kr,,522 000 kr,Enebolig,Selveier,,145 m² (BRA-i),185 m²,,3,,2024,,71 854 m² (eiet),71854,71.9,Rom,1865,33,3,5,"Eiendommen Solheim Lofoten er opprinnelig et småbruk. Beliggenheten er upåklagelig - stille, usjenert, maksimalt gode solforhold og med vid utsikt mot landskapet rundt. Hovedboligen, som opprinnelig var en låve, er transformert til en arkitektonisk perle med de beste løsninger og med svært gode kvaliteter. Arkitekt bak prosjektet er TIND Arkitektur AS/Asplan Viak AS, hvor bærekraft og gjenbruk av materialer har vært gjennomgående i arkitektens gjerning. Selgers omtale av prosjektet medfølger salgsoppgaven. Bebyggelsen består av hovedhus som nevnt, et opprinnelig våningshus klargjort for videre utvikling samt en frittstående carport. Tomten, som omfatter en hel halvøy, har ca. 1,2 km sjølinje, areal på ca. 70 dekar med noe dyrket areal, skog tun og utmark. Minus Vis mindre NB: Knappen for å vise hele beskrivelsen har kun en visuell effekt. Pluss tegn Vis hele beskrivelsen NB: Knappen for å vise hele beskrivelsen har kun en visuell effekt. Salgsoppgaven beskriver vesentlig og lovpålagt informasjon om eiendommen Se komplett salgsoppgave Nyttige lenker Se komplett salgsoppgave Visning lørdag, 03. oktober 13:00 – 15:00 Legg til i kalender Vi vil sette stor pris på påmelding til planlagt visningsdeltakelse. Dette gir mulighet for planlegging hos selger og megler, og vil kunne bidra til at vi sammen kan skape en enda bedre opplevelse for deg som gjest. Velkommen! Husk å lese komplett salgsoppgave før visning. Bestill komplett, utskriftsvennlig salgsoppgave. Visningspåmelding Gi bud Nyttige lenker Se komplett salgsoppgave Nærområdet Kart Digermulveien 820J og K, 8324 Digermulen Annonseinformasjon FINN-kode 476460556 Sist endret 18. sep. 2026 14:01 Referanse 20-26-1279 Rapporter annonse Annonsene kan være mangelfulle i forhold til lovpålagt opplysningsplikt. Før bindende avtale inngås oppfordres interessenter til å innhente komplett informasjon fra meglerforetaket, selger eller utleier.",2026-09-20T15:34:35+00:00,house
475376185,https://www.finn.no/realestate/homes/ad.html?finnkode=475376185,Endehus fra 2018 - 3 etasjer - 4 sov - 2 bad - Store uteplasser - 2 garasjeplasser - Nær marka - IN ordning,"Austadveien 166, 3034 Drammen",3034,Drammen,2 450 000 kr,4 708 840 kr,1 340 kr,2 257 500 kr,5 769 775 kr,Enebolig,Andel,,121 m² (BRA-i),121 m²,,4,,2018,,6 550 m² (eiet),6550,6.5,C - Rød,3301,22,258,5,"Velkommen til Austadveien 166. Et moderne og innholdsrikt kjedehus fra 2018 med attraktiv, ende-beliggenhet på Austad. Her får du 121 m² BRA-i fordelt over tre etasjer, med fire soverom, to bad og et romslig vaskerom, en planløsning som passer familien svært godt. Hovedetasjen byr på en sosial stue- og kjøkkenløsning, hvor vedovnen skaper en lun atmosfære. Boligen holder en gjennomgående god standard med parkett og fliser, gulvvarme i flere rom og balansert ventilasjon. Ute kan du nyte en flott balkong på ca. 27,5 m² og terrasse på ca. 13,5 m². Perfekte soner for både avslapning og hyggelige sammenkomster. To parkeringsplasser i felles parkeringskjeller gjør hverdagen ekstra komfortabel. Beliggenheten kombinerer rolige omgivelser med kort vei til skole, barnehage, butikker, idrettstilbud og flotte turområder. Gode forbindelser til Drammen sentrum, jernbanen og E18 gjør dette til et svært attraktivt hjem for både familier og pendlere. Et hjem som virkelig bør oppleves! Minus Vis mindre NB: Knappen for å vise hele beskrivelsen har kun en visuell effekt. Pluss tegn Vis hele beskrivelsen NB: Knappen for å vise hele beskrivelsen har kun en visuell effekt. Ta kontakt med megler for komplett informasjon Nyttige lenker Salgsoppgave Gi bud Bestill salgsoppgave Visning torsdag, 24. september 16:45 – 17:30 Legg til i kalender Husk å lese komplett salgsoppgave før visning. Bestill komplett, utskriftsvennlig salgsoppgave. Visningspåmelding Nyttige lenker Salgsoppgave Gi bud Bestill salgsoppgave Nærområdet Kart Austadveien 166, 3034 Drammen Annonseinformasjon FINN-kode 475376185 Sist endret 18. sep. 2026 09:55 Referanse 2260122 Rapporter annonse Annonsene kan være mangelfulle i forhold til lovpålagt opplysningsplikt. Før bindende avtale inngås oppfordres interessenter til å innhente komplett informasjon fra meglerforetaket, selger eller utleier.",2026-09-20T15:34:36+00:00,house
449805105,https://www.finn.no/realestate/homes/ad.html?finnkode=449805105,"Innholdsrik eiendom med småbrukspreg - Romslig tomt på 13430 m², landlige omgivelser, eldre fjøs og stor garasje","Ytre Bremnesveien 26, 7270 Dyrvik",7270,Dyrvik,1 600 000 kr,1 641 090 kr,41 090 kr,,500 635 kr,Enebolig,Selveier,,133 m² (BRA-i),215 m²,,3,,1971,,13 430 m² (eiet),13430,13.4,D - Gul,5014,51,7,7,"Velkommen til Ytre Bremnesveien 26 - Innholdsrik og sjarmerende eiendom med romslig tomt 13430,4 m². Flott beliggenhet i landlige omgivelser på Bremneset. Her kan du bo omgitt av vakker natur i alle retninger. Eiendommen har flere bygninger og mange bruksmuligheter. Bygningsmasse: - Enebolig over 2 plan med bruksareal på 133 m² oppført og modernisert i 1971, tilbygd i 1993. - Fjøs på 32 m² , samt 33 m² i fjøsets første etasje (ikke måleverdig pga lav takhøyde). Fjøset har ukjent byggeår - Bod på 8 m², som ikke er måleverdig pga lav takhøyde - Dobbel-garasje på 50 m², tørkerom og lagringsplass. Garasjen ble modernisert i 1994. Noe oppgraderinger må påregnes på bygningsmassen og det anbefales å lese tilstandsrapport nøye for mer detaljert informasjon. Det er driveplikt på eiendommen. Driveplikt er i Norge en plikt til å holde jordbruksareal i hevd så den ikke forfaller, eller blir ubrukelig som dyrkingsjord. Velkommen til visning! Minus Vis mindre NB: Knappen for å vise hele beskrivelsen har kun en visuell effekt. Pluss tegn Vis hele beskrivelsen NB: Knappen for å vise hele beskrivelsen har kun en visuell effekt. Salgsoppgaven beskriver vesentlig og lovpålagt informasjon om eiendommen Se komplett salgsoppgave Nyttige lenker Eiendommens hjemmeside Bestill salgsoppgave Visning tirsdag, 29. september 16:00 – 16:45 Legg til i kalender Våre visninger har påmelding. Dette gjør vi for å kunne yte bedre service for våre kunder. Verdifullt for boligkjøper og for oss. Vi anbefaler at salgsoppgaven lastes ned digitalt før visning, og ring oss gjerne på forhånd for spørsmål om boligen. Passer ikke angitt tidspunkt, ta kontakt så finner vi en løsning. Skulle det mot formodning ikke være påmeldte til angitt visningstidspunkt vil ikke visning bli gjennomført. Husk å lese komplett salgsoppgave før visning. Bestill komplett, utskriftsvennlig salgsoppgave. Visningspåmelding Gi bud Nyttige lenker Eiendommens hjemmeside Bestill salgsoppgave Nærområdet Kart Ytre Bremnesveien 26, 7270 Dyrvik Annonseinformasjon FINN-kode 449805105 Sist endret 17. sep. 2026 17:33 Referanse 44260007 Rapporter annonse Annonsene kan være mangelfulle i forhold til lovpålagt opplysningsplikt. Før bindende avtale inngås oppfordres interessenter til å innhente komplett informasjon fra meglerforetaket, selger eller utleier.",2026-09-20T15:34:37+00:00,house
471994723,https://www.finn.no/realestate/homes/ad.html?finnkode=471994723,"Idyllisk eiendom med hovedhus, kårbolig og sjøutsikt | Nytt kjøkken fra 2024 | Stor garasje med lagerplass","Våleveien 220 og 222, 3083 Holmestrand",3083,Holmestrand,6 990 000 kr,7 165 840 kr,175 840 kr,,,Enebolig,Selveier,,458 m² (BRA-i),627 m²,,5,,,2,8 839 m² (eiet),8839,8.8,Rom,3903,501,66,5,"Velkommen til Våleveien 220 og 222! En historisk og innholdsrik eiendom med to separate bolighus, stor garasje og en eiet tomt på nesten 9 mål. Eiendommen ligger høyt og fritt med utsikt mot Oslofjorden. Hovedhuset, med røtter tilbake til 1800-tallet, er registrert i SEFRAK og har en særegen atmosfære med flere stuer og ildsteder. Eiendommen har et betydelig potensial og gir ny eier en unik mulighet til å forme stedet etter egne ønsker og behov. Deler av eiendommene har moderniseringsbehov. Se takst. Høydepunkter: - To separate bolighus: Hovedhus og kårbolig - Nytt kjøkken i hovedhuset fra 2024 fra Tausendschøn - Stor garasje med lagerplass i kjelleren - Utsikt mot Oslofjorden fra deler av eiendommen - Eiet tomt på ca. 8,8 mål - Flere ildsteder og vedovner - Landlig og fredelig beliggenh Minus Vis mindre NB: Knappen for å vise hele beskrivelsen har kun en visuell effekt. Pluss tegn Vis hele beskrivelsen NB: Knappen for å vise hele beskrivelsen har kun en visuell effekt. Salgsoppgaven beskriver vesentlig og lovpålagt informasjon om eiendommen Se komplett salgsoppgave Nyttige lenker Meld interesse Se komplett salgsoppgave Gi bud Visning onsdag, 23. september 16:30 – 17:30 Legg til i kalender Visningspåmelding Gi bud Nyttige lenker Meld interesse Se komplett salgsoppgave Gi bud Nærområdet Kart Våleveien 220 og 222, 3083 Holmestrand Annonseinformasjon FINN-kode 471994723 Sist endret 17. sep. 2026 16:54 Referanse 512260240 Rapporter annonse Annonsene kan være mangelfulle i forhold til lovpålagt opplysningsplikt. Før bindende avtale inngås oppfordres interessenter til å innhente komplett informasjon fra meglerforetaket, selger eller utleier.",2026-09-20T15:34:38+00:00,house
476532413,https://www.finn.no/realestate/homes/ad.html?finnkode=476532413,"Enebolig med et stort rehabiliteringsbehov i landlige omgivelser - Tomteareal på ca. 5,2 mål.","Ramsrudvegen 3, 3626 Rollag",3626,Rollag,700 000 kr,718 886 kr,18 886 kr,,432 502 kr,Enebolig,Selveier,,130 m² (BRA-i),227 m²,,2,,1913,2,5 240 m² (eiet),5240,5.2,Rom,3336,75,8,5,"Velkommen til Ramsrudvegen 3! Eiendommen ligger landlig til, med kort avstand Rollag sentrum. Rollag sentrum har blant annet barnehage, kommunehus, busstopp og en nyåpnet nærbutikk. Umiddelbar nærhet til flotte naturområder. Kort vei til Blefjell som byr på fantastiske naturopplevelser hele året. Kun ca. 14 km til Veggli sentrum. Eneboligen fremstår som et omfattende rehabiliteringsobjekt, med et betydelig behov for fullstendig oppgradering for å gjenskape sitt potensial. Velkommen til visning! Minus Vis mindre NB: Knappen for å vise hele beskrivelsen har kun en visuell effekt. Pluss tegn Vis hele beskrivelsen NB: Knappen for å vise hele beskrivelsen har kun en visuell effekt. Salgsoppgaven beskriver vesentlig og lovpålagt informasjon om eiendommen Se komplett salgsoppgave Nyttige lenker Bestill salgsoppgave Visning mandag, 28. september 16:00 – 17:00 Legg til i kalender Ønsker du å delta på visningen ber vi deg melde deg på slik at vi vet at du kommer. Da kan vi bistå alle best mulig og gi deg tiden du trenger på visningen. Kontakt gjerne megler før visning hvis du har spørsmål. Visningen avholdes bare dersom det er påmeldte. Hvis det ikke er oppsatt visningstidspunkt eller tidspunkt ikke passer, kontakt megler. Husk å lese komplett salgsoppgave før visning. Bestill komplett, utskriftsvennlig salgsoppgave. Visningspåmelding Gi bud Nyttige lenker Bestill salgsoppgave Nærområdet Kart Ramsrudvegen 3, 3626 Rollag Annonseinformasjon FINN-kode 476532413 Sist endret 17. sep. 2026 10:40 Referanse 2863250278 Rapporter annonse Annonsene kan være mangelfulle i forhold til lovpålagt opplysningsplikt. Før bindende avtale inngås oppfordres interessenter til å innhente komplett informasjon fra meglerforetaket, selger eller utleier.",2026-09-20T15:34:39+00:00,house
381426251,https://www.finn.no/realestate/homes/ad.html?finnkode=381426251,"Stor og innholdsrik eiendom i vakre Stegen | 4 boenheter, uthus/​garasje og over 12 mål tomt","Stegenveien 712, 1821 Spydeberg",1821,Spydeberg,6 900 000 kr,7 072 500 kr,172 500 kr,,628 212 kr,Enebolig,Selveier,,427 m² (BRA-i),656 m²,,10,,1900,,12 191 m² (eiet),12191,12.2,G - Rød,3118,482,3,5,"Velkommen til Godheim - en sjelden eiendom midt i vakre, landlige Stegen. Dette er et sted med historie i veggene, store arealer, flere boligmuligheter og rom for å skape akkurat det du ønsker. Her har det tidligere vært landhandleri, melkemottak og kulturliv. Eiendommen består i dag av 4 boenheter, stort tomteareal, dam, verneverdig uthus og en romslig garasje/verkstedbygning. Her får du muligheten til å kombinere bolig, hobby og dine egne prosjekter - alt på ett sted. HØYDEPUNKTER: - 4 boenheter. - Over 12 mål tomt med hage, dam og gode uteplasser. - Verneverdig uthus (gammelt melkemottak). - Stor garasje/verksted på ca. 100 m². - Gode oppbevaringsmuligheter. - Fiber i alle boenheter. - Ca. 7 km til Spydeberg sentrum. VELKOMMEN TIL VISNING! Minus Vis mindre NB: Knappen for å vise hele beskrivelsen har kun en visuell effekt. Pluss tegn Vis hele beskrivelsen NB: Knappen for å vise hele beskrivelsen har kun en visuell effekt. Salgsoppgaven beskriver vesentlig og lovpålagt informasjon om eiendommen Se komplett salgsoppgave Nyttige lenker Tilstandsrapport Stegenveien.pdf Egenerklaering_Signed (1).pdf Gi bud Bestill salgsoppgave Eiendommens hjemmeside Visning søndag, 27. september 13:00 – 14:00 Legg til i kalender Velkommen til visning! Alle våre visninger har påmelding. På denne måten sikrer vi at våre meglere har god tid og på best mulig måte kan møte alle interessentene. Det er enkelt å melde seg på og like enkelt å melde seg av. Annonserte visninger uten påmeldte interessenter vil ikke bli avholdt. Husk å les salgsoppgaven i forkant! Kontakt oss gjerne i forkant av visning om du har noen spørsmål. Husk å lese komplett salgsoppgave før visning. Bestill komplett, utskriftsvennlig salgsoppgave. Visningspåmelding Gi bud Nyttige lenker Tilstandsrapport Stegenveien.pdf Egenerklaering_Signed (1).pdf Gi bud Bestill salgsoppgave Eiendommens hjemmeside Nærområdet Kart Stegenveien 712, 1821 Spydeberg Annonseinformasjon FINN-kode 381426251 Sist endret 17. sep. 2026 10:11 Referanse 13-24-0008 Rapporter annonse Annonsene kan være mangelfulle i forhold til lovpålagt opplysningsplikt. Før bindende avtale inngås oppfordres interessenter til å innhente komplett informasjon fra meglerforetaket, selger eller utleier.",2026-09-20T15:34:40+00:00,house
476467455,https://www.finn.no/realestate/homes/ad.html?finnkode=476467455,"Sjarmerende boligeiendom med ca 5,5 mål tomt | Låve | Terrasse og overbygget veranda | Peisovn og varmepumpe","Tonerroa 57, 2133 Gardvik",2133,Gardvik,1 950 000 kr,1 999 840 kr,49 840 kr,,233 513 kr,Enebolig,Selveier,,74 m² (BRA-i),128 m²,,1,,1929,,5 537 m² (eiet),5537,5.5,,3414,40,30,5,"Velkommen til Tonerroa 57! Enebolig med eldre opprinnelse og sjarm, med fredelig og landlig beliggenhet, stor tomt og låve. Eiendommen ligger i rolige og naturskjønne omgivelser i Nord-Odal, omkranset av skog og åpent kulturlandskap. Planløsningen i første etasje rommer entré, gang, bad med opplegg for vaskemaskin, kjøkken og en todelt stue. 2.etasje er innredet med et soverom og en liten stue med lav takhøyde. Disse oppfyller ikke dagens krav til varig opphold. Overbygget veranda ved inngangspartiet og en åpen terrasse med utsyn over hagen og landskapet. Peisovn fra 2020 og varmepumpe fra 2021. Den romslige tomten har gruslagt tun, store plenarealer og frodig beplantning med trær og prydbusker. På eiendommen står en låve over to plan, med rikelig lagringsplass. Velkommen til visning! Minus Vis mindre NB: Knappen for å vise hele beskrivelsen har kun en visuell effekt. Pluss tegn Vis hele beskrivelsen NB: Knappen for å vise hele beskrivelsen har kun en visuell effekt. Salgsoppgaven beskriver vesentlig og lovpålagt informasjon om eiendommen Se komplett salgsoppgave Nyttige lenker Bestill salgsoppgave Visning mandag, 28. september 16:30 – 17:30 Legg til i kalender Ønsker du å delta på visningen ber vi deg melde deg på slik at vi vet at du kommer. Da kan vi bistå alle best mulig og gi deg tiden du trenger på visningen. Visningen avholdes bare dersom det er påmeldte. Ta gjerne kontakt med megler før visning hvis du har noen spørsmål. Velkommen! Husk å lese komplett salgsoppgave før visning. Bestill komplett, utskriftsvennlig salgsoppgave. Visningspåmelding Gi bud Nyttige lenker Bestill salgsoppgave Nærområdet Kart Tonerroa 57, 2133 Gardvik Annonseinformasjon FINN-kode 476467455 Sist endret 17. sep. 2026 09:34 Referanse 6022260405 Rapporter annonse Annonsene kan være mangelfulle i forhold til lovpålagt opplysningsplikt. Før bindende avtale inngås oppfordres interessenter til å innhente komplett informasjon fra meglerforetaket, selger eller utleier.",2026-09-20T15:34:42+00:00,house
476495466,https://www.finn.no/realestate/homes/ad.html?finnkode=476495466,"Innholdsrik eiendom på Vinje - To eneboliger, vinterhage, stall med carport og støl!","Draugsvollvegen 8, 5713 Vossestrand",5713,Vossestrand,5 950 000 kr,6 117 740 kr,167 740 kr,,,Enebolig,Selveier,,439 m² (BRA-i),642 m²,,7,,1988,3,5 277 m² (eiet),5277,5.3,Rom,4621,263,13,5,"Velkommen til Draugsvollvegen 8 og 6! Dette er en svært innholdsrik eiendom som byr på to boliger, en eldre stall med carport, en nydelig støl på Øyaset og et stort, opparbeidet uteområde rundt husene med blant annet frittstående vinterhage og egen fotballbane. Hovedboligen fra 1988 byr på gode kvaliteter i 1. og 2. etasje, inkludert et flott kjøkken fra 2020. Kjelleren må ferdigstilles, men her er det gode muligheter for å etablere en utleiedel med egen inngang. Den andre boligen fra 1938 gir ekstra plass og ytterligere utleiemuligheter, men her må modernisering påregnes. Eiendommen ligger flott og sentrumsnært til på Vinje. Fra boligen er det kort avstand til dagligvarebutikk, lekeplass og bensinstasjon. I umiddelbar nærhet finner du også Vossestrand barne- og ungdomsskule. Minus Vis mindre NB: Knappen for å vise hele beskrivelsen har kun en visuell effekt. Pluss tegn Vis hele beskrivelsen NB: Knappen for å vise hele beskrivelsen har kun en visuell effekt. Salgsoppgaven beskriver vesentlig og lovpålagt informasjon om eiendommen Se komplett salgsoppgave Nyttige lenker Bestill salgsoppgave Eiendommens hjemmeside Visning onsdag, 23. september 17:00 – 18:00 Legg til i kalender For at vår megler og selger skal kunne gi deg den beste oppfølgingen og kjøpsopplevelsen er det obligatorisk påmelding til alle våre visninger. Dersom ditt reserverte tidspunkt likevel ikke kan benyttes trenger vi beskjed så tidlig som mulig sånn at vi kan finne en alternativ løsning. Vi har alltid tid til deg. Visninger uten påmeldte deltagere avlyses. Husk å lese komplett salgsoppgave før visning. Bestill komplett, utskriftsvennlig salgsoppgave. Visningspåmelding Gi bud Nyttige lenker Bestill salgsoppgave Eiendommens hjemmeside Nærområdet Kart Draugsvollvegen 8, 5713 Vossestrand Annonseinformasjon FINN-kode 476495466 Sist endret 18. sep. 2026 20:20 Referanse 1140260122 Rapporter annonse Annonsene kan være mangelfulle i forhold til lovpålagt opplysningsplikt. Før bindende avtale inngås oppfordres interessenter til å innhente komplett informasjon fra meglerforetaket, selger eller utleier.",2026-09-20T15:34:43+00:00,house
476150391,https://www.finn.no/realestate/homes/ad.html?finnkode=476150391,"Sjarmerende småbruk med låve og stabbur på Øygardane | 16 mål | Ca. 5,5 km fra Gol sentrum","Søre Øygardsvegen 254, 3550 Gol",3550,Gol,2 300 000 kr,2 358 850 kr,58 850 kr,,503 187 kr,Enebolig,Selveier,,90 m² (BRA-i),241 m²,,2,,1911,1,16 333 m² (eiet),16333,16.3,G - Rød,3324,38,39,5,"Velkommen til en sjarmerende småbrukseiendom på Øygardane, ca. 5,5 km fra Gol sentrum. Eiendommen ligger fritt og landlig til med stor tomt og et hyggelig tun bestående av enebolig, låve og stabbur. Eiendommen omfatter også ca. 6,4 dekar fulldyrka jord, 1,3 dekar innmarksbeite og 6,3 dekar produktiv skog. Eneboligen er antatt oppført ca. 1911 og tilbygd i 1977. Boligen går over én etasje i tillegg til loft og inneholder blant annet stue, spisestue, kjøkken og flere soverom. Her får du en fin kombinasjon av landlig ro og nærhet til Gol sentrum med butikker, servicetilbud, skoler og et godt aktivitetstilbud. For den friluftsinteresserte er det kort vei til Golsfjellet med skiløyper, alpinanlegg, tur- og sykkelmuligheter. En spennende eiendom for deg som ønsker god plass, landlig beliggenhet og muligheten til å skape ditt eget hjem. Velkommen til visning! Minus Vis mindre NB: Knappen for å vise hele beskrivelsen har kun en visuell effekt. Pluss tegn Vis hele beskrivelsen NB: Knappen for å vise hele beskrivelsen har kun en visuell effekt. Salgsoppgaven beskriver vesentlig og lovpålagt informasjon om eiendommen Se komplett salgsoppgave Nyttige lenker Gi bud Bestill salgsoppgave Eiendommens hjemmeside Visning onsdag, 23. september 16:30 – 17:30 Legg til i kalender Husk å lese komplett salgsoppgave før visning. Bestill komplett, utskriftsvennlig salgsoppgave. Visningspåmelding Nyttige lenker Gi bud Bestill salgsoppgave Eiendommens hjemmeside Nærområdet Kart Søre Øygardsvegen 254, 3550 Gol Annonseinformasjon FINN-kode 476150391 Sist endret 16. sep. 2026 14:27 Referanse 28260187 Rapporter annonse Annonsene kan være mangelfulle i forhold til lovpålagt opplysningsplikt. Før bindende avtale inngås oppfordres interessenter til å innhente komplett informasjon fra meglerforetaket, selger eller utleier.",2026-09-20T15:34:45+00:00,house
476554822,https://www.finn.no/realestate/homes/ad.html?finnkode=476554822,Enebolig Vedhøggan,"Støveien 336, 8430 Myre",8430,Myre,1 850 000 kr,1 896 795 kr,46 795 kr,0 kr,666 383 kr,Enebolig,Selveier,,176 m² (BRA-i),204 m²,,4,,1954,,19 427 m²,19427,19.4,G - Rød,1868,76,80,3,,2026-09-20T15:34:46+00:00,house
457630585,https://www.finn.no/realestate/homes/ad.html?finnkode=457630585,"Njerve - Idyllisk strandeiendom med enebolig, stor hage og båtplass - må sees!","Njerve 10, 4521 Lindesnes",4521,Lindesnes,11 900 000 kr,12 213 290 kr,313 290 kr,,,Enebolig,Selveier,,166 m² (BRA-i),309 m²,,3,,1850,3,23 985 m² (eiet),23985,24.0,,4205,451,17,5,"Velkommen til visning på en sjelden strandeiendom med enestående beliggenhet helt ned til sjøen. Eiendommen ligger solrikt og skjermet til, med utsikt over åpent hav og direkte nærhet til privat strandlinje, en ramme få boliger kan tilby. Boligen har bevart sitt historisk preg, med originale detaljer og materialer som gir hjemmet en varm og lun atmosfære. Her kombineres tidløs sjarm med moderne bekvemmeligheter. På eiendommen finner du også et løkhus/garasje samt redskapsbod, som gir gode muligheter for lagring, hobby og maritimt utstyr. Dette er en eiendom for deg som ønsker det lille ekstra, en sjelden kombinasjon av privatliv, plass og sjønær beliggenhet. Velkommen til en visning utenom det vanlige! Minus Vis mindre NB: Knappen for å vise hele beskrivelsen har kun en visuell effekt. Pluss tegn Vis hele beskrivelsen NB: Knappen for å vise hele beskrivelsen har kun en visuell effekt. Salgsoppgaven beskriver vesentlig og lovpålagt informasjon om eiendommen Se komplett salgsoppgave Nyttige lenker Se prospekt Visning torsdag, 24. september 17:00 – 17:01 Legg til i kalender Påmelding til visning For å delta på visning må du melde deg på ved å bruke knappen nedenfor. Fristen for påmelding er senest kl. 12.00 samme dag som visningen. Det blir ikke gjennomført visning uten registrert påmelding. Dersom tidspunktet ikke passer, ta gjerne kontakt med megler for å avtale en alternativ visning. Vi anbefaler at du laster ned salgsoppgaven digitalt i forkant. Velkommen til en hyggelig visning! Husk å lese komplett salgsoppgave før visning. Bestill komplett, utskriftsvennlig salgsoppgave. Visningspåmelding Gi bud Nyttige lenker Se prospekt Nærområdet Kart Njerve 10, 4521 Lindesnes Annonseinformasjon FINN-kode 457630585 Sist endret 16. sep. 2026 14:24 Referanse 1003250265 Rapporter annonse Annonsene kan være mangelfulle i forhold til lovpålagt opplysningsplikt. Før bindende avtale inngås oppfordres interessenter til å innhente komplett informasjon fra meglerforetaket, selger eller utleier.",2026-09-20T15:34:47+00:00,house
476452323,https://www.finn.no/realestate/homes/ad.html?finnkode=476452323,Sjarmerende sæter med fint tun og tømmerbygg omringet av flotte friluftsområder - 48 daa skog - Konsesjonsfritt,"Karlstadvegen 287, 2280 Gjesåsen",2280,Gjesåsen,630 000 kr,647 140 kr,17 140 kr,,,Enebolig,Selveier,,42 m² (BRA-i),140 m²,,1,,1900,1,52 319 m² (eiet),52319,52.3,,3418,40,6,7,"Drømmer du om en plass i naturskjønne og fredelige omgivelser, omgitt av skog og vakker natur? Da bør du se nærmere på denne eiendommen ved Sønsterud i Gjesåsen. Her har du en romslig og usjenert eiendom med et koselig tun bestående av bolig, låve, fjøs, uthus og sommerfjøs. Eiendommen ligger idyllisk til i et område kjent for et rikt dyreliv og flotte naturopplevelser året rundt. Tomten består av to matrikler med totalt ca. 48 daa produktiv skog samt 4,3 daa bebygd areal. Her ligger alt til rette for et aktivt friluftsliv, enten du liker jakt, fiske, fotturer eller sykkelturer i vakre omgivelser. Merk deg dette: - Ypperlig for både to- og firbeinte - Enkel boligstandard med potensiale - Konsesjonsfritt - Fantastiske tur-, jakt- og naturopplevelser rett utenfor døra Minus Vis mindre NB: Knappen for å vise hele beskrivelsen har kun en visuell effekt. Pluss tegn Vis hele beskrivelsen NB: Knappen for å vise hele beskrivelsen har kun en visuell effekt. Salgsoppgaven beskriver vesentlig og lovpålagt informasjon om eiendommen Se komplett salgsoppgave Visning søndag, 27. september 16:00 – 16:30 Legg til i kalender Ved annonsert visning er det viktig at du melder deg på visningen ved å bruke visningspåmeldingsknappen eller kontakter megler. Annonserte visninger hvor det ikke er noen påmeldte innen kl. 16.00 dagen før visningsdagen vil ikke bli avholdt. For visninger utover dette, ta direkte kontakt med megler. Husk å lese komplett salgsoppgave før visning. Bestill komplett, utskriftsvennlig salgsoppgave. Visningspåmelding Gi bud Nærområdet Kart Karlstadvegen 287, 2280 Gjesåsen Annonseinformasjon FINN-kode 476452323 Sist endret 18. sep. 2026 09:00 Referanse 1212260098 Rapporter annonse Annonsene kan være mangelfulle i forhold til lovpålagt opplysningsplikt. Før bindende avtale inngås oppfordres interessenter til å innhente komplett informasjon fra meglerforetaket, selger eller utleier.",2026-09-20T15:34:48+00:00,house
476520378,https://www.finn.no/realestate/homes/ad.html?finnkode=476520378,"To frittstående eneboliger fra 1952 & 1979 | Unik og stor tomt på ca. 5,3 mål | Dobbel garasje m/​bod","Tverlandsveien 468 og 470, 8050 Tverlandet",8050,Tverlandet,4 950 000 kr,5 074 840 kr,124 840 kr,,,Enebolig,Selveier,,251 m² (BRA-i),314 m²,,6,,1952,,5 393 m² (eiet),5393,5.4,Rom,1804,73,33,5,"Velkommen til Tverlandsveien 468 og 470! Eiendommen består av to eneboliger på en stor og unik tomt på ca. 5,3 mål, med dobbel garasje og dukkehus. Eiendommen ligger landlig til på Godøynes i Bodø, med kort vei til buss og ca. fire kilometer til skole og servicetilbud på Tverlandet. Boligen fra 1952 går over to plan med kjeller, stue med åpen kjøkkenløsning og utgang til balkong, tre soverom, bad samt kjeller med boder og vaskerom. Eneboligen fra 1979 går over to plan med kjeller inneholder entre, gang, romslig stue med utgang til terrasse/platting, kjøkken, vaskerom, toalettrom, bad og tre soverom hvorav to har utgang til balkong. Kjeller med bodrom og to innredede rom (ikke omsøkt til Bodø kommune). Er dette noe for deg? Last ned salgsoppgaven og still godt forberedt. Vi ønsker deg velkommen til en trivelig visning! Minus Vis mindre NB: Knappen for å vise hele beskrivelsen har kun en visuell effekt. Pluss tegn Vis hele beskrivelsen NB: Knappen for å vise hele beskrivelsen har kun en visuell effekt. Salgsoppgaven beskriver vesentlig og lovpålagt informasjon om eiendommen Se komplett salgsoppgave Nyttige lenker Eiendommens hjemmeside Bestill salgsoppgave Visning mandag, 21. september 17:00 – 18:00 Legg til i kalender Alle våre visninger har påmelding. Dette for at vi kan planlegge visningene best mulig, og ha god tid til de som kommer. Det er enkelt å melde seg på, og du kan like enkelt melde deg av. Visninger uten påmeldte deltakere kan bli avlyst. Husk å lese komplett salgsoppgave før visning. Bestill komplett, utskriftsvennlig salgsoppgave. Visningspåmelding Gi bud Nyttige lenker Eiendommens hjemmeside Bestill salgsoppgave Nærområdet Kart Tverlandsveien 468 og 470, 8050 Tverlandet Annonseinformasjon FINN-kode 476520378 Sist endret 15. sep. 2026 21:49 Referanse 23260378 Rapporter annonse Annonsene kan være mangelfulle i forhold til lovpålagt opplysningsplikt. Før bindende avtale inngås oppfordres interessenter til å innhente komplett informasjon fra meglerforetaket, selger eller utleier.",2026-09-20T15:34:49+00:00,house
413890273,https://www.finn.no/realestate/homes/ad.html?finnkode=413890273,"En flott mulighet i familievennlig område på Jessheim. Fine uteplasser, terrasse, hage, tre soverom, garasje, og p-plass","Hesteskoen 6, 2069 Jessheim",2069,Jessheim,5 600 000 kr,5 760 590 kr,160 590 kr,,1 308 393 kr,Enebolig,Selveier,,139 m² (BRA-i),165 m²,,3,,2003,,17 035 m² (eiet),17035,17.0,C - Rød,3209,142,252,3,"Noen minutter fra Jessheim sentrum finner du Hesteskoen 6, en meget familievennlig enebolig i kjede i et populært boligområde. Boligen byr på en rekke kvaliteter, nevneverdig er den romslige stuen med utgang til et skjermet hageparsell. I tillegg finnes en nydelig uteplass på forsiden av huset. I tilknytning til stuen er det naturlig plass til spisebord - og videre i første etasje finnes et flott kjøkken i eget rom, et WC, og et vaskerom. Andre etasje byr på tre gode soverom, og et stort baderom. Tredje etasje er et loftsrom med spennende bruksmuligheter. I tillegg til garasjen, er det plass til flere biler på gårdsplassen. Fra boligen er det kort vei til fine lekeområder, skoler, barnehager, og turområder. Området er sentralt med nærhet til buss og tog. Minus Vis mindre NB: Knappen for å vise hele beskrivelsen har kun en visuell effekt. Pluss tegn Vis hele beskrivelsen NB: Knappen for å vise hele beskrivelsen har kun en visuell effekt. Salgsoppgaven beskriver vesentlig og lovpålagt informasjon om eiendommen Se komplett salgsoppgave Nyttige lenker Eiendommens hjemmeside Visning Passer ikke oppsatt visningstidspunkt? Kontakt megler på 47 14 55 65 for avtale om privatvisning. Husk å lese komplett salgsoppgave før visning. Bestill komplett, utskriftsvennlig salgsoppgave. Visningspåmelding Gi bud Nyttige lenker Eiendommens hjemmeside Nærområdet Kart Hesteskoen 6, 2069 Jessheim Annonseinformasjon FINN-kode 413890273 Sist endret 18. sep. 2026 04:07 Referanse 302250006 Rapporter annonse Annonsene kan være mangelfulle i forhold til lovpålagt opplysningsplikt. Før bindende avtale inngås oppfordres interessenter til å innhente komplett informasjon fra meglerforetaket, selger eller utleier.",2026-09-20T15:34:51+00:00,house
475458624,https://www.finn.no/realestate/homes/ad.html?finnkode=475458624,Koselig eldre enebolig med stor tomt | Landlig beliggenhet | Kort vei til ferjekai | Nærhet til fine turområder,"Modalsveien 855, 7125 Vanvikan",7125,Vanvikan,2 300 000 kr,2 358 590 kr,58 590 kr,,408 749 kr,Enebolig,Selveier,,153 m² (BRA-i),211 m²,,0,,1935,,90 741 m² (eiet),90741,90.7,G - Rød,5054,74,7,7,"Velkommen til Modalsveien 855 - en koselig og eldre enebolig med 90 mål tomt. Her får du en eiendom med landlig og usjenert beliggenhet, og gode solforhold. Kort vei til både Vanvikan, Rissa og Rørvik. Det er også busstopp på hovedveien med forbindelse til Rissa og Vanvikan. 7 minutter med bil til hurtigbåtforbindelse som går over til Trondheim. Eiendommen ligger fint til for deg som ønsker å bo tett på naturen. Storvatnet og flotte turområder ligger like i nærheten, med gode muligheter for bær- og sopplukking. På vinterstid kan du ta skiene rett fra trappa og ut i skogen, mens det kun er noen kilometer til oppkjørt lysløype. Boligen har vært benyttet som helårsbolig av selger, men egner seg også svært godt som fritidsbolig. Stor gårdsplass som gir god plass til flere biler, tilhenger og campingvogn. Velkommen til visning! Minus Vis mindre NB: Knappen for å vise hele beskrivelsen har kun en visuell effekt. Pluss tegn Vis hele beskrivelsen NB: Knappen for å vise hele beskrivelsen har kun en visuell effekt. Salgsoppgaven beskriver vesentlig og lovpålagt informasjon om eiendommen Se komplett salgsoppgave Nyttige lenker Gi bud Bestill salgsoppgave Hjemmeside Visning Ta kontakt for å avtale visning. Husk å lese komplett salgsoppgave før visning. Bestill komplett, utskriftsvennlig salgsoppgave. Visningspåmelding Gi bud Nyttige lenker Gi bud Bestill salgsoppgave Hjemmeside Nærområdet Kart Modalsveien 855, 7125 Vanvikan Annonseinformasjon FINN-kode 475458624 Sist endret 15. sep. 2026 18:02 Referanse 7260073 Rapporter annonse Annonsene kan være mangelfulle i forhold til lovpålagt opplysningsplikt. Før bindende avtale inngås oppfordres interessenter til å innhente komplett informasjon fra meglerforetaket, selger eller utleier.",2026-09-20T15:34:52+00:00,house
471161559,https://www.finn.no/realestate/homes/ad.html?finnkode=471161559,"Superflott enebolig i rekke med 4 soverom, solrikt uteområde, carport og mye plass.","Flisnesringen 24, 6013 Ålesund",6013,Ålesund,5 200 000 kr,5 348 990 kr,148 990 kr,,1 273 231 kr,Enebolig,Selveier,,127 m² (BRA-i),134 m²,,4,,2018,2,19 309 m² (eiet),19309,19.3,Rom,1508,13,385,5,"En ende er ikke alltid vond. Av og til betyr det rett og slett at man får det litt friere, litt enklere og litt mer behagelig. En ny start. I barnevennlige omgivelser. Med god standard. Strøkne overflater. Supertrivelig. Her bor man i en steike kjekk enebolig med lite slitasje, hensiktsmessig planløsning og gode solforhold. Her kan du nyte solen på terrassen store deler av døgnet. Her parkerer du enkelt i carporten og trasker deg inn med handleposene fra Kiwi, under fem hundre meter unna eiendommen. Her tar du beina fatt og springer på Emblemsfjellet på ettermiddagene etter jobb, og tar en dukkert på Emblemssanden etter gjennomført løpetur. Her får du store rom, behagelige boforhold og et behagelig nabolag. Velkommen! Minus Vis mindre NB: Knappen for å vise hele beskrivelsen har kun en visuell effekt. Pluss tegn Vis hele beskrivelsen NB: Knappen for å vise hele beskrivelsen har kun en visuell effekt. Salgsoppgaven beskriver vesentlig og lovpålagt informasjon om eiendommen Se komplett salgsoppgave Nyttige lenker Bestill salgsoppgave Eiendommens hjemmeside Visning torsdag, 24. september 17:00 – 18:00 Legg til i kalender For at vår megler og selger skal kunne gi deg den beste oppfølgingen og kjøpsopplevelsen er det obligatorisk påmelding til alle våre visninger. Dersom ditt reserverte tidspunkt likevel ikke kan benyttes trenger vi beskjed så tidlig som mulig sånn at vi kan finne en alternativ løsning. Vi har alltid tid til deg. Visninger uten påmeldte deltagere avlyses. Husk å lese komplett salgsoppgave før visning. Bestill komplett, utskriftsvennlig salgsoppgave. Visningspåmelding Gi bud Nyttige lenker Bestill salgsoppgave Eiendommens hjemmeside Nærområdet Kart Flisnesringen 24, 6013 Ålesund Annonseinformasjon FINN-kode 471161559 Sist endret 15. sep. 2026 15:11 Referanse 1400260127 Rapporter annonse Annonsene kan være mangelfulle i forhold til lovpålagt opplysningsplikt. Før bindende avtale inngås oppfordres interessenter til å innhente komplett informasjon fra meglerforetaket, selger eller utleier.",2026-09-20T15:34:54+00:00,house
476056018,https://www.finn.no/realestate/homes/ad.html?finnkode=476056018,"Unik boligeiendom med skjermet tomt på 5,8 mål og fjordutsikt. Hus over 3 plan, ombygget i 2001. Totalt 3 garasjeplasser","Næssvegen 8, 2843 Eina",2843,Eina,4 500 000 kr,4 613 590 kr,113 590 kr,,822 954 kr,Enebolig,Selveier,,227 m² (BRA-i),297 m²,,3,,1963,,5 811 m² (eiet),5811,5.8,Rom,3443,149,27,5,"Nordvik Eiendomsmegling presenterer Næssvegen 8 - En innholdsrik boligeiendom beliggende i landlige og rolige omgivelser på Eina, ned mot Blilisanden. Eiendommen er på hele 5,8 mål med skjermede uteområder. Opprinnelig er boligen fra 1963, men den er tilbygget og ombygget i 2001. Høydepunkter: Innholdsrik boligeiendom i landlige omgivelser på stor tomt. Fin planløsning med 3 soverom, stue i alle etasjer og 2 bad. Varmepumpe i to etasjer, med dokumentasjon på utført service. Dukkestue og drivhus i hagen. Solrik terrasse med utsikt. Garasje fra 1971 med to biloppstillingsplasser, bodrom og carport samt garasje i sokkel. 1 km til Thune skole, ny flerbrukshall og fotballbane. Bussholdeplass 100 meter fra døren. Ingen TG3 i tilstandsrapport. Minus Vis mindre NB: Knappen for å vise hele beskrivelsen har kun en visuell effekt. Pluss tegn Vis hele beskrivelsen NB: Knappen for å vise hele beskrivelsen har kun en visuell effekt. Salgsoppgaven beskriver vesentlig og lovpålagt informasjon om eiendommen Se komplett salgsoppgave Nyttige lenker Gi bud Bestill salgsoppgave Visning tirsdag, 22. september 18:00 – 19:00 Legg til i kalender Alle våre visninger har påmelding. På denne måten sikrer vi at megler har god oversikt og tid til å imøtekomme alle interessenter. Meld deg på visning ved å trykke på lenken visningspåmelding. Husk å lese komplett salgsoppgave før visning. Bestill komplett, utskriftsvennlig salgsoppgave. Visningspåmelding Gi bud Nyttige lenker Gi bud Bestill salgsoppgave Nærområdet Kart Næssvegen 8, 2843 Eina Annonseinformasjon FINN-kode 476056018 Sist endret 15. sep. 2026 10:48 Referanse 71-0156/26 Rapporter annonse Annonsene kan være mangelfulle i forhold til lovpålagt opplysningsplikt. Før bindende avtale inngås oppfordres interessenter til å innhente komplett informasjon fra meglerforetaket, selger eller utleier.",2026-09-20T15:34:55+00:00,house
476460346,https://www.finn.no/realestate/homes/ad.html?finnkode=476460346,"Innholdsrik enebolig på 22,7 måls tomt | Garasje og rikelig med lagringsplass | Naturskjønt beliggende i Vågan","Våganveien 200, 8310 Kabelvåg",8310,Kabelvåg,2 990 000 kr,3 065 840 kr,75 840 kr,,,Enebolig,Selveier,,156 m² (BRA-i),220 m²,,5,,1953,,22 731 m² (eiet),22731,22.7,D - Gul,1865,10,32,5,"Velkommen til Våganveien 200 - Presentert av EiendomsMegler 1 Lofoten: Eiendommen ligger på Ørsnes, mellom Kabelvåg og Svolvær, på en eiertomt på ca. 22,7 dekar. Her får du god boltreplass rundt deg, flotte naturomgivelser like utenfor døren og kort vei til både turterreng og servicetilbud. Boligen er oppført over tre plan og har en innholdsrik og funksjonell planløsning. Hovedetasjen inneholder blant annet lys stue med store vindusflater, vedovn og varmepumpe for et behagelig inneklima. I kjelleretasjen er det gode oppbevaringsmuligheter med flere boder, i tillegg til toalettrom og egen utvendig inngang. På eiendommen står det også en frittstående garasje med strøm og portåpner. Den romslige tomten gir gode muligheter for uteopphold og hobbyaktiviteter, og byr på god plass til både lek og hageprosjekter. Last ned salgsoppgaven for utfyllende informasjon om eiendommen. Velkommen til hyggelig visning - husk påmelding til megler! Minus Vis mindre NB: Knappen for å vise hele beskrivelsen har kun en visuell effekt. Pluss tegn Vis hele beskrivelsen NB: Knappen for å vise hele beskrivelsen har kun en visuell effekt. Salgsoppgaven beskriver vesentlig og lovpålagt informasjon om eiendommen Se komplett salgsoppgave Nyttige lenker 10-32 (FJELLHEIM) - Våganveien 200 (8310 KABELVÅG).pdf Energiattest.pdf Pantebokkopi fast eiendom 2016-736067-200, lofotkraft.pdf Eiendommens hjemmeside Bestill salgsoppgave Visning mandag, 28. september 16:30 – 17:30 Legg til i kalender Alle våre visninger har påmelding. Dette for at vi kan planlegge visningene best mulig, og ha god tid til de som kommer. Det er enkelt å melde seg på, og du kan like enkelt melde deg av. Visninger uten påmeldte deltakere kan bli avlyst. Husk å lese komplett salgsoppgave før visning. Bestill komplett, utskriftsvennlig salgsoppgave. Visningspåmelding Gi bud Nyttige lenker 10-32 (FJELLHEIM) - Våganveien 200 (8310 KABELVÅG).pdf Energiattest.pdf Pantebokkopi fast eiendom 2016-736067-200, lofotkraft.pdf Eiendommens hjemmeside Bestill salgsoppgave Nærområdet Kart Våganveien 200, 8310 Kabelvåg Annonseinformasjon FINN-kode 476460346 Sist endret 15. sep. 2026 10:50 Referanse 16260064 Rapporter annonse Annonsene kan være mangelfulle i forhold til lovpålagt opplysningsplikt. Før bindende avtale inngås oppfordres interessenter til å innhente komplett informasjon fra meglerforetaket, selger eller utleier.",2026-09-20T15:34:56+00:00,house
467963447,https://www.finn.no/realestate/homes/ad.html?finnkode=467963447,"Unikt småbruk fra 2007 i stavlaft | Stabbur, uthus og dobbelgar. | Stor, solrik og usjenert tomt | Landlig på Konnerud","Stubberudveien 214A, 3031 Drammen",3031,Drammen,10 500 000 kr,10 763 590 kr,263 590 kr,,1 502 342 kr,Enebolig,Selveier,,157 m² (BRA-i),359 m²,,3,,2007,2,13 394 m² (eiet),13394,13.4,Rom,3301,85,2,5,"Velkommen til Stubberudveien 214A - En unik og gjennomført lafteeiendom med stor tomt og flere bygninger! Dette er en eiendom med spesiell karakter, levert av Fjell Laft i 2007. Hovedhuset har en sosial planløsning med stue og kjøkken delvis åpent. Vannbåren gulvvarme i første etasje gir en lun varme, supplert av vedovn. Fra stuen er det utgang til en vestvendt, takoverbygget terrasse. Eiendommen ligger naturskjønt til på Konnerud, med en stor og delvis opparbeidet tomt. Høydepunkter: - Enebolig med tre soverom og to stuer - Stabbur og lekestue/utebod på tomten - Store, flislagte og trelagte terrasser rundt boligen - Alle bygninger har tradisjonelt torvtak - To garasjebygg med plass til flere biler og hobbyrom - Fantastiske turområder i området Bør sees! Velkommen til visning! Minus Vis mindre NB: Knappen for å vise hele beskrivelsen har kun en visuell effekt. Pluss tegn Vis hele beskrivelsen NB: Knappen for å vise hele beskrivelsen har kun en visuell effekt. Salgsoppgaven beskriver vesentlig og lovpålagt informasjon om eiendommen Se komplett salgsoppgave Nyttige lenker Meld interesse Se komplett salgsoppgave Gi bud Visning mandag, 21. september 17:00 – 18:00 Legg til i kalender Velkommen til visning! Meld deg på ved å trykke ""visningspåmelding"" i våre boligannonser. Visning med megler til stede vil ikke bli avholdt uten påmeldinger. Ta gjerne kontakt med megler i forkant av visningen om du har spørsmål. Visningspåmelding Gi bud Nyttige lenker Meld interesse Se komplett salgsoppgave Gi bud Nærområdet Kart Stubberudveien 214A, 3031 Drammen Annonseinformasjon FINN-kode 467963447 Sist endret 15. sep. 2026 09:29 Referanse 512250398 Rapporter annonse Annonsene kan være mangelfulle i forhold til lovpålagt opplysningsplikt. Før bindende avtale inngås oppfordres interessenter til å innhente komplett informasjon fra meglerforetaket, selger eller utleier.",2026-09-20T15:34:58+00:00,house
476453806,https://www.finn.no/realestate/homes/ad.html?finnkode=476453806,"*VISNING AVLYST* Enebolig og frittliggende sidebygg - Landlig beliggenhet- Stor eiet tomt på ca. 6,9 mål - Frittstående","Øvre Dramdalsvei 5 og 7, 3330 Skotselv",3330,Skotselv,4 200 000 kr,4 306 090 kr,106 090 kr,,771 654 kr,Enebolig,Selveier,,162 m² (BRA-i),231 m²,,3,,1890,2,6 944 m² (eiet),6944,6.9,Rom,3314,204,14,17,"Velkommen til Øvre Dramdalsvei 5 og 7. Enebolig med separat sidebygg, idyllisk og landlig beliggende i naturskjønne omgivelser. Eiendommen ligger usjenert til i Øvre Eiker med umiddelbar nærhet til skog og mark, og kort vei til bussholdeplass ved Dramdal. Den store eiertomten har en romslig terrasse og tilknyttet vinterhage, samt en frittstående garasje og et eldre uthus med god lagringsplass. Hovedboligen har en innbydende stue med ildsted, et separat kjøkken med god spiseplass, bad og et praktisk vaskerom. I andre etasje finnes en ekstra stue med ildsted, to soverom og bad, med installert varmepumpe for effektiv oppvarming. Det separate sidebygget inneholder et lyst allrom med eget bad og et nyere kjøkken fra 2023. Velkommen til visning. Minus Vis mindre NB: Knappen for å vise hele beskrivelsen har kun en visuell effekt. Pluss tegn Vis hele beskrivelsen NB: Knappen for å vise hele beskrivelsen har kun en visuell effekt. Salgsoppgaven beskriver vesentlig og lovpålagt informasjon om eiendommen Se komplett salgsoppgave Nyttige lenker Bestill salgsoppgave Nyttige lenker Bestill salgsoppgave Nærområdet Kart Øvre Dramdalsvei 5 og 7, 3330 Skotselv Se hele annonsen Annonseinformasjon FINN-kode 476453806 Sist endret 18. sep. 2026 19:20 Referanse 2870260250 Rapporter annonse Annonsene kan være mangelfulle i forhold til lovpålagt opplysningsplikt. Før bindende avtale inngås oppfordres interessenter til å innhente komplett informasjon fra meglerforetaket, selger eller utleier.",2026-09-20T15:34:59+00:00,house
476392191,https://www.finn.no/realestate/homes/ad.html?finnkode=476392191,Tiltalende enebolig med attraktiv og barnevennlig beliggenhet | Utsikt og gode solforhold,"Lammers vei 51, 3610 Kongsberg",3610,Kongsberg,4 500 000 kr,4 613 590 kr,113 590 kr,,1 053 049 kr,Enebolig,Selveier,,107 m² (BRA-i),113 m²,,3,,2010,,14 907 m² (eiet),14907,14.9,Rom,3303,8616,190,5,"Velkommen til Lammers vei 51. En innbydende enebolig over to plan med tre soverom, 2 bad og carport med elbillader. Eiendommen har en attraktiv beliggenhet i et rolig boligområde med nærhet til flotte turområder, Gamlegrendåsen skole og barnehage. I første etasje finner du en åpen stue- og kjøkkenløsning med ildsted og direkte utgang til hagen. I samme etasje finnes en lys entré samt et kombinert bad og vaskerom med gulvvarme. Andre etasje rommer tre soverom samt et flislagt bad med badekar og gulvvarme. Høydepunkter: Stor terrasse med fin utsikt og gode solforhold Carport på ca. 23 m² med elbillader Luft-til-luft-varmepumpe fra 2024 God planløsning Velkommen til visning. Minus Vis mindre NB: Knappen for å vise hele beskrivelsen har kun en visuell effekt. Pluss tegn Vis hele beskrivelsen NB: Knappen for å vise hele beskrivelsen har kun en visuell effekt. Salgsoppgaven beskriver vesentlig og lovpålagt informasjon om eiendommen Se komplett salgsoppgave Nyttige lenker Bestill salgsoppgave Visning mandag, 21. september 16:30 – 17:30 Legg til i kalender Ønsker du å delta på visningen ber vi deg melde deg på slik at vi vet at du kommer. Da kan vi bistå alle best mulig og gi deg tiden du trenger på visningen. Kontakt gjerne megler før visning hvis du har spørsmål. Visningen avholdes bare dersom det er påmeldte. Hvis det ikke er oppsatt visningstidspunkt eller tidspunkt ikke passer, kontakt megler. Husk å lese komplett salgsoppgave før visning. Bestill komplett, utskriftsvennlig salgsoppgave. Visningspåmelding Gi bud Nyttige lenker Bestill salgsoppgave Nærområdet Kart Lammers vei 51, 3610 Kongsberg Annonseinformasjon FINN-kode 476392191 Sist endret 16. sep. 2026 13:15 Referanse 2863260409 Rapporter annonse Annonsene kan være mangelfulle i forhold til lovpålagt opplysningsplikt. Før bindende avtale inngås oppfordres interessenter til å innhente komplett informasjon fra meglerforetaket, selger eller utleier.",2026-09-20T15:35:01+00:00,house
476269015,https://www.finn.no/realestate/homes/ad.html?finnkode=476269015,Familiebolig over to plan | Garasje m/​ el-lader | Flere uteplasser | Hage | Barnevennlig og populært område,"Feltspatveien 3, 1639 Gamle Fredrikstad",1639,Gamle Fredrikstad,4 300 000 kr,4 426 790 kr,126 790 kr,,1 129 692 kr,Enebolig,Selveier,,96 m² (BRA-i),143 m²,,3,,2015,,5 169 m² (eiet),5169,5.2,C - Oransje,3107,601,404,5,"Velkommen til Feltspatveien 3! Her får du en moderne familiebolig over to plan i barnevennlige omgivelser på populære Begby. Huset har en fin intern beliggenhet med asfaltert innkjørsel, egen garasjeplass med elbillader og sportsbod, privat hage samt flere solrike uteplasser. Selve planløsningen er gjennomtenkt og her har man soverommene samlet i 1.etg og de aktive rommene oppe - selvfølgelig med fullverdige bad i hver etasje. Nærområdet byr på skoler, barnehager, matbutikker, idrettsanlegg, og turløyper. Det er også gode bussforbindelser i området Kort fortalt: Velholdt familiebolig over to plan Garasje med el-lader Flere solrike uteplasser Skjermet hage på baksiden Fullverdige bad i hver etasje Tre soverom Lyse og pene overflater Vedovn Balkong med innglasset del Meget populært og barnevennlig Minus Vis mindre NB: Knappen for å vise hele beskrivelsen har kun en visuell effekt. Pluss tegn Vis hele beskrivelsen NB: Knappen for å vise hele beskrivelsen har kun en visuell effekt. Salgsoppgaven beskriver vesentlig og lovpålagt informasjon om eiendommen Se komplett salgsoppgave Nyttige lenker Bestill salgsoppgave Eiendommens hjemmeside Visning tirsdag, 22. september 17:00 – 18:00 Legg til i kalender Husk å lese komplett salgsoppgave før visning. Bestill komplett, utskriftsvennlig salgsoppgave. Visningspåmelding Gi bud Nyttige lenker Bestill salgsoppgave Eiendommens hjemmeside Nærområdet Kart Feltspatveien 3, 1639 Gamle Fredrikstad Annonseinformasjon FINN-kode 476269015 Sist endret 16. sep. 2026 04:10 Referanse 710260076 Rapporter annonse Annonsene kan være mangelfulle i forhold til lovpålagt opplysningsplikt. Før bindende avtale inngås oppfordres interessenter til å innhente komplett informasjon fra meglerforetaket, selger eller utleier.",2026-09-20T15:35:02+00:00,house
433264060,https://www.finn.no/realestate/homes/ad.html?finnkode=433264060,"Landlig og idyllisk eiendom med 2 frittliggende eneboliger - Stor og solrik tomt på 18,5 mål - Sentrumsnær beliggenhet","Kjushagen 50A og B, 2019 Skedsmokorset",2019,Skedsmokorset,10 500 000 kr,10 782 090 kr,282 090 kr,,1 425 521 kr,Enebolig,Selveier,,371 m² (BRA-i),453 m²,,5,,1934,,18 508 m² (eiet),18508,18.5,G - Oransje,3205,17,8,3,"Velkommen til Kjushagen 50A og B! Idyllisk, usjenert og unik eiendom på hele 18,5 mål i naturskjønne omgivelser på Skedsmo, kun 10 min fra Lillestrøm. Her har man nærhet til marka året rundt, samtidig som man får småbruk følelsen i landlige omgivelser. Solrik tomt med nydelig utsyn, opparbeidet med plen, trær og busker. Eiendommen består av to eneboliger, stort uthus/garasje på 74 kvm og bod. Hovedbolig fra 1934, påbygd i 1964 og 1972 som inneholder kjøkken, tre stuer, bad, tre soverom, omkledningsrom, toalett og seks boder. Enebolig fra 2003 med kjøkken, to stuer, to soverom, bad, kjølerom og boder. Boligene har større behov for modernisering for å oppfylle dagens krav til standard Fulldyrka jord på 7,9 daa. Avsatt til LNFR-formål. Det er ikke boplikt, men driveplikt for ny eier ifølge kommunen. Minus Vis mindre NB: Knappen for å vise hele beskrivelsen har kun en visuell effekt. Pluss tegn Vis hele beskrivelsen NB: Knappen for å vise hele beskrivelsen har kun en visuell effekt. Salgsoppgaven beskriver vesentlig og lovpålagt informasjon om eiendommen Se komplett salgsoppgave Nyttige lenker Eiendommens hjemmeside Visning søndag, 20. september 17:00 – 18:00 Legg til i kalender Alle våre visninger har påmelding. På denne måten sikrer vi at megler har god oversikt og tid til å imøtekomme alle interessenter på beste måte. Dette er veldig verdifullt for boligkjøpere og for oss. Det er enkelt å melde seg på, og du kan like enkelt melde deg av. Kontakt også gjerne megler i forkant av visning dersom du har spørsmål. Husk å lese komplett salgsoppgave før visning. Bestill komplett, utskriftsvennlig salgsoppgave. Visningspåmelding Gi bud Nyttige lenker Eiendommens hjemmeside Nærområdet Kart Kjushagen 50A og B, 2019 Skedsmokorset Annonseinformasjon FINN-kode 433264060 Sist endret 16. sep. 2026 04:07 Referanse 121250051 Rapporter annonse Annonsene kan være mangelfulle i forhold til lovpålagt opplysningsplikt. Før bindende avtale inngås oppfordres interessenter til å innhente komplett informasjon fra meglerforetaket, selger eller utleier.",2026-09-20T15:35:03+00:00,house
476064235,https://www.finn.no/realestate/homes/ad.html?finnkode=476064235,Enebolig med stor utsiktstomt | Rolige omgivelser og natur rett utenfor døren | Moderniseringsbehov,"Leikvinvegen 29, 2740 Roa",2740,Roa,2 500 000 kr,2 563 850 kr,63 850 kr,,,Enebolig,Selveier,,201 m² (BRA-i),273 m²,,3,,1949,,7 941 m² (eiet),7941,7.9,Rom,3234,41,9,5,"Velkommen til Leikvinvegen 29! En innholdsrik enebolig med et stort uthus/garasje og en romslig tomt på 7,9 mål. Eiendommen har flott utsikt og ligger i rolige og tilbaketrukne omgivelser omkranset av natur. Tunet er pent opparbeidet med gårdsplass, uthus og hage. Boligen har store, sosiale soner med stue, spisestue og kjøkken. Både huset og det tilhørende uthuset har behov for modernisering og renovering. Her får du en herlig kombinasjon av ro, natur og kort vei til nødvendige fasiliteter. Boligen strekker seg over to plan. Første etasje inneholder entré, bad, kjøkken, soverom og en lys stue/spisestue. I sokkeletasjen er det flere boder, vaskerom og 2 soverom. Det er egen utgang fra sokkeletasjen. Moen høydepunkter: - Utsiktseiendom - Stor tomt på 7941 kvm - Rolige grønne omgivelser - Store sosiale oppholdsrom - Stue med god takhøyde og peis - Stor balkong - Uthus med garasje og boder Minus Vis mindre NB: Knappen for å vise hele beskrivelsen har kun en visuell effekt. Pluss tegn Vis hele beskrivelsen NB: Knappen for å vise hele beskrivelsen har kun en visuell effekt. Salgsoppgaven beskriver vesentlig og lovpålagt informasjon om eiendommen Se komplett salgsoppgave Nyttige lenker Gi bud Bestill salgsoppgave Eiendommens hjemmeside Nyttige lenker Gi bud Bestill salgsoppgave Eiendommens hjemmeside Nærområdet Kart Leikvinvegen 29, 2740 Roa Annonseinformasjon FINN-kode 476064235 Sist endret 18. sep. 2026 11:59 Referanse 36260418 Rapporter annonse Annonsene kan være mangelfulle i forhold til lovpålagt opplysningsplikt. Før bindende avtale inngås oppfordres interessenter til å innhente komplett informasjon fra meglerforetaket, selger eller utleier.",2026-09-20T15:35:05+00:00,house
475966797,https://www.finn.no/realestate/homes/ad.html?finnkode=475966797,Småbruk med låve og stor tomt på over 28 dekar | Enebolig med behov for modernisering | Landlig beliggenhet,"Åsvangvegen 753, 2332 Åsvang",2332,Åsvang,1 100 000 kr,1 128 590 kr,28 590 kr,,514 033 kr,Enebolig,Selveier,,98 m² (BRA-i),282 m²,,2,,1947,1,28 498 m² (eiet),28498,28.5,Rom,3413,404,41,5,"Velkommen til Åsvangvegen 753! Et småbruk med fredelig og landlig beliggenhet på en stor eiertomt på 28 497,5 m², med tilhørende tradisjonell låve. Eiendommen ligger usjenert til i Stange kommune, omgitt av åpent kulturlandskap og skog. Eneboligen går over halvannen etasje samt kjeller, og en omfattende modernisering må påregnes for å tilpasse boligen til dagens standard. I førsteetasje finner du entré, et romslig kjøkken med innredning i heltre, samt en stue med peisovn fra 2005. Andreetasje rommer en gang, to soverom, og praktisk lagringsplass i flere kott. På tunet står en tradisjonell låve med god lagerplass fordelt over to plan. Velkommen til en hyggelig visning! Minus Vis mindre NB: Knappen for å vise hele beskrivelsen har kun en visuell effekt. Pluss tegn Vis hele beskrivelsen NB: Knappen for å vise hele beskrivelsen har kun en visuell effekt. Salgsoppgaven beskriver vesentlig og lovpålagt informasjon om eiendommen Se komplett salgsoppgave Nyttige lenker Bestill salgsoppgave Visning mandag, 21. september 16:30 – 17:15 Legg til i kalender Ønsker du å delta på visningen ber vi deg melde deg på slik at vi vet at du kommer. Da kan vi bistå alle best mulig og gi deg tiden du trenger på visningen. Ta gjerne kontakt med megler før visning hvis du har noen spørsmål. Velkommen! Husk å lese komplett salgsoppgave før visning. Bestill komplett, utskriftsvennlig salgsoppgave. Visningspåmelding Gi bud Nyttige lenker Bestill salgsoppgave Nærområdet Kart Åsvangvegen 753, 2332 Åsvang Annonseinformasjon FINN-kode 475966797 Sist endret 11. sep. 2026 20:08 Referanse 6040260115 Rapporter annonse Annonsene kan være mangelfulle i forhold til lovpålagt opplysningsplikt. Før bindende avtale inngås oppfordres interessenter til å innhente komplett informasjon fra meglerforetaket, selger eller utleier.",2026-09-20T15:35:06+00:00,house
476125936,https://www.finn.no/realestate/homes/ad.html?finnkode=476125936,"Lys og innbydende familiebolig med solrike uteområder, garasje og fantastisk beliggenhet nær skole og sjøen!","Kiserødåsen 26, 3231 Sandefjord",3231,Sandefjord,4 550 000 kr,4 551 090 kr,1 090 kr,,1 256 571 kr,Enebolig,Andel,,135 m² (BRA-i),144 m²,,3,,1999,,12 773 m² (eiet),12773,12.8,,3907,132,349,5,"Velkommen til Kiserødåsen 26! En flott, innholdsrik og familievennlig endebolig over tre etasjer med en usedvanlig skjermet beliggenhet på feltet. Boligen preges av en god planløsning tilpasset en aktiv familie, med blant annet 3 gode soverom, 2 baderom og en herlig loftstue med flere bruksmuligheter. Ute kan du trekke deg tilbake på den store, koselige og solrike terrassen som byr på minimale innsynsforhold, og fra boligens øverste etasjer kan du glede deg over noe sjøutsikt. Garasje følger også med. Et perfekt hjem for deg som ønsker en privat oase i et trygt, barnevennlig og naturskjønt område! Eiendommen har en fantastisk beliggenhet med umiddelbar nærhet til Marumskogen, fin avstand til Store Bergan barneskole og maritime Granholmen. Velkommen til visning og til en enklere og mer komfortabel familiehverdag! Minus Vis mindre NB: Knappen for å vise hele beskrivelsen har kun en visuell effekt. Pluss tegn Vis hele beskrivelsen NB: Knappen for å vise hele beskrivelsen har kun en visuell effekt. Salgsoppgaven beskriver vesentlig og lovpålagt informasjon om eiendommen Se komplett salgsoppgave Nyttige lenker Gi bud Bestill salgsoppgave Eiendommens hjemmeside Visning torsdag, 24. september 18:00 – 18:45 Legg til i kalender Velkommen til visning! Alle våre visninger har påmelding. På denne måten sikrer vi at megler har god oversikt og tid til å imøtekomme alle interessenter på beste måte. Dette er veldig verdifullt for boligkjøpere og for oss. Det er enkelt å melde seg på, og du kan like enkelt melde deg av. Kontakt også gjerne megler i forkant av visning dersom du har spørsmål. Husk å lese komplett salgsoppgave før visning. Bestill komplett, utskriftsvennlig salgsoppgave. Visningspåmelding Gi bud Nyttige lenker Gi bud Bestill salgsoppgave Eiendommens hjemmeside Nærområdet Kart Kiserødåsen 26, 3231 Sandefjord Annonseinformasjon FINN-kode 476125936 Sist endret 18. sep. 2026 15:39 Referanse 33260044 Rapporter annonse Annonsene kan være mangelfulle i forhold til lovpålagt opplysningsplikt. Før bindende avtale inngås oppfordres interessenter til å innhente komplett informasjon fra meglerforetaket, selger eller utleier.",2026-09-20T15:35:08+00:00,house
476048151,https://www.finn.no/realestate/homes/ad.html?finnkode=476048151,Enebolig med dobbel garasje  - hele 7 422 kvm tomt | Usjenert beliggenhet & en fantastisk hage!,"Molandsveien 501, 4849 Arendal",4849,Arendal,4 800 000 kr,4 921 350 kr,121 350 kr,,,Enebolig,Selveier,,195 m² (BRA-i),306 m²,,3,,1965,,7 422 m² (eiet),7422,7.4,E - Gul,4203,26,11,17,"Velkommen til Molandsveien 501! Her får du en sjelden kombinasjon av stor tomt, privatliv og naturskjønne omgivelser - samtidig som du har kort vei til både Stoa, Harebakken og Arendal sentrum. Eiendommen ligger fritt og usjenert til, med gode solforhold og lite innsyn. Den imponerende tomten på hele 7 422 kvm gir en helt egen følelse av plass og frihet. Den romslige hagen innbyr til lek, aktiviteter, hageglede og hyggelige sammenkomster med familie og venner. Her kan du nyte rolige dager i grønne omgivelser, samtidig som butikker, servicetilbud, restauranter, kaféer og kulturtilbud i Arendal er lett tilgjengelig. Skoler og barnehager finnes i nærliggende områder. En sjelden eiendom for deg som ønsker stor tomt, usjenert beliggenhet og nærhet til byen. Velkommen til visning! Minus Vis mindre NB: Knappen for å vise hele beskrivelsen har kun en visuell effekt. Pluss tegn Vis hele beskrivelsen NB: Knappen for å vise hele beskrivelsen har kun en visuell effekt. Salgsoppgaven beskriver vesentlig og lovpålagt informasjon om eiendommen Se komplett salgsoppgave Nyttige lenker Gi bud Bestill salgsoppgave Eiendommens hjemmeside Hjemmeside Nyttige lenker Gi bud Bestill salgsoppgave Eiendommens hjemmeside Hjemmeside Nærområdet Kart Molandsveien 501, 4849 Arendal Se hele annonsen Annonseinformasjon FINN-kode 476048151 Sist endret 18. sep. 2026 09:03 Referanse 40260329 Rapporter annonse Annonsene kan være mangelfulle i forhold til lovpålagt opplysningsplikt. Før bindende avtale inngås oppfordres interessenter til å innhente komplett informasjon fra meglerforetaket, selger eller utleier.",2026-09-20T15:35:10+00:00,house
475896955,https://www.finn.no/realestate/homes/ad.html?finnkode=475896955,"IDYLLISK OG USJENERT EIENDOM PÅ EVJEN| TO BOLIGHUS | OPPGRADERT KJØKKEN, BAD OG VASKEROM | TOTALT 6, 3 MÅL TOMT","Tølløvstien 5, 7300 Orkanger",7300,Orkanger,5 590 000 kr,5 730 840 kr,140 840 kr,,918 894 kr,Enebolig,Selveier,,205 m² (BRA-i),297 m²,,3,,1970,,6 336 m² (eiet),6336,6.3,Rom,5059,10,302,5,"Velkommen til Tølløvstien 5! Her får dere en stor eiendom bestående av 3 gnr/bnr, og 2 bolighus. I tillegg har eiendommen 2 garasjebygg, med til sammen 3 garasjeplasser. Hovedboligen har en gjennomgående fin standard og består av bl.a. to stuer, kjøkken, badstue, bad, vaskerom, boder, tre soverom og et rom innredet som soverom. Verdt å merke seg: - 2 bolighus - Kjøkken fra 2022 - bad og vaskerom fra 2020 - flere garasjeplasser - tomt på totalt 6,3 mål - flott uteområde og usjenert beliggenhet - kort vei til sentrum - godt med bodplass Velkommen på visning! Minus Vis mindre NB: Knappen for å vise hele beskrivelsen har kun en visuell effekt. Pluss tegn Vis hele beskrivelsen NB: Knappen for å vise hele beskrivelsen har kun en visuell effekt. Salgsoppgaven beskriver vesentlig og lovpålagt informasjon om eiendommen Se komplett salgsoppgave Nyttige lenker Eiendommens hjemmeside video Visning mandag, 21. september 16:30 – 17:30 Legg til i kalender Alle våre visninger har påmelding. Meld deg opp til ønsket visningstidspunkt via linken  visningspåmelding , eller kontakt megler på telefon, SMS eller mail. Vi anbefaler at salgsoppgaven lastes ned digitalt, og oppfordrer alle til å lese komplett salgsoppgave før visning. Skulle det mot formodning ikke være påmeldte til angitt visningstidspunkt vil ikke visning bli gjennomført. Husk å lese komplett salgsoppgave før visning. Bestill komplett, utskriftsvennlig salgsoppgave. Visningspåmelding Gi bud Nyttige lenker Eiendommens hjemmeside video Nærområdet Kart Tølløvstien 5, 7300 Orkanger Annonseinformasjon FINN-kode 475896955 Sist endret 11. sep. 2026 22:50 Referanse 12-26-0106 Rapporter annonse Annonsene kan være mangelfulle i forhold til lovpålagt opplysningsplikt. Før bindende avtale inngås oppfordres interessenter til å innhente komplett informasjon fra meglerforetaket, selger eller utleier.",2026-09-20T15:35:12+00:00,house
476133570,https://www.finn.no/realestate/homes/ad.html?finnkode=476133570,Pen enebolig i ende m/​ alt på én flate på Kråkerøy! | Uteplass på ca. 61 m² | Rett v/​ skogkanten | 3 sov | Elbillader,"Svenskeberget 75, 1673 Kråkerøy",1673,Kråkerøy,4 290 000 kr,4 531 090 kr,1 090 kr,240 000 kr,856 023 kr,Enebolig,Andel,,115 m² (BRA-i),123 m²,,3,,1987,,12 497 m²,12497,12.5,Rom,3107,439,265,5,"Velkommen til Svenskeberget 75, presentert av Nvar G. Helan v/DNB Eiendom Fredrikstad. Her bor du innerst i en blindvei, i et veletablert og barnevennlig boligfelt på Kråkerøy. Eneboligen ligger i enden av en blindvei med skogkanten som nærmeste nabo, og hagen og uteplassene er usjenerte og solrike - den vestvendte terrassen gir gode solforhold. Kyststien gir turmuligheter året rundt, og om sommeren er det kort vei til badeplasser, svaberg og båtliv, med Hvaler innen rekkevidde. Kort biltur til Fredrikstad sentrum! Åpen stue- og kjøkkenløsning. Terrasser på til sammen ca. 61 m². Kjøkken fra Kvik, oppgradert i 2022. Varmepumpe, vedovn og egen elbillader. Kort vei til dagligvare, buss og turområder. Alt på én flate - 3 soverom og god oppbevaringsplass. Minus Vis mindre NB: Knappen for å vise hele beskrivelsen har kun en visuell effekt. Pluss tegn Vis hele beskrivelsen NB: Knappen for å vise hele beskrivelsen har kun en visuell effekt. Salgsoppgaven beskriver vesentlig og lovpålagt informasjon om eiendommen Se komplett salgsoppgave Nyttige lenker Meld interesse Se komplett salgsoppgave Gi bud Visning søndag, 20. september 13:00 – 14:00 Legg til i kalender Velkommen til visning! Meld deg på ved å trykke ""visningspåmelding"" i våre boligannonser. Visning med megler til stede vil ikke bli avholdt uten påmeldinger. Ta gjerne kontakt med megler i forkant av visningen om du har spørsmål. Visningspåmelding Gi bud Nyttige lenker Meld interesse Se komplett salgsoppgave Gi bud Nærområdet Kart Svenskeberget 75, 1673 Kråkerøy Annonseinformasjon FINN-kode 476133570 Sist endret 18. sep. 2026 10:01 Referanse 217260257 Rapporter annonse Annonsene kan være mangelfulle i forhold til lovpålagt opplysningsplikt. Før bindende avtale inngås oppfordres interessenter til å innhente komplett informasjon fra meglerforetaket, selger eller utleier.",2026-09-20T15:35:13+00:00,house
476127402,https://www.finn.no/realestate/homes/ad.html?finnkode=476127402,"Småbruksdrømmen! Renovert enebolig med svært mange muligheter i landlige omgivelser. 7,5 mål tomt. To moderne garasjer.","Bakkeveien 226, 1923 Sørum",1923,Sørum,8 500 000 kr,8 713 590 kr,213 590 kr,,890 014 kr,Enebolig,Selveier,,216 m² (BRA-i),309 m²,,3,,1983,2,7 531 m² (eiet),7531,7.5,D - Gul,3205,251,76,3,"Bakkeveien 226 - en eiendom som passer for de aller fleste. Drømmer du om en landlig beliggenhet, men samtidig bo 30 minutter fra Oslo S, både med kollektiv og med bil? Da er denne eiendommen noe for deg. Med hele 7,5 mål med tomt er det svært mange muligheter for å utnytte eiendommen. De to store garasjene gir muligheter for mekk og bil. Garasjen kan fint omgjøres til stall da eiendommen egner seg godt til dyrehold. Har du større transportkjøretøy kan dette fint oppbevares på den store tomten. Huset er i de siste årene renovert av eier. Et stilfullt kjøkken fra Strai med AEG-hvitevarer og to renoverte bad gir deg komfort og mulighet til å flytte rett inn i huset. Det er gjennomgående bruk av 1-stavs eikeparkett i huset. Utvendig er tomten planert og ryddet slik at den kan benyttes som rekreasjonsplass. Eiendommen er tilpasset både for barnefamilier og voksne par som ønsker mer plass i hverdagen. Minus Vis mindre NB: Knappen for å vise hele beskrivelsen har kun en visuell effekt. Pluss tegn Vis hele beskrivelsen NB: Knappen for å vise hele beskrivelsen har kun en visuell effekt. Salgsoppgaven beskriver vesentlig og lovpålagt informasjon om eiendommen Se komplett salgsoppgave Nyttige lenker Gi bud Bestill salgsoppgave Eiendommens hjemmeside Visning søndag, 20. september 13:00 – 14:00 Legg til i kalender Velkommen til visning! Alle våre visninger har påmelding. På denne måten sikrer vi at megler har god oversikt og tid til å imøtekomme alle interessenter på beste måte. Dette er veldig verdifullt for boligkjøpere og for oss. Det er enkelt å melde seg på, og du kan like enkelt melde deg av. Kontakt også gjerne megler i forkant av visning dersom du har spørsmål. Husk å lese komplett salgsoppgave før visning. Bestill komplett, utskriftsvennlig salgsoppgave. Visningspåmelding Gi bud Nyttige lenker Gi bud Bestill salgsoppgave Eiendommens hjemmeside Nærområdet Kart Bakkeveien 226, 1923 Sørum Annonseinformasjon FINN-kode 476127402 Sist endret 18. sep. 2026 07:39 Referanse 24260330 Rapporter annonse Annonsene kan være mangelfulle i forhold til lovpålagt opplysningsplikt. Før bindende avtale inngås oppfordres interessenter til å innhente komplett informasjon fra meglerforetaket, selger eller utleier.",2026-09-20T15:35:15+00:00,house
476117522,https://www.finn.no/realestate/homes/ad.html?finnkode=476117522,Landlig eiendom på Hope - Sjarmerende hus - Uthus - Stor tomt - Attraktive friluftsområder,"Åkvågveien 498, 4957 Risør",4957,Risør,2 500 000 kr,2 563 850 kr,63 850 kr,,,Enebolig,Selveier,,173 m² (BRA-i),173 m²,,3,,1900,2,30 635 m² (eiet),30635,30.6,,4201,5,12,3,"Bolig i naturskjønne omgivelser på Hope i Risør. Stor tomt hvor det er anlagt plen og hage i området rundt eneboligen. Nærområdet byr på fine natur- og friluftsopplevelser året rundt med blant annet utsiktspunktet Hisåsen og Jettegrytene på Sild. Sørlandet Feriesenter ligger like bortenfor boligen. Her finner du camping, båtutleie, basseng, restaurant m.m.  Du finner også badeplassen Karolina like i nærheten. Dette gir rom for fine ferieopplevelser for store og små. Velkommen til visning! Minus Vis mindre NB: Knappen for å vise hele beskrivelsen har kun en visuell effekt. Pluss tegn Vis hele beskrivelsen NB: Knappen for å vise hele beskrivelsen har kun en visuell effekt. Salgsoppgaven beskriver vesentlig og lovpålagt informasjon om eiendommen Se komplett salgsoppgave Visning Ta kontakt for å avtale visning. Husk å lese komplett salgsoppgave før visning. Bestill komplett, utskriftsvennlig salgsoppgave. Visningspåmelding Gi bud Nærområdet Kart Åkvågveien 498, 4957 Risør Annonseinformasjon FINN-kode 476117522 Sist endret 11. sep. 2026 13:45 Referanse 01007126 Rapporter annonse Annonsene kan være mangelfulle i forhold til lovpålagt opplysningsplikt. Før bindende avtale inngås oppfordres interessenter til å innhente komplett informasjon fra meglerforetaket, selger eller utleier.",2026-09-20T15:35:16+00:00,house
445933763,https://www.finn.no/realestate/homes/ad.html?finnkode=445933763,Romslig tomt på 5 221 m² med enebolig for renovering eller rivning | kort vei til Fetsund og Lillestrøm,"Brattgutua 4, 2000 Lillestrøm",2000,Lillestrøm,4 500 000 kr,4 613 590 kr,113 590 kr,,,Enebolig,Selveier,,,,,0,,,,5 221 m² (eiet),5221,5.2,,3205,408,10,5,"Velkommen til Brattgutua 4! Her får du en spennende mulighet, enten du ønsker å pusse opp eksisterende bolig eller vurdere nybygg. Eiendommen består av en enebolig som kan renoveres, alternativt benyttes som et rivningsobjekt. Tomten er på hele 5 221 m² og fremstår som en relativt flat naturtomt. Eiendommen er regulert til boligformål med tilhørende anlegg, og har en antatt BYA på 25 % (se vedlagt svar fra kommunen i salgsoppgaven). Nærområdet tilbyr flotte turmuligheter og offentlig kommunikasjon, med 5 minutters gange til bussholdeplass og togstasjon i nærområdet som tar deg inn til Oslo S på ca. 18 minutter. Beliggenheten er sentral med kort vei til det meste en trenger i hverdagen! Minus Vis mindre NB: Knappen for å vise hele beskrivelsen har kun en visuell effekt. Pluss tegn Vis hele beskrivelsen NB: Knappen for å vise hele beskrivelsen har kun en visuell effekt. Salgsoppgaven beskriver vesentlig og lovpålagt informasjon om eiendommen Se komplett salgsoppgave Nyttige lenker Bestill salgsoppgave Visning Ta kontakt for å avtale visning. Husk å lese komplett salgsoppgave før visning. Bestill komplett, utskriftsvennlig salgsoppgave. Visningspåmelding Gi bud Nyttige lenker Bestill salgsoppgave Nærområdet Kart Brattgutua 4, 2000 Lillestrøm Annonseinformasjon FINN-kode 445933763 Sist endret 11. sep. 2026 13:04 Referanse 6029260167 Rapporter annonse Annonsene kan være mangelfulle i forhold til lovpålagt opplysningsplikt. Før bindende avtale inngås oppfordres interessenter til å innhente komplett informasjon fra meglerforetaket, selger eller utleier.",2026-09-20T15:35:17+00:00,house
468411674,https://www.finn.no/realestate/homes/ad.html?finnkode=468411674,Stor eiendom med flott beliggenhet og nærhet til storslått nordnorsk natur - Naust!,"Nord-Fugløyveien 2177, 9135 Vannvåg",9135,Vannvåg,1 900 000 kr,1 967 050 kr,67 050 kr,,534 608 kr,Enebolig,Selveier,,133 m² (BRA-i),157 m²,,2,,1958,,105 603 m² (eiet),105603,105.6,,5534,54,87,5,"Stor eiendom med flott beliggenhet og nærhet til storslått nordnorsk natur. Eiendommen består av en eldre, men godt vedlikeholdt enebolig på ca. 70 kvm, beliggende på en romslig tomt som totalt omfatter fire matrikler. To av matriklene er regulert som hyttetomter. Boligen er fortløpende vedlikeholdt gjennom årene og fremstår som lys og trivelig med gode romløsninger. Badet er av eldre standard. Store vindusflater sørger for rikelig med naturlig lysinnslipp og gir flott utsikt mot omgivelsene. Her kan du nyte roen, naturen og den særegne kyststemningen som Vannøya er kjent for. På eiendommen står også et naust. Naustet har behov for oppgraderinger. Høydepunkter: Stor eiendom bestående av fire matrikler Bolig med flott utsikt Fortløpende vedlikeholdt Naust Naturskjønn og rolig beliggenhet Minus Vis mindre NB: Knappen for å vise hele beskrivelsen har kun en visuell effekt. Pluss tegn Vis hele beskrivelsen NB: Knappen for å vise hele beskrivelsen har kun en visuell effekt. Salgsoppgaven beskriver vesentlig og lovpålagt informasjon om eiendommen Se komplett salgsoppgave Nyttige lenker Bestill salgsoppgave Visning Ta kontakt for å avtale visning. Husk å lese komplett salgsoppgave før visning. Bestill komplett, utskriftsvennlig salgsoppgave. Visningspåmelding Gi bud Nyttige lenker Bestill salgsoppgave Nærområdet Kart Nord-Fugløyveien 2177, 9135 Vannvåg Annonseinformasjon FINN-kode 468411674 Sist endret 18. sep. 2026 13:25 Referanse 52260240 Rapporter annonse Annonsene kan være mangelfulle i forhold til lovpålagt opplysningsplikt. Før bindende avtale inngås oppfordres interessenter til å innhente komplett informasjon fra meglerforetaket, selger eller utleier.",2026-09-20T15:35:19+00:00,house
475979121,https://www.finn.no/realestate/homes/ad.html?finnkode=475979121,"Flott eiendom i landlige og naturskjønne omgivelser I Eiendommen består av enebolig, uthus og eldre fjøs mm","Sørfinnsetveien 49, 8140 Inndyr",8140,Inndyr,1 490 000 kr,1 528 340 kr,38 340 kr,,389 576 kr,Enebolig,Selveier,,114 m² (BRA-i),172 m²,,3,,1924,,14 879 m² (eiet),14879,14.9,G - Rød,1838,20,1,5,"Velkommen til Sørfinnsetveien 49! Stor eiendom med enebolig, uthus og eldre fjøs. Eiendommen rundt byggene er pent opparbeidet med plen, beplantning og bærbusker mm. Her er man i landlige og naturskjønne omgivelser, med flott utsikt mot omkringliggende fjell. Her er det kort vei til flotte tur-/naturopplevelser. Avstand til kommunesenteret Inndyr er ca. 16 km. Avstand til Ørnes er ca. 35 km. Eneboligen inneholder bla. 2-delt stue, kjøkken, bad, vaskerom, 3 soverom, kjellerareal, balkong og terrasse. Total tomt består av flere teiger, med bla. romslig tomt rundt huset, ubebygd nausttomt og stor teig med utmark. Deler av noen teiger (utmark og nausttomt) deles med andre eiendommer. Ingen boplikt. Velkommen til en hyggelig visning! Minus Vis mindre NB: Knappen for å vise hele beskrivelsen har kun en visuell effekt. Pluss tegn Vis hele beskrivelsen NB: Knappen for å vise hele beskrivelsen har kun en visuell effekt. Salgsoppgaven beskriver vesentlig og lovpålagt informasjon om eiendommen Se komplett salgsoppgave Nyttige lenker Eiendommens hjemmeside Bestill salgsoppgave Visning Ta kontakt for å avtale visning. Husk å lese komplett salgsoppgave før visning. Bestill komplett, utskriftsvennlig salgsoppgave. Visningspåmelding Gi bud Nyttige lenker Eiendommens hjemmeside Bestill salgsoppgave Nærområdet Kart Sørfinnsetveien 49, 8140 Inndyr Annonseinformasjon FINN-kode 475979121 Sist endret 18. sep. 2026 06:02 Referanse 23260372 Rapporter annonse Annonsene kan være mangelfulle i forhold til lovpålagt opplysningsplikt. Før bindende avtale inngås oppfordres interessenter til å innhente komplett informasjon fra meglerforetaket, selger eller utleier.",2026-09-20T15:35:20+00:00,house
476102695,https://www.finn.no/realestate/homes/ad.html?finnkode=476102695,Småbruk med tomt på 91 dekar i Slettås | Naturskjønne og rolige omgivelser,"Slettåsvegen 839, 2432 Slettås",2432,Slettås,690 000 kr,708 340 kr,18 340 kr,,192 719 kr,Enebolig,Selveier,,111 m² (BRA-i),373 m²,,4,,1934,,91 963 m² (eiet),91963,92.0,,3421,53,94,5,"Velkommen til Slettåsvegen 839! En innholdsrik eiendom med stort potensial, beliggende i landlige og rolige omgivelser i Slettås. Tomten gir rikelig med plass for diverse aktiviteter. Hovedhuset er av eldre årgang og har et betydelig oppgraderings- og vedlikeholdsbehov. Eiendommen består i tillegg av en rekke uthusbygninger, inkludert en stor garasje, to anneks, en eldre låve og diverse boder. Høydepunkter: - Stor tomt med landlig beliggenhet i Trysil - Flere uthus med potensial for den nevenyttige - Romslig garasje oppført i 2015 med leddport Velkommen til visning! Minus Vis mindre NB: Knappen for å vise hele beskrivelsen har kun en visuell effekt. Pluss tegn Vis hele beskrivelsen NB: Knappen for å vise hele beskrivelsen har kun en visuell effekt. Salgsoppgaven beskriver vesentlig og lovpålagt informasjon om eiendommen Se komplett salgsoppgave Nyttige lenker Bestill salgsoppgave Visning tirsdag, 22. september 16:30 – 17:30 Legg til i kalender Ønsker du å delta på visningen ber vi deg melde deg på slik at vi vet at du kommer. Da kan vi bistå alle best mulig og gi deg tiden du trenger på visningen. Ta gjerne kontakt med megler før visning hvis du har noen spørsmål. Velkommen! Husk å lese komplett salgsoppgave før visning. Bestill komplett, utskriftsvennlig salgsoppgave. Visningspåmelding Gi bud Nyttige lenker Bestill salgsoppgave Nærområdet Kart Slettåsvegen 839, 2432 Slettås Annonseinformasjon FINN-kode 476102695 Sist endret 11. sep. 2026 10:12 Referanse 6045260003 Rapporter annonse Annonsene kan være mangelfulle i forhold til lovpålagt opplysningsplikt. Før bindende avtale inngås oppfordres interessenter til å innhente komplett informasjon fra meglerforetaket, selger eller utleier.",2026-09-20T15:35:21+00:00,house
476029350,https://www.finn.no/realestate/homes/ad.html?finnkode=476029350,Idyllisk og sjarmerende eiendom med flott beliggenhet på Vågland. Strandlinje. Naust med flytebrygge. Låve.,"Våglandsvegen 191, 6683 Vågland",6683,Vågland,4 500 000 kr,4 631 490 kr,131 490 kr,,730 976 kr,Enebolig,Selveier,,222 m² (BRA-i),405 m²,,4,,1905,,6 850 m² (eiet),6850,6.8,,,,,5,"Din lokale eiendomsmegler Aleksander Faksvåg Talgø har gleden av å presentere Våglandsvegen 191. Idyllisk og sjarmerende eiendom på Vågland med fantastisk utsikt mot Skålvikfjorden. Eiendommen har blant annet pent opparbeidet hage, strandlinje, naust og låve. Boligen er oppgradert og velholdt der kjeller inneholder tre boder og entré. Første etasje inneholder gang, kjøkken, bad/vaskerom og stue. Andre etasje inneholder gang, bad, tre soverom og stue/soverom. Loft inneholder tre boder. Flott naust med båtstø og flytebrygge gir flott tilgang til sjøen og fiskemuligheter. Låve med muligheter for garasje og andre hobbyaktiviteter etter eget ønske. Velkommen til visning! Minus Vis mindre NB: Knappen for å vise hele beskrivelsen har kun en visuell effekt. Pluss tegn Vis hele beskrivelsen NB: Knappen for å vise hele beskrivelsen har kun en visuell effekt. Salgsoppgaven beskriver vesentlig og lovpålagt informasjon om eiendommen Se komplett salgsoppgave Nyttige lenker Bestill komplett, utskriftsvennlig salgsoppgave Se komplett salgsoppgave Visning søndag, 20. september 14:00 – 15:00 Legg til i kalender Vi i Notar ønsker å avholde så gode visninger som mulig. Derfor har vi påmeldingsvisninger. Da vet vi hvor mange som kommer, og kan sette av nok tid til alle. Trykk på linken  visningspåmelding  for å avtale tidspunkt. Visninger uten påmeldte innen kl. 16:00 dagen i forkant, vil ikke bli avholdt. Hvis det ikke er oppsatt visningstidspunkt eller oppsatt tidspunktet ikke skulle passe, kontakt megler for avtale om privatvisning. Velkommen til visning. Visningspåmelding Gi bud Nyttige lenker Bestill komplett, utskriftsvennlig salgsoppgave Se komplett salgsoppgave Nærområdet Kart Våglandsvegen 191, 6683 Vågland Annonseinformasjon FINN-kode 476029350 Sist endret 11. sep. 2026 09:53 Referanse NO4.26297 Rapporter annonse Annonsene kan være mangelfulle i forhold til lovpålagt opplysningsplikt. Før bindende avtale inngås oppfordres interessenter til å innhente komplett informasjon fra meglerforetaket, selger eller utleier.",2026-09-20T15:35:22+00:00,house
472805825,https://www.finn.no/realestate/homes/ad.html?finnkode=472805825,Praktisk kjedehus på ett plan | 3 soverom og carport | Barnevennlig og landlig på Ingeberg | Nær skole og butikk,"Hagavegen 1B, 2323 Ingeberg",2323,Ingeberg,2 800 000 kr,3 322 575 kr,1 090 kr,521 485 kr,629 778 kr,Enebolig,Andel,,97 m² (BRA-i),104 m²,,3,,1978,1,7 286 m² (eiet),7286,7.3,Rom,3403,25,60,7,"Velkommen til Hagavegen 1B! En praktisk og innholdsrik kjedet enebolig med en barnevennlig beliggenhet på Ingeberg. Boligen ligger i et etablert og landlig område med nærhet til turområder. Området er rolig med kort vei til dagligvare, barnehager og skoler. Den åpne stue- og kjøkkenløsningen gir en god romfølelse med plass til spisebord og sofagruppe, og har direkte utgang til uteområdene. Boligen har tre soverom, et praktisk vaskerom og carport med bod. Verdt å merke seg: - Innholdsrik bolig med alt på ett plan - Pent kjøkken med sporfreste fronter og integrerte hvitevarer - Tre soverom og separat vaskerom - Varmepumpe installert for oppvarming - Carport og utvendig bod - Familievennlig og landlig beliggenhet Velkommen til visning! Minus Vis mindre NB: Knappen for å vise hele beskrivelsen har kun en visuell effekt. Pluss tegn Vis hele beskrivelsen NB: Knappen for å vise hele beskrivelsen har kun en visuell effekt. Salgsoppgaven beskriver vesentlig og lovpålagt informasjon om eiendommen Se komplett salgsoppgave Nyttige lenker Meld interesse Se komplett salgsoppgave Gi bud Visning mandag, 21. september 17:00 – 17:30 Legg til i kalender Velkommen til visning! Meld deg på ved å trykke ""visningspåmelding"" i våre boligannonser. Ta gjerne kontakt med megler i forkant av visningen om du har spørsmål. Visningspåmelding Gi bud Nyttige lenker Meld interesse Se komplett salgsoppgave Gi bud Nærområdet Kart Hagavegen 1B, 2323 Ingeberg Annonseinformasjon FINN-kode 472805825 Sist endret 12. sep. 2026 08:59 Referanse 504260122 Rapporter annonse Annonsene kan være mangelfulle i forhold til lovpålagt opplysningsplikt. Før bindende avtale inngås oppfordres interessenter til å innhente komplett informasjon fra meglerforetaket, selger eller utleier.",2026-09-20T15:35:24+00:00,house
475971343,https://www.finn.no/realestate/homes/ad.html?finnkode=475971343,"Nydelig bryggerhus med to soverom, egen inngjerdet bakhage og rusleavstand til flott badestrand","Nedre vei 15, 3183 Horten",3183,Horten,6 400 000 kr,6 783 107 kr,1 090 kr,382 017 kr,654 358 kr,Enebolig,Andel,,121 m² (BRA-i),124 m²,,2,,1841,2,5 489 m² (eiet),5489,5.5,Rom,3901,124,42,5,"Nydelig bryggerhus beliggende i ett av Karljohansverns vakreste borettslag. Boligen er bestående av entrè, stue, kjøkken med god plass til spisebord, pent flislagt badeværelse, kontor, soverom samt nydelig loftsetasje. Boligen har eget privat gårdsrom som er nydelig opparbeidet med beplantning og pene soner for utemøblement. Videre er boligens historiske karakter underbygget av materialvalg og oppgraderinger - slik at den nærmest er en unik eiendom - selv på Karljohansvern. Empirekvartalene på Karljohansvern er bygget i fransk empirestil - her kan man oppleve sydfransk stemning ved Oslofjorden. I Horten kommune er det ikke boplikt - og det er således opp til kjøper om dette er den nye drømmeboligen eller en fritidsbolig hvor late sommerdager skal nytes i rolige og sjønære omgivelser. Minus Vis mindre NB: Knappen for å vise hele beskrivelsen har kun en visuell effekt. Pluss tegn Vis hele beskrivelsen NB: Knappen for å vise hele beskrivelsen har kun en visuell effekt. Salgsoppgaven beskriver vesentlig og lovpålagt informasjon om eiendommen Se komplett salgsoppgave Nyttige lenker Meld interesse Se komplett salgsoppgave Gi bud Visning søndag, 20. september 12:00 – 13:00 Legg til i kalender Visningspåmelding Gi bud Nyttige lenker Meld interesse Se komplett salgsoppgave Gi bud Nærområdet Kart Nedre vei 15, 3183 Horten Annonseinformasjon FINN-kode 475971343 Sist endret 10. sep. 2026 16:04 Referanse 606260314 Rapporter annonse Annonsene kan være mangelfulle i forhold til lovpålagt opplysningsplikt. Før bindende avtale inngås oppfordres interessenter til å innhente komplett informasjon fra meglerforetaket, selger eller utleier.",2026-09-20T15:35:25+00:00,house
475957070,https://www.finn.no/realestate/homes/ad.html?finnkode=475957070,"Enebolig på stor tomt i landlige Våler | Stabbur, bakststue og redskapshus | Stue m/​klebersteinsovn og synlig tømmer","Øvre Ranumsvegen 57, 2436 Våler i Solør",2436,Våler i Solør,2 590 000 kr,2 655 840 kr,65 840 kr,,426 968 kr,Enebolig,Selveier,,198 m² (BRA-i),417 m²,,4,,1837,3,27 071 m² (eiet),27071,27.1,,3419,71,2,5,"Velkommen til Øvre Ranumsvegen 57! En landlig eiendom med romslig tomt, tradisjonsrike bygninger og fredfulle omgivelser i Våler. Eiendommen ligger landlig til i Våler, omkranset av åpne åkre og frodig natur. Hovedhuset bærer på en lang historie, der stuen preges av synlig laftetømmer og en lunende Jøtul klebersteinsovn. Store vindusflater gir et lyst innemiljø og fritt utsyn over det omkringliggende kulturlandskapet. Kort fortalt: - Kjøkken med praktisk kjøkkenøy og integrerte hvitevarer - Stort uthus med garasje og gode lagringsmuligheter - Gårdstun med tradisjonsrikt stabbur og separat bakststue - Flislagt bad med elektrisk gulvvarme samt separat toalettrom - Oppgradert elektrisk anlegg med automatsikringer fra 2024 Velkommen til visning! Minus Vis mindre NB: Knappen for å vise hele beskrivelsen har kun en visuell effekt. Pluss tegn Vis hele beskrivelsen NB: Knappen for å vise hele beskrivelsen har kun en visuell effekt. Salgsoppgaven beskriver vesentlig og lovpålagt informasjon om eiendommen Se komplett salgsoppgave Nyttige lenker Bestill salgsoppgave Visning tirsdag, 22. september 18:00 – 18:30 Legg til i kalender Ønsker du å delta på visningen ber vi deg melde deg på slik at vi vet at du kommer. Da kan vi bistå alle best mulig og gi deg tiden du trenger på visningen. Ta gjerne kontakt med megler før visning hvis du har noen spørsmål. Velkommen! Husk å lese komplett salgsoppgave før visning. Bestill komplett, utskriftsvennlig salgsoppgave. Visningspåmelding Gi bud Nyttige lenker Bestill salgsoppgave Nærområdet Kart Øvre Ranumsvegen 57, 2436 Våler i Solør Annonseinformasjon FINN-kode 475957070 Sist endret 10. sep. 2026 15:56 Referanse 6039260093 Rapporter annonse Annonsene kan være mangelfulle i forhold til lovpålagt opplysningsplikt. Før bindende avtale inngås oppfordres interessenter til å innhente komplett informasjon fra meglerforetaket, selger eller utleier.",2026-09-20T15:35:26+00:00,house
475969154,https://www.finn.no/realestate/homes/ad.html?finnkode=475969154,"Idyllisk eiendom med flott tomt og nydelig utsikt på naturskjønne Sekken! Stor enebolig, frittliggende hytte og garasje.","Håkon Herdebreis veg 752 og 756, 6418 Sekken",6418,Sekken,2 900 000 kr,2 987 390 kr,87 390 kr,,951 897 kr,Enebolig,Selveier,,320 m² (BRA-i),394 m²,,4,,1947,3,6 178 m² (eiet),6178,6.2,Rom,1506,104,7,5,"Velkommen til Håkon Herdebreis veg 752 og 756! -Sjarmerende og innholdsrik enebolig oppført i 1947 og tilbygget i 1977 -Solrik og sjønær beliggenhet med nydelig utsikt mot fjorden -Stor, flott opparbeidet tomt med frukttrær og bærbusker, drivhus, dukkestue og hyggelige soner med sittegrupper osv. -Hytte med stue/kjøkken, 2 soverom og bad/wc -Garasje og uthus -Mulighet for kjøp/leie av båtplass På Sekken bor man i landlige omgivelser med nærhet til sjø, skog og vakker natur. Eiendommen ligger idyllisk til på sydsiden av øya, ca. 7 km fra Sekken fergekai. Ferga til Molde går jevnlig og er gratis. Øysamfunnet Sekken består av omtrent 175 innbyggere fordelt på den 1 mil lange og 5 km brede øya. Fra eiendommen er det kort gangavstand til nærbutikk, Sekken oppvekstsenter og småbåthavn. Minus Vis mindre NB: Knappen for å vise hele beskrivelsen har kun en visuell effekt. Pluss tegn Vis hele beskrivelsen NB: Knappen for å vise hele beskrivelsen har kun en visuell effekt. Salgsoppgaven beskriver vesentlig og lovpålagt informasjon om eiendommen Se komplett salgsoppgave Nyttige lenker Bestill prospekt Gi bud Visning søndag, 20. september 17:00 – 18:00 Legg til i kalender Fergeavganger: Fra Molde fergekai kl 16:00 Fra Sekken fergekai kl 18:15 Alle våre visninger har påmelding. På denne måten sikrer vi at megler har god oversikt og tid til å imøtekomme alle interessenter på beste måte. Skulle ingen være påmeldt til visningen, vil visningen ikke bli gjennomført. Passer ikke annonsert tidspunkt, ta kontakt så finner vi en løsning. Husk å lese komplett salgsoppgave før visning. Bestill komplett, utskriftsvennlig salgsoppgave. Visningspåmelding Gi bud Nyttige lenker Bestill prospekt Gi bud Nærområdet Kart Håkon Herdebreis veg 752 og 756, 6418 Sekken Annonseinformasjon FINN-kode 475969154 Sist endret 10. sep. 2026 15:41 Referanse GAR44.2696 Rapporter annonse Annonsene kan være mangelfulle i forhold til lovpålagt opplysningsplikt. Før bindende avtale inngås oppfordres interessenter til å innhente komplett informasjon fra meglerforetaket, selger eller utleier.",2026-09-20T15:35:27+00:00,house
474767311,https://www.finn.no/realestate/homes/ad.html?finnkode=474767311,"Innholdsrik enebolig i familievennlig og attraktivt område. Romslig tomt på hele 13,8 mål. Gode sol- og utsiktsforhold.","Nordfjordveien 84, 7114 Råkvåg",7114,Råkvåg,2 950 000 kr,3 024 840 kr,74 840 kr,,619 629 kr,Enebolig,Selveier,,188 m² (BRA-i),188 m²,,3,,1966,3,13 860 m² (eiet),13860,13.9,Rom,5054,171,3,5,"Velkommen til Nordfjordveien 84 - og denne innholdsrike eneboligen beliggende i ettertraktet område i Råkvåg. Her bor man med kort vei til flere servicetilbud i et rolig område omgitt av vakker natur og flotte tur, fiske og bademuligheter like i nærheten. Verdt å nevne: - God planløsning med utstrakte vindusflater som siker rikelig med naturlig dagslys. - Tilbaketrukket kjøkken med rikelig skap- og benkeplass. - Romslig stue med god plass til sofagruppe og spisegruppe. - Terrasse på 28,5 kvm med fantastisk utsikt og nydelige solfordhold. - Tre store soverom med plass til garderobeløsning. - To praktiske bad og badstue. - Ekstra kjellerstue med gode møbleringsmuligheter. - Uthus og rikelig med biloppstillingsplasser. - Kort vei til Råkvåg sentrum, med flere servicetilbud. Minus Vis mindre NB: Knappen for å vise hele beskrivelsen har kun en visuell effekt. Pluss tegn Vis hele beskrivelsen NB: Knappen for å vise hele beskrivelsen har kun en visuell effekt. Salgsoppgaven beskriver vesentlig og lovpålagt informasjon om eiendommen Se komplett salgsoppgave Nyttige lenker Gi Bud Eiendommens hjemmeside på Krogsveen.no Visning Ta kontakt for å avtale visning. Visningspåmelding Gi bud Nyttige lenker Gi Bud Eiendommens hjemmeside på Krogsveen.no Nærområdet Kart Nordfjordveien 84, 7114 Råkvåg Annonseinformasjon FINN-kode 474767311 Sist endret 10. sep. 2026 15:32 Referanse KR68.2691 Rapporter annonse Annonsene kan være mangelfulle i forhold til lovpålagt opplysningsplikt. Før bindende avtale inngås oppfordres interessenter til å innhente komplett informasjon fra meglerforetaket, selger eller utleier.",2026-09-20T15:35:29+00:00,house
471512912,https://www.finn.no/realestate/homes/ad.html?finnkode=471512912,"Oppgradert og praktisk enebolig i kjede med alt på en flate | Etterisolert, nye vinduer og ny kledning | 2 Sov | Carport","Svenskedalen 8, 1860 Trøgstad",1860,Trøgstad,2 200 000 kr,2 672 476 kr,1 090 kr,471 386 kr,527 532 kr,Enebolig,Andel,,79 m² (BRA-i),84 m²,,2,,1990,1,11 680 m² (eiet),11680,11.7,Rom,3118,663,362,5,"Velkommen til Svenskedalen 8! Her har vi gleden av å presentere en tiltalende og oppgradert enebolig i kjede med alt på ett plan i Åssiden. Boligen har en stor og solrik terrasse på 18 kvm, carport og en liten grønn hage tilknyttet huset. Fin og skjermet beliggenhet på feltet hvor uteplassen er omkranset av frodige grøntareal. Borettslaget har gjort flere store oppgraderinger på bygningene de siste årene hvor det er byttet kledning, etterisolert, skiftet vinduer, ny ytterdør og nyere varmtvannsbereder fra 2013. Boligen inneholder: entre, gang, kjøkken, bad/vaskerom og to soverom. Boligen har gjennomgående god standard. Åssiden er et godt etablert og attraktivt boligområde. Det er gangavstand til Skjønhaug, skoler, barnehager og butikker. Minus Vis mindre NB: Knappen for å vise hele beskrivelsen har kun en visuell effekt. Pluss tegn Vis hele beskrivelsen NB: Knappen for å vise hele beskrivelsen har kun en visuell effekt. Salgsoppgaven beskriver vesentlig og lovpålagt informasjon om eiendommen Se komplett salgsoppgave Nyttige lenker Gi bud Bestill salgsoppgave Eiendommens hjemmeside Visning Ta kontakt for å avtale visning. Husk å lese komplett salgsoppgave før visning. Bestill komplett, utskriftsvennlig salgsoppgave. Visningspåmelding Gi bud Nyttige lenker Gi bud Bestill salgsoppgave Eiendommens hjemmeside Nærområdet Kart Svenskedalen 8, 1860 Trøgstad Annonseinformasjon FINN-kode 471512912 Sist endret 19. sep. 2026 15:00 Referanse 329260014 Rapporter annonse Annonsene kan være mangelfulle i forhold til lovpålagt opplysningsplikt. Før bindende avtale inngås oppfordres interessenter til å innhente komplett informasjon fra meglerforetaket, selger eller utleier.",2026-09-20T15:35:30+00:00,house
415457652,https://www.finn.no/realestate/homes/ad.html?finnkode=415457652,"Spennende kombinasjonseiendom med frittliggende enebolig, uthus og lagerbygg med vannbåren varme.","Høyjordveien 140, 3158 Andebu",3158,Andebu,5 490 000 kr,5 628 640 kr,138 640 kr,,1 000 577 kr,Enebolig,Selveier,,151 m² (BRA-i),929 m²,,3,,1880,2,6 245 m² (eiet),6245,6.2,Rom,3907,216,244,5,"Velkommen til denne spennende eiendommen med sentral beliggenhet for f.eks videre utleiemuligheter. Deler av lagerhall har hatt leieinntekter på opp mot 400.000,- pr år iflg eier. Med ca 6 mål eiendom har man rikelig med boltreplass. Det er tre bygg med enebolig, eldre låve og større redskapshall/lagerhall (deler av denne er ikke godkjent). Boligen hadde en omfattende oppussing på begynnelsen av 2000-tallet, hvor gulvet ble tatt opp, tømmerkassen ""stivet opp"", støpt gulv med vannbåren varme, nytt bad og kjøkken, samt flere overflater. Boligen har ikke vært videre pusset opp siden det, og har derfor behov for noe modernisering. Boligen ligger usjenert til med romslig gårdsplass, flott utsikt og gode solforhold. Velkommen til visning! Minus Vis mindre NB: Knappen for å vise hele beskrivelsen har kun en visuell effekt. Pluss tegn Vis hele beskrivelsen NB: Knappen for å vise hele beskrivelsen har kun en visuell effekt. Salgsoppgaven beskriver vesentlig og lovpålagt informasjon om eiendommen Se komplett salgsoppgave Visning onsdag, 23. september 18:00 – 19:00 Legg til i kalender Husk å melde deg på innen klokken 14 dagen før visningsdagen. Visninger uten påmeldte deltakere vil bli avlyst! Husk å lese komplett salgsoppgave før visning. Bestill komplett, utskriftsvennlig salgsoppgave. Visningspåmelding Gi bud Nærområdet Kart Høyjordveien 140, 3158 Andebu Annonseinformasjon FINN-kode 415457652 Sist endret 18. sep. 2026 08:55 Referanse 1311250077 Rapporter annonse Annonsene kan være mangelfulle i forhold til lovpålagt opplysningsplikt. Før bindende avtale inngås oppfordres interessenter til å innhente komplett informasjon fra meglerforetaket, selger eller utleier.",2026-09-20T15:35:32+00:00,house
475909648,https://www.finn.no/realestate/homes/ad.html?finnkode=475909648,Moderne og innholdsrik familiebolig over 3 plan | Innredet 1.etg med egen inngang | Stor solrik takterrasse | Parkering,"Åsligrenda 73, 5115 Ulset",5115,Ulset,6 390 000 kr,6 824 607 kr,1 090 kr,433 517 kr,1 509 504 kr,Enebolig,Andel,,189 m² (BRA-i),193 m²,,3,,1976,,32 289 m² (eiet),32289,32.3,Rom,4601,208,204,5,"EiendomsMegler 1 ved Kristoffer Mjøs har gleden av å presentere denne lekre familieboligen i Åsligrenda 73. Innholdsrikt og romslig kjedehus over tre etasjer. Boligen er meget pent vedlikeholdt og oppgradert gjennom årene, og fremstår med god standard. Hovedinngang til 2. etasje. 1. etasje er innredet og har egen inngang.  Øverste etasje skiller seg ut med en romslig stue/kjøkken-løsning med store vindusflater og meget god takhøyde. Her er opprinnelig altan innlemmet som del av stue og det er tilbygget ny takterrasse på ca. 20 m². - Innholdsrik familiebolig - God standard og moderne overflater - Innredet 1.etg med egen inngang - Eget kinorom med integrerte høyttalere og prosjektor - Parkering - Solrik terrasse - Barnevennlig nabolag - Gode kollektivtilbud Velkommen til visning! Minus Vis mindre NB: Knappen for å vise hele beskrivelsen har kun en visuell effekt. Pluss tegn Vis hele beskrivelsen NB: Knappen for å vise hele beskrivelsen har kun en visuell effekt. Salgsoppgaven beskriver vesentlig og lovpålagt informasjon om eiendommen Se komplett salgsoppgave Nyttige lenker Bestill salgsoppgave Visning torsdag, 24. september 17:00 – 17:45 Legg til i kalender Husk å lese komplett salgsoppgave før visning. Bestill komplett, utskriftsvennlig salgsoppgave. Visningspåmelding Gi bud Nyttige lenker Bestill salgsoppgave Nærområdet Kart Åsligrenda 73, 5115 Ulset Annonseinformasjon FINN-kode 475909648 Sist endret 17. sep. 2026 12:32 Referanse 2713260050 Rapporter annonse Annonsene kan være mangelfulle i forhold til lovpålagt opplysningsplikt. Før bindende avtale inngås oppfordres interessenter til å innhente komplett informasjon fra meglerforetaket, selger eller utleier.",2026-09-20T15:35:33+00:00,house
475890844,https://www.finn.no/realestate/homes/ad.html?finnkode=475890844,Enebolig i kjede med attraktiv beliggenhet på Eik | Carport | 4 sov | Flotte turområder,"Kongslysveien 33C, 3123 Tønsberg",3123,Tønsberg,3 750 000 kr,4 257 033 kr,1 090 kr,505 943 kr,843 167 kr,Enebolig,Andel,,114 m² (BRA-i),128 m²,,4,,1976,,6 930 m²,6930,6.9,Rom,3905,81,1,5,"Velkommen til Kongslysveien 33C på attraktive Eik! Her får du en innholdsrik og familievennlig bolig med sentral beliggenhet i et veletablert og populært boligområde. Boligen byr på hele 4 soverom, lys og romslig stue- og kjøkkenløsning, bad samt eget vaskerom. Carport gir praktisk parkering og oppbevaring. I 2017 ble boligen etterisolert og utvendig kledd på nytt, samtidig som vinduer og ytterdører ble skiftet. Dette bidrar til en mer energieffektiv bolig og et moderne uttrykk. Eiendommen har en flott beliggenhet med umiddelbar nærhet til tur- og rekreasjonsområder, samtidig som hverdagen blir enkel med kort vei til skole, barnehage, idrettsanlegg og øvrige servicetilbud. Et attraktivt hjem for barnefamilien som ønsker en kombinasjon av gode oppholdsrom og praktiske løsninger. Minus Vis mindre NB: Knappen for å vise hele beskrivelsen har kun en visuell effekt. Pluss tegn Vis hele beskrivelsen NB: Knappen for å vise hele beskrivelsen har kun en visuell effekt. Salgsoppgaven beskriver vesentlig og lovpålagt informasjon om eiendommen Se komplett salgsoppgave Nyttige lenker Meld interesse Se komplett salgsoppgave Gi bud Visning søndag, 20. september 14:00 – 14:45 Legg til i kalender Velkommen til visning! Meld deg på ved å trykke ""visningspåmelding"" i våre boligannonser. Visning med megler til stede vil ikke bli avholdt uten påmeldinger. Ta gjerne kontakt med megler i forkant av visningen om du har spørsmål. Visningspåmelding Gi bud Nyttige lenker Meld interesse Se komplett salgsoppgave Gi bud Nærområdet Kart Kongslysveien 33C, 3123 Tønsberg Annonseinformasjon FINN-kode 475890844 Sist endret 10. sep. 2026 10:27 Referanse 606260333 Rapporter annonse Annonsene kan være mangelfulle i forhold til lovpålagt opplysningsplikt. Før bindende avtale inngås oppfordres interessenter til å innhente komplett informasjon fra meglerforetaket, selger eller utleier.",2026-09-20T15:35:35+00:00,house
476027590,https://www.finn.no/realestate/homes/ad.html?finnkode=476027590,Enebolig/​Fritidsbolig m/​4 sov på stor eiet tomt | Frittstående garasje | Vedovn i stue | Beliggenhet v/​Takvatnet,"Takvassveien 1191, 9050 Storsteinnes",9050,Storsteinnes,1 650 000 kr,1 692 340 kr,42 340 kr,,340 059 kr,Enebolig,Selveier,,156 m² (BRA-i),196 m²,,4,,1956,,6 307 m² (eiet),6307,6.3,G - Rød,5532,43,210,5,"Velkommen til Takvassveien 1191! Enebolig/Fritidsbolig med fire soverom, romslig tomt og garasje ved Takvatnet. Eiendommen ligger landlig til ved Takvatnet i Balsfjord, omgitt av skogsterreng og med nærhet til fine turområder året rundt. Den store eiertomten gir godt med boltreplass, og på tunet står en frittstående garasje med god plass til parkering og lagring. Hovedetasjen har en funksjonell planløsning med entré, kjøkken med spiseplass, ett soverom, bad/vaskerom, toalettrom og en stue utstyrt med vedovn. Loftsetasjen rommer tre soverom og kott, mens kjelleren har seks boder som gir godt med oppbevaringsrom. Flere vinduer ble fornyet i 2004 og 2005, og boligen har behov for generell modernisering. Er dette noe for deg? Last ned salgsoppgaven og still godt forberedt. Vi ønsker deg velkommen til visning. Dersom ingen påmelding vil hovedvisning ikke bli avholdt. Minus Vis mindre NB: Knappen for å vise hele beskrivelsen har kun en visuell effekt. Pluss tegn Vis hele beskrivelsen NB: Knappen for å vise hele beskrivelsen har kun en visuell effekt. Salgsoppgaven beskriver vesentlig og lovpålagt informasjon om eiendommen Se komplett salgsoppgave Nyttige lenker Fotoweb Eiendommens hjemmeside Bestill salgsoppgave Visning Ta kontakt for å avtale visning. Husk å lese komplett salgsoppgave før visning. Bestill komplett, utskriftsvennlig salgsoppgave. Visningspåmelding Gi bud Nyttige lenker Fotoweb Eiendommens hjemmeside Bestill salgsoppgave Nærområdet Kart Takvassveien 1191, 9050 Storsteinnes Annonseinformasjon FINN-kode 476027590 Sist endret 20. sep. 2026 06:00 Referanse 1250269 Rapporter annonse Annonsene kan være mangelfulle i forhold til lovpålagt opplysningsplikt. Før bindende avtale inngås oppfordres interessenter til å innhente komplett informasjon fra meglerforetaket, selger eller utleier.",2026-09-20T15:35:36+00:00,house
475520869,https://www.finn.no/realestate/homes/ad.html?finnkode=475520869,"Innholdsrik enebolig med sjøutsikt, strandlinje og brygge | Dobbelgarasje med innredet loft | Båthus med heis og båtramp","Borøyveien 297, 4916 Borøy",4916,Borøy,10 200 000 kr,10 456 090 kr,256 090 kr,,1 602 436 kr,Enebolig,Selveier,,182 m² (BRA-i),377 m²,,2,,1984,3,5 073 m² (eiet),5073,5.1,Rom,4213,75,246,5,"Velkommen til Borøyveien 297! En innholdsrik eiendom med egen strandlinje, naust og bryggeanlegg. Eiendommen ligger høyt og usjenert til på Borøy med vid utsikt over sjøen. Den store tomten strekker seg helt ned til en lun og skjermet strandlinje, og de opparbeidede uteområdene gir rikelig med plass for familieliv. Her får du umiddelbar tilgang til skjærgården, samtidig som det er kort vei til Tvedestrand sentrum med bil. Høydepunkter: Eiertomt på over 5 mål med egen strandlinje Naust med loft, elektrisk heis og brygge med god dybde for båt Egen båtrampe som kan brukes til utsetting og opptak av båter Dobbel garasje med innredet loft som inneholder stue, bad og to soverom Hamran-kjøkken med benkeplate i stein To balkonger og flere ildsteder for hygge. Minus Vis mindre NB: Knappen for å vise hele beskrivelsen har kun en visuell effekt. Pluss tegn Vis hele beskrivelsen NB: Knappen for å vise hele beskrivelsen har kun en visuell effekt. Salgsoppgaven beskriver vesentlig og lovpålagt informasjon om eiendommen Se komplett salgsoppgave Nyttige lenker Gi Bud Eiendommens hjemmeside på Krogsveen.no Visning tirsdag, 22. september 16:30 – 17:30 Legg til i kalender For å delta på visning, ber vi om at du melder deg på. Da sikrer vi at du får nødvendig informasjon og at det er satt av tilstrekkelig med tid. Kontakt megler dersom annet tidspunkt ønskes. Husk å lese salgsoppgaven før visningen, så du stiller forberedt. Ønsker du kun å bli holdt orientert, kan du fra eiendommens hjemmeside få varsel om solgtpris, eller kontakte megler. Visningspåmelding Gi bud Nyttige lenker Gi Bud Eiendommens hjemmeside på Krogsveen.no Nærområdet Kart Borøyveien 297, 4916 Borøy Annonseinformasjon FINN-kode 475520869 Sist endret 10. sep. 2026 07:02 Referanse KR47.2698 Rapporter annonse Annonsene kan være mangelfulle i forhold til lovpålagt opplysningsplikt. Før bindende avtale inngås oppfordres interessenter til å innhente komplett informasjon fra meglerforetaket, selger eller utleier.",2026-09-20T15:35:37+00:00,house
475957223,https://www.finn.no/realestate/homes/ad.html?finnkode=475957223,"Nyere enebolig i rekke med god standard, stor veranda, utsikt og carport!","Hagaplassen 55, 6422 Molde",6422,Molde,4 990 000 kr,5 133 740 kr,143 740 kr,,1 283 117 kr,Enebolig,Selveier,,130 m² (BRA-i),138 m²,,3,,2021,2,5 130 m² (eiet),5130,5.1,Rom,1506,32,127,17,"Notar v/Kristian Mordal Syslak, har gleden av å presentere Hagaplassen 55! Boligen er oppført i 2021 og går over to plan. Inngang til boligen via carport til entrè/vindfang. Flis med varme. Romslig hall med parkett, bod, vaskerom, pent flislagt bad og 2 soverom. God takhøyde og store vinduer. Hovedetasjen har soverom, flislagt bad, stor stue med åpen kjøkkenløsning. Kjøkken med innredning fra HTH og integrerte hvitevarer. Peisovn med stålpipe. Utgang til stor veranda fra stue mot sørvest. Carport med sportsbod og elbil-lader. Velkommen til visning! Minus Vis mindre NB: Knappen for å vise hele beskrivelsen har kun en visuell effekt. Pluss tegn Vis hele beskrivelsen NB: Knappen for å vise hele beskrivelsen har kun en visuell effekt. Salgsoppgaven beskriver vesentlig og lovpålagt informasjon om eiendommen Se komplett salgsoppgave Nyttige lenker Bestill komplett, utskriftsvennlig salgsoppgave Se komplett salgsoppgave Virtuell visning Nyttige lenker Bestill komplett, utskriftsvennlig salgsoppgave Se komplett salgsoppgave Virtuell visning Nærområdet Kart Hagaplassen 55, 6422 Molde Se hele annonsen Annonseinformasjon FINN-kode 475957223 Sist endret 18. sep. 2026 13:08 Referanse NO15.26189 Rapporter annonse Annonsene kan være mangelfulle i forhold til lovpålagt opplysningsplikt. Før bindende avtale inngås oppfordres interessenter til å innhente komplett informasjon fra meglerforetaket, selger eller utleier.",2026-09-20T15:35:38+00:00,house
475819057,https://www.finn.no/realestate/homes/ad.html?finnkode=475819057,"Kjedet enebolig m/​solrike uteplasser - Carport m/​elbillader - Kort vei til tur, bhg og skoler - Barnevennlig og sentralt","Bokfinkveien 22, 1529 Moss",1529,Moss,3 800 000 kr,4 316 449 kr,8 733 kr,507 716 kr,842 430 kr,Enebolig,Andel,,102 m² (BRA-i),108 m²,,3,,1981,2,23 293 m²,23293,23.3,Rom,3103,197,296,7,"Velkommen til Bokfinkveien 22! * Enebolig i kjede med fin planløsning over to plan * Vedlikehold og oppgraderinger utført av fagfolk * Lys og god standard, peis og varmepumpe * Høytliggende veranda på 45 kvm og uteplass på fremside * Carport med isolert bod og ladeboks for elbil * Utvendig vedlikehold i regi av borettslaget! * Barnevennlig, rolig og skjermet beliggenhet * Kort vei til skoler, bhg, treningssentre og kjøpesentre Eiendommen ligger sentralt, men samtidig tilbaketrukket på Øreåsen, i et veletablert boligområde ypperlig for både etablerere, barnefamilien, voksne og seniorer. Her får du en ettertraktet kombinasjon av lett tilgjengelige bymessige fasiliteter og servicetilbud, og flotte, varierte turområder, badeplasser og parker. Velkommen til en hyggelig visning! Minus Vis mindre NB: Knappen for å vise hele beskrivelsen har kun en visuell effekt. Pluss tegn Vis hele beskrivelsen NB: Knappen for å vise hele beskrivelsen har kun en visuell effekt. Salgsoppgaven beskriver vesentlig og lovpålagt informasjon om eiendommen Se komplett salgsoppgave Nyttige lenker Gi bud Bestill salgsoppgave Visning Alle våre visninger har påmelding. Meld deg på i god tid før visning ved å trykke på lenken visningspåmelding. Passer ikke tidspunktet, kontakt megler for å avtale til tid til privatvisning. NB! Dersom det ikke er noen påmeldte, vil ikke megler være til stede og visning utgår. Husk å lese komplett salgsoppgave før visning. Bestill komplett, utskriftsvennlig salgsoppgave. Visningspåmelding Gi bud Nyttige lenker Gi bud Bestill salgsoppgave Nærområdet Kart Bokfinkveien 22, 1529 Moss Annonseinformasjon FINN-kode 475819057 Sist endret 09. sep. 2026 19:35 Referanse 41-0196/26 Rapporter annonse Annonsene kan være mangelfulle i forhold til lovpålagt opplysningsplikt. Før bindende avtale inngås oppfordres interessenter til å innhente komplett informasjon fra meglerforetaket, selger eller utleier.",2026-09-20T15:35:40+00:00,house
475994025,https://www.finn.no/realestate/homes/ad.html?finnkode=475994025,UNIK eiendom på 18 mål | Strandlinje | Enebolig (189m²) med dbl. garasje (43 m²) + Våningshus (98 m²) | Hage og utsikt,"Søvikneset 114, 5251 Søreidgrend",5251,Søreidgrend,13 650 000 kr,13 992 600 kr,342 600 kr,,2 147 102 kr,Enebolig,Selveier,,189 m² (BRA-i),189 m²,,3,,1972,,17 927 m² (eiet),17927,17.9,F - Gul,4601,38,9,17,"En sjelden eiendom i Bergen Det som kanskje gjør Søvikneset 114 aller mest spesiell, er kombinasjonen. Her får man en stor, privat og solrik eiendom med landlig karakter, sjølinje, utsikt og omfattende bygningsmasse - samtidig som man befinner seg i kort avstand fra sentrale deler av Bergen. Eiendommen består av enebolig fra 1972, våningshus fra 1919, rester av gamle driftsbygninger samt ca. 18 mål tomt med 54 meter strandlinje med plass til båter. Eiendommen passer godt for den som ønsker plass rundt seg og verdsetter privatliv, sjø, natur og muligheten for et aktivt familieliv. Her er arealer for barn, hage, dyr og fritidsaktiviteter, samtidig som sjøen åpner for bading, kajakk og båtliv. Det antas å være svært få eiendommer av denne størrelsen og karakteren igjen med en tilsvarende sentral plassering i Bergen. Nærheten til Sandsli, Kokstad og Flesland gjør beliggenheten særlig attraktiv for personer som arbeider i disse områdene, samtidig som Bergen sentrum er lett tilgjengelig. Minus Vis mindre NB: Knappen for å vise hele beskrivelsen har kun en visuell effekt. Pluss tegn Vis hele beskrivelsen NB: Knappen for å vise hele beskrivelsen har kun en visuell effekt. Salgsoppgaven beskriver vesentlig og lovpålagt informasjon om eiendommen Se komplett salgsoppgave Nyttige lenker Gi bud Bestill salgsoppgave Nyttige lenker Gi bud Bestill salgsoppgave Nærområdet Kart Søvikneset 114, 5251 Søreidgrend Se hele annonsen Annonseinformasjon FINN-kode 475994025 Sist endret 18. sep. 2026 14:30 Referanse 2260147 Rapporter annonse Annonsene kan være mangelfulle i forhold til lovpålagt opplysningsplikt. Før bindende avtale inngås oppfordres interessenter til å innhente komplett informasjon fra meglerforetaket, selger eller utleier.",2026-09-20T15:35:41+00:00,house
475987647,https://www.finn.no/realestate/homes/ad.html?finnkode=475987647,Enebolig med stor tomt på 7186 kvm. Uthus fra -25. 4 sov.,"Mellomriksveien 4302, 7530 Meråker",7530,Meråker,990 000 kr,1 015 840 kr,25 840 kr,,325 217 kr,Enebolig,Selveier,,130 m² (BRA-i),158 m²,,4,,1932,,7 186 m² (eiet),7186,7.2,F - Rød,5034,7,7,5,"PrivatMegleren v/ Marius Kristoffersen har gleden av å presentere Mellomriksveien 4302. - Innholdsrik enebolig over to etasjer og kjeller - Godt utnyttet og flott tomt på 7 186,4 kvm - 4 soverom fordelt på 1. og 2. etasje - Oppvarming med vedovn, elektrisk og varmepumpe - Varmepumpe installert i 2024 - Nyere uthus oppført i 2025 - Eiendom med gode bruksmuligheter og potensial Minus Vis mindre NB: Knappen for å vise hele beskrivelsen har kun en visuell effekt. Pluss tegn Vis hele beskrivelsen NB: Knappen for å vise hele beskrivelsen har kun en visuell effekt. Salgsoppgaven beskriver vesentlig og lovpålagt informasjon om eiendommen Se komplett salgsoppgave Nyttige lenker Gi bud Bestill salgsoppgave Eiendommens hjemmeside Visning Ta kontakt for å avtale visning. Husk å lese komplett salgsoppgave før visning. Bestill komplett, utskriftsvennlig salgsoppgave. Visningspåmelding Gi bud Nyttige lenker Gi bud Bestill salgsoppgave Eiendommens hjemmeside Nærområdet Kart Mellomriksveien 4302, 7530 Meråker Annonseinformasjon FINN-kode 475987647 Sist endret 17. sep. 2026 06:09 Referanse 311260163 Rapporter annonse Annonsene kan være mangelfulle i forhold til lovpålagt opplysningsplikt. Før bindende avtale inngås oppfordres interessenter til å innhente komplett informasjon fra meglerforetaket, selger eller utleier.",2026-09-20T15:35:42+00:00,house
475981266,https://www.finn.no/realestate/homes/ad.html?finnkode=475981266,"Avaldsnes - Innholdsrik familiebolig på stor tomt - 4 soverom, loftstue og egen nausttomt","Fjedlavegen 23, 4262 Avaldsnes",4262,Avaldsnes,2 990 000 kr,3 067 040 kr,77 040 kr,,445 245 kr,Enebolig,Selveier,,128 m² (BRA-i),194 m²,,4,,,,15 914 m² (eiet),15914,15.9,,1149,82,54,7,"Velkommen til Fjedlavegen 23 - en romslig og innholdsrik familiebolig på Avaldsnes, beliggende på en stor og solrik tomt med god plass rundt huset. Boligen er et solid murhus som er oppgradert og modernisert gjennom senere år. Her får du fire soverom, stue med plass til både sofagruppe og spisebord, loftstue, kjøkken, bad og separat toalett. Loftstuen gir et ekstra og fleksibelt oppholdsrom, perfekt som TV-stue, ungdomsavdeling eller hjemmekontor. I kjelleren er det et stort, uinnredet areal med god takhøyde og gode bruksmuligheter. Ute byr eiendommen på romslige plenarealer, gode solforhold og rikelig med parkering. Tomten gir også mulighet for oppføring av en romslig garasje, forutsatt nødvendige godkjenninger. Eiendommen består av tre teiger hvorav 12 700 kvm er del av utmark. Som en ekstra kvalitet følger det med egen nausttomt i gangavstand - perfekt for deg som setter pris på sjø- og båtliv. Minus Vis mindre NB: Knappen for å vise hele beskrivelsen har kun en visuell effekt. Pluss tegn Vis hele beskrivelsen NB: Knappen for å vise hele beskrivelsen har kun en visuell effekt. Salgsoppgaven beskriver vesentlig og lovpålagt informasjon om eiendommen Se komplett salgsoppgave Nyttige lenker Gi bud Bestill salgsoppgave Eiendommens hjemmeside Nyttige lenker Gi bud Bestill salgsoppgave Eiendommens hjemmeside Nærområdet Kart Fjedlavegen 23, 4262 Avaldsnes Annonseinformasjon FINN-kode 475981266 Sist endret 18. sep. 2026 11:01 Referanse 63260118 Rapporter annonse Annonsene kan være mangelfulle i forhold til lovpålagt opplysningsplikt. Før bindende avtale inngås oppfordres interessenter til å innhente komplett informasjon fra meglerforetaket, selger eller utleier.",2026-09-20T15:35:43+00:00,house
475356878,https://www.finn.no/realestate/homes/ad.html?finnkode=475356878,"Spennende enebolig m/​hybel i naturskjønne omgivelser. Hytte og hundegård. Frodig tomt, ca 6 mål. Solcelleanlegg på taket","Sandbakkveien 75, 1940 Bjørkelangen",1940,Bjørkelangen,4 300 000 kr,4 408 890 kr,108 890 kr,,1 109 408 kr,Enebolig,Selveier,,236 m² (BRA-i),313 m²,,2,,1977,,6 137 m² (eiet),6137,6.1,,3226,65,39,5,"Velkommen til Sandbakkveien 75,  en spennende og innholdsrik eiendom i naturskjønne omgivelser. På en frodig tomt på ca 6 mål er det en stor enebolig, en liten hytte, en hundegård og en sjarmerende dam med hvitmalt bro. På en sydvendt, skiferlagt terrasse på 37 kvm kan upåklagelige solforhold nytes til det fulle, og bilene parkeres i en dobbelgarasje. Eneboligen fremstår med noe behov for oppussing, men her er potensialet stort, og alt ligger til rette for å skape drømmehjemmet. I underetasjen er det en liten hybel, og i hoveddelen er det store, luftige rom. I stuen er det varmepumpe og to ildsteder, og et klassisk kjøkken har spiseplass og adkomst til vaskerom. Videre er det to gode soverom, bad, wc-rom og hobbyrom. Det er meget god lagringsplass, og boligen har solcellepanel på taket. Minus Vis mindre NB: Knappen for å vise hele beskrivelsen har kun en visuell effekt. Pluss tegn Vis hele beskrivelsen NB: Knappen for å vise hele beskrivelsen har kun en visuell effekt. Salgsoppgaven beskriver vesentlig og lovpålagt informasjon om eiendommen Se komplett salgsoppgave Visning søndag, 20. september 15:00 – 16:00 Legg til i kalender Husk å lese komplett salgsoppgave før visning. Bestill komplett, utskriftsvennlig salgsoppgave. Visningspåmelding Gi bud Nærområdet Kart Sandbakkveien 75, 1940 Bjørkelangen Annonseinformasjon FINN-kode 475356878 Sist endret 18. sep. 2026 14:45 Referanse 1107260090 Rapporter annonse Annonsene kan være mangelfulle i forhold til lovpålagt opplysningsplikt. Før bindende avtale inngås oppfordres interessenter til å innhente komplett informasjon fra meglerforetaket, selger eller utleier.",2026-09-20T15:35:45+00:00,house
475920152,https://www.finn.no/realestate/homes/ad.html?finnkode=475920152,BUD MOTTATT! Tidligere småbruk med stor tomt & fin utsikt - Eldre fjøs og uthus - 3 soverom - Barnevennlig beliggenhet.,"Sandnesveien 49, 8450 Stokmarknes",8450,Stokmarknes,2 450 000 kr,2 512 340 kr,62 340 kr,,353 392 kr,Enebolig,Selveier,,103 m² (BRA-i),231 m²,,3,,1958,,6 248 m² (eiet),6248,6.2,E - Oransje,1866,76,51,5,"Velkommen til Sandnesveien 49 - en koselig enebolig med flott beliggenhet på Sandnes og fin utsikt over sjø og fjell. Eiendommen ligger i et etablert og familievennlig boligområde med kort avstand til skole, barnehage og flotte tur- og fritidsområder. Her bor du i rolige og romslige omgivelser, for både små og store. Boligen er oppført i 1958 og har blant annet stue, kjøkken, tre soverom og to bad, noe som gir gode boforhold for familien. Eiendommen ligger på en stor tomt på hele 6 275 m². Tomten er pent opparbeidet med plen, flaggstang og er omkranset av gjerde, som gir eiendommen en hyggelig og innbydende ramme. Den romslige tomten byr på god plass og mange muligheter for den som setter pris på uteareal. På eiendommen finnes det også fjøs og uthus, som gir godt med ekstra plass til oppbevaring, hobbyaktiviteter eller andre formål. Sammen med den store tomten og omgivelsene gir dette eiendommen en særegen karakter og et spennende potensial. Velkommen på visning! Minus Vis mindre NB: Knappen for å vise hele beskrivelsen har kun en visuell effekt. Pluss tegn Vis hele beskrivelsen NB: Knappen for å vise hele beskrivelsen har kun en visuell effekt. Salgsoppgaven beskriver vesentlig og lovpålagt informasjon om eiendommen Se komplett salgsoppgave Nyttige lenker Gi bud Bestill salgsoppgave Eiendommens hjemmeside Hjemmeside Visning tirsdag, 22. september 16:45 – 17:15 Legg til i kalender Husk å lese komplett salgsoppgave før visning. Bestill komplett, utskriftsvennlig salgsoppgave. Visningspåmelding Gi bud Nyttige lenker Gi bud Bestill salgsoppgave Eiendommens hjemmeside Hjemmeside Nærområdet Kart Sandnesveien 49, 8450 Stokmarknes Annonseinformasjon FINN-kode 475920152 Sist endret 14. sep. 2026 11:43 Referanse 75260139 Rapporter annonse Annonsene kan være mangelfulle i forhold til lovpålagt opplysningsplikt. Før bindende avtale inngås oppfordres interessenter til å innhente komplett informasjon fra meglerforetaket, selger eller utleier.",2026-09-20T15:35:47+00:00,house
467299134,https://www.finn.no/realestate/homes/ad.html?finnkode=467299134,"Sjarmerende enebolig med tomt på over 7 mål! | Usjenert og nærhet til Husnes sentrum | Stabbur, eldstove og uthus","Onarheimsvegen 142, 5460 Husnes",5460,Husnes,4 650 000 kr,4 767 340 kr,117 340 kr,,538 900 kr,Enebolig,Selveier,,125 m² (BRA-i),163 m²,,2,,1929,,7 369 m² (eiet),7369,7.4,,4617,143,141,5,"Velkommen til Onarheimsvegen 142. Dette er en sjarmerende enebolig på en stor, opparbeidet eiertomt. Eiendommen ligger tilbaketrukket til med store plenarealer, beplantning og et gruset tun. Boligen er jevnlig vedlikeholdt og har flere stuer med en fleksibel planløsning. Eiendommen har også et stabbur, uthus og en eldstove. Kort fortalt: Stor eiertomt på over 7 mål med plen og beplantning. Egen holme (Kattaholmen) i Bogsnesvågen Flere uteplasser og gruset tun. Eldstove, stabbur og uthus. Flislagt bad med gulvvarme. Vedovn og luft-til-luft varmepumpe. Kort vei til butikker og servicetilbud i Husnes sentrum. Velkommen til visning. Minus Vis mindre NB: Knappen for å vise hele beskrivelsen har kun en visuell effekt. Pluss tegn Vis hele beskrivelsen NB: Knappen for å vise hele beskrivelsen har kun en visuell effekt. Salgsoppgaven beskriver vesentlig og lovpålagt informasjon om eiendommen Se komplett salgsoppgave Nyttige lenker Bestill salgsoppgave Visning Ta kontakt for å avtale visning. Husk å lese komplett salgsoppgave før visning. Bestill komplett, utskriftsvennlig salgsoppgave. Visningspåmelding Gi bud Nyttige lenker Bestill salgsoppgave Nærområdet Kart Onarheimsvegen 142, 5460 Husnes Annonseinformasjon FINN-kode 467299134 Sist endret 09. sep. 2026 09:28 Referanse 2708260097 Rapporter annonse Annonsene kan være mangelfulle i forhold til lovpålagt opplysningsplikt. Før bindende avtale inngås oppfordres interessenter til å innhente komplett informasjon fra meglerforetaket, selger eller utleier.",2026-09-20T15:35:48+00:00,house
475831520,https://www.finn.no/realestate/homes/ad.html?finnkode=475831520,"Enebolig i Smedvik med sjøutsikt | 3 soverom, vedovn og to terrasser | Garasje og stor tomt | Moderniseringsbehov","Haverringen 1443, 8360 Bøstad",8360,Bøstad,2 500 000 kr,2 563 590 kr,63 590 kr,,540 088 kr,Enebolig,Selveier,,83 m² (BRA-i),140 m²,,3,,1962,3,290 623 m² (eiet),290623,290.6,E - Oransje,1860,113,9,5,"Velkommen til Haverringen 1443 - Presentert av EiendomsMegler 1 Lofoten: Eiendommen ligger flott og usjenert til med Smedvikbukta som nærmeste nabo og fjell i bakkant. Fra stue og kjøkken kan du nyte utsikten mot bukta og fjellene på andre siden av fjorden. Boligen har en funksjonell planløsning over 3 plan med stue, kjøkken og bad i hovedetasjen, mens loftsetasjen rommer tre soverom i en egen soveavdeling. Oppvarmingen skjer via vedovn i stuen og varmepumpe som ble installert i 2022. Boligen har også to terrasser med utgang fra stuen og loftsetasjen, samt en frittstående garasje med gode lagringsmuligheter til diverse. Eiendommen har behov for oppgradering og modernisering, men gir samtidig en flott mulighet til å skape et hjem etter egne ønsker og behov. Her bor du i rolige og naturskjønne omgivelser, med turmuligheter rett utenfor døren. Last ned salgsoppgaven for utfyllende informasjon om eiendommen. Velkommen til hyggelig visning! Minus Vis mindre NB: Knappen for å vise hele beskrivelsen har kun en visuell effekt. Pluss tegn Vis hele beskrivelsen NB: Knappen for å vise hele beskrivelsen har kun en visuell effekt. Salgsoppgaven beskriver vesentlig og lovpålagt informasjon om eiendommen Se komplett salgsoppgave Nyttige lenker Eiendommens hjemmeside Bestill salgsoppgave Visning onsdag, 23. september 16:30 – 17:30 Legg til i kalender Alle våre visninger har påmelding. Dette for at vi kan planlegge visningene best mulig, og ha god tid til de som kommer. Det er enkelt å melde seg på, og du kan like enkelt melde deg av. Visninger uten påmeldte deltakere kan bli avlyst. Husk å lese komplett salgsoppgave før visning. Bestill komplett, utskriftsvennlig salgsoppgave. Visningspåmelding Gi bud Nyttige lenker Eiendommens hjemmeside Bestill salgsoppgave Nærområdet Kart Haverringen 1443, 8360 Bøstad Annonseinformasjon FINN-kode 475831520 Sist endret 08. sep. 2026 20:34 Referanse 17260106 Rapporter annonse Annonsene kan være mangelfulle i forhold til lovpålagt opplysningsplikt. Før bindende avtale inngås oppfordres interessenter til å innhente komplett informasjon fra meglerforetaket, selger eller utleier.",2026-09-20T15:35:49+00:00,house
472129925,https://www.finn.no/realestate/homes/ad.html?finnkode=472129925,Velholdt enebolig på familievennlige Jøriberget | 4 soverom | Garasje | Solrike uteplasser!,"Jøriberget 7, 6520 Frei",6520,Frei,3 190 000 kr,3 493 870 kr,18 396 kr,285 474 kr,996 129 kr,Enebolig,Andel,,133 m² (BRA-i),154 m²,,4,,2004,,5 843 m² (eiet),5843,5.8,Rom,1505,139,53,7,"Din lokale eiendomsmegler Notar v/Anders Havneraas ønsker velkommen til Jøriberget 7! Velholdt  enebolig med balkong og terrasse med svært familievennlig beliggenhet på Jøriberget. Her bor du nær Rensvik skole, barnehager, dagligvare og offentlig transport, med turmuligheter nærhet til skog og mark. Boligen er oppført i 2004, fordelt over to etasjer har den et totalt BRA-i på 133 kvm. Planløsningen består av entré, gang, stue/kjøkken, bad, vaskerom, stue (opprinnelig soverom) og 3 soverom. Kjøkkenet har ny innredning fra Nettoline, satt inn i 2020. Uteplassene omfatter veranda ca. 11 kvm og terrasse ca. 19 kvm. Det er parkering i egen garasje, samt oppstilling foran boligen. Vi ønsker velkommen til visning! Minus Vis mindre NB: Knappen for å vise hele beskrivelsen har kun en visuell effekt. Pluss tegn Vis hele beskrivelsen NB: Knappen for å vise hele beskrivelsen har kun en visuell effekt. Salgsoppgaven beskriver vesentlig og lovpålagt informasjon om eiendommen Se komplett salgsoppgave Nyttige lenker Bestill komplett, utskriftsvennlig salgsoppgave Se komplett salgsoppgave Visning tirsdag, 22. september 16:30 – 17:00 Legg til i kalender Vi i Notar ønsker å avholde så gode visninger som mulig. Derfor har vi påmeldingsvisninger. Da vet vi hvor mange som kommer, og kan sette av nok tid til alle. Trykk på linken  visningspåmelding  for å avtale tidspunkt. Visninger uten påmeldte innen kl. 12:00 på oppsatt visningsdag, vil ikke bli avholdt. Hvis det ikke er oppsatt visningstidspunkt eller oppsatt tidspunktet ikke skulle passe, kontakt megler for avtale om privatvisning. Velkommen til visning. Visningspåmelding Gi bud Nyttige lenker Bestill komplett, utskriftsvennlig salgsoppgave Se komplett salgsoppgave Nærområdet Kart Jøriberget 7, 6520 Frei Annonseinformasjon FINN-kode 472129925 Sist endret 08. sep. 2026 15:29 Referanse NO4.26232 Rapporter annonse Annonsene kan være mangelfulle i forhold til lovpålagt opplysningsplikt. Før bindende avtale inngås oppfordres interessenter til å innhente komplett informasjon fra meglerforetaket, selger eller utleier.",2026-09-20T15:35:51+00:00,house
467284474,https://www.finn.no/realestate/homes/ad.html?finnkode=467284474,"Unik eiendom på Hellesøy med lang sjølinje, brygge og 84 mål tomt. Hyppig hurtigbåtforbindelse. Rådyrjakt.","Hellesøy 34, 4013 Stavanger",4013,Stavanger,8 900 000 kr,9 123 590 kr,223 590 kr,,331 743 kr,Enebolig,Selveier,,190 m² (BRA-i),216 m²,,2,,1824,,84 776 m² (eiet),84776,84.8,Rom,1103,10,1,5,"På idylliske Hellesøy, en del av Storhaug bydel, med god off. kommunikasjon til Stavanger sentrum, lang sjølinje, tomt på hele 84 dekar, brygge og i tillegg rett til å jakte rådyr (Eiendommen er del av Vald 36), finner man denne helt spesielle eiendommen som nå skal selges. Boligen ligger svært fint til på vestsiden av Hellesøy, i lun bukt, avskjermet og med gode solforhold. Hellesøy har en helt særegen beliggenhet. Her bor en i fredelige omgivelser med storbyen kun en kort båttur unna. Øya er omgitt av nydelig natur og maritime omgivelser. Det er umiddelbar nærhet til flotte turområder, sjø, strand og et fantastisk båtliv. Boligen fremstår i nøktern standard hvor moderniseringer og utbedringer etter eget ønske og behov kan påregnes. Minus Vis mindre NB: Knappen for å vise hele beskrivelsen har kun en visuell effekt. Pluss tegn Vis hele beskrivelsen NB: Knappen for å vise hele beskrivelsen har kun en visuell effekt. Salgsoppgaven beskriver vesentlig og lovpålagt informasjon om eiendommen Se komplett salgsoppgave Nyttige lenker Bestill salgsoppgave Visning Hurtigbåt fra Hurtigbåtterminalen går inn kl 1615 og i retur kl 1740. Se www.kolumbus.no for informasjon og billett. Det er også mulig å gå inn med egen båt. Ønsker du å delta på visningen ber vi deg melde deg på slik at vi vet at du kommer. Da kan vi bistå alle best mulig og gi deg tiden du trenger på visningen. Kontakt gjerne megler før visning hvis du har spørsmål. Visningen avholdes bare dersom det er påmeldte. Hvis det ikke er oppsatt visningstidspunkt eller tidspunkt ikke passer, kontakt megler. Husk å lese komplett salgsoppgave før visning. Bestill komplett, utskriftsvennlig salgsoppgave. Visningspåmelding Gi bud Nyttige lenker Bestill salgsoppgave Nærområdet Kart Hellesøy 34, 4013 Stavanger Annonseinformasjon FINN-kode 467284474 Sist endret 16. sep. 2026 09:23 Referanse 2205260218 Rapporter annonse Annonsene kan være mangelfulle i forhold til lovpålagt opplysningsplikt. Før bindende avtale inngås oppfordres interessenter til å innhente komplett informasjon fra meglerforetaket, selger eller utleier.",2026-09-20T15:35:54+00:00,house
461918407,https://www.finn.no/realestate/homes/ad.html?finnkode=461918407,"Sjelden Hvaler-eiendom på Asmaløy | 9,4 mål | 2 boliger | Brygge, naust og 3 båtplasser | Fjordutsikt","Brekkerød 49, 1684 Vesterøy",1684,Vesterøy,17 500 000 kr,17 938 590 kr,438 590 kr,,1 530 391 kr,Enebolig,Selveier,,283 m² (BRA-i),308 m²,,9,,1986,3,9 441 m² (eiet),9441,9.4,Rom,3110,40,10,7,"Velkommen til Brekkerød 49 - En sjelden Hvaler-eiendom på vakre Asmaløy med to boliger, brygge, naust, tre båtplasser og ca. 9,4 mål eiet tomt. Eiendommen ligger privat og solrikt til med vidstrakt utsikt over fjorden og øyene utenfor, og byr på en unik kombinasjon av sjøliv, fleksibilitet og langsiktig verdi. K V A L I T E T E R: Ca.9,4 mål eiet tomt på vakre Asmaløy To boliger på samme eiendom Brygge, naust og tre båtplasser Én båtplass med kapasitet for båt opptil ca. 50 fot Vidstrakt utsikt over fjorden og øyene utenfor Låve, stabbur og betydelig bygningsmasse Sjeldne bruksmuligheter for storfamilie og generasjonsbruk Kort vei til sjø, svaberg og båtliv Tilhørende festetomter med årlige festeinntekter og mulig fremtidig salgsverdi Eiendom med betydelig potensial og sjelden karakter Nærhet til skole, barnehage og fritidstidstilbud Fleksibel overtakelse Minus Vis mindre NB: Knappen for å vise hele beskrivelsen har kun en visuell effekt. Pluss tegn Vis hele beskrivelsen NB: Knappen for å vise hele beskrivelsen har kun en visuell effekt. Salgsoppgaven beskriver vesentlig og lovpålagt informasjon om eiendommen Se komplett salgsoppgave Nyttige lenker S/O.pdf Gi bud Bestill salgsoppgave Eiendommens hjemmeside Hjemmeside Visning Ta kontakt for å avtale visning. Husk å lese komplett salgsoppgave før visning. Bestill komplett, utskriftsvennlig salgsoppgave. Visningspåmelding Gi bud Nyttige lenker S/O.pdf Gi bud Bestill salgsoppgave Eiendommens hjemmeside Hjemmeside Nærområdet Kart Brekkerød 49, 1684 Vesterøy Annonseinformasjon FINN-kode 461918407 Sist endret 14. sep. 2026 06:01 Referanse 201260051 Rapporter annonse Annonsene kan være mangelfulle i forhold til lovpålagt opplysningsplikt. Før bindende avtale inngås oppfordres interessenter til å innhente komplett informasjon fra meglerforetaket, selger eller utleier.",2026-09-20T15:35:55+00:00,house
413038308,https://www.finn.no/realestate/homes/ad.html?finnkode=413038308,Innholdsrik eiendom hvor det er to boliger og en tidl. driftsbygning - Umiddelbar nærhet til natur og vakker utsikt,"Reinhaugveien 100 + 102, 8360 Bøstad",8360,Bøstad,2 750 000 kr,2 819 840 kr,69 840 kr,,625 279 kr,Enebolig,Selveier,,290 m² (BRA-i),538 m²,,5,,1980,2,145 302 m² (eiet),145302,145.3,F - Oransje,1860,122,7,5,"Velkommen til Reinhaugveien 100 og 102 - Presentert av EiendomsMegler 1 Lofoten: Boligen ligger på Reinhaugen ved Grundstad og her ifra har man en vakker utsikt ut i naturen og ut mot Litlvatn. Det er flotte turmuligheter like utenfor døren og i område. Her finnes det vann og hav for båtliv, fiske og kajakk. Kun 20 minutters kjøring fra Gimsøy, hvor nærmeste butikk ligger, finner du golfbane, restaurant og hesteridning. Dette er flotte turer som går i vakkert landskap, på hvite sandstrender. Eiendommen er er ganske stor og er beregnet til ca. 145 mål. Dette er en innholdsrik eiendom bestående av 2 eneboliger og et tidligere driftsbygning til geiter. Grundstad ligger ca. midt mellom Svolvær og Leknes, med omtrent 30 minutter kjøretur hver vei. Begge byene har godt utvalg av butikker, kultur- og tjenestetilbud, samt flyplass. Last ned salgsoppgaven for utfyllende informasjon om eiendommen. Velkommen til hyggelig visning! Minus Vis mindre NB: Knappen for å vise hele beskrivelsen har kun en visuell effekt. Pluss tegn Vis hele beskrivelsen NB: Knappen for å vise hele beskrivelsen har kun en visuell effekt. Salgsoppgaven beskriver vesentlig og lovpålagt informasjon om eiendommen Se komplett salgsoppgave Nyttige lenker Eiendommens hjemmeside Bestill salgsoppgave Visning Ta kontakt for å avtale visning. Husk å lese komplett salgsoppgave før visning. Bestill komplett, utskriftsvennlig salgsoppgave. Visningspåmelding Gi bud Nyttige lenker Eiendommens hjemmeside Bestill salgsoppgave Nærområdet Kart Reinhaugveien 100 + 102, 8360 Bøstad Annonseinformasjon FINN-kode 413038308 Sist endret 17. sep. 2026 16:06 Referanse 17250101 Rapporter annonse Annonsene kan være mangelfulle i forhold til lovpålagt opplysningsplikt. Før bindende avtale inngås oppfordres interessenter til å innhente komplett informasjon fra meglerforetaket, selger eller utleier.",2026-09-20T15:35:57+00:00,house
475873889,https://www.finn.no/realestate/homes/ad.html?finnkode=475873889,VEGA - Eldre enebolig med landlig beligghenhet - tre soverom - garasje/​uthus - naust,"Kjulsveien 42, 8986 Vega",8986,Vega,2 150 000 kr,2 204 840 kr,54 840 kr,0 kr,537 500 kr,Enebolig,Selveier,,126 m² (BRA-i),201 m²,,3,,1935,,76 259 m² (eiet),76259,76.3,E - Oransje,1815,7,4,3,"Nedlagt småbruk med landlig, tilbaketrukket beliggenhet ved sjøen. Tomten er stor, og består blant annet av en lang strandlinje. På eiendommen finnes også en garasje/uthus og et naust. Boligen går over to etasjer. I første etasje finner du ett soverom, stue, kjøkken og bad - og i andre etasje er det to soverom. Ute finnes opparbeidet plen, en del av ei stor tomt med mange muligheter. Eneboligen antas å være fra 30-tallet, men med tilbygg fra 70-tallet. Boligens standard fremstår som fra tilbyggsår, og har dermed behov for oppgradering for å tilfredsstille dagens standard. Samlet sett en idyllisk eiendom med mange muligheter - perfekt for deg som ønsker å bo litt skjermet, men allikevel ikke alt for langt unna kommunesenteret. Vesentlige opplysninger Tilstandsgrad 3 - store eller alvorlige avvik: Våtrom > etasje > bad/vaskerom > generell Våtrom > etasje > bad/vaskerom > vanntett sjikt, membran I tillegg finnes en rekke forhold under tilstandsgrad 2 - avvik som kan kreve tiltak. Dette gjelder både utvendig og innvendig, blant annet tak, vinduer, enkelte tekniske installasjoner, våtrom og tomteforhold. Henviser her til rapport for detaljer Punkter under helse, miljø og sikkerhet: Lave rekkverk, smal/bratt trapp, ildfast plate mangler under sotluke/feieluke og det er påvist brennbart materiale for nært sotluke/feieluke. September 2026: Eier opplyser om at noen vindskier på garasje/uthus må byttes, og at varmekabler på bad ikke fungerer optimalt (varmer kun deler av gulvet). Det finnes tegninger. Disse stemmer med dagens bruk av naust og garasje, men ikke når det gjelder bolighuset. Se tilstandsrapport for kommentar. Avkjørsel til eiendommen via privat vei. Eier opplyser at det ikke er noen avtale knyttet til vedlikehold. Vi anbefaler at dette blir utarbeidet. Per i dag hatt private avtaler om brøyting. Presiserer at byggeår er antatt. Boligen har vannmåler, og kommunale avgifter er dermed estimert med et antatt forbruk på ca. 70 m3. Kommunalt vann, privat avløp. Slamtømming hvert 2. år (forrige tømming: mai 2026) Alt av innbo i bolig på visningsdagen medfølger i salget. Gjelder innbo i enebolig, ikke det som står i garasjen. Ved salg vil det tinglyses en femårig personlig jaktrett til tidligere eier. Ny eier og rettighetshaver skal signere en skriftlig avtale knyttet til dette. Ta kontakt ved spørsmål. Minus Vis mindre NB: Knappen for å vise hele beskrivelsen har kun en visuell effekt. Pluss tegn Vis hele beskrivelsen NB: Knappen for å vise hele beskrivelsen har kun en visuell effekt. Salgsoppgaven beskriver vesentlig og lovpålagt informasjon om eiendommen Se komplett salgsoppgave Nyttige lenker Komplett salgsoppgave Visning mandag, 21. september 16:00 – 17:00 Legg til i kalender Gi bud Nyttige lenker Komplett salgsoppgave Nærområdet Kart Kjulsveien 42, 8986 Vega Annonseinformasjon FINN-kode 475873889 Sist endret 10. sep. 2026 08:11 Referanse 2234 - kjulsveien Rapporter annonse Annonsene kan være mangelfulle i forhold til lovpålagt opplysningsplikt. Før bindende avtale inngås oppfordres interessenter til å innhente komplett informasjon fra meglerforetaket, selger eller utleier.",2026-09-20T15:35:58+00:00,house
426131773,https://www.finn.no/realestate/homes/ad.html?finnkode=426131773,"Enebolig 373m² BRA - i. Eventyrlig utsikt! Nær sjø, skog, og fjell. Stor, solrik tomt. Usjenert. Dobbelgarasje m/​lader.","Bolkesjøvegen 455, 3680 Notodden",3680,Notodden,5 500 000 kr,5 638 500 kr,138 500 kr,,1 040 395 kr,Enebolig,Selveier,,373 m² (BRA-i),384 m²,,4,,1984,,10 765 m² (eiet),10765,10.8,,4005,134,83,5,"Velkommen til Bolkesjøvegen 455. Eiendommen har et tomtearel på 10765 m2 (*se nærmere beskrivelse u. ""tomt""), og ligger på et høydedrag over Bolkesjø i naturskjønne og usjenerte omgivelser. Planløsningen er god og innholdsrik over to plan. Flotte uteområder og umiddelbar nærhet til vakker natur året rundt. En liten kjøretur unna finner man barnehager, skoler og Notodden sentrum med servicetilbud. Ca. 20 min kjøring til Notodden stasjon med linje R55. Vakker og solrik beliggenhet på et høydedrag over Bolkesjø Flere skjermede uteplasser Godt med boltreplass på stor tomt (10765 m2*) 4 soverom (hovedsov. med tilgang til walk-in) Disponibelt rom benyttes som kontor/ateliér/treningsrom 2 bad 2 toalettrom 2 innvendige boder (den ene er ""vinkjeller"") og én utendørs (*ikke byggemeldt) Luft-til-luft varmepumpe i hall og stue i 1. etg 3 peiser og 1 vedovn Dobbeltgarasje med elbil-lader Minus Vis mindre NB: Knappen for å vise hele beskrivelsen har kun en visuell effekt. Pluss tegn Vis hele beskrivelsen NB: Knappen for å vise hele beskrivelsen har kun en visuell effekt. Salgsoppgaven beskriver vesentlig og lovpålagt informasjon om eiendommen Se komplett salgsoppgave Nyttige lenker Gi bud Bestill salgsoppgave Eiendommens hjemmeside Hjemmeside Visning Ta kontakt for å avtale visning. Husk å lese komplett salgsoppgave før visning. Bestill komplett, utskriftsvennlig salgsoppgave. Visningspåmelding Gi bud Nyttige lenker Gi bud Bestill salgsoppgave Eiendommens hjemmeside Hjemmeside Nærområdet Kart Bolkesjøvegen 455, 3680 Notodden Annonseinformasjon FINN-kode 426131773 Sist endret 13. sep. 2026 06:00 Referanse 201250324 Rapporter annonse Annonsene kan være mangelfulle i forhold til lovpålagt opplysningsplikt. Før bindende avtale inngås oppfordres interessenter til å innhente komplett informasjon fra meglerforetaket, selger eller utleier.",2026-09-20T15:36:00+00:00,house
475873934,https://www.finn.no/realestate/homes/ad.html?finnkode=475873934,"Bud mottatt! Landlig idyll på Kvitnes, enebolig med naust, anneks og fin utsikt!","Møysalveien 2762, 8413 Kvitnes",8413,Kvitnes,1 500 000 kr,1 552 240 kr,52 240 kr,,480 070 kr,Enebolig,Selveier,,121 m² (BRA-i),121 m²,,4,,1965,3,8 919 m² (eiet),8919,8.9,E - Oransje,1866,1,12,19,"Enebolig beliggende i landlige og naturskjønne omgivelser på Kvitnes i Hadsel. Her bor man med god avstand til naboer, store åpne arealer rundt seg og en sjelden følelse av ro. Eiendommen ligger solrikt til og har flott utsikt over nærområdene, med åkerlandskap, fjell og hav som naturlige rammer. Boligen inneholder blant annet entré, gang, kjøkken, stue, toalettrom, bad, fire soverom og flere boder. Huset er godt tatt vare på, men enkelte rom er noe utidsmessige. På tomten står det flere tilhørende bygninger: naust, anneks, tørkesjå og utebod. Annekset på ca. 8 kvm kan fungere som ekstra overnattingsplass ved behov. Nærområdet består av landlige boliger og vakker natur. Det er gangavstand til Kvitnes Gård, som nylig ble tildelt Michelin-stjerne, et unikt tilbud for den som ønsker en bedre middag i historiske omgivelser. Området byr også på flotte turmuligheter og er et populært sted å feriere. Dette er en eiendom som kombinerer landlig idyll, gode solforhold og utsikt! Minus Vis mindre NB: Knappen for å vise hele beskrivelsen har kun en visuell effekt. Pluss tegn Vis hele beskrivelsen NB: Knappen for å vise hele beskrivelsen har kun en visuell effekt. Salgsoppgaven beskriver vesentlig og lovpålagt informasjon om eiendommen Se komplett salgsoppgave Nyttige lenker Gi bud Bestill salgsoppgave Eiendommens hjemmeside Hjemmeside Nyttige lenker Gi bud Bestill salgsoppgave Eiendommens hjemmeside Hjemmeside Nærområdet Kart Møysalveien 2762, 8413 Kvitnes Se hele annonsen Annonseinformasjon FINN-kode 475873934 Sist endret 18. sep. 2026 09:56 Referanse 75260114 Rapporter annonse Annonsene kan være mangelfulle i forhold til lovpålagt opplysningsplikt. Før bindende avtale inngås oppfordres interessenter til å innhente komplett informasjon fra meglerforetaket, selger eller utleier.",2026-09-20T15:36:01+00:00,house
468057142,https://www.finn.no/realestate/homes/ad.html?finnkode=468057142,Innholdsrikt småbruk med landlig beliggenhet rett utenfor Løten sentrum. Over 15 daa tomt. Stor driftsbygning.,"Kjøstadvegen 50, 2340 Løten",2340,Løten,4 450 000 kr,4 562 640 kr,112 640 kr,,690 251 kr,Enebolig,Selveier,,204 m² (BRA-i),574 m²,,3,,1910,,15 437 m² (eiet),15437,15.4,G - Rød,3412,197,4,5,"Velkommen til Kjøstadvegen 50 - et koselig småbruk i landlige omgivelser, med kort gangavstand til Løten sentrum. Eiendommen passer for deg som ønsker god plass, rolige omgivelser og muligheten til å sette ditt eget preg på bolig og uteområde. Her får du bolig, driftsbygning og anneks på en romslig og usjenert tomt, omgitt av åker og eng med flott utsikt gjennom hele året. Boligen byr på store oppholdsrom og flere soverom, med gode muligheter for både familie- og fritidsliv. Den innholdsrike driftsbygningen har mange bruksområder, blant annet fire garasjer - hvorav tre er isolerte og én brukes som verksted - samt innredede rom i både 1. og 2. etasje. Det sjarmerende annekset kan benyttes til gjester, hobby eller som et eget fristed. Her får du fine solforhold, skjermet beliggenhet og god avstand til naboene, samtidig som skole, barnehager og servicetilbud i Løten sentrum er lett tilgjengelig. Velkommen til visning! Minus Vis mindre NB: Knappen for å vise hele beskrivelsen har kun en visuell effekt. Pluss tegn Vis hele beskrivelsen NB: Knappen for å vise hele beskrivelsen har kun en visuell effekt. Salgsoppgaven beskriver vesentlig og lovpålagt informasjon om eiendommen Se komplett salgsoppgave Nyttige lenker Gi bud Bestill salgsoppgave Eiendommens hjemmeside Visning mandag, 21. september 17:00 – 17:30 Legg til i kalender Husk å lese komplett salgsoppgave før visning. Bestill komplett, utskriftsvennlig salgsoppgave. Visningspåmelding Gi bud Nyttige lenker Gi bud Bestill salgsoppgave Eiendommens hjemmeside Nærområdet Kart Kjøstadvegen 50, 2340 Løten Annonseinformasjon FINN-kode 468057142 Sist endret 08. sep. 2026 08:34 Referanse 99260197 Rapporter annonse Annonsene kan være mangelfulle i forhold til lovpålagt opplysningsplikt. Før bindende avtale inngås oppfordres interessenter til å innhente komplett informasjon fra meglerforetaket, selger eller utleier.",2026-09-20T15:36:02+00:00,house
475506915,https://www.finn.no/realestate/homes/ad.html?finnkode=475506915,Enebolig med sjøutsikt og fjellpanorama | Stor stue med imponerende takhøyde og hems | Veranda og garasje | 13 mål,"Yttersida 360, 8450 Stokmarknes",8450,Stokmarknes,2 700 000 kr,2 768 590 kr,68 590 kr,,424 464 kr,Enebolig,Selveier,,114 m² (BRA-i),143 m²,,0,,1920,2,13 115 m² (eiet),13115,13.1,G - Rød,1866,68,19,5,"Velkommen til Yttersida 360! Her får du en innholdsrik og sjarmerende eiendom med en fantastisk utsikt over havet og fjellene. Dette er en bolig med en unik atmosfære, opprinnelig fra 1920, men er betydelig oppgradert. Stuen er et flott samlingspunkt med imponerende takhøyde og store vinduer som rammer inn den vakre naturen. Fra kjøkkenet er det direkte utgang til en overbygd veranda, et perfekt sted å nyte omgivelsene. Eiendommen ligger i rolige og naturskjønne omgivelser. Ideellt for å koble av fra hverdagen og for jakt- og fiskeinteresserte. Tomt på ca. 13 mål. Verdt å merke seg: Imponerende stue med stor takhøyde og flere soner Storslått utsikt mot hav og fjell Overbygd veranda på ca. 21 m² med utgang fra kjøkken Ny vedovn i stuen fra 2024 Tre yttervegger fikk ny kledning og vindtetting i 2023 De fleste vinduer og ytterdører er skiftet de siste årene Taktekking og beslag fra 2009 Velkommen! Minus Vis mindre NB: Knappen for å vise hele beskrivelsen har kun en visuell effekt. Pluss tegn Vis hele beskrivelsen NB: Knappen for å vise hele beskrivelsen har kun en visuell effekt. Salgsoppgaven beskriver vesentlig og lovpålagt informasjon om eiendommen Se komplett salgsoppgave Nyttige lenker Eiendommens hjemmeside Bestill salgsoppgave Visning Ta kontakt for å avtale visning. Husk å lese komplett salgsoppgave før visning. Bestill komplett, utskriftsvennlig salgsoppgave. Visningspåmelding Gi bud Nyttige lenker Eiendommens hjemmeside Bestill salgsoppgave Nærområdet Kart Yttersida 360, 8450 Stokmarknes Annonseinformasjon FINN-kode 475506915 Sist endret 17. sep. 2026 06:00 Referanse 19260050 Rapporter annonse Annonsene kan være mangelfulle i forhold til lovpålagt opplysningsplikt. Før bindende avtale inngås oppfordres interessenter til å innhente komplett informasjon fra meglerforetaket, selger eller utleier.",2026-09-20T15:36:04+00:00,house
475450960,https://www.finn.no/realestate/homes/ad.html?finnkode=475450960,Innholdsrik landbrukseiendom på ca. 844 dekar | To bolighus | Sagbruk og stor bygningsmasse | Støl og hjortejakt!,"Heradstveitvegen 244 &amp; 246, 5620 Tørvikbygd",5620,Tørvikbygd,4 500 000 kr,4 613 590 kr,113 590 kr,,,Enebolig,Selveier,,354 m² (BRA-i),410 m²,,4,,1980,,843 700 m² (eiet),843700,843.7,Rom,4622,1,2,5,"Nordvik Hardanger har gleden av å presentere Heradstveitvegen 244 & 246 - en innholdsrik landbrukseiendom på Heradstveit i Tørvikbygd. Eiendommen ligger landlig og sør-/sørøstvendt, ca. 14 km fra Norheimsund, og byr på et omfattende ressursgrunnlag med jord, skog og jakt. - ca 45 dekar dyrket mark - ca 624 dekar produktiv skog, hovedsakelig av høy og svært høy bonitet - Våningshus på 203 m² BRA og kårbolig på 207 m² BRA - Omfattende bygningsmasse med bl.a. sagbruk, løe, lagerbygg og garasje - Stølshus som er betydelig påkostet i nyere tid - To årlige fellingsløyver for hjort - Sagbruk som tidligere har vært drevet med virke fra egen skog - Konsesjonspliktig eiendom med lovpålagt boplikt! En innholdsrik landbrukseiendom med store arealer, variert bygningsmasse og flere bruksmuligheter! Minus Vis mindre NB: Knappen for å vise hele beskrivelsen har kun en visuell effekt. Pluss tegn Vis hele beskrivelsen NB: Knappen for å vise hele beskrivelsen har kun en visuell effekt. Salgsoppgaven beskriver vesentlig og lovpålagt informasjon om eiendommen Se komplett salgsoppgave Nyttige lenker Gi bud Bestill salgsoppgave Nyttige lenker Gi bud Bestill salgsoppgave Nærområdet Kart Heradstveitvegen 244 &amp; 246, 5620 Tørvikbygd Annonseinformasjon FINN-kode 475450960 Sist endret 18. sep. 2026 15:46 Referanse 37-0100/26 Rapporter annonse Annonsene kan være mangelfulle i forhold til lovpålagt opplysningsplikt. Før bindende avtale inngås oppfordres interessenter til å innhente komplett informasjon fra meglerforetaket, selger eller utleier.",2026-09-20T15:36:05+00:00,house
475855755,https://www.finn.no/realestate/homes/ad.html?finnkode=475855755,"Enebolig/​fritidsbolig med strandlinje til Randsfjorden - 7,5 mål tomt - Oppussingsbehov - MYE potensiale!","Jevnakervegen 733, 2870 Dokka",2870,Dokka,1 100 000 kr,1 128 890 kr,28 890 kr,,1 100 000 kr,Enebolig,Selveier,,107 m² (BRA-i),107 m²,,2,,1951,,7 592 m² (eiet),7592,7.6,G - Rød,3448,142,26,3,"Velkommen til ""Våten Søndre"" - en eiendom med strandlinje til Randsfjorden og mye potensiale. Boligen er registrert som en enebolig, men benyttet som fritidsbolig fra 2004. Det er ingen boplikt på eiendommen så den kan fortsatt benyttes til dette om ønskelig. Eiendommen ligger kun 10 minutter fra Dokka sentrum, rett ved ""Våten"" hvor du finner badeplass og båtbrygger. Eiendommen bærer preg av noe manglende vedlikehold, men det er mye potensiale i både tomt og hus. Adkomst Utfyllende informasjon om fellesgjeld og felleskostnader Annen info 1 Annen info 2 Annen info 3 Annen info 4 Annen info 5 Minus Vis mindre NB: Knappen for å vise hele beskrivelsen har kun en visuell effekt. Pluss tegn Vis hele beskrivelsen NB: Knappen for å vise hele beskrivelsen har kun en visuell effekt. Salgsoppgaven beskriver vesentlig og lovpålagt informasjon om eiendommen Se komplett salgsoppgave Visning Ta kontakt for å avtale visning. Nærområdet Kart Jevnakervegen 733, 2870 Dokka Annonseinformasjon FINN-kode 475855755 Sist endret 07. sep. 2026 22:24 Referanse Jevnakervegen 733 Rapporter annonse Annonsene kan være mangelfulle i forhold til lovpålagt opplysningsplikt. Før bindende avtale inngås oppfordres interessenter til å innhente komplett informasjon fra meglerforetaket, selger eller utleier.",2026-09-20T15:36:07+00:00,house
473995618,https://www.finn.no/realestate/homes/ad.html?finnkode=473995618,Bolig med 2 leiligheter  | Stor garasje med 4 plasser | Naust | Flere ubebygde tomter inkl. en fritidstomt,"Aursfjordveien 2536, 9321 Moen",9321,Moen,3 990 000 kr,4 090 840 kr,100 840 kr,,508 509 kr,Enebolig,Selveier,,265 m² (BRA-i),377 m²,,4,,,,28 909 m² (eiet),28909,28.9,,5524,122,20,7,"Velkommen til Aursfjordveien 2536! Her presenteres en innholdsrik bolig med en landlig og naturskjønn beliggenhet i Målselv. Eiendommen ligger fint til ved elvebredden, omgitt av skog og fjell. Boligen er romslig og har en eldre standard, der modernisering må påregnes for å møte dagens krav. Dette gir en god mulighet til å forme et hjem etter egne ønsker. Huset inneholder to leiligheter, strekker seg over fire plan og har en fleksibel planløsning. I tillegg medfølger det flere ubebygde tomter, derav en som er godkjent til fritidsformål. Verdt å merke seg: Innholdsrik enebolig med stort potensial. Landlig og naturskjønn beliggenhet ved elven. Svært stor garasje med plass til 3 biler og 1 campingvogn. Lekestue, naust, uthus og røykeri. Tak lagt om og ny trekledning i 2015. To kjøkken, ett i hver etasje. Kjeller og loft med god lagringsplass. Velkommen til visning! Minus Vis mindre NB: Knappen for å vise hele beskrivelsen har kun en visuell effekt. Pluss tegn Vis hele beskrivelsen NB: Knappen for å vise hele beskrivelsen har kun en visuell effekt. Salgsoppgaven beskriver vesentlig og lovpålagt informasjon om eiendommen Se komplett salgsoppgave Nyttige lenker Eiendommens hjemmeside Bestill salgsoppgave Visning mandag, 28. september 17:00 – 17:45 Legg til i kalender Alle våre visninger har påmelding. Dette for at vi kan planlegge visningene best mulig, og ha god tid til de som kommer. Det er enkelt å melde seg på, og du kan like enkelt melde deg av. Visninger uten påmeldte deltakere kan bli avlyst. Husk å lese komplett salgsoppgave før visning. Bestill komplett, utskriftsvennlig salgsoppgave. Visningspåmelding Gi bud Nyttige lenker Eiendommens hjemmeside Bestill salgsoppgave Nærområdet Kart Aursfjordveien 2536, 9321 Moen Annonseinformasjon FINN-kode 473995618 Sist endret 20. sep. 2026 11:34 Referanse 1260201 Rapporter annonse Annonsene kan være mangelfulle i forhold til lovpålagt opplysningsplikt. Før bindende avtale inngås oppfordres interessenter til å innhente komplett informasjon fra meglerforetaket, selger eller utleier.",2026-09-20T15:36:08+00:00,house
465269867,https://www.finn.no/realestate/homes/ad.html?finnkode=465269867,Småbruk med en koselig enebolig | 21 dekar | Låve på 220 kvm | Paviljong | Nærhet til buss | Jordbruksareal | Nær OSL,"Holtervegen 167, 2034 Holter",2034,Holter,4 990 000 kr,5 116 140 kr,126 140 kr,,,Enebolig,Selveier,,365 m² (BRA-i),606 m²,,3,,1939,2,21 069 m² (eiet),21069,21.1,Rom,3238,64,12,5,"Velkommen til Holtervegen 167   sjarmerende småbruk i naturskjønne omgivelser i nærheten av Eltonåsen, Oslo lufthavn Gardermoen og Jessheim. Eiendommen har almenningsrett! Eiendommen byr på en kombinasjon av landlig ro, gode utearealer og praktiske bruksmuligheter. Her får du et koselig småbruk med god plass rundt deg, perfekt for deg som ønsker mer rom i hverdagen   enten til hobby, dyrehold eller rekreasjon.  Boligen inneholder: Entré, gang, bad, kjøkken, spisestue, stue, 3 soverom i 1.etg. og bad, vaskerom og 3 boder i u. etg. Eiendommen har en særdeles attraktiv beliggenhet i landlige omgivelser, med vidstrakt utsyn over dyrket mark, grønne jorder og skogkledde åser. Området preges av ro, natur og et vakkert kulturlandskap som endres med årstider. Minus Vis mindre NB: Knappen for å vise hele beskrivelsen har kun en visuell effekt. Pluss tegn Vis hele beskrivelsen NB: Knappen for å vise hele beskrivelsen har kun en visuell effekt. Salgsoppgaven beskriver vesentlig og lovpålagt informasjon om eiendommen Se komplett salgsoppgave Visning søndag, 27. september 14:00 – 15:00 Legg til i kalender Husk å lese komplett salgsoppgave før visning. Bestill komplett, utskriftsvennlig salgsoppgave. Visningspåmelding Gi bud Nærområdet Kart Holtervegen 167, 2034 Holter Annonseinformasjon FINN-kode 465269867 Sist endret 18. sep. 2026 13:52 Referanse 1205260103 Rapporter annonse Annonsene kan være mangelfulle i forhold til lovpålagt opplysningsplikt. Før bindende avtale inngås oppfordres interessenter til å innhente komplett informasjon fra meglerforetaket, selger eller utleier.",2026-09-20T15:36:09+00:00,house
475296039,https://www.finn.no/realestate/homes/ad.html?finnkode=475296039,"Sjelden strandeiendom på egen odde. Ca. 150 m strandlinje, dypvannsbrygge. Vestvendt tomt på 5,1 mål med panoramautsikt!","Vestre vei 21, 1397 Nesøya",1397,Nesøya,110 000 000 kr,112 751 090 kr,2 751 090 kr,,,Enebolig,Selveier,,325 m² (BRA-i),390 m²,,5,,1939,,5 178 m² (eiet),5178,5.2,,3203,40,38,7,"Stor, solrik og skjermet strandeiendom på egen odde med ca. 150 meter strandlinje, dypvannsbrygge og basseng sprengt i fjell. Vestvendt og naturskjønn tomt på 5,1 mål med panoramautsikt. Solodden er en sjelden, familievennlig strandeiendom på ca. 5,1 mål, egen odde på Nesøyas attraktive vestside. Vestvendt og skjermet beliggende ca. 150 meter strandlinje, svært gode solforhold, høy grad av privatliv, dypvannsbrygge, egen strand og svaberg. Panoramautsikt mot Kuholmene, Hestesund og de omkringliggende øyene. Hovedhuset ligger høyt og fritt på tomten, omgitt av en stor og frodig hage med flere lune og solrike uteplasser. Solodden har vært i familiens eie gjennom generasjoner og har en lang historie. Eiendommen har også et basseng sprengt i fjell, men er i dag overbygget med treplatting Minus Vis mindre NB: Knappen for å vise hele beskrivelsen har kun en visuell effekt. Pluss tegn Vis hele beskrivelsen NB: Knappen for å vise hele beskrivelsen har kun en visuell effekt. Salgsoppgaven beskriver vesentlig og lovpålagt informasjon om eiendommen Se komplett salgsoppgave Nyttige lenker Se komplett salgsoppgave Visning Ta kontakt for å avtale privatvisning! Husk å lese komplett salgsoppgave før visning. Bestill komplett, utskriftsvennlig salgsoppgave. Visningspåmelding Gi bud Nyttige lenker Se komplett salgsoppgave Nærområdet Kart Vestre vei 21, 1397 Nesøya Annonseinformasjon FINN-kode 475296039 Sist endret 16. sep. 2026 17:58 Referanse 20-25-0224 Rapporter annonse Annonsene kan være mangelfulle i forhold til lovpålagt opplysningsplikt. Før bindende avtale inngås oppfordres interessenter til å innhente komplett informasjon fra meglerforetaket, selger eller utleier.",2026-09-20T15:36:10+00:00,house
475804613,https://www.finn.no/realestate/homes/ad.html?finnkode=475804613,"Sjønær eiendom på Bremneset | Strandlinje, stor tomt og fjøsbygning med utviklingsmuligheter","Vangsfjordveien 502, 7900 Rørvik",7900,Rørvik,3 890 000 kr,3 988 340 kr,98 340 kr,,463 508 kr,Enebolig,Selveier,,,198 m²,,4,,1983,,7 732 m² (eiet),7732,7.7,D - Gul,5060,228,4,5,"Velkommen til Vangsfjordveien 502 - en landlig og naturskjønn eiendom med sjønær beliggenhet på Bremneset i Nærøysund kommune. Eiendommen ligger skjermet til ved enden av en grusvei og byr på en romslig tomt på ca. 7,7 mål med strandlinje, svaberg og nærhet til flotte tur- og rekreasjonsområder. Boligen er oppført i 1983 og har et bruksareal på 198 kvm fordelt over to plan. Hovedetasjen inneholder blant annet stue, kjøkken, bad og tre soverom, mens underetasjen har hybeldel med eget kjøkken, bad, stue og soverom, i tillegg til flere boder og disponibelt areal. Eiendommen er jevnlig oppgradert med blant annet taktekking fra 2012, kjøkken fra 2018, bad fra 2020 og varmepumpe fra 2023. På eiendommen står også en eldre fjøsbygning/låve med samlet areal på ca. 240 kvm som gir gode lagringsmuligheter og et spennende utnyttelsespotensial. En eiendom for deg som ønsker god plass, vakker natur, sjø og friluftsliv rett utenfor døren. Minus Vis mindre NB: Knappen for å vise hele beskrivelsen har kun en visuell effekt. Pluss tegn Vis hele beskrivelsen NB: Knappen for å vise hele beskrivelsen har kun en visuell effekt. Salgsoppgaven beskriver vesentlig og lovpålagt informasjon om eiendommen Se komplett salgsoppgave Nyttige lenker Eiendommens hjemmeside Bestill salgsoppgave Visning tirsdag, 22. september 15:30 – 16:30 Legg til i kalender Våre visninger har påmelding. Dette gjør vi for å kunne yte bedre service for våre kunder. Verdifullt for boligkjøper og for oss. Vi anbefaler at salgsoppgaven lastes ned digitalt før visning, og ring oss gjerne på forhånd for spørsmål om boligen. Passer ikke angitt tidspunkt, ta kontakt så finner vi en løsning. Skulle det mot formodning ikke være påmeldte til angitt visningstidspunkt vil ikke visning bli gjennomført. Husk å lese komplett salgsoppgave før visning. Bestill komplett, utskriftsvennlig salgsoppgave. Visningspåmelding Gi bud Nyttige lenker Eiendommens hjemmeside Bestill salgsoppgave Nærområdet Kart Vangsfjordveien 502, 7900 Rørvik Annonseinformasjon FINN-kode 475804613 Sist endret 07. sep. 2026 12:52 Referanse 54260089 Rapporter annonse Annonsene kan være mangelfulle i forhold til lovpålagt opplysningsplikt. Før bindende avtale inngås oppfordres interessenter til å innhente komplett informasjon fra meglerforetaket, selger eller utleier.",2026-09-20T15:36:11+00:00,house
475577122,https://www.finn.no/realestate/homes/ad.html?finnkode=475577122,Sjarmerende enebolig i naturskjønne omgivelser | Stor eiendom med utviklingsmuligheter | Nydelig utsikt,"Langdragsveien 16, 8357 Valberg",8357,Valberg,2 900 000 kr,2 973 590 kr,73 590 kr,,325 114 kr,Enebolig,Selveier,,144 m² (BRA-i),144 m²,,4,,1951,2,14 224 m² (eiet),14224,14.2,G - Rød,1860,133,21,5,"Velkommen til Langdragsveien 16 - Presentert av Eiendomsmegler 1: Svært stor eiendom med masse boltreplass. Den ligger så fint til avskjermet fra andre, helt usjenert og med naturen som nærmeste nabo. Det er gitt tillatelse til å fradele 2 tomter fra eiendommen. Boligen har en autentisk atmosfære med furugulv, trepanel og malte fyllingsdører. Huset går over tre plan med en praktisk romfordeling: Første etasje har kjøkken, stue, bad, entré og ett soverom. Loftet har ytterligere tre soverom, mens kjelleren byr på rikelig med lagringsplass i fire boder. Kort fortalt: Innholdsrik enebolig med fire soverom Landlig beliggenhet med flott natur rett utenfor døren Vedovner i både kjøkken og stue for varme og hygge Flislagt bad i første etasje med varmekabler i gulvet Veranda og platting på terreng for fine dager utendørs Tidløst skifertak og solid tømmerkonstruksjon Gode lagringsmuligheter i kjeller og på loft Minus Vis mindre NB: Knappen for å vise hele beskrivelsen har kun en visuell effekt. Pluss tegn Vis hele beskrivelsen NB: Knappen for å vise hele beskrivelsen har kun en visuell effekt. Salgsoppgaven beskriver vesentlig og lovpålagt informasjon om eiendommen Se komplett salgsoppgave Nyttige lenker Eiendommens hjemmeside Bestill salgsoppgave Visning Ta kontakt for å avtale visning. Husk å lese komplett salgsoppgave før visning. Bestill komplett, utskriftsvennlig salgsoppgave. Visningspåmelding Gi bud Nyttige lenker Eiendommens hjemmeside Bestill salgsoppgave Nærområdet Kart Langdragsveien 16, 8357 Valberg Annonseinformasjon FINN-kode 475577122 Sist endret 18. sep. 2026 06:01 Referanse 17260100 Rapporter annonse Annonsene kan være mangelfulle i forhold til lovpålagt opplysningsplikt. Før bindende avtale inngås oppfordres interessenter til å innhente komplett informasjon fra meglerforetaket, selger eller utleier.",2026-09-20T15:36:13+00:00,house
475517405,https://www.finn.no/realestate/homes/ad.html?finnkode=475517405,"Stor eiendom på 20,3 mål med enebolig, smie, mølle, lagerbygg, uthus og garasje/​lagerbygg. 10,9 mål med produktiv skog!","Bysætervika 26, 2353 Stavsjø",2353,Stavsjø,3 000 000 kr,3 076 390 kr,76 390 kr,,392 154 kr,Enebolig,Selveier,,78 m² (BRA-i),1 236 m²,,2,,1945,1,20 245 m² (eiet),20245,20.2,,3411,593,22,5,"Velkommen til Stavsjø og Bysætervika 26! En stor eiendom på ca. 20,3 mål som består av et bebygd tun på ca. 9,4 mål og ca. 10,9 mål med produktiv skog. Eiendommen ""Arnkvern"" er bebygd med en enebolig fra 1945, en smie fra 1945, en mølle fra 1945, et lagerbygg fra 1945, et uthus fra 1945 og et garasje/lagerbygg fra ukjent årstall. Hyggelig enebolig på én flate med entré, kjøkken, stue med utgang til terrasse, 2 soverom og bad. Eiendommen har en solrik og fin beliggenhet i et landlig skog- og jordbruksområde ved Bysætervika. Her bor du i rolige og naturskjønne omgivelser med umiddelbar nærhet til flotte tur- og friluftsområder. Fra eiendommen er det drøye 6 km til Stavsjø med bla. Kiwi-butikk, barnehage, barneskole, ungdomsskole og idrettsanlegg. Det er ca. 10 km til Brumunddal sentrum. Minus Vis mindre NB: Knappen for å vise hele beskrivelsen har kun en visuell effekt. Pluss tegn Vis hele beskrivelsen NB: Knappen for å vise hele beskrivelsen har kun en visuell effekt. Salgsoppgaven beskriver vesentlig og lovpålagt informasjon om eiendommen Se komplett salgsoppgave Visning Ta kontakt for å avtale visning. Husk å lese komplett salgsoppgave før visning. Bestill komplett, utskriftsvennlig salgsoppgave. Visningspåmelding Gi bud Nærområdet Kart Bysætervika 26, 2353 Stavsjø Annonseinformasjon FINN-kode 475517405 Sist endret 08. sep. 2026 15:00 Referanse 1214260106 Rapporter annonse Annonsene kan være mangelfulle i forhold til lovpålagt opplysningsplikt. Før bindende avtale inngås oppfordres interessenter til å innhente komplett informasjon fra meglerforetaket, selger eller utleier.",2026-09-20T15:36:14+00:00,house
475740389,https://www.finn.no/realestate/homes/ad.html?finnkode=475740389,"BOGEN | Innholdsrik eiendom med enebolig, naust og uthus | Stor tomt | Sjøutsikt og gode solforhold","Kleivveien 4, 8533 Bogen i Ofoten",8533,Bogen i Ofoten,2 850 000 kr,2 922 340 kr,72 340 kr,,231 254 kr,Enebolig,Selveier,,145 m² (BRA-i),173 m²,,3,,1953,,5 913 m² (eiet),5913,5.9,D - Gul,1853,25,24,5,"EIE eiendomsmegling v/Sandra Jakobsen har gleden av å presentere Kleivveien 4, en innholdsrik eiendom med enebolig i Bogen, med tilhørende naust og stor tomt. Boligen er lys og trivelig med tiltalende innredninger og god standard. I landlige omgivelser med natur på alle kanter er dette stedet for deg som setter pris på natur, sjøliv og ro! Enebolig i Bogen med naust og uthus Fantastisk havutsikt og gode solforhold Nytt bad i 2023 3 store soverom Varmepumpe installert i 2022, i tillegg vedfyring Barnehage og dagligvare innenfor ca 2,3 km Nydelige turområder både til sjøs og til fots 1. etasje: Gang m/trapp, stue, kjøkken, toalettrom Loft: Gang m/trapp, tre soverom, bad Kjeller: Gang m/trapp, kjellerstue, to uinnredede kjellerrom Velkommen til en trivelig visning! Minus Vis mindre NB: Knappen for å vise hele beskrivelsen har kun en visuell effekt. Pluss tegn Vis hele beskrivelsen NB: Knappen for å vise hele beskrivelsen har kun en visuell effekt. Salgsoppgaven beskriver vesentlig og lovpålagt informasjon om eiendommen Se komplett salgsoppgave Nyttige lenker Gi bud Bestill salgsoppgave Eiendommens hjemmeside Visning Ta kontakt for å avtale visning. Husk å lese komplett salgsoppgave før visning. Bestill komplett, utskriftsvennlig salgsoppgave. Visningspåmelding Nyttige lenker Gi bud Bestill salgsoppgave Eiendommens hjemmeside Nærområdet Kart Kleivveien 4, 8533 Bogen i Ofoten Annonseinformasjon FINN-kode 475740389 Sist endret 17. sep. 2026 06:05 Referanse 8260288 Rapporter annonse Annonsene kan være mangelfulle i forhold til lovpålagt opplysningsplikt. Før bindende avtale inngås oppfordres interessenter til å innhente komplett informasjon fra meglerforetaket, selger eller utleier.",2026-09-20T15:36:15+00:00,house
475559882,https://www.finn.no/realestate/homes/ad.html?finnkode=475559882,GJERDRUM - Familievennlig bolig over tre plan -4 sov -Loftsstue- Solrike uteplasser- Carport,"Spenningen 15, 2022 Gjerdrum",2022,Gjerdrum,4 800 000 kr,4 880 400 kr,9 302 kr,71 098 kr,1 265 724 kr,Enebolig,Andel,,142 m² (BRA-i),148 m²,,4,,1996,3,15 155 m² (eiet),15155,15.2,Rom,3230,54,220,7,"Velkommen til Spenningen 15! En familievennlig og innholdsrik kjedet enebolig over tre plan, med carport og to terrasser. Oppussingsbehov Boligen ligger fint til i et etablert og rolig boligområde, innerst i en blindvei. Her bor du skjermet med umiddelbar tilgang til gangveier og stier. Hverdagen er enkel med kort vei til barneskole, barnehage, idrettsanlegg og bussforbindelser. Kort fortalt: Kjedet enebolig over tre plan Carport og plass til en bil foran huset To markterrasser med gode solforhold Peisovn i stuen for ekstra varme og hygge Tre soverom samlet i andre etasje Innredet loftsetasje med stue og enda et soverom Praktisk vaskerom med gulvvarme i første etasje Perfekt familiebolig! Velkommen til visning! Minus Vis mindre NB: Knappen for å vise hele beskrivelsen har kun en visuell effekt. Pluss tegn Vis hele beskrivelsen NB: Knappen for å vise hele beskrivelsen har kun en visuell effekt. Salgsoppgaven beskriver vesentlig og lovpålagt informasjon om eiendommen Se komplett salgsoppgave Nyttige lenker Gi Bud Eiendommens hjemmeside på Krogsveen.no Visning For å delta på visning, ber vi om at du melder deg på. Da sikrer vi at du får nødvendig informasjon og at det er satt av tilstrekkelig med tid. Kontakt megler dersom annet tidspunkt ønskes. Husk å lese salgsoppgaven før visningen, så du stiller forberedt. NB. Visning utgår dersom det ikke er noen påmeldte. Ønsker du kun å bli holdt orientert, kan du fra eiendommens hjemmeside få varsel om solgtpris, eller kontakte megler. Visningspåmelding Gi bud Nyttige lenker Gi Bud Eiendommens hjemmeside på Krogsveen.no Nærområdet Kart Spenningen 15, 2022 Gjerdrum Annonseinformasjon FINN-kode 475559882 Sist endret 13. sep. 2026 12:51 Referanse KR59.26119 Rapporter annonse Annonsene kan være mangelfulle i forhold til lovpålagt opplysningsplikt. Før bindende avtale inngås oppfordres interessenter til å innhente komplett informasjon fra meglerforetaket, selger eller utleier.",2026-09-20T15:36:16+00:00,house
475580836,https://www.finn.no/realestate/homes/ad.html?finnkode=475580836,"Idyllisk og sjarmerende småbruk med vakker eiendom - Stor og solrik tomt på 19,3 mål - Stor låve på 218 kvm og stabbur","Vilbergvegen 9, 2067 Jessheim",2067,Jessheim,19 800 000 kr,20 296 090 kr,496 090 kr,,1 469 196 kr,Enebolig,Selveier,,149 m² (BRA-i),149 m²,,3,,1993,2,19 376 m² (eiet),19376,19.4,C - Lysegrønn,3209,172,29,5,"Velkommen til Vilbergvegen 9 - et idyllisk og sjarmerende småbruk på Sand, rett utenfor Jessheim sentrum! Eiendommen byr på 19,3 mål tomt med flott gårdstun, store grøntarealer og dyrket mark - landlig og usjenert, samtidig som sentrum ligger kun få minutter unna. Småbruket er blant de eldste på Sand, med historie tilbake til rundt 1850. Stabburet og låven antas å stamme fra denne tiden. Hovedhuset fra 1993 kombinerer moderne bokvaliteter med klassisk stil og sjarmerende detaljer. Kvaliteter: - Innholdsrik enebolig over to plan - Stor tomt på 19,3 mål - Klassisk og sjarmerende heltrekjøkken med øy - Originale detaljer som synlige trebjelker, gruepeis og eldre vedkamin - Innbydende stue m/peis og varmepumpe - 3 soverom - Sydvestvendt terrasse på 28 kvm - Stor låve på 218 kvm - Klassisk stabbur i laftet tømmer - Dobbelgarasje med plass til to biler - Nærhet til skole og barnehage - Kort vei til Jessheim sentrum Ønsker du å oppfylle småbruksdrømmen? Da bør du se denne! Velkommen Minus Vis mindre NB: Knappen for å vise hele beskrivelsen har kun en visuell effekt. Pluss tegn Vis hele beskrivelsen NB: Knappen for å vise hele beskrivelsen har kun en visuell effekt. Salgsoppgaven beskriver vesentlig og lovpålagt informasjon om eiendommen Se komplett salgsoppgave Nyttige lenker Gi bud Bestill salgsoppgave Eiendommens hjemmeside Visning Ta kontakt for å avtale visning. Husk å lese komplett salgsoppgave før visning. Bestill komplett, utskriftsvennlig salgsoppgave. Visningspåmelding Gi bud Nyttige lenker Gi bud Bestill salgsoppgave Eiendommens hjemmeside Nærområdet Kart Vilbergvegen 9, 2067 Jessheim Annonseinformasjon FINN-kode 475580836 Sist endret 14. sep. 2026 06:44 Referanse 121260233 Rapporter annonse Annonsene kan være mangelfulle i forhold til lovpålagt opplysningsplikt. Før bindende avtale inngås oppfordres interessenter til å innhente komplett informasjon fra meglerforetaket, selger eller utleier.",2026-09-20T15:36:18+00:00,house
475518116,https://www.finn.no/realestate/homes/ad.html?finnkode=475518116,"Stor eiendom med hovedhus, våningshus, naust og en eldre løe | Fin beliggenhet med sjøen | Godkjent rammetillatelse","Flåtevegen 12, 6260 Skodje",6260,Skodje,3 400 000 kr,3 486 090 kr,86 090 kr,,,Enebolig,Selveier,,196 m² (BRA-i),329 m²,,3,,1910,3,34 380 m² (eiet),34380,34.4,Rom,1508,529,4,5,"Velkommen til Flåtevegen 12! Eiendom beliggende i landlige og barnevennlige omgivelser, med gangvei til både Valle skule og barnehage. Stor eiertomt på ca. 34,4 mål strekker seg ned mot fjorden og byr på flott utsikt. Med store utmarksarealer like bak boligen ligger forholdene godt til rette for friluftsliv året rundt, enten du ønsker å dra ut med båt, fiske i fjorden eller turer i marka. På eiendommen står det en enebolig fra ca. 1910, et eldre våningshus, et naust og en eldre løe. Hovedhuset har fått flere viktige oppgraderinger, med nytt tak og takrenner i 2024 og nyere utvendig kledning på tre vegger fra 2018. Boligen ble også tilknyttet kommunalt vann i 2024. Bygningene bærer ellers preg av eldre standard, og gir en ny eier en flott mulighet til å skape sitt eget hjem. Minus Vis mindre NB: Knappen for å vise hele beskrivelsen har kun en visuell effekt. Pluss tegn Vis hele beskrivelsen NB: Knappen for å vise hele beskrivelsen har kun en visuell effekt. Salgsoppgaven beskriver vesentlig og lovpålagt informasjon om eiendommen Se komplett salgsoppgave Nyttige lenker Meld interesse Se komplett salgsoppgave Gi bud Digital visning Visning torsdag, 01. oktober 18:00 – 19:00 Legg til i kalender Velkommen til visning! Meld deg på ved å trykke ""visningspåmelding"" i våre boligannonser. Visning med megler til stede vil ikke bli avholdt uten påmeldinger. Ta gjerne kontakt med megler i forkant av visningen om du har spørsmål. Visningspåmelding Gi bud Nyttige lenker Meld interesse Se komplett salgsoppgave Gi bud Digital visning Nærområdet Kart Flåtevegen 12, 6260 Skodje Annonseinformasjon FINN-kode 475518116 Sist endret 17. sep. 2026 09:14 Referanse 810260203 Rapporter annonse Annonsene kan være mangelfulle i forhold til lovpålagt opplysningsplikt. Før bindende avtale inngås oppfordres interessenter til å innhente komplett informasjon fra meglerforetaket, selger eller utleier.",2026-09-20T15:36:19+00:00,house
465018697,https://www.finn.no/realestate/homes/ad.html?finnkode=465018697,"Romslig enebolig med landlig beliggenhet, garasje og stor eiet tomt. Flott utsikt, vestvendte terrasser.","Gausdalsvegen 968, 2656 Follebu",2656,Follebu,3 600 000 kr,3 697 340 kr,97 340 kr,,695 421 kr,Enebolig,Selveier,,297 m² (BRA-i),453 m²,,4,,1950,3,5 423 m² (eiet),5423,5.4,Rom,3441,133,27,7,"Velkommen til Gausdalsvegen 968! En innholdsrik enebolig med stor tomt, flott utsikt og muligheter for utleie. Her bor du landlig og fritt med utsikt over det bølgende kulturlandskapet og nærhet til skog og mark. Eiendommen byr på mange muligheter med to etasjer som har tilnærmet lik planløsning, dette gir fleksibilitet for storfamilien eller utleie. Huset er oppgradert i nyere tid med blant annet ny drenering rundt deler av eiendommen og varmepumpe. For ekstra varme og hygge er det to vedovner og en åpen peis. Fra den romslige, vestvendte terrassen kan du nyte omgivelsene. Den store eiertomten på over 5,4 mål gir rikelig med plass for uteliv, og eiendommen har også en romslig garasje og et uthus med gode lagringsmuligheter. Velkommen til visning! Minus Vis mindre NB: Knappen for å vise hele beskrivelsen har kun en visuell effekt. Pluss tegn Vis hele beskrivelsen NB: Knappen for å vise hele beskrivelsen har kun en visuell effekt. Salgsoppgaven beskriver vesentlig og lovpålagt informasjon om eiendommen Se komplett salgsoppgave Nyttige lenker Bestill salgsoppgave Bladbar salgsoppgave Visning For visninger utover de annonserte, ta kontakt med megler på telefon 919 95 871. Husk å lese komplett salgsoppgave før visning. Bestill komplett, utskriftsvennlig salgsoppgave. Visningspåmelding Gi bud Nyttige lenker Bestill salgsoppgave Bladbar salgsoppgave Nærområdet Kart Gausdalsvegen 968, 2656 Follebu Annonseinformasjon FINN-kode 465018697 Sist endret 18. aug. 2026 10:28 Referanse 1310260081 Rapporter annonse Annonsene kan være mangelfulle i forhold til lovpålagt opplysningsplikt. Før bindende avtale inngås oppfordres interessenter til å innhente komplett informasjon fra meglerforetaket, selger eller utleier.",2026-09-20T15:36:21+00:00,house
475554655,https://www.finn.no/realestate/homes/ad.html?finnkode=475554655,"Familieidyll på Asmaløy. Velholdt enebolig med 75 kvm terrasse. God planløsning, skogutsikt og badestrender i nærheten.","Olasvingen 6, 1684 Vesterøy",1684,Vesterøy,3 790 000 kr,3 807 903 kr,1 090 kr,16 813 kr,1 151 781 kr,Enebolig,Andel,,110 m² (BRA-i),119 m²,,3,,1991,2,18 888 m² (eiet),18888,18.9,Rom,3110,40,102,5,"Asmaløy ligger i øykommunen Hvaler, 25 min unna Fredrikstad. I et blendende vakkert og variert skjærgårdslandskap møter man et av Hvalers største lokalsamfunn, med egen barne- og ungdomsskole, kulturhus, idrettshall, barnehage, fotballbane 100 meter fra boligen, post og matbutikk fire min unna. Her ligger Olasvingen 6 med tilgang til alt et sommerparadis har å by på av båtliv, badestrender innen gangavstand og herlige turer i unik kystnatur. Det fredelige borettslaget har flere like hus med ryddige hager. Bare 60 meter unna finnes en lekeplass. Huset fra 1991 er hvitmalt og pent. Av uteplasser finner du en inntrukket balkong og en stor, vestvendt terrasse med skogutsikt. Boligen fremstår velholdt og har en rolig, nyklassisk stil som skaper hygge og velvære. En nydelig familiebolig Minus Vis mindre NB: Knappen for å vise hele beskrivelsen har kun en visuell effekt. Pluss tegn Vis hele beskrivelsen NB: Knappen for å vise hele beskrivelsen har kun en visuell effekt. Salgsoppgaven beskriver vesentlig og lovpålagt informasjon om eiendommen Se komplett salgsoppgave Nyttige lenker Gi bud Bestill salgsoppgave Visning Ta kontakt for å avtale visning. Husk å lese komplett salgsoppgave før visning. Bestill komplett, utskriftsvennlig salgsoppgave. Visningspåmelding Gi bud Nyttige lenker Gi bud Bestill salgsoppgave Nærområdet Kart Olasvingen 6, 1684 Vesterøy Annonseinformasjon FINN-kode 475554655 Sist endret 05. sep. 2026 09:16 Referanse 30-0144/26 Rapporter annonse Annonsene kan være mangelfulle i forhold til lovpålagt opplysningsplikt. Før bindende avtale inngås oppfordres interessenter til å innhente komplett informasjon fra meglerforetaket, selger eller utleier.",2026-09-20T15:36:22+00:00,house
474683753,https://www.finn.no/realestate/homes/ad.html?finnkode=474683753,"Hyggelig enebolig i kjede, garasje, peisovn og romslig terrasse mot vest. Trygt og rolig boligtun i grense til skogen!","Kleivdalsåsen 6C, 1954 Setskog",1954,Setskog,2 890 000 kr,3 006 567 kr,73 640 kr,42 927 kr,892 213 kr,Enebolig,Selveier,,115 m² (BRA-i),142 m²,,1,,2007,,5 089 m² (eiet),5089,5.1,,3226,154,157,5,"Velkommen til Kleivdalsåsen 6 C, en kjedet og koselig enebolig over to etasjer. Her bor man sentralt på Setskog, i kort gangavstand til dagligvare, idrettsanlegg og oppvekstsenter. Huset ligger på et trygt og rolig boligtun, som grenser til flotte turmuligheter i skogen. Utenfor stuen nytes varme dager på en vestvendt terrasse med god plass til møblement. Ved inngangen har boligen et steinlagt gårdsrom, en gruset p-plass og en tilliggende garasje med hems. Stuen er romslig og innbydende med peisovn og gulvvarme, der en åpen kjøkkenløsning har smart barløsning, god skapplass og dels integrerte hvitevarer. På badet er det dusjhjørne, varmekabler og egen vaskeromsdel. Videre har boligen ett soverom i 2. etasje, et innredet rom og en bod. Ekstra lagringsplass  finnes i en bod ved entreen. Minus Vis mindre NB: Knappen for å vise hele beskrivelsen har kun en visuell effekt. Pluss tegn Vis hele beskrivelsen NB: Knappen for å vise hele beskrivelsen har kun en visuell effekt. Salgsoppgaven beskriver vesentlig og lovpålagt informasjon om eiendommen Se komplett salgsoppgave Visning Ta kontakt med megler Camilla Haugerudbråten på mob 93022875 eller camilla@aktiv.no for å avtale visning. Husk å lese komplett salgsoppgave før visning. Bestill komplett, utskriftsvennlig salgsoppgave. Visningspåmelding Gi bud Nærområdet Kart Kleivdalsåsen 6C, 1954 Setskog Annonseinformasjon FINN-kode 474683753 Sist endret 18. sep. 2026 14:44 Referanse 1107260124 Rapporter annonse Annonsene kan være mangelfulle i forhold til lovpålagt opplysningsplikt. Før bindende avtale inngås oppfordres interessenter til å innhente komplett informasjon fra meglerforetaket, selger eller utleier.",2026-09-20T15:36:23+00:00,house
475313132,https://www.finn.no/realestate/homes/ad.html?finnkode=475313132,"Trivelig småbruk på dryge 37 mål, med flere tilleggsbygninger og utsikt til Femunden. 3 sov og bad fra -24.","Sorken 7, 2443 Drevsjø",2443,Drevsjø,1 900 000 kr,1 948 890 kr,48 890 kr,,238 545 kr,Enebolig,Selveier,,177 m² (BRA-i),448 m²,,3,,1900,2,37 307 m² (eiet),37307,37.3,Rom,3425,165,181,5,"Velkommen til Sorken - ei perle ved Femundens' bredd, og dette trivelige småbruket i Sorken 7! Eiendommen består av et bolighus som har blitt tilbygd og oppgradert i flere omganger, med bl.a. nytt bad, flere overflateoppgraderinger, ny peisovn, ny varmepumpe og oppussing av vaskerom i de senere år. På eiendommen er det flere tilleggsbygninger med bl.a. garasje, uthus, sommerfjøs, stall med tilbygd carport, løe, verksted og bod. Båtnaust ved Sorksjøen følger eiendommen. Tomten består av 2 gnr./bnr. fordelt på henholdsvis ca. 27 008,7 kvm og 10 298,6 kvm. Eiendommen har en tilbaketrukket og nydelig beliggenhet med flotte sorforhold og utsikt til vakre Femunden! Med marka og sjøen omtrent rett utenfor døren er eiendommen et godt utgangspunkt for friluftsliv eller turer i fantastisk natur. Minus Vis mindre NB: Knappen for å vise hele beskrivelsen har kun en visuell effekt. Pluss tegn Vis hele beskrivelsen NB: Knappen for å vise hele beskrivelsen har kun en visuell effekt. Salgsoppgaven beskriver vesentlig og lovpålagt informasjon om eiendommen Se komplett salgsoppgave Visning Ved annonsert visning er det viktig at du melder deg på visningen ved å bruke visningspåmeldingsknappen eller kontakter megler. Annonserte visninger hvor det ikke er noen påmeldte innen kl. 16.00 dagen før visningsdagen vil ikke bli avholdt. For visninger utover dette, ta direkte kontakt med megler. Husk å lese komplett salgsoppgave før visning. Bestill komplett, utskriftsvennlig salgsoppgave. Visningspåmelding Gi bud Nærområdet Kart Sorken 7, 2443 Drevsjø Annonseinformasjon FINN-kode 475313132 Sist endret 18. sep. 2026 15:06 Referanse 1211260164 Rapporter annonse Annonsene kan være mangelfulle i forhold til lovpålagt opplysningsplikt. Før bindende avtale inngås oppfordres interessenter til å innhente komplett informasjon fra meglerforetaket, selger eller utleier.",2026-09-20T15:36:25+00:00,house
475368192,https://www.finn.no/realestate/homes/ad.html?finnkode=475368192,"Sjelden totalpakke midt i Kodal, småbruksfølelse & en mesterlig opparbeidet eiendom. Fleksible bruksmuligheter, må ses!","Kodalveien 342, 3243 Kodal",3243,Kodal,9 750 000 kr,9 994 840 kr,244 840 kr,,,Enebolig,Selveier,,362 m² (BRA-i),522 m²,,5,,1935,,6 304 m² (eiet),6304,6.3,Rom,3907,308,58,5,"Velkommen til en sjelden eiendom med en kombinasjon av plass, frihet og muligheter som de færreste kommer over. Her får du landlig ro, flotte omgivelser og en bygningsmasse som åpner for alt fra et aktivt familieliv til hobbyer, virksomhet og generasjonsbosetting. Eiendommen byr på kvaliteter som er vanskelige å finne samlet på ett sted; store og fleksible arealer, flere bygninger, gode uteområder og en beliggenhet som gir både privatliv og nærhet til det du trenger i hverdagen. Denne ha du garantert lagt merke til når du kjører forbi og disse dukker sjelden opp, hvert fall ikke med et så gjennomført helhetsinntrykk. Jo mer du utforsker eiendommen, jo flere kvaliteter oppdager du. Når de først er på markedet, må de oppleves. Velkommen til visning og husk påmelding! Minus Vis mindre NB: Knappen for å vise hele beskrivelsen har kun en visuell effekt. Pluss tegn Vis hele beskrivelsen NB: Knappen for å vise hele beskrivelsen har kun en visuell effekt. Salgsoppgaven beskriver vesentlig og lovpålagt informasjon om eiendommen Se komplett salgsoppgave Nyttige lenker Meld interesse Se komplett salgsoppgave Gi bud Visning Velkommen til visning! Meld deg på ved å trykke ""visningspåmelding"" i våre boligannonser. Visning med megler til stede vil ikke bli avholdt uten påmeldinger. Ta gjerne kontakt med megler i forkant av visningen om du har spørsmål. Visningspåmelding Gi bud Nyttige lenker Meld interesse Se komplett salgsoppgave Gi bud Nærområdet Kart Kodalveien 342, 3243 Kodal Annonseinformasjon FINN-kode 475368192 Sist endret 10. sep. 2026 11:19 Referanse 605260217 Rapporter annonse Annonsene kan være mangelfulle i forhold til lovpålagt opplysningsplikt. Før bindende avtale inngås oppfordres interessenter til å innhente komplett informasjon fra meglerforetaket, selger eller utleier.",2026-09-20T15:36:26+00:00,house
465770144,https://www.finn.no/realestate/homes/ad.html?finnkode=465770144,Tanum Gård - Fantastisk og innholdsrik eiendom på ca. 24 mål med mange bygninger. Idylliske omgivelser ved by og sjø.,"Tanumveien 135, 3267 Larvik",3267,Larvik,20 000 000 kr,20 501 090 kr,501 090 kr,,,Enebolig,Selveier,,413 m² (BRA-i),1 496 m²,,6,,1858,,23 829 m² (eiet),23829,23.8,,3909,4002,58,5,"Tidligere landbrukseiendom med bl.a. en stor enebolig, kårbolig fra 1650, stall/forsamlingslokale fra 1650, stabbur, potetkjeller, vognskjul, sidebygg, gjestegård med 8 leiligheter og og garasje/verksted i sokkeletasje. Stor og innholdsrik enebolig fra 1858 med bl.a. 3 bad, flere stuer og mange soverom. En eiendom med masse sjarm! Nærområdet kan tilby idylliske turstier og bademuligheter. Videre er det kun noen kilometer til deilige badeplasser i Farris, eller fjorden, samt til sentrum med alt av bymessige servicetilbud. Her finner du Bølgen kulturhus og Farris Bad - en av Nordens mest innholdsrike spaavdelinger. Kort vei til Larvik, Stavern, Helgeroa, Nevlunghavn, Kyststien og Larvik Golfklubb på Fritzøe gård. Selger har ca. kr. 900.000,- i leieinntekter på eiendommen. Vel tilrettelagt for hestehold. En sjelden anledning! Minus Vis mindre NB: Knappen for å vise hele beskrivelsen har kun en visuell effekt. Pluss tegn Vis hele beskrivelsen NB: Knappen for å vise hele beskrivelsen har kun en visuell effekt. Salgsoppgaven beskriver vesentlig og lovpålagt informasjon om eiendommen Se komplett salgsoppgave Nyttige lenker Gi bud Bestill salgsoppgave Eiendommens hjemmeside Visning Ta kontakt for å avtale visning. Husk å lese komplett salgsoppgave før visning. Bestill komplett, utskriftsvennlig salgsoppgave. Visningspåmelding Gi bud Nyttige lenker Gi bud Bestill salgsoppgave Eiendommens hjemmeside Nærområdet Kart Tanumveien 135, 3267 Larvik Annonseinformasjon FINN-kode 465770144 Sist endret 03. sep. 2026 16:00 Referanse 52260021 Rapporter annonse Annonsene kan være mangelfulle i forhold til lovpålagt opplysningsplikt. Før bindende avtale inngås oppfordres interessenter til å innhente komplett informasjon fra meglerforetaket, selger eller utleier.",2026-09-20T15:36:27+00:00,house
424449703,https://www.finn.no/realestate/homes/ad.html?finnkode=424449703,"Idyllisk og landlig med god intern beliggenhet | Enebolig og låve | Stort jorde på ca. 11,6 dekar m/​ driveplikt | MÅ SES","Lystadveien 27, 3209 Sandefjord",3209,Sandefjord,5 850 000 kr,5 997 340 kr,147 340 kr,,975 435 kr,Enebolig,Selveier,,178 m² (BRA-i),344 m²,,2,,1978,2,13 975 m² (eiet),13975,14.0,,3907,128,13,7,"- Velkommen til Lystadveien 27 - Et idyllisk småbruk med tilhørende enebolig og låve. Eiendommen har en stor tomt der ca. 11,6 daa er fulldyrket jord og det er tilknyttet driveplikt på dette området. Det er idag en ekstern bonde som vedlikeholder driveplikten, men her har du mulighet til å leve ut småbruks drømmen. Eneboligen går over 3 etasjer, en hoved, lofts- og kjelleretasje. Innvendig består boligen av kjøkken, baderom, 3 stuer, 2 soverom, arbeidsrom, uinnredede kjellerrom/loftsrom. Det er to gode terrasser på hver side av boligen. Boligen har en flott og populær beliggenhet på Lystad, kun en kort tur unna Sandefjord sentrum. Det er kort vei til skole, barnehager, dagligvarebutikker og treningssenter. Området byr også på gode turmuligheter. - Velkommen til visning - Minus Vis mindre NB: Knappen for å vise hele beskrivelsen har kun en visuell effekt. Pluss tegn Vis hele beskrivelsen NB: Knappen for å vise hele beskrivelsen har kun en visuell effekt. Salgsoppgaven beskriver vesentlig og lovpålagt informasjon om eiendommen Se komplett salgsoppgave Nyttige lenker Eiendommens hjemmeside Interessert i denne eiendommen? Visning Eiendomsmegler Norge sine visninger har påmelding. Påmelding gjøres enkelt ved å benytte knappen under. Ta kontakt med megler Sebastian Ramsdal Lindell på tlf 454 85 573 dersom oppsatt tidspunkt ikke passer. Det vil ikke bli avholdt visning uten påmelding, frist for påmelding er senest kl. 12.00 på visningsdagen. Husk å laste ned salgsoppgaven digitalt før visning. Velkommen til en hyggelig visning! Husk å lese komplett salgsoppgave før visning. Bestill komplett, utskriftsvennlig salgsoppgave. Visningspåmelding Gi bud Nyttige lenker Eiendommens hjemmeside Interessert i denne eiendommen? Nærområdet Kart Lystadveien 27, 3209 Sandefjord Annonseinformasjon FINN-kode 424449703 Sist endret 15. sep. 2026 12:40 Referanse 64250029 Rapporter annonse Annonsene kan være mangelfulle i forhold til lovpålagt opplysningsplikt. Før bindende avtale inngås oppfordres interessenter til å innhente komplett informasjon fra meglerforetaket, selger eller utleier.",2026-09-20T15:36:28+00:00,house
472437010,https://www.finn.no/realestate/homes/ad.html?finnkode=472437010,Sjarmerende renoveringsobjekt med stort potensial - skap din egen drømmebolig på landet!,"Langevannsveien 26, 3158 Andebu",3158,Andebu,1 500 000 kr,1 538 890 kr,38 890 kr,,583 428 kr,Enebolig,Selveier,,92 m² (BRA-i),92 m²,,1,,1900,2,5 505 m² (eiet),5505,5.5,Rom,3907,258,67,5,"Velkommen til Langevannsveien 26 i Andebu. Eiendommen fremstår som en god mulighet for deg som ønsker å sette ditt eget preg og utvikle en bolig helt etter egne behov og standard. Her får du en bolig med autentisk sjel, lune materialvalg og gode uteplasser, kombinert med et stort potensial for modernisering. - Sjarmerende eiendom med stort potensial - Vegger i malt tømmer og trepanel - Delvis etterisolert og oppgradert med villmarkskledning i 2000 - Terrasse ca. 34 m² ved inngang - Balkong på 6,6 m² med adkomst fra loft - Bad med eldre standard Eiendommen krever oppgraderinger og vedlikehold, men gir til gjengjeld en spennende mulighet for deg som ønsker å skape noe eget. Velkommen på visning! Husk påmelding. Minus Vis mindre NB: Knappen for å vise hele beskrivelsen har kun en visuell effekt. Pluss tegn Vis hele beskrivelsen NB: Knappen for å vise hele beskrivelsen har kun en visuell effekt. Salgsoppgaven beskriver vesentlig og lovpålagt informasjon om eiendommen Se komplett salgsoppgave Visning Husk påmelding til visning! Om ingen er påmeldt visning innen kl 12 visningsdagen vil det ikke bli avholdt visning. Husk å lese komplett salgsoppgave før visning. Bestill komplett, utskriftsvennlig salgsoppgave. Visningspåmelding Gi bud Nærområdet Kart Langevannsveien 26, 3158 Andebu Annonseinformasjon FINN-kode 472437010 Sist endret 18. sep. 2026 08:21 Referanse 1311260066 Rapporter annonse Annonsene kan være mangelfulle i forhold til lovpålagt opplysningsplikt. Før bindende avtale inngås oppfordres interessenter til å innhente komplett informasjon fra meglerforetaket, selger eller utleier.",2026-09-20T15:36:30+00:00,house
463732982,https://www.finn.no/realestate/homes/ad.html?finnkode=463732982,"Høyt og frittliggende med gode solforhold - Romslig bolig med 4 soverom og 2 bad - Underetasje utleid for kr. 9.000,-","Buskveien 40, 3236 Sandefjord",3236,Sandefjord,3 750 000 kr,4 149 372 kr,11 040 kr,388 332 kr,998 171 kr,Enebolig,Andel,,166 m² (BRA-i),184 m²,,4,,1986,,16 684 m² (eiet),16684,16.7,,3907,90,10,5,"Attraktivt, høyt og frittliggende bolig med svært gode solforhold og flotte utearealer som gir rikelig plass til flere sittegrupper og hyggelige uteplasser i rolige omgivelser. Her bor man luftig og usjenert med gode solforhold gjennom dagen. Huset har en praktisk og familievennlig planløsning med totalt 4 soverom, 2 bad samt separat toalettrom med opplegg for vaskemaskin og tørketrommel. Planløsningen gir god fleksibilitet og passer både for familier og ulike behov i hverdagen. Underetasjen er p.t. utleid for kr 9 000 pr. måned. En helhetlig bolig som kombinerer god bokvalitet, fleksibilitet og inntektsmulighet i et attraktivt og barnevennlig område. Attraktivt og solrikt område nær sjø, strand, kyststi, skole og daglige servicetilbud Minus Vis mindre NB: Knappen for å vise hele beskrivelsen har kun en visuell effekt. Pluss tegn Vis hele beskrivelsen NB: Knappen for å vise hele beskrivelsen har kun en visuell effekt. Salgsoppgaven beskriver vesentlig og lovpålagt informasjon om eiendommen Se komplett salgsoppgave Nyttige lenker Gi Bud Eiendommens hjemmeside på Krogsveen.no Visning onsdag, 23. september 17:30 – 18:15 Legg til i kalender For å delta på visning, ber vi om at du melder deg på. Da sikrer vi at du får nødvendig informasjon og at det er satt av tilstrekkelig med tid. Kontakt megler dersom annet tidspunkt ønskes. Husk å lese salgsoppgaven før visningen, så du stiller forberedt. NB. Visning utgår dersom det ikke er noen påmeldte. Ønsker du kun å bli holdt orientert, kan du fra eiendommens hjemmeside få varsel om solgtpris, eller kontakte megler. Visningspåmelding Gi bud Nyttige lenker Gi Bud Eiendommens hjemmeside på Krogsveen.no Nærområdet Kart Buskveien 40, 3236 Sandefjord Annonseinformasjon FINN-kode 463732982 Sist endret 18. sep. 2026 10:08 Referanse KR22.26119 Rapporter annonse Annonsene kan være mangelfulle i forhold til lovpålagt opplysningsplikt. Før bindende avtale inngås oppfordres interessenter til å innhente komplett informasjon fra meglerforetaket, selger eller utleier.",2026-09-20T15:36:32+00:00,house
467480104,https://www.finn.no/realestate/homes/ad.html?finnkode=467480104,"Eiendom med småbrukspreg i landlige omgivelser. 5,5 mål tomt I 2 boliger og uthus I Skjermet beliggenhet I 4 soverom.","Kvamsvegen 3527, 7732 Steinkjer",7732,Steinkjer,1 790 000 kr,1 836 140 kr,46 140 kr,,590 718 kr,Enebolig,Selveier,,180 m² (BRA-i),639 m²,,4,,1950,2,5 448 m² (eiet),5448,5.4,,5006,230,8,5,"Aktiv Eiendomsmegling v/Anders Borgsø har gleden av å presentere Kvamsvegen 3527 og 3529. Trivelig eiendom med skjermet beliggenhet beliggende i landlige omgivelser i Øvre Kvam. Bygningsmassen består av 2 bolighus der det ene er å betrakte som et renoveringsobjekt. Driftsbygning med masse lagringsplass. 2 garasjer, hunderom med tilknytning til luftegård og et snekkerverksted. Eiendommen har lett adkomst til både Snåsavatnet og flotte fjellområder rundt Saursheia og videre innover mot Bangsjøan. Velkommen på visning, husk påmelding:) Minus Vis mindre NB: Knappen for å vise hele beskrivelsen har kun en visuell effekt. Pluss tegn Vis hele beskrivelsen NB: Knappen for å vise hele beskrivelsen har kun en visuell effekt. Salgsoppgaven beskriver vesentlig og lovpålagt informasjon om eiendommen Se komplett salgsoppgave Visning Ved annonsert visning er det viktig at du melder deg på visningen ved å bruke visningspåmeldingsknappen eller kontakter megler. Annonserte visninger hvor det ikke er noen påmeldte innen kl. 12.00 på visningsdagen vil ikke bli avholdt. For visninger utover dette, ta direkte kontakt med megler. Husk å lese komplett salgsoppgave før visning. Bestill komplett, utskriftsvennlig salgsoppgave. Visningspåmelding Gi bud Nærområdet Kart Kvamsvegen 3527, 7732 Steinkjer Annonseinformasjon FINN-kode 467480104 Sist endret 18. sep. 2026 10:51 Referanse 1708260096 Rapporter annonse Annonsene kan være mangelfulle i forhold til lovpålagt opplysningsplikt. Før bindende avtale inngås oppfordres interessenter til å innhente komplett informasjon fra meglerforetaket, selger eller utleier.",2026-09-20T15:36:33+00:00,house
475434352,https://www.finn.no/realestate/homes/ad.html?finnkode=475434352,"Eldre enebolig m/​stor tomt på hele 8902 kvm - Garasje - Landlig beliggenhet, men likevel sentralt - Renoveringsobjekt","Tangenvegen 14, 4275 Sævelandsvik",4275,Sævelandsvik,1 790 000 kr,1 850 240 kr,60 240 kr,,,Enebolig,Selveier,,76 m² (BRA-i),123 m²,,3,,1895,,8 902 m² (eiet),8902,8.9,,1149,8,8,5,"Velkommen til Tangenvegen 14 - En eldre enebolig med potensial, beliggende på en romslig tomt i Sævelandsvik. Her får du en eiendom med en enebolig og en frittliggende garasje med bod. Boligen har en eldre standard og renovering (evt riving) må påregnes, noe som gir en ypperlig mulighet til å skape drømmehjemmet på en stor eiertomt. Tomten gir rikelig med muligheter for hage og uteplasser. Beliggenheten er landlig og fredelig i et barnevennlig område, med kort vei til barnehage, Sevland skole og servicetilbud i Åkrehamn. Hovedetasjen inneholder gang, bad/vaskerom, kjøkken, soverom og stue med kamin for ekstra varme og hygge. Loftsetasjen har en gang og to soverom. Boligen må ses på som et totalrenoverings-/rivningsobjekt Velkommen på visning! Minus Vis mindre NB: Knappen for å vise hele beskrivelsen har kun en visuell effekt. Pluss tegn Vis hele beskrivelsen NB: Knappen for å vise hele beskrivelsen har kun en visuell effekt. Salgsoppgaven beskriver vesentlig og lovpålagt informasjon om eiendommen Se komplett salgsoppgave Nyttige lenker Se komplett salgsoppgave Bestill komplett salgsoppgave Gi bud Visning Trykk på ""Visningspåmelding""-knappen for enkelt å melde deg på. Vi gjør oppmerksom på at visning ikke blir avholdt, dersom det ikke er påmeldte. En må melde seg på senest innen kl 18.00 dagen før visning for å være garantert visning på oppsatt tidspunkt. Velkommen til visning! Husk å lese komplett salgsoppgave før visning. Bestill komplett, utskriftsvennlig salgsoppgave. Visningspåmelding Gi bud Nyttige lenker Se komplett salgsoppgave Bestill komplett salgsoppgave Gi bud Nærområdet Kart Tangenvegen 14, 4275 Sævelandsvik Annonseinformasjon FINN-kode 475434352 Sist endret 03. sep. 2026 09:18 Referanse 2-0109/26 Rapporter annonse Annonsene kan være mangelfulle i forhold til lovpålagt opplysningsplikt. Før bindende avtale inngås oppfordres interessenter til å innhente komplett informasjon fra meglerforetaket, selger eller utleier.",2026-09-20T15:36:34+00:00,house
475393649,https://www.finn.no/realestate/homes/ad.html?finnkode=475393649,Familievennlig enebolig i rekke med god planløsning - Perfekt for barn med lekeplass i umiddelbar nærhet!,"Måstadveien 119, 1793 Tistedal",1793,Tistedal,1 990 000 kr,2 518 368 kr,1 090 kr,527 278 kr,598 769 kr,Enebolig,Andel,,111 m² (BRA-i),132 m²,,3,,1980,,21 196 m² (eiet),21196,21.2,E - Oransje,3101,178,27,5,"Eiendommen ligger fint til på Måstadområdet. Flott sørvendt veranda med gode solforhold, samt herlige turområder rett på utsiden av dørstokken. Det er kort vei til buss, samt til skoler, golfbanen på Risum, flere matbutikker m.m. Boligen holder en grei og tidsmessig standard sett i forhold til alder og bruk. Kjøkkenet har profilerte fronter, laminat benkeplate og hvitevarer. Badet har en eldre utførelse, og det må påregnes oppgradering på sikt. Utvendig har borettslaget etterisolert bygget samt skiftet kledning og takstein. Arbeidene ble ferdigstilt i 2016, ifølge styreleder. Vinduer ble skiftet av borettslaget i 2014. Høydepunkter: - Gode solforhold - Rolig område - Flotte turområder - Familievennlig - God planløsning - Garasje Innhold: 1 etasje:  Entré /gang, 2 boder, toalettrom, kjøkken, stue og sportsbod 2 etasje:  Gang m/trapp, bad, 3 soverom Minus Vis mindre NB: Knappen for å vise hele beskrivelsen har kun en visuell effekt. Pluss tegn Vis hele beskrivelsen NB: Knappen for å vise hele beskrivelsen har kun en visuell effekt. Salgsoppgaven beskriver vesentlig og lovpålagt informasjon om eiendommen Se komplett salgsoppgave Nyttige lenker Gi bud Bestill salgsoppgave Eiendommens hjemmeside Visning Ta kontakt for å avtale visning. Husk å lese komplett salgsoppgave før visning. Bestill komplett, utskriftsvennlig salgsoppgave. Visningspåmelding Gi bud Nyttige lenker Gi bud Bestill salgsoppgave Eiendommens hjemmeside Nærområdet Kart Måstadveien 119, 1793 Tistedal Annonseinformasjon FINN-kode 475393649 Sist endret 11. sep. 2026 06:16 Referanse 147260090 Rapporter annonse Annonsene kan være mangelfulle i forhold til lovpålagt opplysningsplikt. Før bindende avtale inngås oppfordres interessenter til å innhente komplett informasjon fra meglerforetaket, selger eller utleier.",2026-09-20T15:36:35+00:00,house
475386892,https://www.finn.no/realestate/homes/ad.html?finnkode=475386892,Storslått eiendom med fantastisk utsikt over Gjerstadvatnet - Strandlinje - Stor tomt med tilhørende skog,"Kveim 110, 4980 Gjerstad",4980,Gjerstad,6 490 000 kr,6 653 600 kr,163 600 kr,,,Enebolig,Selveier,,308 m² (BRA-i),641 m²,,6,,1915,2,102 997 m² (eiet),102997,103.0,,4211,37,15,3,"Eiendommen Vestgård på Kveim i Øvre Gjerstad med fantastisk utsikt over Gjerstadvatnet. Eiendommen har lang strandlinje med fine bade- og fiskemuligheter. Meget pent opparbeidede uteområder med basseng med panoramautsikt. Innholdsrikt hus med hele seks soverom. Garasje, hønsehus og låve. Det er skogsareal tilknyttet eiendommen. Fra eiendommen er det ca. 4 km til sentrum hvor du finner matbutikk, barnehage og flere servicetilbud. Minus Vis mindre NB: Knappen for å vise hele beskrivelsen har kun en visuell effekt. Pluss tegn Vis hele beskrivelsen NB: Knappen for å vise hele beskrivelsen har kun en visuell effekt. Salgsoppgaven beskriver vesentlig og lovpålagt informasjon om eiendommen Se komplett salgsoppgave Visning Velkommen til visning! Meld deg på til annonsert visning i god tid før oppsatt visning via knappen VISNINGSPÅMELDING. For at vi skal kunne gi deg den beste oppfølgingen er det obligatorisk påmelding til alle våre visninger. Dersom ikke oppsatt visning passer, ta kontakt så vi kan finne en alternativ løsning. Visninger uten påmeldte deltagere avlyses. Husk å lese komplett salgsoppgave før visning. Bestill komplett, utskriftsvennlig salgsoppgave. Visningspåmelding Gi bud Nærområdet Kart Kveim 110, 4980 Gjerstad Annonseinformasjon FINN-kode 475386892 Sist endret 14. sep. 2026 11:49 Referanse 01006926 Rapporter annonse Annonsene kan være mangelfulle i forhold til lovpålagt opplysningsplikt. Før bindende avtale inngås oppfordres interessenter til å innhente komplett informasjon fra meglerforetaket, selger eller utleier.",2026-09-20T15:36:37+00:00,house
473327518,https://www.finn.no/realestate/homes/ad.html?finnkode=473327518,"Innholdsrik enebolig i rekke i familievennlig boligområde | 3 sov, 2 bad, carport og stor markterrasse | IN ordning!","Strømdaljordet 48, 3727 Skien",3727,Skien,2 390 000 kr,4 021 072 kr,9 496 kr,1 621 576 kr,1 041 100 kr,Enebolig,Andel,,118 m² (BRA-i),123 m²,,3,,2017,,8 430 m² (eiet),8430,8.4,Rom,4003,1,546,5,"Strømdaljordet 48! En moderne enebolig i rekke i et nyere byggefelt på Strømdal. Boligen har en attraktiv plassering i borettslaget, og kan by på en romslig vestvendt og solrik terrasse på bakkeplan. Området er svært familievennlig og ligger med kort avstand til både skoler og barnehager. Boligen har gjennomtenkt planløsning med tydelig og praktisk rominndeling. Innvendig fremstår boligen moderne og innbydende med store vindusflater med godt lysinnslipp. Inne er det helhetlige overflater, og en tidsriktig og behagelig fargepalett. Boligen er over 2 plan med gjennomgående, god standard og inneholder: 1.etg: entre, kjøkken, stue og vaskerom. 2.etg: Bad, gang, 3 soverom og bod. Tilliggende carport med tilhørende bod. Mulighet for IN ordning! Minus Vis mindre NB: Knappen for å vise hele beskrivelsen har kun en visuell effekt. Pluss tegn Vis hele beskrivelsen NB: Knappen for å vise hele beskrivelsen har kun en visuell effekt. Salgsoppgaven beskriver vesentlig og lovpålagt informasjon om eiendommen Se komplett salgsoppgave Nyttige lenker Eiendommens hjemmeside Interessert i denne eiendommen? Visning onsdag, 23. september 16:15 – 17:00 Legg til i kalender Husk å lese komplett salgsoppgave før visning. Bestill komplett, utskriftsvennlig salgsoppgave. Visningspåmelding Gi bud Nyttige lenker Eiendommens hjemmeside Interessert i denne eiendommen? Nærområdet Kart Strømdaljordet 48, 3727 Skien Annonseinformasjon FINN-kode 473327518 Sist endret 15. sep. 2026 14:55 Referanse 65260081 Rapporter annonse Annonsene kan være mangelfulle i forhold til lovpålagt opplysningsplikt. Før bindende avtale inngås oppfordres interessenter til å innhente komplett informasjon fra meglerforetaket, selger eller utleier.",2026-09-20T15:36:39+00:00,house
472945043,https://www.finn.no/realestate/homes/ad.html?finnkode=472945043,Stilren enebolig i rekke fra 2017 | Stor terrasse | Rolig og familievennlig beliggenhet innerst på feltet!,"Bodalsjordet 14B, 1743 Klavestadhaugen",1743,Klavestadhaugen,3 790 000 kr,3 885 840 kr,95 840 kr,,1 024 127 kr,Enebolig,Selveier,,92 m² (BRA-i),98 m²,,2,,2017,,8 464 m² (eiet),8464,8.5,C - Lysegrønn,3105,1028,5,3,"Velkommen til Bodalsjordet 14B! ASK Meglerverket v/Heine Aas presenterer en en stilren enebolig i rekke fra 2017, over to etasjer. Boligen ligger rolig og attraktivt til innerst på feltet, med parkering rett utenfor og en herlig uteplass med stor terrasse. Innvendig venter en gjennomtenkt planløsning med god flyt. I 1. etasje finner du entré, to soverom, garderoberom tilknyttet hovedsoverommet, flislagt bad og vaskerom. Hovedsoverommet har direkte utgang til terrassen - perfekt for fine sommerdager! I 2. etasje ligger boligens naturlige samlingspunkt, med en lys og luftig stue- og kjøkkenløsning i åpen plan. Her er det god plass til sofakrok og spiseplass, samt utgang til balkong. Boligen er malt og oppgradert i 2026, blant annet med nye innerdører og oppgradering av gang, trapp og 2. etasje. Varmepumpe og balansert ventilasjon gir god komfort. Beliggenheten er svært familievennlig, med kort vei til Bodalstranda, flotte tur- og bademuligheter, skole, barnehager og idrettsanlegg. Minus Vis mindre NB: Knappen for å vise hele beskrivelsen har kun en visuell effekt. Pluss tegn Vis hele beskrivelsen NB: Knappen for å vise hele beskrivelsen har kun en visuell effekt. Salgsoppgaven beskriver vesentlig og lovpålagt informasjon om eiendommen Se komplett salgsoppgave Nyttige lenker Salgsoppgave Tilstandsrapport.pdf Egenerklæringsskjema.pdf Gi bud Bestill salgsoppgave Eiendommens hjemmeside Visning Ta kontakt for å avtale visning. Husk å lese komplett salgsoppgave før visning. Bestill komplett, utskriftsvennlig salgsoppgave. Visningspåmelding Gi bud Nyttige lenker Salgsoppgave Tilstandsrapport.pdf Egenerklæringsskjema.pdf Gi bud Bestill salgsoppgave Eiendommens hjemmeside Nærområdet Kart Bodalsjordet 14B, 1743 Klavestadhaugen Annonseinformasjon FINN-kode 472945043 Sist endret 15. sep. 2026 11:06 Referanse 1-26-0058 Rapporter annonse Annonsene kan være mangelfulle i forhold til lovpålagt opplysningsplikt. Før bindende avtale inngås oppfordres interessenter til å innhente komplett informasjon fra meglerforetaket, selger eller utleier.",2026-09-20T15:36:40+00:00,house
475263680,https://www.finn.no/realestate/homes/ad.html?finnkode=475263680,Enebolig med stor tomt og strandlinje til Aksdalsvatnet | Uthus med garasje og lagerplass | Modernisering må påregnes,"Aksdalsvegen 81, 5570 Aksdal",5570,Aksdal,5 000 000 kr,5 126 090 kr,126 090 kr,,638 780 kr,Enebolig,Selveier,,145 m² (BRA-i),207 m²,,3,,1950,,7 725 m² (eiet),7725,7.7,,1146,72,28,5,"Velkommen til aksdalsvegen 81! Dette er en eiendom med en sjeldent flott beliggenhet ved Aksdalsvatnet. Den store eiertomten på ca. 7,7 mål skråner lett ned mot vannkanten og har egen strandlinje med brygge. Boligen har en delvis åpen løsning mellom stue og kjøkken, med store vinduer som gir utsyn mot vannet. Fra stuen er det utgang til en romslig terrasse. På tomten står også et uthus/driftsbygning med garasje og god lagringsplass. Beliggenheten er både landlig og sentral, med kort vei til servicetilbud i Aksdal sentrum. Eiendommen har et potensial, men det må påregnes omfattende renovering for å møte dagens standard. Velkommen til visning. Minus Vis mindre NB: Knappen for å vise hele beskrivelsen har kun en visuell effekt. Pluss tegn Vis hele beskrivelsen NB: Knappen for å vise hele beskrivelsen har kun en visuell effekt. Salgsoppgaven beskriver vesentlig og lovpålagt informasjon om eiendommen Se komplett salgsoppgave Nyttige lenker Bestill salgsoppgave Visning torsdag, 24. september 17:30 – 18:15 Legg til i kalender Ønsker du å delta på visningen ber vi deg melde deg på slik at vi vet at du kommer. Da kan vi bistå alle best mulig og gi deg tiden du trenger på visningen. Kontakt gjerne megler før visning hvis du har spørsmål. Visningen avholdes bare dersom det er påmeldte. Hvis det ikke er oppsatt visningstidspunkt eller tidspunkt ikke passer, kontakt megler. Husk å lese komplett salgsoppgave før visning. Bestill komplett, utskriftsvennlig salgsoppgave. Visningspåmelding Gi bud Nyttige lenker Bestill salgsoppgave Nærområdet Kart Aksdalsvegen 81, 5570 Aksdal Annonseinformasjon FINN-kode 475263680 Sist endret 16. sep. 2026 12:08 Referanse 2503260100 Rapporter annonse Annonsene kan være mangelfulle i forhold til lovpålagt opplysningsplikt. Før bindende avtale inngås oppfordres interessenter til å innhente komplett informasjon fra meglerforetaket, selger eller utleier.",2026-09-20T15:36:41+00:00,house
471410488,https://www.finn.no/realestate/homes/ad.html?finnkode=471410488,"BUD FORELIGGER! Sjarmerende eiendom med våningshus, fjøs, garasje og nausttomt - flott utsikt!","Skardsøyvegen 1578, 6697 Vihals",6697,Vihals,2 090 000 kr,2 143 640 kr,53 640 kr,,970 340 kr,Enebolig,Selveier,,210 m² (BRA-i),306 m²,,3,,1940,,8 564 m² (eiet),8564,8.6,Rom,1576,56,15,5,"Aktiv Eiendomsmegling v/ Gunnar A. Kjønnøy presenterer Skardsøyvegen 1578! En sjarmerende eiendom med småbrukspreg beliggende i naturskjønne omgivelser på Skardsøya. Her får du et innholdsrikt bolighus over tre etasjer, fjøs med låve og garasje på en romslig tomt på ca. 8,6 dekar. Det medfølger også nausttomt. Eiendommen byr på gode muligheter for deg som ønsker landlig og skjermet beliggenhet, med plass til hobbyvirksomhet, dyrehold i mindre skala, lagring eller verksted. Området er preget av storslått natur, ro og nærhet til sjøen, og passer like godt som helårsbolig som for deg som søker et fredelig fristed. Velkommen til visning! Minus Vis mindre NB: Knappen for å vise hele beskrivelsen har kun en visuell effekt. Pluss tegn Vis hele beskrivelsen NB: Knappen for å vise hele beskrivelsen har kun en visuell effekt. Salgsoppgaven beskriver vesentlig og lovpålagt informasjon om eiendommen Se komplett salgsoppgave Visning Ta kontakt for å avtale visning. Husk å lese komplett salgsoppgave før visning. Bestill komplett, utskriftsvennlig salgsoppgave. Visningspåmelding Gi bud Nærområdet Kart Skardsøyvegen 1578, 6697 Vihals Annonseinformasjon FINN-kode 471410488 Sist endret 02. sep. 2026 10:36 Referanse 1601260106 Rapporter annonse Annonsene kan være mangelfulle i forhold til lovpålagt opplysningsplikt. Før bindende avtale inngås oppfordres interessenter til å innhente komplett informasjon fra meglerforetaket, selger eller utleier.",2026-09-20T15:36:43+00:00,house
475309867,https://www.finn.no/realestate/homes/ad.html?finnkode=475309867,Nedlagt lite småbruk med garasje/​verksted på 201 m² | Landlig og usjenert med utsikt mot fjord og fjell,"Hemnesveien 28, 8640 Hemnesberget",8640,Hemnesberget,4 200 000 kr,4 306 090 kr,106 090 kr,,483 603 kr,Enebolig,Selveier,,183 m² (BRA-i),384 m²,,3,,1954,,31 073 m² (eiet),31073,31.1,Rom,1832,64,9,5,"Velkommen til Hemnesveien 28! En innholdsrik eiendom med stor tomt, modernisert enebolig og en romslig garasje/verkstedhall. Her bor du landlig og tilbaketrukket på en eiet tomt på over 31 mål. Eiendommen har en svært romslig garasje/verkstedhall på ca. 201 m² som gir unike muligheter for hobby eller næring. Selve boligen er jevnlig vedlikeholdt og ble tilbygget i 2018, noe som ga en lys og moderne stue. Hovedetasjen har en åpen løsning mellom kjøkken og stue, med vedovn og et praktisk, plassbygd kjølerom med aggregat fra 2025. I loftsetasjen finner du tre soverom og bad. Uteområdet har flere terrasser, inkludert en takoverbygget ved inngangspartiet. Fra eiendommen er det utsikt mot fjorden, og du har umiddelbar nærhet til skog og natur. Nylige oppgraderinger som ny trykktank (2023) og varmtvannsbereder (2024) vitner om godt vedlikehold. El-bil lader i garasjen! Velkommen til visning! Minus Vis mindre NB: Knappen for å vise hele beskrivelsen har kun en visuell effekt. Pluss tegn Vis hele beskrivelsen NB: Knappen for å vise hele beskrivelsen har kun en visuell effekt. Salgsoppgaven beskriver vesentlig og lovpålagt informasjon om eiendommen Se komplett salgsoppgave Nyttige lenker Eiendommens hjemmeside Bestill salgsoppgave Visning Ta kontakt for å avtale visning. Husk å lese komplett salgsoppgave før visning. Bestill komplett, utskriftsvennlig salgsoppgave. Visningspåmelding Gi bud Nyttige lenker Eiendommens hjemmeside Bestill salgsoppgave Nærområdet Kart Hemnesveien 28, 8640 Hemnesberget Annonseinformasjon FINN-kode 475309867 Sist endret 15. sep. 2026 06:08 Referanse 87260175 Rapporter annonse Annonsene kan være mangelfulle i forhold til lovpålagt opplysningsplikt. Før bindende avtale inngås oppfordres interessenter til å innhente komplett informasjon fra meglerforetaket, selger eller utleier.",2026-09-20T15:36:44+00:00,house
474859375,https://www.finn.no/realestate/homes/ad.html?finnkode=474859375,"En unik og innholdsrik eiendom med landlig beliggenhet på Vikanlandet. Uthus på 625 kvm. 5,4 mål tomt. Utleiedel.","Vikanvegen 48, 7512 Stjørdal",7512,Stjørdal,6 990 000 kr,7 165 840 kr,175 840 kr,,934 563 kr,Enebolig,Selveier,,332 m² (BRA-i),977 m²,,6,,1942,,5 495 m² (eiet),5495,5.5,G - Rød,5035,84,495,5,"Ingrid Sveian Hansen v/PrivatMegleren har gleden av å presentere Vikanvegen 48, en unik og innholdsrik eiendom med landlig beliggenhet på Vikanlandet. Denne flotte eiendommen har en rekke kvaliteter verdt å fremheve : Stort bolighus på 332 kvm med 4 soverom og 2 bad i hoveddel. Uthus på 625 kvm med totalt 13 rom, potensiale for lagring, festlokale, verksted og stall. Uteleiedel med 2 soverom, månedlig inntekt på 12.000,-. Pent opparbeidet tomt på 5,4 mål med frodig beplantning og gode solforhold. Flotte uteområder med flere terrasser. Kjeller med 9 boder, svært gode oppbevaringsmuligheter. Bolighus har gjennomgått vesentlig oppussing og vedlikehold. Drenering og tak på bolighus ble tatt i 2005 og 2002. Nyoppusset bad i 2.etasje fra 2024. Idyllisk beliggenhet, med nærhet til sjø og turmuligheter. Service fasiliteter, barnehage og barneskole kun et steinkast unna eiendommen. Minus Vis mindre NB: Knappen for å vise hele beskrivelsen har kun en visuell effekt. Pluss tegn Vis hele beskrivelsen NB: Knappen for å vise hele beskrivelsen har kun en visuell effekt. Salgsoppgaven beskriver vesentlig og lovpålagt informasjon om eiendommen Se komplett salgsoppgave Nyttige lenker Gi bud Bestill salgsoppgave Eiendommens hjemmeside Visning Ta kontakt for å avtale visning. Husk å lese komplett salgsoppgave før visning. Bestill komplett, utskriftsvennlig salgsoppgave. Visningspåmelding Gi bud Nyttige lenker Gi bud Bestill salgsoppgave Eiendommens hjemmeside Nærområdet Kart Vikanvegen 48, 7512 Stjørdal Annonseinformasjon FINN-kode 474859375 Sist endret 10. sep. 2026 06:06 Referanse 311260155 Rapporter annonse Annonsene kan være mangelfulle i forhold til lovpålagt opplysningsplikt. Før bindende avtale inngås oppfordres interessenter til å innhente komplett informasjon fra meglerforetaket, selger eller utleier.",2026-09-20T15:36:46+00:00,house
475283450,https://www.finn.no/realestate/homes/ad.html?finnkode=475283450,Småbruk på nesten 25 mål med fantastisk utsikt mot Lyngsalpene | Enebolig og fjøs med stort rehabiliteringsbehov,"Lyngsalpeveien 956, 9060 Lyngseidet",9060,Lyngseidet,1 250 000 kr,1 282 340 kr,32 340 kr,,232 844 kr,Enebolig,Selveier,,64 m² (BRA-i),140 m²,,2,,1948,,24 957 m² (eiet),24957,25.0,Rom,5536,98,6,5,"Velkommen til Lyngsalpeveien 956! Her presenteres en eiendom med en sjeldent flott beliggenhet ved Lyngenfjorden, omkranset av majestetiske alper. Den store tomten på nesten 25 mål gir en unik følelse av frihet og privatliv, med umiddelbar nærhet til sjø og fjell. Dette er en mulighet for den som drømmer om å skape sitt eget sted fra grunnen av, enten som en usjenert fritidsbolig eller en permanent helårsbolig. Selve boligen har et betydelig oppussings- og moderniseringsbehov, men potensialet er like stort som den storslåtte utsikten fra vinduene. Kort fortalt: Stor eiertomt på ca. 25 dekar med strandlinje. Fantastisk utsikt mot fjord og de mektige Lyngsalpene. Enebolig med stort potensial og behov for modernisering. Eldre fjøs med rikelig lagringsplass over tre plan. Utslippstillatelse for nytt avløpsanlegg foreligger. Landlige og naturskjønne omgivelser. Gode turmuligheter i nærområdet, sommer som vinter. Velkommen til visning! Minus Vis mindre NB: Knappen for å vise hele beskrivelsen har kun en visuell effekt. Pluss tegn Vis hele beskrivelsen NB: Knappen for å vise hele beskrivelsen har kun en visuell effekt. Salgsoppgaven beskriver vesentlig og lovpålagt informasjon om eiendommen Se komplett salgsoppgave Nyttige lenker Eiendommens hjemmeside Bestill salgsoppgave Visning Ta kontakt for å avtale visning. Husk å lese komplett salgsoppgave før visning. Bestill komplett, utskriftsvennlig salgsoppgave. Visningspåmelding Gi bud Nyttige lenker Eiendommens hjemmeside Bestill salgsoppgave Nærområdet Kart Lyngsalpeveien 956, 9060 Lyngseidet Annonseinformasjon FINN-kode 475283450 Sist endret 20. sep. 2026 06:00 Referanse 1260219 Rapporter annonse Annonsene kan være mangelfulle i forhold til lovpålagt opplysningsplikt. Før bindende avtale inngås oppfordres interessenter til å innhente komplett informasjon fra meglerforetaket, selger eller utleier.",2026-09-20T15:36:48+00:00,house
475199728,https://www.finn.no/realestate/homes/ad.html?finnkode=475199728,"Stor og innholdsrik eiendom med basseng, lysthus og omfattende garasjefasiliteter!","Sørskogbygdvegen 1058, 2412 Sørskogbygda",2412,Sørskogbygda,6 200 000 kr,6 356 090 kr,156 090 kr,,1 116 006 kr,Enebolig,Selveier,,348 m² (BRA-i),517 m²,,4,,1974,2,11 209 m² (eiet),11209,11.2,Rom,3420,180,92,7,"Stor og innholdsrik enebolig med naturskjønn og landlig beliggenhet i Sørskogbygda. Eiendommen byr på romslige oppholdsarealer fordelt på flere stuer, loftstue og peisstue, samt fire soverom, to bad og et romslig kjøkken med egen spiseplass. Utvendig finner du et flott bassengområde med tilhørende poolhus, romslige terrasser og gode solforhold. Eiendommen har også svært gode parkerings- og lagringsmuligheter med flere garasjer og carport. Her får du en særegen eiendom med god plass, mange bruksmuligheter og flotte omgivelser året rundt. Minus Vis mindre NB: Knappen for å vise hele beskrivelsen har kun en visuell effekt. Pluss tegn Vis hele beskrivelsen NB: Knappen for å vise hele beskrivelsen har kun en visuell effekt. Salgsoppgaven beskriver vesentlig og lovpålagt informasjon om eiendommen Se komplett salgsoppgave Nyttige lenker Meld interesse Se komplett salgsoppgave Gi bud Visning Visning etter påmelding til megler. Om ingen er påmeldt innen kl 15:00 dagen før oppsatt visning er det en risiko for at megler ikke er til stede ved oppsatt visning. Ta kontakt med megler på tlf: 47 90 95 86 eller kim.hakon.kjernlie@dnbeiendom.no dersom du har spørsmål eller ønsker om visningstidspunkt. Visningspåmelding Gi bud Nyttige lenker Meld interesse Se komplett salgsoppgave Gi bud Nærområdet Kart Sørskogbygdvegen 1058, 2412 Sørskogbygda Annonseinformasjon FINN-kode 475199728 Sist endret 13. sep. 2026 12:16 Referanse 514260048 Rapporter annonse Annonsene kan være mangelfulle i forhold til lovpålagt opplysningsplikt. Før bindende avtale inngås oppfordres interessenter til å innhente komplett informasjon fra meglerforetaket, selger eller utleier.",2026-09-20T15:36:49+00:00,house
474857276,https://www.finn.no/realestate/homes/ad.html?finnkode=474857276,Stor og herskapelig sveitservilla - Usjenert og idyllisk hage - Tomt på ca. 5 mål - Sjelden mulighet - Dobbeltgarasje,"Lillesandsveien 15, 4876 Grimstad",4876,Grimstad,12 000 000 kr,12 301 380 kr,301 380 kr,,1 854 881 kr,Enebolig,Selveier,,386 m² (BRA-i),431 m²,,6,,1870,2,5 069 m² (eiet),5069,5.1,Rom,4202,200,987,5,"Kristoffer Eastwood i Nordvik presenterer Lillesandsveien 15! Storslått sveitservilla med sentral beliggenhet i Grimstad sentrum. Eiendommen med sin karakter og beliggenhet fremstår som en spesiell og sjelden mulighet. Tomten er i overkant av 5 mål og har bl.a. flott allé, fin beplantning, gress og hage på flere sider av boligen. Bakhagen er usjenert og har fruktrær, bærbusker og fin vekst. Boligen har imponerende og bevarte detaljer, både utvendig og innvendig. Den innholdsrike planløsningen byr på flere bruksmuligheter og det er i dag flere stuer på rad med ulike adkomster til hagen, og et avgrenset område brukt som utleiedel. Stor, usjenert og opparbeidet hage Sveitser med nydelig detaljer Sol fra morgen til sen kveld Dobbeltgarasje Midt i sentrum Minus Vis mindre NB: Knappen for å vise hele beskrivelsen har kun en visuell effekt. Pluss tegn Vis hele beskrivelsen NB: Knappen for å vise hele beskrivelsen har kun en visuell effekt. Salgsoppgaven beskriver vesentlig og lovpålagt informasjon om eiendommen Se komplett salgsoppgave Nyttige lenker Gi bud Bestill salgsoppgave Nyttige lenker Gi bud Bestill salgsoppgave Nærområdet Kart Lillesandsveien 15, 4876 Grimstad Annonseinformasjon FINN-kode 474857276 Sist endret 19. sep. 2026 11:20 Referanse 39-0198/26 Rapporter annonse Annonsene kan være mangelfulle i forhold til lovpålagt opplysningsplikt. Før bindende avtale inngås oppfordres interessenter til å innhente komplett informasjon fra meglerforetaket, selger eller utleier.",2026-09-20T15:36:50+00:00,house
473869191,https://www.finn.no/realestate/homes/ad.html?finnkode=473869191,"Innholdsrik og spennende eiendom med naust og strandlinje! Bolighus, løe og naust. Stor tomt på ca. 26,9 mål.","Nedre Ersland 48, 5452 Sandvoll",5452,Sandvoll,5 600 000 kr,5 741 390 kr,141 390 kr,,423 685 kr,Enebolig,Selveier,,86 m² (BRA-i),125 m²,,0,,1920,,26 951 m² (eiet),26951,27.0,,4617,241,12,5,"Velkommen til Nedre Ersland 48 - Presentert av Natalie Urangsæter v/Aktiv Sunnhordland! Eiendommen ligger idyllisk til omgitt av vakker natur, med flotte sjøutsikts- og rekreasjonsmuligheter rett utenfor døren, samtidig som det er kort vei til skole, butikk - og servicetilbud på Husnes. Eiendommen består av flere bygninger, herunder bolighus, løe og naust, som ligger fint tilpasset i terrenget. De ulike bygningene fremstår som velholdte og sjarmerende, med et tydelig preg av tradisjonell byggeskikk og historie. Her får du en flott kombinasjon av maritim beliggenhet med strandlinje og idylliske omgivelser. Kort kjørevei til ferjekaiene på Sunde og Utåker, med gode forbindelser til Skånevik, Matre og Halsnøy. Flotte og populære turterreng like i nærheten. Velkommen til visning! Minus Vis mindre NB: Knappen for å vise hele beskrivelsen har kun en visuell effekt. Pluss tegn Vis hele beskrivelsen NB: Knappen for å vise hele beskrivelsen har kun en visuell effekt. Salgsoppgaven beskriver vesentlig og lovpålagt informasjon om eiendommen Se komplett salgsoppgave Visning Påmelding til megler innen kl 12:00 visningsdagen. Velkommen! Ved annonsert visning er det viktig at du melder deg på visningen ved å bruke visningspåmeldingsknappen eller kontakter megler. Annonserte visninger hvor det ikke er noen påmeldte innen kl. 12.00 på visningsdagen vil ikke bli avholdt. For visninger utover dette, ta direkte kontakt med megler. Husk å lese komplett salgsoppgave før visning. Bestill komplett, utskriftsvennlig salgsoppgave. Visningspåmelding Gi bud Nærområdet Kart Nedre Ersland 48, 5452 Sandvoll Annonseinformasjon FINN-kode 473869191 Sist endret 18. sep. 2026 09:51 Referanse 1510260025 Rapporter annonse Annonsene kan være mangelfulle i forhold til lovpålagt opplysningsplikt. Før bindende avtale inngås oppfordres interessenter til å innhente komplett informasjon fra meglerforetaket, selger eller utleier.",2026-09-20T15:36:52+00:00,house
475220151,https://www.finn.no/realestate/homes/ad.html?finnkode=475220151,Grååsen - Fin og innholdsrik familiebolig med koselig hage - 4 soverom - 2 bad -2 P-plasser,"Grååsveien 47, 1820 Spydeberg",1820,Spydeberg,4 300 000 kr,4 408 850 kr,108 850 kr,,1 057 932 kr,Enebolig,Selveier,,153 m² (BRA-i),165 m²,,4,,2001,,10 296 m² (eiet),10296,10.3,Rom,3118,431,72,5,"Velkommen til Grååsveien 47! En fin og romslig familiebolig med god plass og gode bruksmuligheter. Boligen byr på et romslig kjøkken med god plass til spisebord og innredning med klassiske, profilerte fronter. Kjøkkenet er godt utstyrt med blant annet induksjonstopp, stekeovn og oppvaskmaskin. Stuen har utgang til en stor, solrik terrasse og hage   perfekt for både familieliv, lek og hyggelige sammenkomster. Det er to flislagte bad, ett i hver etasje, begge med vannbåren gulvvarme. Badet i 1. etasje fungerer også som praktisk vaskerom med opplegg for vaskemaskin. Boligen har 4 gode soverom. Praktiske uteboder for oppbevaring. Eiendommen ligger i et etablert boligområde på Grååsen i Spydeberg med nærhet til barnehage, skole og fine tur- og rekreasjonsmuligheter. Minus Vis mindre NB: Knappen for å vise hele beskrivelsen har kun en visuell effekt. Pluss tegn Vis hele beskrivelsen NB: Knappen for å vise hele beskrivelsen har kun en visuell effekt. Salgsoppgaven beskriver vesentlig og lovpålagt informasjon om eiendommen Se komplett salgsoppgave Nyttige lenker Bestill salgsoppgave Visning Ta kontakt for å avtale visning. Husk å lese komplett salgsoppgave før visning. Bestill komplett, utskriftsvennlig salgsoppgave. Visningspåmelding Gi bud Nyttige lenker Bestill salgsoppgave Nærområdet Kart Grååsveien 47, 1820 Spydeberg Annonseinformasjon FINN-kode 475220151 Sist endret 16. sep. 2026 16:25 Referanse 5460260066 Rapporter annonse Annonsene kan være mangelfulle i forhold til lovpålagt opplysningsplikt. Før bindende avtale inngås oppfordres interessenter til å innhente komplett informasjon fra meglerforetaket, selger eller utleier.",2026-09-20T15:36:53+00:00,house
463342646,https://www.finn.no/realestate/homes/ad.html?finnkode=463342646,"Eldre småbruk med landlig beliggenhet og tomt på 12,7 mål | Carport | Godt med lagring | Oppussing- og renoveringsbehov","Vestre Hurdalsveg 8, 2032 Maura",2032,Maura,2 990 000 kr,3 065 840 kr,75 840 kr,,805 865 kr,Enebolig,Selveier,,208 m² (BRA-i),293 m²,,2,,1947,,12 723 m² (eiet),12723,12.7,Rom,3238,141,11,5,"Velkommen til Vestre Hurdalsveg 8! Eiendommen byr på en romslig tomt med både plen, skog og dyrket mark. Innvendig venter en innholdsrik planløsning som fordeler seg over to plan, samt kjelleretasje. Boligen har en eldre standard hvor oppussing og renovering må påregnes - her er det muligheter til å sette ditt personlige preg. Boligen inneholder bl.a. to stuer, spisestue, separat kjøkken, to soverom, bad og godt med bodplass. Høydepunkter: - Eldre småbruk med stort potensial - To romslige stuer og separat kjøkken - Stor eiertomt på ca. 12,7 mål - Carport og uthus/boder Eiendommen ligger i landlige omgivelser med fine turmuligheter for hele familien i nærheten, samtidig som det er kort vei til Maura sentrum og Gardermoen. Velkommen til visning! Minus Vis mindre NB: Knappen for å vise hele beskrivelsen har kun en visuell effekt. Pluss tegn Vis hele beskrivelsen NB: Knappen for å vise hele beskrivelsen har kun en visuell effekt. Salgsoppgaven beskriver vesentlig og lovpålagt informasjon om eiendommen Se komplett salgsoppgave Nyttige lenker Bestill salgsoppgave Visning tirsdag, 22. september 18:00 – 18:45 Legg til i kalender Velkommen til hyggelig visning! Alle våre visninger har påmelding. På denne måten sikrer vi at megler har god oversikt og tid til å imøtekomme alle interessenter. Meld deg på visning ved å trykke på lenken visningspåmelding. Passer ikke tidspunktet, ta kontakt med megler og avtal tid for privatvisning. Husk å lese komplett salgsoppgave før visning. Bestill komplett, utskriftsvennlig salgsoppgave. Visningspåmelding Gi bud Nyttige lenker Bestill salgsoppgave Nærområdet Kart Vestre Hurdalsveg 8, 2032 Maura Annonseinformasjon FINN-kode 463342646 Sist endret 16. sep. 2026 18:25 Referanse 6032262118 Rapporter annonse Annonsene kan være mangelfulle i forhold til lovpålagt opplysningsplikt. Før bindende avtale inngås oppfordres interessenter til å innhente komplett informasjon fra meglerforetaket, selger eller utleier.",2026-09-20T15:36:54+00:00,house
421992833,https://www.finn.no/realestate/homes/ad.html?finnkode=421992833,Idyllisk tun med vakker beliggenhet og med flere bygninger. Bolighus og stabbur med moderne standard.,"Nørestranda 81, 6040 Vigra",6040,Vigra,6 950 000 kr,7 124 840 kr,174 840 kr,,1 034 282 kr,Enebolig,Selveier,,302 m² (BRA-i),302 m²,,5,,1848,,5 867 m² (eiet),5867,5.9,G - Oransje,1532,7,215,5,"Velkommen til denne unike perlen på Vigra Beliggende i landlige omgivelser for et aktivt og hyggelig familieliv, der både mark og sjø frister med flotte turmuligheter. Her kan du dyrke frukt, bær og grønnsaker og ha et liv litt nærmere naturen. Tunet er egnet for lett næringsvirksomhet, noe som er hjemlet i gjeldende reguleringsplan, f. eks. foredling og salg av egen avling, turisme, kursvirksomhet, eller eller andre idéer du måtte ha. Hovedhuset er jevnlig modernisert og vedlikeholdt, og fremstår i dag med moderne komfort og løsninger hvor en har tatt vare på den opprinnelige bygningsform og materialer. Det har tre etasjer og hele 5 soverom. Det er flere stuer og to bad og wc-rom og separat vaskerom. Stort, flott kjøkken med åpen løsning inn til spisestue og skyvedør til sørvendt romslig terrasse. Kjellerstue og flere boder for god oppbevaring. Det er tilhørende stabbur med mange soveplasser, kjøkken og bad. Det er også sjå, veksthus, leikehytte, hagehytte og smie. Velkommen! Minus Vis mindre NB: Knappen for å vise hele beskrivelsen har kun en visuell effekt. Pluss tegn Vis hele beskrivelsen NB: Knappen for å vise hele beskrivelsen har kun en visuell effekt. Salgsoppgaven beskriver vesentlig og lovpålagt informasjon om eiendommen Se komplett salgsoppgave Nyttige lenker Gi bud Bestill salgsoppgave Eiendommens hjemmeside Visning Ta kontakt for å avtale visning. Husk å lese komplett salgsoppgave før visning. Bestill komplett, utskriftsvennlig salgsoppgave. Visningspåmelding Gi bud Nyttige lenker Gi bud Bestill salgsoppgave Eiendommens hjemmeside Nærområdet Kart Nørestranda 81, 6040 Vigra Annonseinformasjon FINN-kode 421992833 Sist endret 10. sep. 2026 06:01 Referanse 313251152 Rapporter annonse Annonsene kan være mangelfulle i forhold til lovpålagt opplysningsplikt. Før bindende avtale inngås oppfordres interessenter til å innhente komplett informasjon fra meglerforetaket, selger eller utleier.",2026-09-20T15:36:57+00:00,house
471947373,https://www.finn.no/realestate/homes/ad.html?finnkode=471947373,Innholdsrikt kjedehus med fire romslige soverom og to toalett | Sørvendt terrasse | Garasje med loft | Godt vedlikeholdt,"Mårskrenten 51, 6425 Molde",6425,Molde,3 950 000 kr,4 132 274 kr,9 528 kr,172 746 kr,985 565 kr,Enebolig,Andel,,140 m² (BRA-i),162 m²,,4,,1988,,22 513 m² (eiet),22513,22.5,C - Lysegrønn,1506,29,823,5,"En innholdsrik bolig med skjermet beliggenhet, gode solforhold og en planløsning som passer godt for både store, og små familier. Her bor du i et etablert borettslag med kort vei til skole, grøntområder, lekeplasser og fine turmuligheter, samtidig som daglige servicetilbud ligger innen enkel rekkevidde. Boligen strekker seg over tre etasjer og byr på lyse oppholdsrom, fire soverom og flere fleksible romløsninger. Hovedetasjen er boligens naturlige samlingspunkt med en romslig stue, kjøkken fra 2012 og direkte utgang til en sørvendt terrasse med gode solforhold. Loftsetasjen ble bruksendret og godkjent som hoveddel i 2026, noe som gir boligen et verdifullt tilskudd av oppholdsareal. I tillegg er boligen løpende oppgradert med blant annet varmepumpe, elbillader, flere utskiftede vinduer og oppgraderinger av både bad og elektrisk anlegg. Integrert garasje, flere uteplasser og et etablert bomiljø gjør dette til en bolig som kombinerer funksjonelle løsninger med gode bokvaliteter. Minus Vis mindre NB: Knappen for å vise hele beskrivelsen har kun en visuell effekt. Pluss tegn Vis hele beskrivelsen NB: Knappen for å vise hele beskrivelsen har kun en visuell effekt. Salgsoppgaven beskriver vesentlig og lovpålagt informasjon om eiendommen Se komplett salgsoppgave Nyttige lenker Eiendommens hjemmeside Bestill salgsoppgave Visning Ta kontakt for å avtale visning. Husk å lese komplett salgsoppgave før visning. Bestill komplett, utskriftsvennlig salgsoppgave. Visningspåmelding Gi bud Nyttige lenker Eiendommens hjemmeside Bestill salgsoppgave Nærområdet Kart Mårskrenten 51, 6425 Molde Annonseinformasjon FINN-kode 471947373 Sist endret 11. sep. 2026 06:02 Referanse 13260170 Rapporter annonse Annonsene kan være mangelfulle i forhold til lovpålagt opplysningsplikt. Før bindende avtale inngås oppfordres interessenter til å innhente komplett informasjon fra meglerforetaket, selger eller utleier.",2026-09-20T15:36:58+00:00,house
467381893,https://www.finn.no/realestate/homes/ad.html?finnkode=467381893,"Arkitekttegnet Villa av Ulrik Hellum m/​panoramautsikt -11,7 mål tomt -Trippel garasje, lysthus og drivhus -Ingen boplikt","Rødbergsvingen 26, 3267 Larvik",3267,Larvik,20 000 000 kr,20 518 990 kr,518 990 kr,,,Enebolig,Selveier,,453 m² (BRA-i),568 m²,,4,,1975,,11 764 m² (eiet),11764,11.8,,3909,4050,41,7,"Velkommen til Rødbergsvingen 26! En innholdsrik og arkitekttegnet villa med en flott beliggenhet på en høyde over sjøen. Eiendommen ligger usjenert til på en hellende naturtomt med utsikt over fjorden. Boligen har en spennende planløsning med store vindusflater, flere stuer og en egen soveromsfløy. Dette er en eiendom med betydelig potensial, men modernisering og oppgraderinger må påregnes for å møte dagens standard. Beliggenheten gir nærhet til både sjøen, golfbane og Larvik sentrum. Høydepunkter: Store terrasser i skifer med fjordutsikt Trippelgarasje med elektriske portåpnere Flere peiser og vann-til-vann varmepumpe fra 2023 Kjøkken med heltre fronter og benkeplate i stein Innglasset sommerstue, lysthus og drivhus Velkommen til visning! Minus Vis mindre NB: Knappen for å vise hele beskrivelsen har kun en visuell effekt. Pluss tegn Vis hele beskrivelsen NB: Knappen for å vise hele beskrivelsen har kun en visuell effekt. Salgsoppgaven beskriver vesentlig og lovpålagt informasjon om eiendommen Se komplett salgsoppgave Nyttige lenker Se komplett salgsoppgave Visning Visningen har obligatorisk påmelding. Kravet om påmelding har vi  for å kunne gi deg og andre visningsdeltakere en best mulig opplevelse og service knyttet til gjennomføring av visningen. Velkommen! Husk å lese komplett salgsoppgave før visning. Bestill komplett, utskriftsvennlig salgsoppgave. Visningspåmelding Gi bud Nyttige lenker Se komplett salgsoppgave Nærområdet Kart Rødbergsvingen 26, 3267 Larvik Annonseinformasjon FINN-kode 467381893 Sist endret 31. aug. 2026 10:17 Referanse 20-26-0724 Rapporter annonse Annonsene kan være mangelfulle i forhold til lovpålagt opplysningsplikt. Før bindende avtale inngås oppfordres interessenter til å innhente komplett informasjon fra meglerforetaket, selger eller utleier.",2026-09-20T15:37:00+00:00,house
474769148,https://www.finn.no/realestate/homes/ad.html?finnkode=474769148,"Frittliggende enebolig på Selfors med altan, garasjer og stor eiet tomt. Renoveringsobjekt.","Saltfjellveien 41, 8613 Mo i Rana",8613,Mo i Rana,2 000 000 kr,2 051 390 kr,51 390 kr,,611 846 kr,Enebolig,Selveier,,117 m² (BRA-i),193 m²,,2,,1972,2,32 361 m² (eiet),32361,32.4,Rom,1833,99,13,5,"Enebolig med en tilbaketrukket og skjermet beliggenhet på Selfors, beliggende på en romslig eiertomt. Boligen er oppført i 1972 og går over hovedetasje og sokkeletasje med et samlet BRA-i på 117 kvm. Eiendommen har i tillegg to garasjer og bod, samt gode parkeringsmuligheter på egen tomt. Boligen har hovedsakelig opprinnelig standard og fremstår med et betydelig oppgraderings- og moderniseringsbehov. For den rette kjøperen representerer eiendommen en spennende mulighet til å utvikle og tilpasse boligen etter egne ønsker og behov. Den store tomten, den landlige beliggenheten og nærheten til både Selfors og Mo i Rana sentrum gir gode rammer for et trivelig bomiljø. Minus Vis mindre NB: Knappen for å vise hele beskrivelsen har kun en visuell effekt. Pluss tegn Vis hele beskrivelsen NB: Knappen for å vise hele beskrivelsen har kun en visuell effekt. Salgsoppgaven beskriver vesentlig og lovpålagt informasjon om eiendommen Se komplett salgsoppgave Nyttige lenker Social Video Visning Ta kontakt for å avtale visning. Husk å lese komplett salgsoppgave før visning. Bestill komplett, utskriftsvennlig salgsoppgave. Visningspåmelding Gi bud Nyttige lenker Social Video Nærområdet Kart Saltfjellveien 41, 8613 Mo i Rana Annonseinformasjon FINN-kode 474769148 Sist endret 31. aug. 2026 10:13 Referanse 1807260256 Rapporter annonse Annonsene kan være mangelfulle i forhold til lovpålagt opplysningsplikt. Før bindende avtale inngås oppfordres interessenter til å innhente komplett informasjon fra meglerforetaket, selger eller utleier.",2026-09-20T15:37:01+00:00,house
474920661,https://www.finn.no/realestate/homes/ad.html?finnkode=474920661,Familievennlig enebolig i et attraktivt og veletablert borettslag. Veranda med fjordutsikt. Skjermet platting. Garasje.,"Fregatten 2, 3038 Drammen",3038,Drammen,4 900 000 kr,5 151 554 kr,1 090 kr,250 464 kr,1 299 923 kr,Enebolig,Andel,,131 m² (BRA-i),150 m²,,3,,1985,2,70 395 m² (eiet),70395,70.4,Rom,3301,26,254,7,"Velkommen til Fregatten 2! Her får du en familievennlig bolig med flott fjordutsikt i et rolig og attraktivt nabolag. Boligen har en flott hjørnebeliggenhet i Nordbylia Borettslag, et ideelt sted for en familie. Med kort og bilfri gangavstand til barneskole, barnehage og idrettsanlegg, samt nærhet til turområder og badeplasser, er alt tilrettelagt for en aktiv og enkel hverdag. Kort fortalt: - Peisovn og luft-til-luft varmepumpe (2020) i boligen. - Kjøkken med medfølgende hvitevarer. - Praktisk toalettrom, bad og separat vaskerom. - Vinkelveranda på 21 kvm med flott utsikt mot fjorden. - Lun og skjermet platting på 18 kvm og disponibelt hageområde. - Parkering i egen garasje og foran garasjen ved boligen. - Attraktivt og veletablert borettslag. Velkommen til visning! Minus Vis mindre NB: Knappen for å vise hele beskrivelsen har kun en visuell effekt. Pluss tegn Vis hele beskrivelsen NB: Knappen for å vise hele beskrivelsen har kun en visuell effekt. Salgsoppgaven beskriver vesentlig og lovpålagt informasjon om eiendommen Se komplett salgsoppgave Nyttige lenker Gi Bud Eiendommens hjemmeside på Krogsveen.no Visning søndag, 20. september 16:00 – 17:00 Legg til i kalender Ønsker du å delta på annonsert visning må du gi beskjed i forkant til megler. Frist for å melde deg på visning er senest klokken 12 samme dag som oppsatt visning. Trykk på ""Visningspåmelding"" eller kontakt megler på telefon/epost. Annonserte visninger uten påmeldinger vil ikke bli avholdt. Visningspåmelding Gi bud Nyttige lenker Gi Bud Eiendommens hjemmeside på Krogsveen.no Nærområdet Kart Fregatten 2, 3038 Drammen Annonseinformasjon FINN-kode 474920661 Sist endret 16. sep. 2026 09:30 Referanse KR20.26274 Rapporter annonse Annonsene kan være mangelfulle i forhold til lovpålagt opplysningsplikt. Før bindende avtale inngås oppfordres interessenter til å innhente komplett informasjon fra meglerforetaket, selger eller utleier.",2026-09-20T15:37:02+00:00,house
471651388,https://www.finn.no/realestate/homes/ad.html?finnkode=471651388,"Vik i Hole - Påkostet og moderne kjedet enebolig med hage, store solrike terrasser og nydelig fjordutsikt.","Gjesvalhaugen 36, 3530 Røyse",3530,Røyse,6 900 000 kr,7 086 950 kr,186 950 kr,,1 557 074 kr,Enebolig,Selveier,,116 m² (BRA-i),125 m²,,3,,2017,2,11 038 m² (eiet),11038,11.0,C - Lysegrønn,3310,193,6,5,"Moderne, påkostet, lettstelt og tiltalende bolig over to plan med attraktiv beliggenhet. Boligen ligger fint til med svært gode solforhold og flott utsikt mot Steinsfjorden. Planløsningen er gjennomtenkt, med romslige oppholdsarealer og gode uteområder. To store terrasser i hver sin etasje gir flere naturlige soner for både avslapning og sosiale sammenkomster. Gangavstand til skole, barnehage og Vik Torg Familievennlig beliggenhet i blindvei Utvendige screens på alle vinduer Moderne kjøkken fra Trebo med integrerte hvitevarer Delikat flislagt bad og gjestetoalett Gulvvarme i  hele 1. etg. med unntak av bod Carport med utvidetbod Elbillader 2 varmepumper En innholdsrik og moderne bolig med gode kvaliteter - perfekt for deg som ønsker en nyere bolig i et attraktivt, etablert og barnevennlig område. Minus Vis mindre NB: Knappen for å vise hele beskrivelsen har kun en visuell effekt. Pluss tegn Vis hele beskrivelsen NB: Knappen for å vise hele beskrivelsen har kun en visuell effekt. Salgsoppgaven beskriver vesentlig og lovpålagt informasjon om eiendommen Se komplett salgsoppgave Nyttige lenker Bestill salgsoppgave Visning Kontakt megler for påmelding til visning eller benytt skjema i annonsen. Husk å lese komplett salgsoppgave før visning. Bestill komplett, utskriftsvennlig salgsoppgave. Visningspåmelding Gi bud Nyttige lenker Bestill salgsoppgave Nærområdet Kart Gjesvalhaugen 36, 3530 Røyse Annonseinformasjon FINN-kode 471651388 Sist endret 01. sep. 2026 04:14 Referanse 27260035 Rapporter annonse Annonsene kan være mangelfulle i forhold til lovpålagt opplysningsplikt. Før bindende avtale inngås oppfordres interessenter til å innhente komplett informasjon fra meglerforetaket, selger eller utleier.",2026-09-20T15:37:04+00:00,house
467956016,https://www.finn.no/realestate/homes/ad.html?finnkode=467956016,Ny pris! Moderne og praktisk enebolig fra 2018 - Uthus + badstue - Tomt på ca.34 mål - Naturskjønn og rolig beliggenhet,"Hellarhaugen 55, 8360 Bøstad",8360,Bøstad,2 990 000 kr,3 065 840 kr,75 840 kr,,680 469 kr,Enebolig,Selveier,,74 m² (BRA-i),99 m²,,2,,2018,1,34 792 m² (eiet),34792,34.8,C - Rød,1860,123,12,5,"Velkommen til Hellarhaugen 55 - Presentert av EiendomsMegler 1 Lofoten: Eiendommen ligger på Grundstad i vakre Lofoten, med naturen som nærmeste nabo. Her kan du nyte en rolig atmosfære, med turterreng og bærmarker rett utenfor døren. Boligen har en praktisk og funksjonell planløsning med alt på ett plan, to soverom og gulvvarme på badet. Balansert ventilasjon sørger for et godt inneklima, og boligen fremstår godt vedlikeholdt med fasade malt i 2024. Eiendommen byr på gode uteplasser med to terrasser, hvorav den sørvestvendte har flott utsikt mot mektige fjell og natur. Her er det gode solforhold, med sol store deler av døgnet i sommerhalvåret. På eiendommen finnes også en separat redskapsbod med god lagringsplass. Til tross for den rolige beliggenheten, ligger eiendommen praktisk til med ca. 25 minutters kjøreavstand til Leknes og omtrent 35 minutter til Svolvær. Last ned salgsoppgaven for utfyllende informasjon om eiendommen. Velkommen til hyggelig visning! Minus Vis mindre NB: Knappen for å vise hele beskrivelsen har kun en visuell effekt. Pluss tegn Vis hele beskrivelsen NB: Knappen for å vise hele beskrivelsen har kun en visuell effekt. Salgsoppgaven beskriver vesentlig og lovpålagt informasjon om eiendommen Se komplett salgsoppgave Nyttige lenker Eiendommens hjemmeside Bestill salgsoppgave Visning Ta kontakt for å avtale visning. Husk å lese komplett salgsoppgave før visning. Bestill komplett, utskriftsvennlig salgsoppgave. Visningspåmelding Gi bud Nyttige lenker Eiendommens hjemmeside Bestill salgsoppgave Nærområdet Kart Hellarhaugen 55, 8360 Bøstad Annonseinformasjon FINN-kode 467956016 Sist endret 11. sep. 2026 06:01 Referanse 17260073 Rapporter annonse Annonsene kan være mangelfulle i forhold til lovpålagt opplysningsplikt. Før bindende avtale inngås oppfordres interessenter til å innhente komplett informasjon fra meglerforetaket, selger eller utleier.",2026-09-20T15:37:05+00:00,house
474861015,https://www.finn.no/realestate/homes/ad.html?finnkode=474861015,Visning | Sjarmerende og koselig bolig med pen hage i rolige og sentrumsnære omgivelser i historiske Kanalbyen,"Lienveien 34, 3678 Notodden",3678,Notodden,1 450 000 kr,1 630 932 kr,9 796 kr,171 136 kr,360 966 kr,Enebolig,Andel,,59 m² (BRA-i),105 m²,,1,,1912,,16 515 m² (eiet),16515,16.5,,4005,242,216,5,"Boligen ligger pent og idyllisk til på hjørnet av sjarmerende Kanalbyen med pen utsikt mot Tinnelva og nærområdene rundt. Kanalbyen borettslag er et eldre koselig boligområde i rolige omgivelser som ligger mellom Tinnelva/kanalen og Lienveien. Kort avstand til Notodden sentrum og alle byens fasiliteter, samt idrettsanlegg, butikk, timebuss, gallerier, turområder m.m. Boligen er fra 1912 og senere tilbygd rundt 1990. Normal standard for alder, og det er skiftet en del vinduer i 2014, automatsikringer fra 2015 og nymalte overflater i 2026. Planløsningen består av entre, kjøkken, stue, soverom og bad/vaskerom. 4 boder i kjeller. Veranda på ca. 2,8 m² ved inngangspartiet. Minus Vis mindre NB: Knappen for å vise hele beskrivelsen har kun en visuell effekt. Pluss tegn Vis hele beskrivelsen NB: Knappen for å vise hele beskrivelsen har kun en visuell effekt. Salgsoppgaven beskriver vesentlig og lovpålagt informasjon om eiendommen Se komplett salgsoppgave Visning onsdag, 23. september 16:30 – 17:30 Legg til i kalender Husk å lese komplett salgsoppgave før visning. Bestill komplett, utskriftsvennlig salgsoppgave. Visningspåmelding Gi bud Nærområdet Kart Lienveien 34, 3678 Notodden Annonseinformasjon FINN-kode 474861015 Sist endret 14. sep. 2026 14:04 Referanse 1306260090 Rapporter annonse Annonsene kan være mangelfulle i forhold til lovpålagt opplysningsplikt. Før bindende avtale inngås oppfordres interessenter til å innhente komplett informasjon fra meglerforetaket, selger eller utleier.",2026-09-20T15:37:06+00:00,house
474858766,https://www.finn.no/realestate/homes/ad.html?finnkode=474858766,Hvorfor velge mellom hus og hytte? | 34 mål | Panoramautsikt | Gjestehus | 4 garasjeplasser,"Kynnstadvegen 160, 2412 Sørskogbygda",2412,Sørskogbygda,9 900 000 kr,10 148 590 kr,248 590 kr,,952 270 kr,Enebolig,Selveier,,159 m² (BRA-i),306 m²,,5,,2003,,34 135 m² (eiet),34135,34.1,C - Lysegrønn,3420,180,150,5,"Hva om hjemmet ditt kunne føles som hytta - hver eneste dag? Høyt, fritt og usjenert i Sørskogbygda ligger en helårsbolig helt utenom det vanlige. Her bor du omgitt av mer enn 34 mål egen natur, med panoramautsikt over skoger, åser og dalfører, samtidig som Elverum og hverdagens fasiliteter bare er en kjøretur unna. Eiendommen er skapt for deg som ønsker mer. Mer plass. Mer frihet. Mer natur. Og kanskje litt mindre nabo. Tunet består av en innholdsrik laftet hovedbolig, separat stabbur/anneks med hele 5 sengeplasser og 2 bad/wc, 2 doble garasjer, oppvarmet verksted, vedskjul og lekestue. Totalt får familien hele 12 sengeplasser og 4 bad/wc,  perfekt når barn, familie og venner kommer på besøk. Dette er derfor langt mer enn en bolig. Dette er helårsbolig og landsted i ett. Et sted hvor hjemmekontoret kan ha milevis med utsikt, barna kan løpe fritt på egen eiendom og garasjene faktisk har plass til alle hobbyene. Her trenger du ikke vente til helgen med ""å dra på hytta!"" Minus Vis mindre NB: Knappen for å vise hele beskrivelsen har kun en visuell effekt. Pluss tegn Vis hele beskrivelsen NB: Knappen for å vise hele beskrivelsen har kun en visuell effekt. Salgsoppgaven beskriver vesentlig og lovpålagt informasjon om eiendommen Se komplett salgsoppgave Nyttige lenker Gi bud Bestill salgsoppgave Eiendommens hjemmeside Visning Ta kontakt for å avtale visning. Husk å lese komplett salgsoppgave før visning. Bestill komplett, utskriftsvennlig salgsoppgave. Visningspåmelding Gi bud Nyttige lenker Gi bud Bestill salgsoppgave Eiendommens hjemmeside Nærområdet Kart Kynnstadvegen 160, 2412 Sørskogbygda Annonseinformasjon FINN-kode 474858766 Sist endret 28. aug. 2026 15:24 Referanse R-6260287 Rapporter annonse Annonsene kan være mangelfulle i forhold til lovpålagt opplysningsplikt. Før bindende avtale inngås oppfordres interessenter til å innhente komplett informasjon fra meglerforetaket, selger eller utleier.",2026-09-20T15:37:07+00:00,house
460266265,https://www.finn.no/realestate/homes/ad.html?finnkode=460266265,"Unik herskapelig eiendom med historisk sus -  Søsters hvile  byr på en sjelden kombinasjon av karakter, sjarm og idyll","Klosterveien 100, 1570 Dilling",1570,Dilling,13 900 000 kr,14 248 866 kr,348 866 kr,,3 239 334 kr,Enebolig,Selveier,,483 m² (BRA-i),536 m²,,6,,1917,3,7 333 m² (eiet),7333,7.3,B - Oransje,3103,189,26,7,"Velkommen til Klosterveien 100 -  Søsters hvile , en sjelden og herskapelig eiendom med en helt unik historie. Vakkert beliggende langs en majestetisk bøkeallé med røtter tilbake til 1800-tallet, ligger denne særegne eiendommen utskilt fra historiske Værne kloster - omgitt av en atmosfære av ro, historie og tidløs eleganse. Den storslåtte boligen fra 1917, på hele 536 m², er gjennom de senere år omfattende oppgradert med høy kvalitet og enestående detaljrikdom. Her finner du et eksklusivt kjøkken fra Drømmekjøkkenet, tre elegante stuer på rekke, egen bar, seks romslige soverom, tre lekre bad og innbydende oppholdsarealer. Eiendommen ligger på en imponerende tomt på ca. 7,3 mål med vakker hage, majestetiske eiketrær, flere solrike uteplasser, dobbelgarasje med elbillader og gode parkeringsmuligheter. En fredelig og naturskjønn beliggenhet - kun en kort kjøretur fra Moss sentrum. En sjelden anledning til å sikre seg en historisk eiendomsperle med særpreg og karakter - denne må du se! Minus Vis mindre NB: Knappen for å vise hele beskrivelsen har kun en visuell effekt. Pluss tegn Vis hele beskrivelsen NB: Knappen for å vise hele beskrivelsen har kun en visuell effekt. Salgsoppgaven beskriver vesentlig og lovpålagt informasjon om eiendommen Se komplett salgsoppgave Nyttige lenker Salgsoppgave Klosterveien 100 Gi bud Bestill salgsoppgave Eiendommens hjemmeside Visning Ta kontakt for å avtale visning. Husk å lese komplett salgsoppgave før visning. Bestill komplett, utskriftsvennlig salgsoppgave. Visningspåmelding Gi bud Nyttige lenker Salgsoppgave Klosterveien 100 Gi bud Bestill salgsoppgave Eiendommens hjemmeside Nærområdet Kart Klosterveien 100, 1570 Dilling Annonseinformasjon FINN-kode 460266265 Sist endret 08. sep. 2026 06:00 Referanse 3-26-0048 Rapporter annonse Annonsene kan være mangelfulle i forhold til lovpålagt opplysningsplikt. Før bindende avtale inngås oppfordres interessenter til å innhente komplett informasjon fra meglerforetaket, selger eller utleier.",2026-09-20T15:37:10+00:00,house
474788172,https://www.finn.no/realestate/homes/ad.html?finnkode=474788172,"SJELDEN EIENDOM! | Egen strandlinje, stor tomt med fjøs, garasje, uthus og fantastisk fjord- og fjellutsikt!","Hovedveien 30, 9062 Furuflaten",9062,Furuflaten,4 900 000 kr,5 042 050 kr,142 050 kr,,711 926 kr,Enebolig,Selveier,,127 m² (BRA-i),228 m²,,3,,1949,,10 526 m² (eiet),10526,10.5,,5536,67,157,5,"Velkommen til Hovedveien 30 - Naturskjønn eiendom med romslig tomt, nærhet til fjord og vakre omgivelser! Boligen går over 3 etg. og byr på gode oppholdsrom, 3 romslige soverom, terrasse og balkong med flott utsyn, samt praktiske bod- og kjellerarealer. Stor tomt med god plass til parkering, uteopphold og aktiviteter, i tillegg til fjøs med garasje og uthus. En sjelden kombinasjon av romslig tomt, vakker natur og ettertraktet beliggenhet tett på fjorden. Her bor du naturskjønt til med havet og strandlinjen som en naturlig del av eiendommen, samtidig som fjellene og de mange turmulighetene i Lyngen-området ligger like i nærheten Høydepunkter: Terrasse og balkong Naust Vedfyring Stor tomt med strandlinje Rikelig med lagringsplass Fjøs med garsje og uthus Nydelig fjord- og fjellutsikt Flotte turområder Minus Vis mindre NB: Knappen for å vise hele beskrivelsen har kun en visuell effekt. Pluss tegn Vis hele beskrivelsen NB: Knappen for å vise hele beskrivelsen har kun en visuell effekt. Salgsoppgaven beskriver vesentlig og lovpålagt informasjon om eiendommen Se komplett salgsoppgave Nyttige lenker Bestill salgsoppgave Visning For visning, klikk på ""Visningspåmelding"" under. Kontakt megler for mer informasjon! Husk å lese komplett salgsoppgave før visning. Bestill komplett, utskriftsvennlig salgsoppgave. Visningspåmelding Gi bud Nyttige lenker Bestill salgsoppgave Nærområdet Kart Hovedveien 30, 9062 Furuflaten Annonseinformasjon FINN-kode 474788172 Sist endret 19. sep. 2026 04:15 Referanse 52260288 Rapporter annonse Annonsene kan være mangelfulle i forhold til lovpålagt opplysningsplikt. Før bindende avtale inngås oppfordres interessenter til å innhente komplett informasjon fra meglerforetaket, selger eller utleier.",2026-09-20T15:37:11+00:00,house
468119158,https://www.finn.no/realestate/homes/ad.html?finnkode=468119158,Gildeskål - ærverdig og historisk eiendom med den aller beste beliggenhet,"Schillers vei 14, 8140 Inndyr",8140,Inndyr,9 500 000 kr,9 738 590 kr,238 590 kr,,741 809 kr,Enebolig,Selveier,,423 m² (BRA-i),423 m²,,5,,1926,,5 799 m² (eiet),5799,5.8,Rom,1838,27,13,5,"Sjelden flott eiendom med den aller beste beliggenhet. Opprinnelig doktorgården på Sund. Grensende til sjøen og fra eiendommen er det panorama utsikt mot sjøen og skjærgården. Videre ser man mot Fugløya, Sandhornet og Gildeskåls høyeste fjell, Memaurtinden. Innholdsrik bolig med stort kjøkken. 2 stuer pluss spisestue, 5 soverom, 2 bad og rikelig med bodplass. God standard og delvis nyoppusset. Flott opparbeidet hageareal rundt boligen med store terrasseplattinger og plenarealer. Rikelig med parkeringsareal. Maksimalt gode solforhold. Kort vei til Inndyr med dagligvare og post. Ca 1,5 times biltur fra Bodø. Minus Vis mindre NB: Knappen for å vise hele beskrivelsen har kun en visuell effekt. Pluss tegn Vis hele beskrivelsen NB: Knappen for å vise hele beskrivelsen har kun en visuell effekt. Salgsoppgaven beskriver vesentlig og lovpålagt informasjon om eiendommen Se komplett salgsoppgave Nyttige lenker Se komplett salgsoppgave Visning Visningen har obligatorisk påmelding. Kravet om påmelding har vi  for å kunne gi deg og andre visningsdeltakere en best mulig opplevelse og service knyttet til gjennomføring av visningen. Velkommen! Husk å lese komplett salgsoppgave før visning. Bestill komplett, utskriftsvennlig salgsoppgave. Visningspåmelding Gi bud Nyttige lenker Se komplett salgsoppgave Nærområdet Kart Schillers vei 14, 8140 Inndyr Annonseinformasjon FINN-kode 468119158 Sist endret 14. sep. 2026 09:42 Referanse 20-26-0702 Rapporter annonse Annonsene kan være mangelfulle i forhold til lovpålagt opplysningsplikt. Før bindende avtale inngås oppfordres interessenter til å innhente komplett informasjon fra meglerforetaket, selger eller utleier.",2026-09-20T15:37:13+00:00,house
399785558,https://www.finn.no/realestate/homes/ad.html?finnkode=399785558,Tidligere småbruk med skjermet og god beliggenhet - 22 mål tomt - Oppussingsobjekt med potensiale,"Furuknappen 284, 2415 Heradsbygd",2415,Heradsbygd,1 490 000 kr,1 541 090 kr,51 090 kr,,489 901 kr,Enebolig,Selveier,,172 m² (BRA-i),365 m²,,4,,1890,1,22 069 m² (eiet),22069,22.1,Rom,3420,39,20,5,"Tidligere småbruk med skjermet og god beliggenhet i landlige omgivelser i Heradsbygd, ca 11 km fra Elverum sentrum. Ca 3 km til barneskole og idrettsanlegg i Heradsbygd. Innholdsrik eiendom bestående av enebolig, låve og 2 uthus. Det er varierende standard innvendig og utvendig på enebolig, med flere påbegynte oppussings- og moderniseringsarbeider som ikke er ferdigstilt. Låve og uthus med enkel standard. Tomteareal på ca 22 dekar. Gode lys- og solforhold. En eiendom med potensiale. Se komplett salgsoppgave med tilstandsrapport for utfyllende opplysninger om eiendommen. Visning etter avtale. Minus Vis mindre NB: Knappen for å vise hele beskrivelsen har kun en visuell effekt. Pluss tegn Vis hele beskrivelsen NB: Knappen for å vise hele beskrivelsen har kun en visuell effekt. Salgsoppgaven beskriver vesentlig og lovpålagt informasjon om eiendommen Se komplett salgsoppgave Nyttige lenker Bestill salgsoppgave Visning Visning etter avtale. Husk å lese komplett salgsoppgave før visning. Bestill komplett, utskriftsvennlig salgsoppgave. Visningspåmelding Gi bud Nyttige lenker Bestill salgsoppgave Nærområdet Kart Furuknappen 284, 2415 Heradsbygd Annonseinformasjon FINN-kode 399785558 Sist endret 27. aug. 2026 14:22 Referanse 6014260117 Rapporter annonse Annonsene kan være mangelfulle i forhold til lovpålagt opplysningsplikt. Før bindende avtale inngås oppfordres interessenter til å innhente komplett informasjon fra meglerforetaket, selger eller utleier.",2026-09-20T15:37:14+00:00,house
474757947,https://www.finn.no/realestate/homes/ad.html?finnkode=474757947,"Landbrukseiendom på Atløy med våningshus, uthus og driftsbygning - 269 daa totalt areal","Herlandsvegen 244, 6985 Atløy",6985,Atløy,1 600 000 kr,1 641 292 kr,41 292 kr,,395 755 kr,Enebolig,Selveier,,112 m² (BRA-i),112 m²,,,,1850,,269 800 m² (eiet),269800,269.8,G - Rød,4645,51,1,3,"Landbrukseiendom på Atløy med fin plassering. Behov for oppussing av bygningene. Det er registrert 27 daa fulldyra jord, 15 daa overflatedyra jord og 15 daa innmarksbeite. Ca 100 da med skog. Totalt areal 269 daa. Det er tillegg for areal som ikke er matrikulert på fjellet. Gården ligger i området der Atløysambandet går i land, og det er avtalt forhåndstiltredelse av areal knyttet til dette. Gården har en sentral beliggenhet knyttet til de nye veien og kort avstand til butikk og idrettsanlegget på øya. Mer infomrasjon om eiendommen får du i landbrukstakst og tilstandsrapport på eiendommen. Minus Vis mindre NB: Knappen for å vise hele beskrivelsen har kun en visuell effekt. Pluss tegn Vis hele beskrivelsen NB: Knappen for å vise hele beskrivelsen har kun en visuell effekt. Ta kontakt med megler for komplett informasjon Nyttige lenker Bestill salgsoppgave Visning torsdag, 24. september 14:00 – 15:00 Legg til i kalender OBS! Visningspåmelding - visning blir kun gjennomført med de som melder seg på. Visning blir avlyst Husk å lese komplett salgsoppgave før visning. Bestill komplett, utskriftsvennlig salgsoppgave. Visningspåmelding Nyttige lenker Bestill salgsoppgave Nærområdet Kart Herlandsvegen 244, 6985 Atløy Annonseinformasjon FINN-kode 474757947 Sist endret 06. sep. 2026 04:08 Referanse 2250029 Rapporter annonse Annonsene kan være mangelfulle i forhold til lovpålagt opplysningsplikt. Før bindende avtale inngås oppfordres interessenter til å innhente komplett informasjon fra meglerforetaket, selger eller utleier.",2026-09-20T15:37:15+00:00,house
473860827,https://www.finn.no/realestate/homes/ad.html?finnkode=473860827,"Einebustad med flott beliggenheit, med behov for renovering | 3 etasjar | 2 kjøkken | 2 Vaskerom | Parkering","Seljadalsvegen 342, 6893 Vik i Sogn",6893,Vik i Sogn,1 490 000 kr,1 528 340 kr,38 340 kr,,885 858 kr,Enebolig,Selveier,,316 m² (BRA-i),356 m²,,2,,1960,3,6 339 m² (eiet),6339,6.3,,4639,7,9,5,"Velkommen til Seljadalsvegen 342! Presentert av Hedda Njøs v/Eiendomsmegler Norge. Her får du ein einebustad med behov for oppgradering - mykje moglegheitar. Bustaden strekker seg over 3 etasjar og har følgjande innhald: - 1.etasje: 3 Vindfang, 2 Gang, 2 Trapperom, 2 Stover, 2 Kjøkken, 2 Bad - 2.etasje: 2 Gang, 2 Trapperom, Stove, 5 Soverom - Kjellar: 2 Trapperom/Gang, 2 Vaskerom, Bod, Lagerrom I tillegg, har ein eit uthus på ca.40 m2. Mykje tomt, med god boltreplass for store og små. Velkommen til ein hyggeleg visning! Foto: Eirik Flugheim Minus Vis mindre NB: Knappen for å vise hele beskrivelsen har kun en visuell effekt. Pluss tegn Vis hele beskrivelsen NB: Knappen for å vise hele beskrivelsen har kun en visuell effekt. Salgsoppgaven beskriver vesentlig og lovpålagt informasjon om eiendommen Se komplett salgsoppgave Nyttige lenker Eiendommens hjemmeside Interessert i denne eiendommen? Visning Eiendomsmegler Norge sine visninger har påmelding. Påmelding gjøres enkelt ved å benytte knappen under. Ta kontakt med megler dersom oppsatt tidspunkt ikke passer. Det vil ikke bli avholdt visning uten påmelding, frist for påmelding er senest kl. 12.00 på visningsdagen. Husk å laste ned salgsoppgaven digitalt før visning. Velkommen til en hyggelig visning! Husk å lese komplett salgsoppgave før visning. Bestill komplett, utskriftsvennlig salgsoppgave. Visningspåmelding Gi bud Nyttige lenker Eiendommens hjemmeside Interessert i denne eiendommen? Nærområdet Kart Seljadalsvegen 342, 6893 Vik i Sogn Annonseinformasjon FINN-kode 473860827 Sist endret 10. sep. 2026 18:14 Referanse 17260042 Rapporter annonse Annonsene kan være mangelfulle i forhold til lovpålagt opplysningsplikt. Før bindende avtale inngås oppfordres interessenter til å innhente komplett informasjon fra meglerforetaket, selger eller utleier.",2026-09-20T15:37:17+00:00,house
474642321,https://www.finn.no/realestate/homes/ad.html?finnkode=474642321,Enebolig beliggende i barnevennlig boligområde - Stor tomt - 4 soverom - Romslig garasje,"Haugereidveien 26, 4815 Saltrød",4815,Saltrød,3 500 000 kr,3 588 590 kr,88 590 kr,,873 966 kr,Enebolig,Selveier,,207 m² (BRA-i),355 m²,,4,,1955,3,7 899 m² (eiet),7899,7.9,,4203,45,19,7,"Enebolig med stor garasje beliggende på et høydedrag med meget gode solforhold. Romslig tomt, pent opparbeidet og som innbyr til avslapning og sosialt samvær. Boligen går over 3 plan og inneholder blant annet 4 soverom, bad, kjøkken samt stuer. I tillegg er det oppført hyggelig hagestue i forbindelse med terrasse og hagen. Den store garasje gir gode muligheter for lagring, hobbyvirksomhet eller verksted. Den store tomten og de gode uteområdene gjør eiendommen spesielt attraktiv for barnefamilier og andre som ønsker god plass rundt seg. Her bor du i rolige og barnevennlige omgivelser omgitt av vakker natur som gir god plass for hele familien. Minus Vis mindre NB: Knappen for å vise hele beskrivelsen har kun en visuell effekt. Pluss tegn Vis hele beskrivelsen NB: Knappen for å vise hele beskrivelsen har kun en visuell effekt. Salgsoppgaven beskriver vesentlig og lovpålagt informasjon om eiendommen Se komplett salgsoppgave Nyttige lenker Eiendommens hjemmeside Interessert i denne eiendommen? Visning mandag, 21. september 16:30 – 17:00 Legg til i kalender Eiendomsmegler Norge sine visninger har påmelding. Påmelding gjøres enkelt ved å benytte knappen under. Ta kontakt med megler dersom oppsatt tidspunkt ikke passer. Det vil ikke bli avholdt visning uten påmelding, frist for påmelding er senest kl. 12.00 på visningsdagen. Husk å laste ned salgsoppgaven digitalt før visning. Velkommen til en hyggelig visning! Husk å lese komplett salgsoppgave før visning. Bestill komplett, utskriftsvennlig salgsoppgave. Visningspåmelding Gi bud Nyttige lenker Eiendommens hjemmeside Interessert i denne eiendommen? Nærområdet Kart Haugereidveien 26, 4815 Saltrød Annonseinformasjon FINN-kode 474642321 Sist endret 14. sep. 2026 10:25 Referanse 59260183 Rapporter annonse Annonsene kan være mangelfulle i forhold til lovpålagt opplysningsplikt. Før bindende avtale inngås oppfordres interessenter til å innhente komplett informasjon fra meglerforetaket, selger eller utleier.",2026-09-20T15:37:18+00:00,house
473993975,https://www.finn.no/realestate/homes/ad.html?finnkode=473993975,"Enebolig sentralt med sjøutsikt og solrik tomt | ca 7,5 mål eiertomt | Usjenert og ingen gjennomgangstrafikk","Nervikvegen 167, 7690 Mosvik",7690,Mosvik,2 050 000 kr,2 102 340 kr,52 340 kr,,717 681 kr,Enebolig,Selveier,,131 m² (BRA-i),161 m²,,3,,1985,,7 493 m² (eiet),7493,7.5,,5053,318,26,5,"Velkommen til Nervikvegen 167, presentert av EiendomsMegler 1 v/John Sivert Brandt! Enebolig med sentral beliggenhet i Mosvik, med gangavstand til skole, barnehage, butikk og Mosvik Brygge mm. Eiendommen ligger skjermet til på en høyde med fin sjøutsikt og gode solforhold. Fra boligen er det også kort vei til flotte tur- og friluftsområder. Av flere kvaliteter kan vi spesielt nevne: Garasje med nytt tak i 2017 Sørvendt tomt på ca. 7,5 mål Usjenert beliggenhet med egen gårdsvei uten gjennomgangstrafikk Oppusset kjøkken i 2026 Bad oppgradert i 2015 og varmepumpe installert i 2022 Ca. 20 minutters kjøring til Straumen med et bredt servicetilbud Husk påmelding til visning! Velkommen! Minus Vis mindre NB: Knappen for å vise hele beskrivelsen har kun en visuell effekt. Pluss tegn Vis hele beskrivelsen NB: Knappen for å vise hele beskrivelsen har kun en visuell effekt. Salgsoppgaven beskriver vesentlig og lovpålagt informasjon om eiendommen Se komplett salgsoppgave Nyttige lenker Eiendommens hjemmeside Bestill salgsoppgave Visning søndag, 27. september 14:00 – 15:00 Legg til i kalender Våre visninger har påmelding. Dette gjør vi for å kunne yte bedre service for våre kunder. Verdifullt for boligkjøper og for oss. Vi anbefaler at salgsoppgaven lastes ned digitalt før visning, og ring oss gjerne på forhånd for spørsmål om boligen. Passer ikke angitt tidspunkt, ta kontakt så finner vi en løsning. Skulle det mot formodning ikke være påmeldte til angitt visningstidspunkt vil ikke visning bli gjennomført. Husk å lese komplett salgsoppgave før visning. Bestill komplett, utskriftsvennlig salgsoppgave. Visningspåmelding Gi bud Nyttige lenker Eiendommens hjemmeside Bestill salgsoppgave Nærområdet Kart Nervikvegen 167, 7690 Mosvik Annonseinformasjon FINN-kode 473993975 Sist endret 17. sep. 2026 08:52 Referanse 52260252 Rapporter annonse Annonsene kan være mangelfulle i forhold til lovpålagt opplysningsplikt. Før bindende avtale inngås oppfordres interessenter til å innhente komplett informasjon fra meglerforetaket, selger eller utleier.",2026-09-20T15:37:20+00:00,house
473764251,https://www.finn.no/realestate/homes/ad.html?finnkode=473764251,"Sjelden eiendom på over 31,8 mål - mulighet til å dele opp hovedtomten i 4 tomter - Kort gange til Son sentrum","Kapellveien 25, 1553 Son",1553,Son,17 800 000 kr,18 246 090 kr,446 090 kr,,,Enebolig,Selveier,,150 m² (BRA-i),291 m²,,3,,1950,3,31 812 m² (eiet),31812,31.8,Rom,3216,135,2,7,"Velkommen til Kapellveien 25 - en del av historiske Strømbråtan, også kalt Ladeløkka! Den store natureiendommen består av tre tomter på til sammen over 31,8 mål i et rolig og familievennlig boligområde noen hundre meter fra Son sentrum. Son har et sjarmerende småbypreg, ofte omtalt som ""Norges nordligste sørlandsby"", og er kjent for sin beliggenheten langs kysten. En sjelden og unik mulighet med fjordutsikt Tillatelse til deling av hovedtomt til 4 byggeklare tomter (grunneiendommer) Skogen på hver side av tomten er LNF, deler er fredet. Over 31,8 mål med naturtomt i rolige omgivelse Spennende kulturminne og munkehistorie på eiendommen Enebolig, garasje med hems og driftbygning/låve Kort gåtur til barnehager, skoler, idrettsanlegg og buss Minus Vis mindre NB: Knappen for å vise hele beskrivelsen har kun en visuell effekt. Pluss tegn Vis hele beskrivelsen NB: Knappen for å vise hele beskrivelsen har kun en visuell effekt. Salgsoppgaven beskriver vesentlig og lovpålagt informasjon om eiendommen Se komplett salgsoppgave Nyttige lenker Gi bud Bestill salgsoppgave Visning Visning etter avtale, ta kontakt med Jeanette (91552939) for å finne et tidspunkt som passer. Husk å lese komplett salgsoppgave før visning. Bestill komplett, utskriftsvennlig salgsoppgave. Visningspåmelding Gi bud Nyttige lenker Gi bud Bestill salgsoppgave Nærområdet Kart Kapellveien 25, 1553 Son Annonseinformasjon FINN-kode 473764251 Sist endret 09. sep. 2026 15:47 Referanse 41-0175/26 Rapporter annonse Annonsene kan være mangelfulle i forhold til lovpålagt opplysningsplikt. Før bindende avtale inngås oppfordres interessenter til å innhente komplett informasjon fra meglerforetaket, selger eller utleier.",2026-09-20T15:37:21+00:00,house
469330058,https://www.finn.no/realestate/homes/ad.html?finnkode=469330058,Modernisert småbruk med stort våningshus og låve - Flott beliggenhet i bukta på Lyngstad,"Lyngstadvegen 116, 6493 Lyngstad",6493,Lyngstad,2 290 000 kr,2 348 600 kr,58 600 kr,,827 475 kr,Enebolig,Selveier,,331 m² (BRA-i),676 m²,,4,,1890,,71 001 m² (eiet),71001,71.0,Rom,1579,170,14,5,"Vi har gledet av å presentere dette flotte småbruket med beliggenhet i Lyngstad. Eiendommen har ett stort våningshus, der opprinnelig del er fra ca 1890, og har blitt påbygd i flere runder, samt vært under betydelig modernisering de siste 20 årene, der spesielt kårboligen har blitt modernisert, både med nytt kjøkken, stue og hoveddel, etterisolert, nytt rør og elektrisk. I tillegg ble yttertaket byttet i 2014. Vi ber alle interessenter gjøre seg godt kjent med salgsoppgave og tilstandsrapport. Gårdstunet har også en forholdsvis romslig låve, en flat tomt som er pent inngjerdet. Eiendommen består av flere teiger som til sammen utgjør ca 71 dekar. 7,2 dekar fulldyrka jord og 35 dekar skog. Se for øvrig gårdskart.no. Vi ønsker velkommen til visning! Minus Vis mindre NB: Knappen for å vise hele beskrivelsen har kun en visuell effekt. Pluss tegn Vis hele beskrivelsen NB: Knappen for å vise hele beskrivelsen har kun en visuell effekt. Salgsoppgaven beskriver vesentlig og lovpålagt informasjon om eiendommen Se komplett salgsoppgave Nyttige lenker Gi bud Bestill salgsoppgave Eiendommens hjemmeside Visning Ta kontakt for å avtale visning. Husk å lese komplett salgsoppgave før visning. Bestill komplett, utskriftsvennlig salgsoppgave. Visningspåmelding Nyttige lenker Gi bud Bestill salgsoppgave Eiendommens hjemmeside Nærområdet Kart Lyngstadvegen 116, 6493 Lyngstad Annonseinformasjon FINN-kode 469330058 Sist endret 02. sep. 2026 14:26 Referanse 21260105 Rapporter annonse Annonsene kan være mangelfulle i forhold til lovpålagt opplysningsplikt. Før bindende avtale inngås oppfordres interessenter til å innhente komplett informasjon fra meglerforetaket, selger eller utleier.",2026-09-20T15:37:22+00:00,house
474083349,https://www.finn.no/realestate/homes/ad.html?finnkode=474083349,"Lys & moderne kjedet enebolig med terrasse på 39m² | 3 sov, 2 stuer, 2 bad | Garasje | Barnevennlig | Fine fellesarealer","Trallegangen 92, 2030 Nannestad",2030,Nannestad,4 900 000 kr,5 023 590 kr,123 590 kr,,1 062 312 kr,Enebolig,Selveier,,112 m² (BRA-i),138 m²,,3,,2021,,6 623 m² (eiet),6623,6.6,Rom,3238,151,30,5,"Velkommen til Trallegangen 92! I denne boligen vil du oppleve en gjennomgående og moderne standard. Boligen fordeler seg fint over to etasjer og gir fine oppholdsrom for både store og små. Du inviteres inn i entréen med skyvedørsgarderobe og tilgang til bad. Videre byr boligen på åpen stue-/kjøkkenløsning med plass til flere sittegrupper. Oppe i 2. etg. får du tre soverom, loftstue med utgang til terrassen, bad og bod. Bilen parkerer du trygt i egen garasje. Verdt å merke seg: - Terrasse på 39 m² og hagedel - Godt kjøkken med integrerte hvitevarer - Peisovn - Sportsbod - Fine fellesområder Nærområdet byr på alt du trenger til det daglige - her får du bl.a. dagligvarer, vinmonopol, barnehager, skoler, treningssenter, idrettsanlegg og fine turområder. Minus Vis mindre NB: Knappen for å vise hele beskrivelsen har kun en visuell effekt. Pluss tegn Vis hele beskrivelsen NB: Knappen for å vise hele beskrivelsen har kun en visuell effekt. Salgsoppgaven beskriver vesentlig og lovpålagt informasjon om eiendommen Se komplett salgsoppgave Nyttige lenker Bestill salgsoppgave Visning Velkommen til hyggelig visning! Alle våre visninger har påmelding. På denne måten sikrer vi at megler har god oversikt og tid til å imøtekomme alle interessenter. Meld deg på visning ved å trykke på lenken visningspåmelding. Passer ikke tidspunktet, ta kontakt med megler og avtal tid for privatvisning. Husk å lese komplett salgsoppgave før visning. Bestill komplett, utskriftsvennlig salgsoppgave. Visningspåmelding Gi bud Nyttige lenker Bestill salgsoppgave Nærområdet Kart Trallegangen 92, 2030 Nannestad Annonseinformasjon FINN-kode 474083349 Sist endret 09. sep. 2026 16:20 Referanse 6032262363 Rapporter annonse Annonsene kan være mangelfulle i forhold til lovpålagt opplysningsplikt. Før bindende avtale inngås oppfordres interessenter til å innhente komplett informasjon fra meglerforetaket, selger eller utleier.",2026-09-20T15:37:24+00:00,house
464143192,https://www.finn.no/realestate/homes/ad.html?finnkode=464143192,"Flott einebustad med attraktiv plassering i barnevenleg nabolag | Solrik uteplass, carport og sportsbod","Vedlegjerdsvegen 7, 6856 Sogndal",6856,Sogndal,6 500 000 kr,6 663 850 kr,163 850 kr,,1 302 525 kr,Enebolig,Selveier,,106 m² (BRA-i),117 m²,,2,,2022,2,7 662 m² (eiet),7662,7.7,,4640,1,313,7,"Velkommen til Vedlegjerdsvegen 7! Ein nyare einebustad frå 2022 med flott utsikt over fjorden, plassert i eit roleg og etablert bustadfelt på nedre Kjørnes. Her bur du i flotte omgivnader med kort veg til både fjord og fjell! Frå eigedomen kan ein nyte flott utsikt over Eidsfjorden og fjella rundt, samt svært gode solforhold. Her bur ein i eit svært barnevennleg og lite trafikkert bumiljø, med gåavstand til barnehage, badestrand og fleire flotte turalternativ i umiddelbar nærleik. Kort veg til sentrum med gang- og sykkelveg. Kort om eigedomen: Flott utsikt og gode solforhold Moglegheit for 3 soverom 2 bad og 1 vaskerom Carport og 2 sportsbodar Nybygggaranti Fine uteplassar Velkommen til vising! Minus Vis mindre NB: Knappen for å vise hele beskrivelsen har kun en visuell effekt. Pluss tegn Vis hele beskrivelsen NB: Knappen for å vise hele beskrivelsen har kun en visuell effekt. Salgsoppgaven beskriver vesentlig og lovpålagt informasjon om eiendommen Se komplett salgsoppgave Nyttige lenker Bestill salgsoppgave Gi bud Visning Alle våre visingar har påmelding, dette gjer vi for å kunne yte betre service til kundane våre. Ta kontakt med meklar dersom du har spørsmål eller om oppsett tid ikkje skulle passe. Visingar utan påmeldte vert avlyst. For visingar utover dei annonserte, ta kontakt med meklar. Husk å lese komplett salgsoppgave før visning. Bestill komplett, utskriftsvennlig salgsoppgave. Visningspåmelding Gi bud Nyttige lenker Bestill salgsoppgave Gi bud Nærområdet Kart Vedlegjerdsvegen 7, 6856 Sogndal Annonseinformasjon FINN-kode 464143192 Sist endret 07. sep. 2026 15:46 Referanse 4000260033 Rapporter annonse Annonsene kan være mangelfulle i forhold til lovpålagt opplysningsplikt. Før bindende avtale inngås oppfordres interessenter til å innhente komplett informasjon fra meglerforetaket, selger eller utleier.",2026-09-20T15:37:25+00:00,house
474594205,https://www.finn.no/realestate/homes/ad.html?finnkode=474594205,"Landlig og idyllisk eiendom rett ved Bjelviktjenna! Garasjebygg, hage og gode solforhold.","Bjelkevikveien 4, 3788 Stabbestad",3788,Stabbestad,1 750 000 kr,1 795 140 kr,45 140 kr,,497 616 kr,Enebolig,Selveier,,88 m² (BRA-i),182 m²,,3,,1967,1,5 000 m²,5000,5.0,Rom,4014,10,44,7,"Aktiv eiendomsmegling har gleden av å presentere Bjelkevikveien 4! Enebolig fra 1967, med alle hovedfunksjoner på én flate og en flott beliggenhet med utsikt mot vannet. Boligen har et tydelig behov for modernisering, men byr samtidig på flere kvaliteter og muligheter for den som ønsker å oppgradere og sette sitt eget preg på eiendommen. Eiendommen ligger attraktivt til på Stabbestad i Kragerø kommune, i et naturskjønt og rolig område med nærhet til både vann, friluftsliv og et bredt aktivitetstilbud. Boligen ligger idyllisk til like ved Bjelkviktjenna, som gir flotte muligheter for turer, rekreasjon og naturopplevelser i umiddelbar nærhet. Ta kontakt med megler for visning! Minus Vis mindre NB: Knappen for å vise hele beskrivelsen har kun en visuell effekt. Pluss tegn Vis hele beskrivelsen NB: Knappen for å vise hele beskrivelsen har kun en visuell effekt. Salgsoppgaven beskriver vesentlig og lovpålagt informasjon om eiendommen Se komplett salgsoppgave Visning Ta kontakt for å avtale visning. Husk å lese komplett salgsoppgave før visning. Bestill komplett, utskriftsvennlig salgsoppgave. Visningspåmelding Gi bud Nærområdet Kart Bjelkevikveien 4, 3788 Stabbestad Annonseinformasjon FINN-kode 474594205 Sist endret 03. sep. 2026 10:58 Referanse 1302260170 Rapporter annonse Annonsene kan være mangelfulle i forhold til lovpålagt opplysningsplikt. Før bindende avtale inngås oppfordres interessenter til å innhente komplett informasjon fra meglerforetaket, selger eller utleier.",2026-09-20T15:37:27+00:00,house
474473166,https://www.finn.no/realestate/homes/ad.html?finnkode=474473166,"Gamle Glemmen gård | Gammelt småbruk med stor tomt | Enebolig, låve og uthus - mye potensiale!","Gamle Kirkevei 102, 1617 Fredrikstad",1617,Fredrikstad,4 800 000 kr,4 920 545 kr,120 545 kr,,1 099 113 kr,Enebolig,Selveier,,229 m² (BRA-i),486 m²,,6,,1974,,61 735 m² (eiet),61735,61.7,,3107,201,18,5,"Velkommen til Gamle Kirkevei 102 - et tidligere småbruk med stor tomt og enebolig over to plan, samt låve og uthus. Tilleggsbygningene er i dårlig stand, men gir deg gode muligheter for lagring ev. verksted eller låve med dyrehold som det var i gamle dager. I Nibio gårdskart er det registrert både fulldyrka jord og produktiv skog, men driftspotensialet er usikkert. Boligen har i dag en enkel standard og oppussing trengs. Den inneholder 3 leiligheter, men er registrert som enebolig. Leilighetene i u.etg. er ikke godkjent. Den store tomten gir rom for både hage, dyrkning eller andre prosjekter. Eier har fått tegnet forslag til omgjøring av låve til leiligheter og startet dialogen med kommunen, tegninger vedlagt i prospektet. Beliggenheten er fredelig, men sentral - med kort vei til barnehager, skoler, Fredrikstadmarka, Østfoldhallene og Fredrikstad sentrum. Ask Møller ønsker velkommen til visning - Husk påmelding! Minus Vis mindre NB: Knappen for å vise hele beskrivelsen har kun en visuell effekt. Pluss tegn Vis hele beskrivelsen NB: Knappen for å vise hele beskrivelsen har kun en visuell effekt. Salgsoppgaven beskriver vesentlig og lovpålagt informasjon om eiendommen Se komplett salgsoppgave Nyttige lenker Salgsoppgave Tilstandsrapport (1).pdf Gi bud Bestill salgsoppgave Eiendommens hjemmeside Visning Ta kontakt for å avtale visning. Husk å lese komplett salgsoppgave før visning. Bestill komplett, utskriftsvennlig salgsoppgave. Visningspåmelding Gi bud Nyttige lenker Salgsoppgave Tilstandsrapport (1).pdf Gi bud Bestill salgsoppgave Eiendommens hjemmeside Nærområdet Kart Gamle Kirkevei 102, 1617 Fredrikstad Annonseinformasjon FINN-kode 474473166 Sist endret 02. sep. 2026 06:01 Referanse 4-26-0074 Rapporter annonse Annonsene kan være mangelfulle i forhold til lovpålagt opplysningsplikt. Før bindende avtale inngås oppfordres interessenter til å innhente komplett informasjon fra meglerforetaket, selger eller utleier.",2026-09-20T15:37:28+00:00,house
474548983,https://www.finn.no/realestate/homes/ad.html?finnkode=474548983,Enebolig med stor garasje og låve. Tomt på 9 440 kvm. Sentralt beliggende i Elnesvågen.,"Tornesvegen 51, 6440 Elnesvågen",6440,Elnesvågen,2 250 000 kr,2 321 140 kr,71 140 kr,,2 059 212 kr,Enebolig,Selveier,,91 m² (BRA-i),258 m²,,3,,1904,2,9 441 m² (eiet),9441,9.4,Rom,1579,42,387,5,"Velkommen til Tornesvegen 51! - Eldre enebolig over 2 etasjer pluss kjeller, oppført ca. 1904 - Stort garasjebygg med dobbel garasje i 1.etg. og dobbel carport i u.etg. - Låve over 2 etasjer, oppført ca. 1905 - Stor tomt på 9 441 kvm - Sentralt beliggende ca. 1,5 km vest for Elnesvågen sentrum - En del vedlikehold og renovering må påregnes Minus Vis mindre NB: Knappen for å vise hele beskrivelsen har kun en visuell effekt. Pluss tegn Vis hele beskrivelsen NB: Knappen for å vise hele beskrivelsen har kun en visuell effekt. Salgsoppgaven beskriver vesentlig og lovpålagt informasjon om eiendommen Se komplett salgsoppgave Nyttige lenker Bestill prospekt Gi bud Visning mandag, 21. september 16:00 – 17:00 Legg til i kalender Alle våre visninger har påmelding. På denne måten sikrer vi at megler har god oversikt og tid til å imøtekomme alle interessenter på beste måte. Skulle ingen være påmeldt til visningen, vil visningen ikke bli gjennomført. Passer ikke annonsert tidspunkt, ta kontakt så finner vi en løsning. Husk å lese komplett salgsoppgave før visning. Bestill komplett, utskriftsvennlig salgsoppgave. Visningspåmelding Gi bud Nyttige lenker Bestill prospekt Gi bud Nærområdet Kart Tornesvegen 51, 6440 Elnesvågen Annonseinformasjon FINN-kode 474548983 Sist endret 11. sep. 2026 16:07 Referanse GAR44.2692 Rapporter annonse Annonsene kan være mangelfulle i forhold til lovpålagt opplysningsplikt. Før bindende avtale inngås oppfordres interessenter til å innhente komplett informasjon fra meglerforetaket, selger eller utleier.",2026-09-20T15:37:29+00:00,house
473870317,https://www.finn.no/realestate/homes/ad.html?finnkode=473870317,"Nedlagt småbruk med romslig tomt på 28,8 daa | Låve og garasje med god lagringsplass - DITT NYE HJEM?","Gamle Mosjøveien 101, 8890 Leirfjord",8890,Leirfjord,2 190 000 kr,2 245 840 kr,55 840 kr,,454 844 kr,Enebolig,Selveier,,160 m² (BRA-i),258 m²,,4,,1947,,28 861 m² (eiet),28861,28.9,Rom,1822,69,9,5,"Velkommen til Gamle Mosjøveien 101! En innholdsrik eiendom med landlig beliggenhet og stort potensial. Her presenterer vi en eiendom med en rolig og landlig beliggenhet, Huset ligger fritt til på en stor eiertomt med plen og beplantning, og har gode utsiktsforhold. Eiendommen består av en enebolig over tre plan, en garasje og en fjøsbygning som gir rikelig med lagringsplass. Boligen er jevnlig vedlikeholdt med blant annet drenering fra 2010, skiftet bordkledning på nord og sør-vegg og utskifting av en del vinduer og dører i 2021/23, men har et generelt moderniseringsbehov. Dette er en flott mulighet for den som ønsker å skape sitt eget hjem i fredelige omgivelser. Kort fortalt: Fire soverom og to bad Stor eiertomt på ca. 28,8 mål Garasje og fjøs med lagringsplass Kjøkken med spiseplass og vedovn To bad med varmekabler Kjeller med boder og vaskerom Velkommen til visning! Minus Vis mindre NB: Knappen for å vise hele beskrivelsen har kun en visuell effekt. Pluss tegn Vis hele beskrivelsen NB: Knappen for å vise hele beskrivelsen har kun en visuell effekt. Salgsoppgaven beskriver vesentlig og lovpålagt informasjon om eiendommen Se komplett salgsoppgave Nyttige lenker Eiendommens hjemmeside Bestill salgsoppgave Visning Ta kontakt for å avtale visning. Husk å lese komplett salgsoppgave før visning. Bestill komplett, utskriftsvennlig salgsoppgave. Visningspåmelding Gi bud Nyttige lenker Eiendommens hjemmeside Bestill salgsoppgave Nærområdet Kart Gamle Mosjøveien 101, 8890 Leirfjord Annonseinformasjon FINN-kode 473870317 Sist endret 04. sep. 2026 06:00 Referanse 15250108 Rapporter annonse Annonsene kan være mangelfulle i forhold til lovpålagt opplysningsplikt. Før bindende avtale inngås oppfordres interessenter til å innhente komplett informasjon fra meglerforetaket, selger eller utleier.",2026-09-20T15:37:31+00:00,house
473648025,https://www.finn.no/realestate/homes/ad.html?finnkode=473648025,Enebolig med stor eiertomt | Garasje og anneks | Landlig og usjenert beliggenhet,"Vestfjordveien 316, 8276 Ulvsvåg",8276,Ulvsvåg,1 600 000 kr,1 641 090 kr,41 090 kr,,317 736 kr,Enebolig,Selveier,,192 m² (BRA-i),236 m²,,4,,1963,,16 585 m² (eiet),16585,16.6,Rom,1875,10,8,5,"Velkommen til Vestfjordveien 316! En enebolig med stor eiertomt beliggende i naturskjønne omgivelser. Stor og innholdsrik enebolig. Boligen går over to plan pluss kjeller, og inneholder blant annet stue, kjøkken, fire soverom og to bad. I tillegg til boligen er det en romslig garasje og et laftet anneks på tomten. Området er preget av storslått natur. Kort fortalt: Stor eiertomt på ca. 16,6 mål i LNF-område Garasje og et laftet anneks på eiendommen Privat vann fra brønn og privat avløp via septiktank To vedovner og varmepumpe for oppvarming Flere balkonger med utgang fra stue og loftsgang Det er god lagringsplass i kjeller Velkommen til visning! Minus Vis mindre NB: Knappen for å vise hele beskrivelsen har kun en visuell effekt. Pluss tegn Vis hele beskrivelsen NB: Knappen for å vise hele beskrivelsen har kun en visuell effekt. Salgsoppgaven beskriver vesentlig og lovpålagt informasjon om eiendommen Se komplett salgsoppgave Nyttige lenker Eiendommens hjemmeside Bestill salgsoppgave Visning Ta kontakt for å avtale visning. Husk å lese komplett salgsoppgave før visning. Bestill komplett, utskriftsvennlig salgsoppgave. Visningspåmelding Gi bud Nyttige lenker Eiendommens hjemmeside Bestill salgsoppgave Nærområdet Kart Vestfjordveien 316, 8276 Ulvsvåg Annonseinformasjon FINN-kode 473648025 Sist endret 15. sep. 2026 06:08 Referanse 23260166 Rapporter annonse Annonsene kan være mangelfulle i forhold til lovpålagt opplysningsplikt. Før bindende avtale inngås oppfordres interessenter til å innhente komplett informasjon fra meglerforetaket, selger eller utleier.",2026-09-20T15:37:32+00:00,house
467469047,https://www.finn.no/realestate/homes/ad.html?finnkode=467469047,Utsikt til Færder og Tønsbergfjorden! | En eiendom som sjelden er tilgjengelig | Rolig område i enden av blindvei!,"Hubroåsen 7C, 3227 Sandefjord",3227,Sandefjord,4 850 000 kr,5 533 278 kr,1 090 kr,682 188 kr,817 652 kr,Enebolig,Andel,,155 m² (BRA-i),175 m²,,3,,1976,2,13 389 m² (eiet),13389,13.4,Rom,3907,116,289,5,"Et innbydende og familievennlig hjem over to plan, vakkert beliggende i attraktive Hubroåsen/Kamfjordåsen. Privat, høy og fri beliggenhet! En bolig som gir både ro og livskvalitet i hverdagen. Planløsningen passer like godt for barnefamilier som for par med ønske om god plass og fleksible løsninger. En sjelden kombinasjon av utsikt, ro og gode solforhold. Meget veldrevet og ryddig borettslag som har de senere årene gjennomført betydelige oppgraderinger, herunder nytt tak i 2025 og etterisolering, noe som bidrar til en trygg og fremtidsrettet bolig. Egen garasjeplass. Flere biloppstillingsplasser på eiendommen, enkel og komfortabel parkeringshverdag. Prisantydningen kan diskuteres. Innflyttningsklar! Minus Vis mindre NB: Knappen for å vise hele beskrivelsen har kun en visuell effekt. Pluss tegn Vis hele beskrivelsen NB: Knappen for å vise hele beskrivelsen har kun en visuell effekt. Salgsoppgaven beskriver vesentlig og lovpålagt informasjon om eiendommen Se komplett salgsoppgave Nyttige lenker Bestill salgsoppgave Visning søndag, 20. september 14:00 – 16:00 Legg til i kalender Velkommen til åpen visning v/selger. Gjerne påmelding også ved åpen visning. Hvis oppsatt visningstidspunkt ikke passer, kontakt megler på tlf. 414 32 411 eller selger på mobil 944 25 267 for å avtale visning. Husk å lese komplett salgsoppgave før visning. Bestill komplett, utskriftsvennlig salgsoppgave. Visningspåmelding Gi bud Nyttige lenker Bestill salgsoppgave Nærområdet Kart Hubroåsen 7C, 3227 Sandefjord Annonseinformasjon FINN-kode 467469047 Sist endret 18. sep. 2026 09:30 Referanse 2865260246 Rapporter annonse Annonsene kan være mangelfulle i forhold til lovpålagt opplysningsplikt. Før bindende avtale inngås oppfordres interessenter til å innhente komplett informasjon fra meglerforetaket, selger eller utleier.",2026-09-20T15:37:33+00:00,house
466362101,https://www.finn.no/realestate/homes/ad.html?finnkode=466362101,Farstad - Småbruk i landlige omgivelser - Våningshus fra 1997  - 3 soverom - 2 stuer - Låve og stabbur,"Holmavegen 10, 6444 Farstad",6444,Farstad,3 350 000 kr,3 435 385 kr,85 385 kr,,,Enebolig,Selveier,,155 m² (BRA-i),155 m²,,3,,1997,,19 027 m² (eiet),19027,19.0,D - Gul,1579,87,68,5,"Velkommen til Holmavegen 10 på Farstad. Eiendommen har en sentral beliggenhet på Farstad i landlige omgivelser. Fra eiendommen er det utsikt til Farstadberget og Farstadsanden. Eneboligen ble oppført i 1997 og har standard fra byggeår. Boligen inkluderer følgende: 1. etasje: Gang m/trapp, kjøkken, stue, 2 soverom, bad og vaskerom. Loftsetasje: Loftstue m/trapperom/gang, soverom, toalettrom og 2 kott. På eiendommen er det også oppført eldre låve og stabbur. Gnr. 87 bnr. 68 består av totalt 4 teiger, herunder teig ved Lagvatnet.  Ved Langvatnet er det egnet for parkering av campingvogn eller bobil. Se oversikt over alle teigene i matrikkelkartet med tilhørende areal. Ifølge vedlagt kart fra Gårdskart, har eiendommen følgende fordeling av markslag: - Fulldyrka jord 2,0 daa - Produktiv skog 8,3 daa - Annet markslag 5 daa - Bebygd, samf. vann, bre 3 daa Sum: 18,3 daa I tillegg medfølger andel i et uregistret jordsameie. Minus Vis mindre NB: Knappen for å vise hele beskrivelsen har kun en visuell effekt. Pluss tegn Vis hele beskrivelsen NB: Knappen for å vise hele beskrivelsen har kun en visuell effekt. Salgsoppgaven beskriver vesentlig og lovpålagt informasjon om eiendommen Se komplett salgsoppgave Nyttige lenker Gi bud Bestill salgsoppgave Eiendommens hjemmeside Visning Ta kontakt for å avtale visning. Husk å lese komplett salgsoppgave før visning. Bestill komplett, utskriftsvennlig salgsoppgave. Visningspåmelding Gi bud Nyttige lenker Gi bud Bestill salgsoppgave Eiendommens hjemmeside Nærområdet Kart Holmavegen 10, 6444 Farstad Annonseinformasjon FINN-kode 466362101 Sist endret 02. sep. 2026 06:05 Referanse 45260055 Rapporter annonse Annonsene kan være mangelfulle i forhold til lovpålagt opplysningsplikt. Før bindende avtale inngås oppfordres interessenter til å innhente komplett informasjon fra meglerforetaket, selger eller utleier.",2026-09-20T15:37:35+00:00,house
474068215,https://www.finn.no/realestate/homes/ad.html?finnkode=474068215,BUD MOTTATT! Sentrumsnær bolig i landlige omgivelser med stor tomt | Redskapsbod | Ingen boplikt | Moderniserings behov,"Gamle Telemarksvegen 4, 4865 Åmli",4865,Åmli,1 490 000 kr,1 528 600 kr,38 600 kr,,,Enebolig,Selveier,,56 m² (BRA-i),70 m²,,0,,1918,,5 907 m² (eiet),5907,5.9,G - Rød,4217,39,35,5,"Velkommen til Gamle Telemarksvegen 4 - en frittliggende enebolig med landlig og naturskjønn beliggenhet i Åmli kommune. Boligen ble opprinnelig oppført i 1918, med tilbygg/ombygging utført i 1986-87 og 2005. På eiendommen står også en frittliggende redskapsbod oppført i 2005. Eiendommen har en romslig tomt på hele 5,9 mål, med store opparbeidede hage- og plenarealer. Her får du gode muligheter til å nyte rolige omgivelser og flotte naturområder. Boligen har behov for oppgradering og modernisering av enkelte rom, blant annet har badet behov for renovering. Dette gir mulighet til å sette sitt eget preg på boligen og tilpasse den etter egne ønsker og behov. Samtidig er beliggenheten praktisk, med kun ca. 1 km til Åmli sentrum og kort vei til Åmli skule, dagligvarebutikk, Nidelva og fine friområder. Velkommen til visning! Minus Vis mindre NB: Knappen for å vise hele beskrivelsen har kun en visuell effekt. Pluss tegn Vis hele beskrivelsen NB: Knappen for å vise hele beskrivelsen har kun en visuell effekt. Salgsoppgaven beskriver vesentlig og lovpålagt informasjon om eiendommen Se komplett salgsoppgave Nyttige lenker Gi bud Bestill salgsoppgave Eiendommens hjemmeside Hjemmeside Visning Ta kontakt for å avtale visning. Husk å lese komplett salgsoppgave før visning. Bestill komplett, utskriftsvennlig salgsoppgave. Visningspåmelding Gi bud Nyttige lenker Gi bud Bestill salgsoppgave Eiendommens hjemmeside Hjemmeside Nærområdet Kart Gamle Telemarksvegen 4, 4865 Åmli Annonseinformasjon FINN-kode 474068215 Sist endret 19. sep. 2026 22:29 Referanse 40260239 Rapporter annonse Annonsene kan være mangelfulle i forhold til lovpålagt opplysningsplikt. Før bindende avtale inngås oppfordres interessenter til å innhente komplett informasjon fra meglerforetaket, selger eller utleier.",2026-09-20T15:37:36+00:00,house
455741590,https://www.finn.no/realestate/homes/ad.html?finnkode=455741590,"NY PRIS! Enebolig på Skognes med tilhørende carport, garasje og naust - stor eiendom og fin beliggenhet.","Skognesveien 394, 9372 Gibostad",9372,Gibostad,2 000 000 kr,2 068 280 kr,68 280 kr,,421 704 kr,Enebolig,Selveier,,112 m² (BRA-i),159 m²,,3,,1950,3,14 575 m² (eiet),14575,14.6,Rom,5530,76,47,7,"Stor eiendom med enebolig og tilhørende carport, garasje og naust. Boligen er opprinnelig fra 1950 hvor deler av boligen er oppgradert med blant annet nye innvendige overflater og kjøkken, samt etterisolert og ny kledning. Resterende er av eldre dato og oppgraderinger må påregnes, men boligen i seg selv er et flott utgangspunkt. Inneholder blant annet tre soverom, stue og spisestue i tilknytning til kjøkken. Kjeller har egen inngangsdør og byr på rikelig med oppbevaringsplass. Eiendommen har fin beliggenhet på Skognes, med svært gode solforhold og en fantastisk utsikt. Omtrent 7 kilometer til Gibostad med barnehage, skoler og butikk samt 18 kilometer til Finnsnes sentrum med alt av bymessige fasiliteter. Fra boligen er det kort vei til fjære og utmark med fine turområder. Minus Vis mindre NB: Knappen for å vise hele beskrivelsen har kun en visuell effekt. Pluss tegn Vis hele beskrivelsen NB: Knappen for å vise hele beskrivelsen har kun en visuell effekt. Salgsoppgaven beskriver vesentlig og lovpålagt informasjon om eiendommen Se komplett salgsoppgave Visning Ta kontakt for å avtale visning. Husk å lese komplett salgsoppgave før visning. Bestill komplett, utskriftsvennlig salgsoppgave. Visningspåmelding Gi bud Nærområdet Kart Skognesveien 394, 9372 Gibostad Annonseinformasjon FINN-kode 455741590 Sist endret 17. sep. 2026 13:37 Referanse 1901260011 Rapporter annonse Annonsene kan være mangelfulle i forhold til lovpålagt opplysningsplikt. Før bindende avtale inngås oppfordres interessenter til å innhente komplett informasjon fra meglerforetaket, selger eller utleier.",2026-09-20T15:37:37+00:00,house
474257110,https://www.finn.no/realestate/homes/ad.html?finnkode=474257110,Unik og meget innholdsrikt stavlaftet tømmerhus med stor garasje og veldig gode utleiemuligheter,"Tiltereidet 36, 6460 Eidsvåg i Romsdal",6460,Eidsvåg i Romsdal,8 500 000 kr,8 713 850 kr,213 850 kr,,1 221 614 kr,Enebolig,Selveier,,446 m² (BRA-i),446 m²,,7,,2010,,5 944 m² (eiet),5944,5.9,Rom,1506,235,33,5,"Hjertelig velkommen til Tiltereidet 36, presentert av Sondre Gjetøy v/ EIE eiendomsmegling. Et unikt og meget innholdsrikt tømmerhus, utført i stavlaft på hele 446 m2. I tillegg er det 433 m2 med terrasse areal. Huset er bygd av Vikinglaft Oppdal, og er fylt med nydelige detaljer i en helt fantastisk utførelse. Eiendommen er på hele 5944 m2, og har et nydelig opparbeidet uteområde. Det er integrert garasje med 3-4 biloppstillingsplasser. I underetasjen er det laget til for korttids og langtidsutleie. Selger leier ut leiligheten i underetasjen for kr 7 800,- pr mnd. Korttidsutleie har 4 soverom, felles stue og felles kjøkken som leies ut enkeltvis for mellom kr 600-1000,- pr rom og døgn via Airbnb og andre annonseringsplattformer. Velkommen på visning, husk påmelding! Minus Vis mindre NB: Knappen for å vise hele beskrivelsen har kun en visuell effekt. Pluss tegn Vis hele beskrivelsen NB: Knappen for å vise hele beskrivelsen har kun en visuell effekt. Salgsoppgaven beskriver vesentlig og lovpålagt informasjon om eiendommen Se komplett salgsoppgave Nyttige lenker Forhåndsvisning av salgsoppgave som PDF Gi bud Bestill salgsoppgave Eiendommens hjemmeside Visning Ta kontakt for å avtale visning. Husk å lese komplett salgsoppgave før visning. Bestill komplett, utskriftsvennlig salgsoppgave. Visningspåmelding Nyttige lenker Forhåndsvisning av salgsoppgave som PDF Gi bud Bestill salgsoppgave Eiendommens hjemmeside Nærområdet Kart Tiltereidet 36, 6460 Eidsvåg i Romsdal Annonseinformasjon FINN-kode 474257110 Sist endret 03. sep. 2026 06:03 Referanse 21260180 Rapporter annonse Annonsene kan være mangelfulle i forhold til lovpålagt opplysningsplikt. Før bindende avtale inngås oppfordres interessenter til å innhente komplett informasjon fra meglerforetaket, selger eller utleier.",2026-09-20T15:37:39+00:00,house
474203425,https://www.finn.no/realestate/homes/ad.html?finnkode=474203425,"Enebolig i Kokelv, stor tomt - bud kr 100 000 mottatt","Kokelvveien 40, 9715 Kokelv",9715,Kokelv,120 000 kr,124 090 kr,4 090 kr,0 kr,650 000 kr,Enebolig,Selveier,,125 m² (BRA-i),125 m²,,3,,1951,,7 800 m² (eiet),7800,7.8,Rom,5603,121,42,1,"Eldre bolig med uthus. Totalrehabilitering, eventuelt rivning. Stor tomt med potensial for flere boliger iht reguleringsplan. Landlig beliggenhet i hyggelige Kokelv. Tilbaketrukket fra hovedvei. Store bygningstekniske feil og mangler i boligen, inkludert utglidning i grunnmur og lekkasje fra tak og ned gjennom vegg. Uthus anses som rivingsobjekt. Spesielle regler gjelder for salgsprosessen. Salgsoppgaven må leses meget grundig! Minus Vis mindre NB: Knappen for å vise hele beskrivelsen har kun en visuell effekt. Pluss tegn Vis hele beskrivelsen NB: Knappen for å vise hele beskrivelsen har kun en visuell effekt. Ta kontakt med megler for komplett informasjon Nyttige lenker Salgsoppgave Kokelvveien 40.pdf Hammerfest kommune - eiendoms- og reguleringsplan info.pdf NIBIO Gårdskart.pdf Statens kartverk - grunnbok og tinglyste dok.pdf Verditakst_Kokelvveien 40 komprimert.pdf Budskjema Kokelvveien 40.pdf Visning Etter nærmere avtale Nyttige lenker Salgsoppgave Kokelvveien 40.pdf Hammerfest kommune - eiendoms- og reguleringsplan info.pdf NIBIO Gårdskart.pdf Statens kartverk - grunnbok og tinglyste dok.pdf Verditakst_Kokelvveien 40 komprimert.pdf Budskjema Kokelvveien 40.pdf Nærområdet Kart Kokelvveien 40, 9715 Kokelv Annonseinformasjon FINN-kode 474203425 Sist endret 02. sep. 2026 14:19 Referanse 22364/Alf Rapporter annonse Annonsene kan være mangelfulle i forhold til lovpålagt opplysningsplikt. Før bindende avtale inngås oppfordres interessenter til å innhente komplett informasjon fra meglerforetaket, selger eller utleier.",2026-09-20T15:37:40+00:00,house
473734704,https://www.finn.no/realestate/homes/ad.html?finnkode=473734704,"Rålekker, barnevennlig enebolig fra 2022 med god planløsning, carport, to bad og solrike uteareal. Flytt rett inn.","Gauterødveien 115 H, 3114 Tønsberg",3114,Tønsberg,2 730 000 kr,4 881 350 kr,1 350 kr,2 150 000 kr,1 212 535 kr,Enebolig,Andel,,105 m² (BRA-i),110 m²,,3,,2022,,5 389 m² (eiet),5389,5.4,B - Rød,3905,145,110,5,"Moderne og innflyttingsklar enebolig over to plan. Barnevennlig og tilbaketrukket område i en blindvei. Det er kort vei til butikk, skoler, barnehager, treningssenter og bussholdeplass. Nyoppførte gang- og sykkelstier til sentrum. Tomten er opparbeidet med steinlagt uteareal, utvendig bod og carport. God planløsning, gulvvarme i første etasje, eksklusive materialvalg, samt moderne og delikate fargevalg. Generøs takhøyde i 2. etg. og store vindusflater med skyvedører. 3 romslige soverom, utgang til en stor takterrasse fra andre etasje. Hvert plan har lekre, helflisede bad, separat vaskerom og luftige stuer. Spesialdesignet kjøkken med integrerte hvitevarer fra Electrolux. Minus Vis mindre NB: Knappen for å vise hele beskrivelsen har kun en visuell effekt. Pluss tegn Vis hele beskrivelsen NB: Knappen for å vise hele beskrivelsen har kun en visuell effekt. Salgsoppgaven beskriver vesentlig og lovpålagt informasjon om eiendommen Se komplett salgsoppgave Nyttige lenker Vedtekter.doc Egenerklæring.pdf Energiattest.pdf Tilstandsrapport.pdf Gi bud Bestill salgsoppgave Eiendommens hjemmeside Visning Ta kontakt for å avtale visning. Husk å lese komplett salgsoppgave før visning. Bestill komplett, utskriftsvennlig salgsoppgave. Visningspåmelding Nyttige lenker Vedtekter.doc Egenerklæring.pdf Energiattest.pdf Tilstandsrapport.pdf Gi bud Bestill salgsoppgave Eiendommens hjemmeside Nærområdet Kart Gauterødveien 115 H, 3114 Tønsberg Annonseinformasjon FINN-kode 473734704 Sist endret 12. sep. 2026 23:17 Referanse 67260190 Rapporter annonse Annonsene kan være mangelfulle i forhold til lovpålagt opplysningsplikt. Før bindende avtale inngås oppfordres interessenter til å innhente komplett informasjon fra meglerforetaket, selger eller utleier.",2026-09-20T15:37:41+00:00,house
474079155,https://www.finn.no/realestate/homes/ad.html?finnkode=474079155,Sjarmerende eiendom beliggende i landlige omgivelser ved Disenå i Sør-Odal kommune,"Disenåvegen 1171, 2114 Disenå",2114,Disenå,1 250 000 kr,1 300 240 kr,50 240 kr,,389 597 kr,Enebolig,Selveier,,90 m² (BRA-i),120 m²,,0,,1892,,5 597 m² (eiet),5597,5.6,Rom,,,,5,"William Helder v/ Notar Romerike har gleden av å presentere Diesnåvegen 1171. En landlig beliggende eiendom med flotte solforhold hele dagen. Eiendommen består av to matrikkelenheter, gnr. 76 bnr. 28 og gnr. 76 bnr. 30, med et samlet tomteareal på ca. 5 597 m². På eiendommen står hovedhuset fra 1892 samt et flott anneks som ble pusset opp i 2020, med innlagt strøm. Anneks er ikke byggemeldt. Hovedhuset har behov for renovering, og gir dermed ny eier mulighet til å sette sitt preg på eiendommen. Eiendommen er benyttet som fritidsbolig av nåværende selger. Eiendommen er kjent under navnet Maarudshagen, som er en gammel husmannsplass med historisk tilknytning til den kjente Maarud gård, som husmannsplassen tidligere lå under. Velkommen! Minus Vis mindre NB: Knappen for å vise hele beskrivelsen har kun en visuell effekt. Pluss tegn Vis hele beskrivelsen NB: Knappen for å vise hele beskrivelsen har kun en visuell effekt. Salgsoppgaven beskriver vesentlig og lovpålagt informasjon om eiendommen Se komplett salgsoppgave Nyttige lenker Bestill komplett, utskriftsvennlig salgsoppgave Se komplett salgsoppgave Visning søndag, 27. september 15:00 – 16:00 Legg til i kalender Visningspåmelding Gi bud Nyttige lenker Bestill komplett, utskriftsvennlig salgsoppgave Se komplett salgsoppgave Nærområdet Kart Disenåvegen 1171, 2114 Disenå Annonseinformasjon FINN-kode 474079155 Sist endret 19. sep. 2026 09:08 Referanse NO23.26105 Rapporter annonse Annonsene kan være mangelfulle i forhold til lovpålagt opplysningsplikt. Før bindende avtale inngås oppfordres interessenter til å innhente komplett informasjon fra meglerforetaket, selger eller utleier.",2026-09-20T15:37:42+00:00,house
473748976,https://www.finn.no/realestate/homes/ad.html?finnkode=473748976,Nydelig småbruk i landlige omgivelser - Betydelig oppgradert - 4 soverom - 197 kvm garasjeuthus,"Trømnesvegen 72, 2340 Løten",2340,Løten,5 000 000 kr,5 126 090 kr,126 090 kr,,517 944 kr,Enebolig,Selveier,,240 m² (BRA-i),437 m²,,4,,1955,,16 797 m² (eiet),16797,16.8,Rom,3412,191,2,5,"Velkommen til Trømnesvegen 72 i Løten! Et lite småbruk i landlige og idylliske omgivelser med stor tomt og vesentlig oppgradert enebolig. Eiendommen ligger skjermet til med skogen som nærmeste nabo, og byr på en rolig atmosfære med umiddelbar nærhet til flotte turområder. Samtidig er det kort vei til barnehager, skole og servicetilbud i Løten sentrum. Boligen har delikate overflater og en innholdsrik planløsning for familien. Verdt å nevne: - Stor eiet tomt på ca. 16,8 mål - Allmenningsrett - Betydelig oppgradert og påbygd enebolig - Lekkert herskapelig kjøkken fra 2020 med kjøkkenøy - Fire soverom - Meget stor terrasse på 83 kvm. - Romslig, delvis uferdig garasje med enormt potensial - Privat vann fra borehull og montert radonsug Velkommen til en hyggelig visning! Minus Vis mindre NB: Knappen for å vise hele beskrivelsen har kun en visuell effekt. Pluss tegn Vis hele beskrivelsen NB: Knappen for å vise hele beskrivelsen har kun en visuell effekt. Salgsoppgaven beskriver vesentlig og lovpålagt informasjon om eiendommen Se komplett salgsoppgave Nyttige lenker Bestill salgsoppgave Visning tirsdag, 29. september 16:30 – 17:15 Legg til i kalender Ønsker du å delta på visningen ber vi deg melde deg på slik at vi vet at du kommer. Da kan vi bistå alle best mulig og gi deg tiden du trenger på visningen. Ta gjerne kontakt med megler før visning hvis du har noen spørsmål. Velkommen! Husk å lese komplett salgsoppgave før visning. Bestill komplett, utskriftsvennlig salgsoppgave. Visningspåmelding Gi bud Nyttige lenker Bestill salgsoppgave Nærområdet Kart Trømnesvegen 72, 2340 Løten Annonseinformasjon FINN-kode 473748976 Sist endret 18. sep. 2026 15:52 Referanse 6040260167 Rapporter annonse Annonsene kan være mangelfulle i forhold til lovpålagt opplysningsplikt. Før bindende avtale inngås oppfordres interessenter til å innhente komplett informasjon fra meglerforetaket, selger eller utleier.",2026-09-20T15:37:43+00:00,house
474116164,https://www.finn.no/realestate/homes/ad.html?finnkode=474116164,"Sjelden mulighet! Gårdstun sentralt i Stange m/​2 bolighus, utleieinntekt, låve og garasjeanlegg. Mulig leie av jord.","Romedalsvegen 271/273, 2335 Stange",2335,Stange,5 900 000 kr,6 048 590 kr,148 590 kr,,,Enebolig,Selveier,,510 m² (BRA-i),1 546 m²,,7,,1820,4,8 562 m² (eiet),8562,8.6,Rom,3413,299,30,7,"Velkommen til Svinberg - Romedalsvegen 271/273 - Et eldre og idyllisk gårdstun bestående av flere bygninger i vakre og landlige omgivelser.På Svinberg finner vi et stort våningshus, en utleid kårbolig, en garasje med fem kjøreporter/redskapsbod, låve og stabbur. Det koselige tunet ligger i senter av eiendommen og binder det hele sammen. Bygningsmassen har er godt potensiale for flerbruk. Det er behov for diverse oppgradering/fornying. Eiendommen er omkranset av skog/turmuligheter og dyrket mark. Avhengig av ny eiers ønsker og behov så er det mulig å leie tilgrensende jord- og beitemark. Det er ca. 3 km inn til Stange sentrum der man finner togstasjon, dagligvarebutikker, servicefunksjoner og serveringssteder. Velkommen til en hyggelig visning! Minus Vis mindre NB: Knappen for å vise hele beskrivelsen har kun en visuell effekt. Pluss tegn Vis hele beskrivelsen NB: Knappen for å vise hele beskrivelsen har kun en visuell effekt. Salgsoppgaven beskriver vesentlig og lovpålagt informasjon om eiendommen Se komplett salgsoppgave Nyttige lenker Gi Bud Eiendommens hjemmeside på Krogsveen.no Visning torsdag, 24. september 18:00 – 19:00 Legg til i kalender For å delta på visning, ber vi om at du melder deg på. Da sikrer vi at du får nødvendig informasjon og at det er satt av tilstrekkelig med tid. Husk å lese salgsoppgaven før visningen, så du stiller forberedt. Dersom det ikke er påmeldte innen klokka 12.00 på visningsdagen, vil ikke annonsert visning bli avholdt. Ønsker du kun å bli holdt orientert, kan du fra eiendommens hjemmeside få varsel om solgtpris, eller kontakte megler. Visningspåmelding Gi bud Nyttige lenker Gi Bud Eiendommens hjemmeside på Krogsveen.no Nærområdet Kart Romedalsvegen 271/273, 2335 Stange Annonseinformasjon FINN-kode 474116164 Sist endret 17. sep. 2026 14:22 Referanse KR65.23219 Rapporter annonse Annonsene kan være mangelfulle i forhold til lovpålagt opplysningsplikt. Før bindende avtale inngås oppfordres interessenter til å innhente komplett informasjon fra meglerforetaket, selger eller utleier.",2026-09-20T15:37:45+00:00,house
473993348,https://www.finn.no/realestate/homes/ad.html?finnkode=473993348,"Enebolig med strandlinje og stor tomt på 5,8 mål  | Flere uthus og dobbeltgarasje | Utbygd i 2018 | Stort potensiale","Arnes-E6 128, 8540 Ballangen",8540,Ballangen,2 900 000 kr,2 973 590 kr,73 590 kr,,522 680 kr,Enebolig,Selveier,,196 m² (BRA-i),196 m²,,4,,1952,,5 873 m² (eiet),5873,5.9,Rom,1806,338,92,5,"Sebastian N. Westgård ved DNB Eiendom presenterer Arnes-E6 128! En sjønær enebolig over to plan pluss underetasje, med egen strandlinje og fantastisk utsikt utover fjorden. Boligen ligger landlig og skjermet til på Arnes, med kort vei til Ballangen sentrum. Kort fortalt: - Nyere tilbygg fra 2018 med ekstra soverom og inngangsparti - 4 soverom - Stor terrasse med utsikt mot fjorden - Egen strandlinje og feskehjell ned mot sjøen - Flere uthus: garasje, bod, naust og verksted - Kort vei til skole, barnehage og butikker i Ballangen - Stor tomt på 5 872 m² Minus Vis mindre NB: Knappen for å vise hele beskrivelsen har kun en visuell effekt. Pluss tegn Vis hele beskrivelsen NB: Knappen for å vise hele beskrivelsen har kun en visuell effekt. Salgsoppgaven beskriver vesentlig og lovpålagt informasjon om eiendommen Se komplett salgsoppgave Nyttige lenker Meld interesse Se komplett salgsoppgave Gi bud Visning Velkommen til visning! Meld deg på ved å trykke ""visningspåmelding"" i våre boligannonser. Visning med megler til stede vil ikke bli avholdt uten påmeldinger. Ta gjerne kontakt med megler i forkant av visningen om du har spørsmål. Visningspåmelding Gi bud Nyttige lenker Meld interesse Se komplett salgsoppgave Gi bud Nærområdet Kart Arnes-E6 128, 8540 Ballangen Annonseinformasjon FINN-kode 473993348 Sist endret 03. sep. 2026 13:45 Referanse 310260188 Rapporter annonse Annonsene kan være mangelfulle i forhold til lovpålagt opplysningsplikt. Før bindende avtale inngås oppfordres interessenter til å innhente komplett informasjon fra meglerforetaket, selger eller utleier.",2026-09-20T15:37:46+00:00,house
408049138,https://www.finn.no/realestate/homes/ad.html?finnkode=408049138,Sjønær enebolig på stor og solrik tomt med tilhørende båtnaust og brygge.,"Bråtøymyrveien 9, 3780 Skåtøy",3780,Skåtøy,6 975 000 kr,7 150 720 kr,175 720 kr,,568 672 kr,Enebolig,Selveier,,133 m² (BRA-i),137 m²,,2,,1992,,10 974 m² (eiet),10974,11.0,Rom,4014,30,762,7,"Bråtøymyrveien 9 er en idyllisk og sjønær eiendom med enebolig, båtnaust og brygger. Fra boligen er det ca. 5 minutter gange til sjøen, hvor du har ca. 35 meter strandlinje. Tomten ligger fint til med tanke på både sol og sjøutsikt. På huset har du sol fra morgen til sen kveld, og på bryggen har du solen til tidlig kveld rundt 19.00. Det er fin sjøutsikt mot havet og vestre ende av Jomfruland fra begge etasjer og boligens veranda. Eneboligen ble oppført i 1992. Boligen består i all hovedsak av innvendige og utvendige bygningsdeler fra byggeår. Det må påregnes oppgraderinger de neste årene. Skåtøy er den største øya i Kragerøs vakre og mye omtalte skjærgård. Her er det nærmere 250 fastboende, og du finner skole og barnehage på øya, ca 4 km fra huset. Ta kontakt med megler for visning! Minus Vis mindre NB: Knappen for å vise hele beskrivelsen har kun en visuell effekt. Pluss tegn Vis hele beskrivelsen NB: Knappen for å vise hele beskrivelsen har kun en visuell effekt. Salgsoppgaven beskriver vesentlig og lovpålagt informasjon om eiendommen Se komplett salgsoppgave Visning Ta kontakt for å avtale visning. Husk å lese komplett salgsoppgave før visning. Bestill komplett, utskriftsvennlig salgsoppgave. Visningspåmelding Gi bud Nærområdet Kart Bråtøymyrveien 9, 3780 Skåtøy Annonseinformasjon FINN-kode 408049138 Sist endret 18. sep. 2026 11:07 Referanse 1302250074 Rapporter annonse Annonsene kan være mangelfulle i forhold til lovpålagt opplysningsplikt. Før bindende avtale inngås oppfordres interessenter til å innhente komplett informasjon fra meglerforetaket, selger eller utleier.",2026-09-20T15:37:48+00:00,house
474088235,https://www.finn.no/realestate/homes/ad.html?finnkode=474088235,"Eiendom med potensiale. Eiertomt på 9,6 mål - Landlige og usjenerte omgivelser - Nærhet til Åmot - Kondemnerbare bygning","Døvikveien 17, 3340 Åmot",3340,Åmot,1 990 000 kr,2 040 840 kr,50 840 kr,,,Enebolig,Selveier,,86 m² (BRA-i),86 m²,,2,,,2,9 609 m² (eiet),9609,9.6,,3316,53,25,5,"Velkommen til Døvikveien 17. Her presenteres en stor eiertomt på nesten 10 mål med en landlig og tilbaketrukket beliggenhet i Åmot. Eiendommen ligger i et område med umiddelbar nærhet til skog og mark, og har en bygningsmasse som består av en enebolig, et låvebygg og et uthus. Bygningene har et omfattende behov for rehabilitering, og eiendommen selges som et rivningsobjekt. Dette gir eiendommen stort potensiale. Verdt å merke seg: Stor eiertomt på ca. 9,6 mål. Landlig og usjenert beliggenhet. Nærhet til turområder, skog og mark. Eksisterende bygningsmasse med enebolig, låve og uthus er kondemnerbare. Kort vei til servicetilbud i Åmot sentrum. Minus Vis mindre NB: Knappen for å vise hele beskrivelsen har kun en visuell effekt. Pluss tegn Vis hele beskrivelsen NB: Knappen for å vise hele beskrivelsen har kun en visuell effekt. Salgsoppgaven beskriver vesentlig og lovpålagt informasjon om eiendommen Se komplett salgsoppgave Nyttige lenker Bestill salgsoppgave Visning Ønsker du å delta på visningen ber vi deg melde deg på slik at vi vet at du kommer. Da kan vi bistå alle best mulig og gi deg tiden du trenger på visningen. Kontakt gjerne megler før visning hvis du har spørsmål. Visningen avholdes bare dersom det er påmeldte. Hvis det ikke er oppsatt visningstidspunkt eller tidspunkt ikke passer, kontakt megler. NB! Det vil kun bli en tomtevisning da bygningene er kondemnerbare og det vil være en for stor risiko å gå inn i bygningene. Husk å lese komplett salgsoppgave før visning. Bestill komplett, utskriftsvennlig salgsoppgave. Visningspåmelding Gi bud Nyttige lenker Bestill salgsoppgave Nærområdet Kart Døvikveien 17, 3340 Åmot Annonseinformasjon FINN-kode 474088235 Sist endret 21. aug. 2026 14:09 Referanse 2870260180 Rapporter annonse Annonsene kan være mangelfulle i forhold til lovpålagt opplysningsplikt. Før bindende avtale inngås oppfordres interessenter til å innhente komplett informasjon fra meglerforetaket, selger eller utleier.",2026-09-20T15:37:49+00:00,house
472872516,https://www.finn.no/realestate/homes/ad.html?finnkode=472872516,"Landlig & vakker eiendom med stor tomt, strandlinje og dobbel garasje. 
Kveldssol. Parklignende uteområder. Høy standard","Reinsfjellveien 173, 4904 Tvedestrand",4904,Tvedestrand,6 990 000 kr,7 165 295 kr,175 295 kr,,809 030 kr,Enebolig,Selveier,,252 m² (BRA-i),285 m²,,3,,1950,,37 281 m² (eiet),37281,37.3,F - Oransje,4213,87,17,5,"Velkommen til Reinsfjellveien 173, en stor og påkostet eiendom med nærhet til vann, sjø og skog. Eiendommen er på 37 mål og inneholder lang strandlinje til ferskvann, store plenarealer, skog, dobbel garasje, uthus og bolighus. Eiendommen er omfattende oppusset den siste tiden med bad, yttergang og kjeller for 11 år siden og det resterende innvendig i hoveddelen de siste 3 årene. Kort vei til Tvedestrand sentrum hvor det er matbutikk, restauranter, badepark og vinmonopol. Kort om: - Peis - Hage - Strandlinje - Ikke boplikt - Skiferplatting - Varmepumpe - Dobbel garasje - Sol fra tidlig morgen til kveld - Usjenert og privat i enden av rolig blindvei Minus Vis mindre NB: Knappen for å vise hele beskrivelsen har kun en visuell effekt. Pluss tegn Vis hele beskrivelsen NB: Knappen for å vise hele beskrivelsen har kun en visuell effekt. Salgsoppgaven beskriver vesentlig og lovpålagt informasjon om eiendommen Se komplett salgsoppgave Nyttige lenker Gi bud Bestill salgsoppgave Eiendommens hjemmeside Visning Ta kontakt for å avtale visning. Husk å lese komplett salgsoppgave før visning. Bestill komplett, utskriftsvennlig salgsoppgave. Visningspåmelding Gi bud Nyttige lenker Gi bud Bestill salgsoppgave Eiendommens hjemmeside Nærområdet Kart Reinsfjellveien 173, 4904 Tvedestrand Annonseinformasjon FINN-kode 472872516 Sist endret 04. sep. 2026 06:08 Referanse 307260120 Rapporter annonse Annonsene kan være mangelfulle i forhold til lovpålagt opplysningsplikt. Før bindende avtale inngås oppfordres interessenter til å innhente komplett informasjon fra meglerforetaket, selger eller utleier.",2026-09-20T15:37:50+00:00,house
473871356,https://www.finn.no/realestate/homes/ad.html?finnkode=473871356,Innholdsrik eiendom på over 6 mål med sjøutsikt. Stor tomt med flere bygninger og mulig utviklingspotensial. 2 garasjer.,"Olav Duuns vei 1, 3085 Holmestrand",3085,Holmestrand,17 900 000 kr,18 348 590 kr,448 590 kr,,1 365 833 kr,Enebolig,Selveier,,278 m² (BRA-i),337 m²,,4,,1910,,6 051 m² (eiet),6051,6.1,Rom,3903,78,5,5,"På en stor og usjenert eiendom i Holmestrand ligger denne innholdsrike eiendommen bestående av to eiendommer med samlet tomteareal på over 6 mål. Eiendommen har sjøutsikt, gode solforhold, store utearealer og en rekke frittstående bygninger med ulike bruks- og lagringsmuligheter. Området er i kommuneplanen avsatt til fremtidig boligbebyggelse, og tomtens størrelse kan gi et mulig fremtidig utviklingspotensial. Høydepunkter: -Stor og usjenert eiendom i etablert boligområde -Mulig fremtidig utviklingspotensial -Sjøutsikt og gode solforhold -Kjøkken renovert i 2017 -Stue, kjøkken og hall pusset opp i 2025 -Baderom i 2. etasje rehabilitert i 2026 -Stor garasje fra 2012 med loft på ca. 24 m² -Stabbur og grillhytte på tomten -Bryggerhus med loft og vestvendt terrasse på ca. 14,5 m² Minus Vis mindre NB: Knappen for å vise hele beskrivelsen har kun en visuell effekt. Pluss tegn Vis hele beskrivelsen NB: Knappen for å vise hele beskrivelsen har kun en visuell effekt. Salgsoppgaven beskriver vesentlig og lovpålagt informasjon om eiendommen Se komplett salgsoppgave Nyttige lenker Se komplett salgsoppgave Visning Vi vil sette stor pris på påmelding til planlagt visningsdeltakelse. Dette gir mulighet for planlegging hos selger og megler, og vil kunne bidra til at vi sammen kan skape en enda bedre opplevelse for deg som gjest. Velkommen! Husk å lese komplett salgsoppgave før visning. Bestill komplett, utskriftsvennlig salgsoppgave. Visningspåmelding Gi bud Nyttige lenker Se komplett salgsoppgave Nærområdet Kart Olav Duuns vei 1, 3085 Holmestrand Annonseinformasjon FINN-kode 473871356 Sist endret 21. aug. 2026 12:40 Referanse 20-26-1400 Rapporter annonse Annonsene kan være mangelfulle i forhold til lovpålagt opplysningsplikt. Før bindende avtale inngås oppfordres interessenter til å innhente komplett informasjon fra meglerforetaket, selger eller utleier.",2026-09-20T15:37:51+00:00,house
473967761,https://www.finn.no/realestate/homes/ad.html?finnkode=473967761,Innflytningsklar & nyere kjedet enebolig | Usjenert og populær beliggenhet | IN-Ordning | Garasje,"Ranviksvingen 43, 3212 Sandefjord",3212,Sandefjord,3 350 000 kr,5 243 377 kr,1 090 kr,1 892 287 kr,1 388 899 kr,Enebolig,Andel,,127 m² (BRA-i),149 m²,,3,,2015,2,6 518 m² (eiet),6518,6.5,Rom,3907,128,12,5,"Robert Isachsen v/DNB Eiendom har gleden av å presentere en lys og velholdt enebolig med nydelig beliggenhet på Ranvik. Boligen grenser til grøntområder og har en idyllisk utsikt. Det er flotte uteområder med både veranda og hage som er orientert mot sør og har gode solforhold om sommeren. Beliggenheten byr på nærhet til både by, strand og flotte turområder. Det tar knappe 6 minutter med bil til sentrum, og det er kort vei til skole og barnehage. Boligen ble oppført i 2015 og går over to innholdsrike plan. Du kommer inn i 1. etasje, hvor du finner entré, bad/wc, kjøkken, stue og en hall med trapp opp til 2. etasje. I 2. etasje finner du 3 soverom, bad/wc og bod/vaskerom. Velkommen til en hyggelig visning - Husk påmelding! Minus Vis mindre NB: Knappen for å vise hele beskrivelsen har kun en visuell effekt. Pluss tegn Vis hele beskrivelsen NB: Knappen for å vise hele beskrivelsen har kun en visuell effekt. Salgsoppgaven beskriver vesentlig og lovpålagt informasjon om eiendommen Se komplett salgsoppgave Nyttige lenker Meld interesse Se komplett salgsoppgave Gi bud Visning Velkommen til visning! Meld deg på ved å trykke ""visningspåmelding"" i våre boligannonser. Visning med megler til stede vil ikke bli avholdt uten påmeldinger. Ta gjerne kontakt med megler i forkant av visningen om du har spørsmål. Visningspåmelding Gi bud Nyttige lenker Meld interesse Se komplett salgsoppgave Gi bud Nærområdet Kart Ranviksvingen 43, 3212 Sandefjord Annonseinformasjon FINN-kode 473967761 Sist endret 02. sep. 2026 12:19 Referanse 605260231 Rapporter annonse Annonsene kan være mangelfulle i forhold til lovpålagt opplysningsplikt. Før bindende avtale inngås oppfordres interessenter til å innhente komplett informasjon fra meglerforetaket, selger eller utleier.",2026-09-20T15:37:53+00:00,house
473893780,https://www.finn.no/realestate/homes/ad.html?finnkode=473893780,Moderne enebolig fra 2016 | Solrikt og landlig beliggende | 3 sov. og 2 stuer | Kort vei til Heggedal sentrum | Carport,"Gamle Heggedalsvei 12D, 1389 Heggedal",1389,Heggedal,8 300 000 kr,8 508 890 kr,208 890 kr,,1 795 514 kr,Enebolig,Selveier,,150 m² (BRA-i),156 m²,,3,,2016,,7 618 m² (eiet),7618,7.6,,3203,81,75,5,"Velholdt og lys/moderne enebolig fra 2016 med gjennomgående god standard, beliggende i et attraktivt og familievennlig boligområde like utenfor Heggedal sentrum. Eiendommen har en rolig og landlig beliggenhet med kort vei til skoler, barnehager, kollektivtransport og flotte turmuligheter. Boligen går over to etasjer og har en funksjonell planløsning med lyse og luftige rom, ekstra takhøyde, romslige oppholdsarealer, stor takterrasse og en pent opparbeidet hage. Høydepunkter: - Landlig, men samtidig sentralt i Heggedal - Store vindusflater og flott utsikt - Ekstra god takhøyde i 2. etasje - Carport - Kort vei til flotte turområder - Sokner til Solberg skole og Hovedgården ungdomsskole - Kort vei til offentlig kommunikasjon og Heggedal sentrum Velkommen til visning! Minus Vis mindre NB: Knappen for å vise hele beskrivelsen har kun en visuell effekt. Pluss tegn Vis hele beskrivelsen NB: Knappen for å vise hele beskrivelsen har kun en visuell effekt. Salgsoppgaven beskriver vesentlig og lovpålagt informasjon om eiendommen Se komplett salgsoppgave Visning Ta kontakt med megler hvis det er spørsmål eller tidspunktet ikke passer! Påmelding til megler innen kl 12:00 visningsdagen. Dersom ingen er påmeldt utgår visningen. Velkommen! Husk å lese komplett salgsoppgave før visning. Bestill komplett, utskriftsvennlig salgsoppgave. Visningspåmelding Gi bud Nærområdet Kart Gamle Heggedalsvei 12D, 1389 Heggedal Annonseinformasjon FINN-kode 473893780 Sist endret 18. sep. 2026 10:33 Referanse 1110260082 Rapporter annonse Annonsene kan være mangelfulle i forhold til lovpålagt opplysningsplikt. Før bindende avtale inngås oppfordres interessenter til å innhente komplett informasjon fra meglerforetaket, selger eller utleier.",2026-09-20T15:37:54+00:00,house
463662990,https://www.finn.no/realestate/homes/ad.html?finnkode=463662990,"Lund/​Sødal - Flott innholdsrik familiebolig m/​utleiedel, stall/​driftsbygning, ridebane, strandlinje og brygge langs Otra","Sødalsveien 36, 4630 Kristiansand S",4630,Kristiansand S,17 500 000 kr,17 957 090 kr,457 090 kr,,1 595 339 kr,Enebolig,Selveier,,360 m² (BRA-i),360 m²,,7,,1939,,8 090 m² (eiet),8090,8.1,G - Oransje,4204,33,28,5,"Spennende eiendom med mange muligheter. Boligen er i meget god stand og inneholder: bl.a. 3 stuer, 6 soverom, 2 bad og 2 toalett, samt velutstyrt kjøkken i hoveddel. Utleiedel ca 65 kvm med egen inngang i u.etg. med mulighet for gode leieinntekter. Godt med bodplass. Driftsbygning med høyloft med lagringsplass, stallboks, forrom og utstyrrom, samt stort verkstedrom og kjellerrom.  Ridebane på tomten 20 x 40 meter. Egen parsell med strandlinje til Otra med brygge og badeplass. Eiendommen har en flott beliggenhet på Lund/Sødal med utsikt over elva, områdene rundt og over til Egsjordene. Det er ca 25 minutters spasertur til sentrum av Kristiansand og gå- og sykkelavstand til butikk, alle typer skoler, UIA, barnehager og til flotte turområder i Jegersberg med lysløype og badevann Minus Vis mindre NB: Knappen for å vise hele beskrivelsen har kun en visuell effekt. Pluss tegn Vis hele beskrivelsen NB: Knappen for å vise hele beskrivelsen har kun en visuell effekt. Salgsoppgaven beskriver vesentlig og lovpålagt informasjon om eiendommen Se komplett salgsoppgave Nyttige lenker Gi bud Bestill salgsoppgave Eiendommens hjemmeside Visning Ta kontakt for å avtale visning. Husk å lese komplett salgsoppgave før visning. Bestill komplett, utskriftsvennlig salgsoppgave. Visningspåmelding Gi bud Nyttige lenker Gi bud Bestill salgsoppgave Eiendommens hjemmeside Nærområdet Kart Sødalsveien 36, 4630 Kristiansand S Annonseinformasjon FINN-kode 463662990 Sist endret 27. aug. 2026 06:00 Referanse 131260266 Rapporter annonse Annonsene kan være mangelfulle i forhold til lovpålagt opplysningsplikt. Før bindende avtale inngås oppfordres interessenter til å innhente komplett informasjon fra meglerforetaket, selger eller utleier.",2026-09-20T15:37:56+00:00,house
466439450,https://www.finn.no/realestate/homes/ad.html?finnkode=466439450,"For deg som drømmer om elveidyll: Stor, privat eiendom med fire soverom, eget båthus og sentral beliggenhet!","Daleveien 123, 4517 Mandal",4517,Mandal,8 700 000 kr,8 918 590 kr,218 590 kr,,531 161 kr,Enebolig,Selveier,,65 m² (BRA-i),142 m²,,4,,1850,,9 314 m² (eiet),9314,9.3,Rom,4205,50,3,5,"Velkommen til denne store og usjenerte eiendommen med lang strandlinje til Mandalselva! Her får du en helt spesiell eiendom på Buøya, med en flat og stor tomt på over 9 mål og ca. 170 meter med egen strandlinje. Eiendommen er regulert til bolig, jordbruk og friområde, og ligger usjenert til med gang- og sykkelsti store deler av veien inn til Mandal sentrum. Hovedhuset er en innbydende enebolig med sjarme, synlige takbjelker og to stuer som gir fleksible soner for familien. Kort fortalt: Eget båthus, betydelig oppgradert med plass til to båter Garasje med innlagt strøm og elbillader Klassisk Jøtul vedovn i stuen De fleste vinduer og ytterdører skiftet i 2023 Fire soverom på loftet To nye varmepumper installert i 2022 og 2023 Velkommen til visning! Minus Vis mindre NB: Knappen for å vise hele beskrivelsen har kun en visuell effekt. Pluss tegn Vis hele beskrivelsen NB: Knappen for å vise hele beskrivelsen har kun en visuell effekt. Salgsoppgaven beskriver vesentlig og lovpålagt informasjon om eiendommen Se komplett salgsoppgave Nyttige lenker Bestill salgsoppgave Visning Ønsker du å delta på visningen ber vi deg melde deg på slik at vi vet at du kommer. Da kan vi bistå alle best mulig og gi deg tiden du trenger på visningen. Kontakt gjerne megler før visning hvis du har spørsmål. Visningen avholdes bare dersom det er påmeldte. Hvis det ikke er oppsatt visningstidspunkt eller tidspunkt ikke passer, kontakt megler. Husk å lese komplett salgsoppgave før visning. Bestill komplett, utskriftsvennlig salgsoppgave. Visningspåmelding Gi bud Nyttige lenker Bestill salgsoppgave Nærområdet Kart Daleveien 123, 4517 Mandal Annonseinformasjon FINN-kode 466439450 Sist endret 20. aug. 2026 13:53 Referanse 2606260096 Rapporter annonse Annonsene kan være mangelfulle i forhold til lovpålagt opplysningsplikt. Før bindende avtale inngås oppfordres interessenter til å innhente komplett informasjon fra meglerforetaket, selger eller utleier.",2026-09-20T15:37:57+00:00,house
417848488,https://www.finn.no/realestate/homes/ad.html?finnkode=417848488,"Innholdsrik familiebolig, landlig men allikevel sentralt!
Trippel garasje - høy kjøreport, som gir mange muligheter.","Leirfjellveien 7, 3135 Torød",3135,Torød,11 600 000 kr,11 891 090 kr,291 090 kr,,86 761 kr,Enebolig,Selveier,,293 m² (BRA-i),381 m²,,5,,,2,5 098 m² (eiet),5098,5.1,,3911,57,12,5,"Leirfjellveien 7 er en fantastisk eiendom som er perfekt for familien som ønsker god plass både inne og ute - er drømmen et gårdstun eller en bolig med romslig tomt i landlige omgivelser er dette eiendommen for deg! Eiendommen ligger i naturskjønne omgivelser i et boligområde med spredt boligbebyggelse, med skogen og jordbruksarealer som nærmeste nabo. Det er allikevel kort vei til  skoler, barnehager, dagligvarebutikk og den populære Torødstranda. Området byr også på fine turmuligheter rett utenfor døren. Selv om tomten er romslig og pent opparbeidet er den allikevel lettstelt. Ideell eiendom for de som har en drøm om mindre dyrehold, dyrking av grønsaker, eller har behov for lagringsplass! Boligen er påbygget de senere år og fremstår som innholdsrik, delikat og meget velholdt! Minus Vis mindre NB: Knappen for å vise hele beskrivelsen har kun en visuell effekt. Pluss tegn Vis hele beskrivelsen NB: Knappen for å vise hele beskrivelsen har kun en visuell effekt. Salgsoppgaven beskriver vesentlig og lovpålagt informasjon om eiendommen Se komplett salgsoppgave Nyttige lenker Meld interesse Se komplett salgsoppgave Gi bud Visning Velkommen til visning! Meld deg på ved å trykke ""visningspåmelding"" i våre boligannonser, eller ta direkte kontakt med selger på 923 26 208. Visningspåmelding Gi bud Nyttige lenker Meld interesse Se komplett salgsoppgave Gi bud Nærområdet Kart Leirfjellveien 7, 3135 Torød Annonseinformasjon FINN-kode 417848488 Sist endret 14. sep. 2026 07:42 Referanse 606250280 Rapporter annonse Annonsene kan være mangelfulle i forhold til lovpålagt opplysningsplikt. Før bindende avtale inngås oppfordres interessenter til å innhente komplett informasjon fra meglerforetaket, selger eller utleier.",2026-09-20T15:37:59+00:00,house
419046312,https://www.finn.no/realestate/homes/ad.html?finnkode=419046312,| Sjelden mulighet |Skap din drømmeplass! Stor sjøeiendom på over 19 mål med enebolig og naust.,"Skogsvågvegen 127, 5382 Skogsvåg",5382,Skogsvåg,4 200 000 kr,4 306 090 kr,106 090 kr,,156 945 kr,Enebolig,Selveier,,125 m² (BRA-i),269 m²,,4,,1938,3,19 833 m² (eiet),19833,19.8,,4626,149,9,5,"Nedlagt småbruk med muligheter for å skape drømmeboligen, på en særdeles flott tomt. Eiendommen består av en god blanding av mark og skog, og er bebygget med både naust og uthus som tidligere har vært dyrehold i. I tillegg er her en eldre enebolig med behov for renovering, men med stort potensiale. Området utenfor huset er et nydelig sted for lek og moro for barnefamilier, og her er i tillegg et flott sted på egen tomt hvor en kan leke i fjæra og lete etter krabber. Er du glad i beplantning og hageprosjekter, er det også gode muligheter for dette. Fra huset har du naustet innenfor noen minutters gange på egen tomt, og herfra er det kort vei til fine fiske,- og badesteder med båt. Eiendommen er skjermet og landlig, men likevel kort vei til skole, barnehage og butikker. Velkommen! Minus Vis mindre NB: Knappen for å vise hele beskrivelsen har kun en visuell effekt. Pluss tegn Vis hele beskrivelsen NB: Knappen for å vise hele beskrivelsen har kun en visuell effekt. Salgsoppgaven beskriver vesentlig og lovpålagt informasjon om eiendommen Se komplett salgsoppgave Nyttige lenker Bestill salgsoppgave Visning Ønsker du å delta på visningen ber vi deg melde deg på slik at vi vet at du kommer. Da kan vi bistå alle best mulig og gi deg tiden du trenger på visningen. Kontakt gjerne megler før visning hvis du har spørsmål. Visningen avholdes bare dersom det er påmeldte. Hvis det ikke er oppsatt visningstidspunkt eller tidspunkt ikke passer, kontakt megler. Husk å lese komplett salgsoppgave før visning. Bestill komplett, utskriftsvennlig salgsoppgave. Visningspåmelding Gi bud Nyttige lenker Bestill salgsoppgave Nærområdet Kart Skogsvågvegen 127, 5382 Skogsvåg Annonseinformasjon FINN-kode 419046312 Sist endret 26. aug. 2026 11:06 Referanse 2701250078 Rapporter annonse Annonsene kan være mangelfulle i forhold til lovpålagt opplysningsplikt. Før bindende avtale inngås oppfordres interessenter til å innhente komplett informasjon fra meglerforetaket, selger eller utleier.",2026-09-20T15:38:00+00:00,house
464864606,https://www.finn.no/realestate/homes/ad.html?finnkode=464864606,Enebolig med strandlinje og stor tomt med landlig beliggenhet | Fantastisk utsikt | Gode solforhold | Hytte på Tysnes?,"Nordbustaddalen 321, 5687 Flatråker",5687,Flatråker,2 390 000 kr,2 450 295 kr,60 295 kr,,518 996 kr,Enebolig,Selveier,,134 m² (BRA-i),144 m²,,3,,,,15 458 m² (eiet),15458,15.5,,4616,6,22,5,"PrivatMegleren Vikøyr & Brandt har gleden av å presentere Nordbustaddalen 321. En enebolig over ett med strandlinje og stor tomt med landling, naturskjønn beliggenhet. Boligen ligger høyt og fritt til med fantastisk utsikt, meget gode solforhold og flotte uteområder med en pent opparbeidet hage. Alternativ hytte? Eiendommen har en landlig beliggenhet, samtidig som det er kort avstand til dagligvare, barnehage og skole. I nærområdet finner man flotte turområder samt badeplass like nedenfor boligen. Kort om eiendommen: - Stor tomt på 15458 kvm - Strandlinje tilknyttet tomtegrensen - Gode parkeringsmuligheter på egen tomt - Hage - Meget gode solforhold - Fantastisk utsikt - Gode turmuligheter i nærområdet - Badeplass like nedenfor boligen - Kort avstand til barnehage, skole og dagligvare. - Ikke boplikt på Tysnes Hjertelig velkommen til visning! Minus Vis mindre NB: Knappen for å vise hele beskrivelsen har kun en visuell effekt. Pluss tegn Vis hele beskrivelsen NB: Knappen for å vise hele beskrivelsen har kun en visuell effekt. Salgsoppgaven beskriver vesentlig og lovpålagt informasjon om eiendommen Se komplett salgsoppgave Nyttige lenker Gi bud Bestill salgsoppgave Eiendommens hjemmeside Visning Ta kontakt for å avtale visning. Husk å lese komplett salgsoppgave før visning. Bestill komplett, utskriftsvennlig salgsoppgave. Visningspåmelding Gi bud Nyttige lenker Gi bud Bestill salgsoppgave Eiendommens hjemmeside Nærområdet Kart Nordbustaddalen 321, 5687 Flatråker Annonseinformasjon FINN-kode 464864606 Sist endret 17. sep. 2026 06:03 Referanse 106260033 Rapporter annonse Annonsene kan være mangelfulle i forhold til lovpålagt opplysningsplikt. Før bindende avtale inngås oppfordres interessenter til å innhente komplett informasjon fra meglerforetaket, selger eller utleier.",2026-09-20T15:38:01+00:00,house
405964251,https://www.finn.no/realestate/homes/ad.html?finnkode=405964251,"Eksklusiv, solrik og skjermet villaeiendom med gjestehus for utleie. Sjelden mulighet!","Åskollvegen 2 &amp; 4, 2819 Gjøvik",2819,Gjøvik,11 950 000 kr,12 270 040 kr,320 040 kr,,1 013 283 kr,Enebolig,Selveier,,322 m² (BRA-i),322 m²,,3,,1930,,5 417 m² (eiet),5417,5.4,E - Gul,3407,69,535,7,"En sjelden eiendom  hvor hovedhuset er tegnet av Arnstein Arneberg, en av Norges mest betydningsfulle arkitekter, kjent for blant annet Oslo rådhus, Vikingskipshuset på Bygdøy og Skaugum. Eiendommen ligger skjermet og privat til på et stort, inngjerdet tun med panoramautsikt over Mjøsa. Her får man en unik kombinasjon av historisk arkitektur, moderne komfort og fleksible bruksmuligheter. På eiendommen ligger også et eget, separat bolighus, som i dag er utleid og gir attraktive inntektsmuligheter. Stabbur, uthus og et moderne garasjeanlegg med plass til flere biler kompletterer eiendommen. Dette er en sjelden anledning til å overta et landemerke med plass til storfamilien, generasjonsbolig, representasjon eller kombinasjonen av bolig og investering. Minus Vis mindre NB: Knappen for å vise hele beskrivelsen har kun en visuell effekt. Pluss tegn Vis hele beskrivelsen NB: Knappen for å vise hele beskrivelsen har kun en visuell effekt. Salgsoppgaven beskriver vesentlig og lovpålagt informasjon om eiendommen Se komplett salgsoppgave Nyttige lenker Bestill prospekt fra tilbyder Hva blir boligen solgt for? Visning Vi oppfordrer til å benytte visningspåmelding, dette sikrer god oppfølging fra megler. Ta gjerne kontakt med megler i forkant av visning dersom du har spørsmål. Husk å lese salgsoppgaven før visningen. Velkommen! Husk å lese komplett salgsoppgave før visning. Bestill komplett, utskriftsvennlig salgsoppgave. Visningspåmelding Gi bud Nyttige lenker Bestill prospekt fra tilbyder Hva blir boligen solgt for? Nærområdet Kart Åskollvegen 2 &amp; 4, 2819 Gjøvik Annonseinformasjon FINN-kode 405964251 Sist endret 11. sep. 2026 04:17 Referanse 6250115 Rapporter annonse Annonsene kan være mangelfulle i forhold til lovpålagt opplysningsplikt. Før bindende avtale inngås oppfordres interessenter til å innhente komplett informasjon fra meglerforetaket, selger eller utleier.",2026-09-20T15:38:02+00:00,house
473650016,https://www.finn.no/realestate/homes/ad.html?finnkode=473650016,"Enebolig med tomt på 5 130 m2, men mange muligheter. Usjenert beliggenhet. Store terrasser/​plattinger.","Østbygdvegen 53, 2350 Nes på Hedmarken",2350,Nes på Hedmarken,2 550 000 kr,2 615 140 kr,65 140 kr,,700 077 kr,Enebolig,Selveier,,254 m² (BRA-i),354 m²,,3,,1958,3,5 130 m² (eiet),5130,5.1,,3411,602,20,5,"Velkommen til en innholdsrik eiendom som ligger usjenert og helt for seg selv. Landlige omgivelser, i et område med spredt boligbebyggelse og land- og skogbrukseiendommer. Omgivelsene byr på mange fine turmuligheter i umiddelbar nærhet. Rolig og barnevennlig. Åpen og solrik beliggenhet. Eiendommen ligger flott til mellom alle mjøsbyene. 13 km til Brumunddal sentrum og E6. Tomta er på 5 130 kvm, og byr på mange muligheter. Nytt kjøkken montert i 2011. Nytt tak og undertaksduk på hovedtaket i 2025. 2 store stuer. Terrasser på totalt 172 m². Hagestue. Garasje på 34 m², og flere uthus/boder. Minus Vis mindre NB: Knappen for å vise hele beskrivelsen har kun en visuell effekt. Pluss tegn Vis hele beskrivelsen NB: Knappen for å vise hele beskrivelsen har kun en visuell effekt. Salgsoppgaven beskriver vesentlig og lovpålagt informasjon om eiendommen Se komplett salgsoppgave Visning Hvis du ønsker å kikke på eiendommen kan du entet bruke visningspåmeldingsknappen eller ta direkte kontakt med megler. Husk å lese komplett salgsoppgave før visning. Bestill komplett, utskriftsvennlig salgsoppgave. Visningspåmelding Gi bud Nærområdet Kart Østbygdvegen 53, 2350 Nes på Hedmarken Annonseinformasjon FINN-kode 473650016 Sist endret 18. sep. 2026 11:48 Referanse 1214260032 Rapporter annonse Annonsene kan være mangelfulle i forhold til lovpålagt opplysningsplikt. Før bindende avtale inngås oppfordres interessenter til å innhente komplett informasjon fra meglerforetaket, selger eller utleier.",2026-09-20T15:38:04+00:00,house
473049581,https://www.finn.no/realestate/homes/ad.html?finnkode=473049581,"Småbruk med 11,3 da eiendom | 3 daa skog og 6 daa jord |","Nordenget 70, 7660 Vuku",7660,Vuku,2 000 000 kr,2 051 090 kr,51 090 kr,,476 977 kr,Enebolig,Selveier,,178 m² (BRA-i),250 m²,,3,,1947,,11 287 m² (eiet),11287,11.3,Rom,5038,217,6,5,"Velkommen til Nordenget 70, et hyggelig småbruk beliggende like nord for Vuku. Eiendommen omfatter totalt ca. 11,3 daa, hvorav ca. 6 daa dyrket mark og ca. 3 daa skog. Det vil si at den ligger under konsesjonsgrensen og den har ikke boplikt. Her får du god plass til hobbybruk, dyrehold eller et aktiv friluftsliv i naturskjønne omgivelser. . Eiendommen går nesten til elvekanten. Her kan det være fint å ordne seg en uteplass nesten i elvekanten. Boligen ligger landlig og fredelig til med kort avstand til Vuku sentrum, hvor du finner skole, butikker, kafé og øvrige servicetilbud. I 1996 ble taket skiftet, bordkledningen fornyet, nye vinduer og ytterdør montert, pipa beslått med plater og hele huset malt. Eiendommen passer godt for deg som ønsker god plass rundt deg, landlige omgivelser og muligheten til å skape ditt eget småbruksdrøm. Minus Vis mindre NB: Knappen for å vise hele beskrivelsen har kun en visuell effekt. Pluss tegn Vis hele beskrivelsen NB: Knappen for å vise hele beskrivelsen har kun en visuell effekt. Salgsoppgaven beskriver vesentlig og lovpålagt informasjon om eiendommen Se komplett salgsoppgave Nyttige lenker Eiendommens hjemmeside Bestill salgsoppgave Visning Ta kontakt for å avtale visning. Husk å lese komplett salgsoppgave før visning. Bestill komplett, utskriftsvennlig salgsoppgave. Visningspåmelding Gi bud Nyttige lenker Eiendommens hjemmeside Bestill salgsoppgave Nærområdet Kart Nordenget 70, 7660 Vuku Annonseinformasjon FINN-kode 473049581 Sist endret 31. aug. 2026 15:16 Referanse 55260152 Rapporter annonse Annonsene kan være mangelfulle i forhold til lovpålagt opplysningsplikt. Før bindende avtale inngås oppfordres interessenter til å innhente komplett informasjon fra meglerforetaket, selger eller utleier.",2026-09-20T15:38:05+00:00,house
468046894,https://www.finn.no/realestate/homes/ad.html?finnkode=468046894,"STOR ENEBOLIG MED IDYLLISK BELIGGENHET | Garasje, låve, anneks og naust | Stor tomt og terrasse på 72 m²","Elias Blix' vei 98, 8130 Sandhornøy",8130,Sandhornøy,3 990 000 kr,4 090 840 kr,100 840 kr,,,Enebolig,Selveier,,306 m² (BRA-i),522 m²,,3,,,,69 936 m² (eiet),69936,69.9,Rom,1838,72,18,5,"Velkommen til Elias Blix' vei 98! En innholdsrik eiendom med stor tomt og flere bygninger på idylliske Sandhornøy. Dette er en stor enebolig som kombinerer eldre tømmervegger med et tilbygg fra 1997. Eiendommen strekker seg over en betydelig tomt med låve, naust, anneks og garasje, som gir et bredt spekter av muligheter. Boligen er jevnlig vedlikeholdt med flere viktige oppgraderinger de siste årene, inkludert ny drenering på hovedhuset(Der det er kjeller), samt bytte av kledning og vinduer. Fra den store, delvis overbygde terrassen kan du nyte en fredelig tilværelse med utsikt over det åpne kulturlandskapet. Kort fortalt: Stor, eiet tomt på ca. 70 mål Omfattende bygningsmasse med låve, naust, anneks og garasje Delvis overbygd terrasse med god plass Åpen stue/kjøkkenløsning og vedovn Varmepumpe fra 2021 og to elbilladere installert Velkommen til visning! Minus Vis mindre NB: Knappen for å vise hele beskrivelsen har kun en visuell effekt. Pluss tegn Vis hele beskrivelsen NB: Knappen for å vise hele beskrivelsen har kun en visuell effekt. Salgsoppgaven beskriver vesentlig og lovpålagt informasjon om eiendommen Se komplett salgsoppgave Nyttige lenker Eiendommens hjemmeside Bestill salgsoppgave Visning Ta kontakt for å avtale visning. Husk å lese komplett salgsoppgave før visning. Bestill komplett, utskriftsvennlig salgsoppgave. Visningspåmelding Gi bud Nyttige lenker Eiendommens hjemmeside Bestill salgsoppgave Nærområdet Kart Elias Blix' vei 98, 8130 Sandhornøy Annonseinformasjon FINN-kode 468046894 Sist endret 27. aug. 2026 06:01 Referanse 23260209 Rapporter annonse Annonsene kan være mangelfulle i forhold til lovpålagt opplysningsplikt. Før bindende avtale inngås oppfordres interessenter til å innhente komplett informasjon fra meglerforetaket, selger eller utleier.",2026-09-20T15:38:07+00:00,house
473025763,https://www.finn.no/realestate/homes/ad.html?finnkode=473025763,"Enebolig med tomt på 5,6 mål | Landlig og usjenert i Stor-Elvdal | Overbygget terrasse | Uthus med lagringsplass","Storelvdalsveien 2876, 2480 Koppang",2480,Koppang,970 000 kr,993 590 kr,23 590 kr,,292 671 kr,Enebolig,Selveier,,176 m² (BRA-i),176 m²,,3,,1966,,5 621 m² (eiet),5621,5.6,,3423,10,279,7,"Velkommen til Storelvdalsveien 2876! En enebolig med stor eiertomt, uthus og en rolig beliggenhet i naturskjønne omgivelser. Eiendommen ligger fint til med utsikt mot elven. Hovedetasjen har en stue med plass til både sofagruppe og spisebord, med utgang til en overbygget terrasse. Kjøkkenet ligger i delvis åpen løsning mot stuen. Etasjen har tre soverom og et bad. Kjelleren med innredet rom. Eiendommen har moderniseringsbehov og gir en god mulighet til å skape sitt eget hjem. Verdt å merke seg: - Stor eiertomt på over 5,6 mål - Uthus med boder og lagringsplass - Tre vedovner for oppvarming - Flere vinduer og etterisolering av loft utført i 2025 - Nærhet til Campus Evenstad - 500 m til dagligvarebutikk Velkommen til visning! Minus Vis mindre NB: Knappen for å vise hele beskrivelsen har kun en visuell effekt. Pluss tegn Vis hele beskrivelsen NB: Knappen for å vise hele beskrivelsen har kun en visuell effekt. Salgsoppgaven beskriver vesentlig og lovpålagt informasjon om eiendommen Se komplett salgsoppgave Nyttige lenker Bestill salgsoppgave Visning Ønsker du å delta på visningen ber vi deg melde deg på slik at vi vet at du kommer. Da kan vi bistå alle best mulig og gi deg tiden du trenger på visningen. Visningen avholdes bare dersom det er påmeldte. Ta gjerne kontakt med megler før visning hvis du har noen spørsmål. Velkommen! Husk å lese komplett salgsoppgave før visning. Bestill komplett, utskriftsvennlig salgsoppgave. Visningspåmelding Gi bud Nyttige lenker Bestill salgsoppgave Nærområdet Kart Storelvdalsveien 2876, 2480 Koppang Annonseinformasjon FINN-kode 473025763 Sist endret 14. sep. 2026 11:26 Referanse 6014260267 Rapporter annonse Annonsene kan være mangelfulle i forhold til lovpålagt opplysningsplikt. Før bindende avtale inngås oppfordres interessenter til å innhente komplett informasjon fra meglerforetaket, selger eller utleier.",2026-09-20T15:38:08+00:00,house
473648163,https://www.finn.no/realestate/homes/ad.html?finnkode=473648163,Villa Solhaug - Unik sveitservilla med landlig beliggenhet i Flemma. Flotte uteområder med flere bygninger på tomten,"Villa Solhaug, 6637 Flemma",6637,Flemma,5 400 000 kr,5 535 558 kr,135 558 kr,0 kr,1 350 000 kr,Enebolig,Selveier,,317 m² (BRA-i),431 m²,,3,,1899,,12 642 m² (eiet),12642,12.6,G - Rød,1557,70,13,1,"Villa Solhaug, en unik sveitservilla i Flemma! Villaen har byggeår ca 1899 og har en særegen og original stil. Den inneholder bl.a. flere stuer, 3 soverom, samt ca. 10 sengeplasser på loft (ikke målbart areal). Romslig og flott opparbeidet tomt som i tillegg til villa inneholder garasje, fjøs, uthus og grillkåte. Flemma ligger ca. 8 km fra Angvika som er nærmeste tettsted. Her finner du bl.a. skole, barnehage, matbutikk med post i butikk og Gamle Angvik Handelsted, en perle av et hotell med egen spa-avdeling og restaurant. Fra Flemma er det ca. 1 times kjøring til både Molde og Kristiansund med handelsparker, kjøpesenter og flyplass. Begge tilbyr flere daglige avganger til og ankomster fra Oslo og Bergen. Ta kontakt for visning! Torbjørn Torske 908 59 389",2026-09-20T15:38:09+00:00,house
471014354,https://www.finn.no/realestate/homes/ad.html?finnkode=471014354,"Idyllisk småbruk på 89,5 mål med våningshus, to uthus og låve. Avsatt til boligbygging i kommuneplanens arealdel.","Karlestrandveien 10, 7160 Bjugn",7160,Bjugn,4 500 000 kr,4 613 930 kr,113 930 kr,,631 943 kr,Enebolig,Selveier,,142 m² (BRA-i),199 m²,,4,,1898,,89 500 m² (eiet),89500,89.5,G - Rød,5057,15,5,7,"EIE eiendomsmegling v/ Andreas Forsell Lund og Karen Ulvan Ratdal presenterer Karlestrandveien 10! Bygningsmassen på eiendommen består av et våningshus, to uthus og en gamme låve. Tomten måler 89,5 dekar og det meste av eiendommen er avsatt til boligformål i kommuneplanens arealdel. En mindre del av eiendommen er avsatt til fremtidig boligformål og noe er avsatt til LNF- område. Naboeiendommen er under utvikling og eies av Ørland kommune. I forbindelse med fradelingen av boligtomter på denne eiendommen, er det lagt opp til vei, vann og kloakk mot Karlestrandveien 10. Kontakt megler ved eventuelle spørsmål. Nåværende bebyggelse er allerede tilkoblet privat vei og er tilknyttet offentlig vann og avløp. Drenering ble utført i 2017. Minus Vis mindre NB: Knappen for å vise hele beskrivelsen har kun en visuell effekt. Pluss tegn Vis hele beskrivelsen NB: Knappen for å vise hele beskrivelsen har kun en visuell effekt. Salgsoppgaven beskriver vesentlig og lovpålagt informasjon om eiendommen Se komplett salgsoppgave Nyttige lenker Gi bud Bestill salgsoppgave Eiendommens hjemmeside Visning Ta kontakt for å avtale visning. Husk å lese komplett salgsoppgave før visning. Bestill komplett, utskriftsvennlig salgsoppgave. Visningspåmelding Nyttige lenker Gi bud Bestill salgsoppgave Eiendommens hjemmeside Nærområdet Kart Karlestrandveien 10, 7160 Bjugn Annonseinformasjon FINN-kode 471014354 Sist endret 24. aug. 2026 06:17 Referanse R-97260129 Rapporter annonse Annonsene kan være mangelfulle i forhold til lovpålagt opplysningsplikt. Før bindende avtale inngås oppfordres interessenter til å innhente komplett informasjon fra meglerforetaket, selger eller utleier.",2026-09-20T15:38:10+00:00,house
430080309,https://www.finn.no/realestate/homes/ad.html?finnkode=430080309,Spennende og romslig boligeiendom med over 5 mål tomt | Småbruk | Flotte uteområder | Innholdsrikt uthus/​verksted,"Horgenveien 237, 3303 Hokksund",3303,Hokksund,4 890 000 kr,5 013 340 kr,123 340 kr,,603 713 kr,Enebolig,Selveier,,200 m² (BRA-i),257 m²,,3,,1954,3,5 362 m² (eiet),5362,5.4,Rom,3314,110,30,5,"Velkommen til Horgenveien 237! Stor boligeiendom/lite småbruk på Horgen som består av en innholdsrik enebolig/generasjonsbolig med bl.a. 3 soverom, 2 kjøkken og 2 bad, samt innholdsrikt garasjeuthus. Garasje/uthuset har bl.a. sakseløfter/løftebukk nedfelt i gulvet, så her ligger det til rette for et hobbyverksted. Stor solrik tomt på litt over 5 mål. Eiendommen bør være idell for de som ønsker stor tomt med forskjellige bruksmuligheter som feks. grønnsakshage, frukttrær. beiteområde mm. Påkostet og hyggelig uteområde. Kort pendlervei til både Drammen og kongsberg. Her har du bussholdeplass like utenfor døren i begge retninger. Kort vei til Buskerud storsenter og Hokksund sentrum med barnehager, skoler, tog/busstasjon og en rekke butikker og servicetilbud. Velkommen til visning! Minus Vis mindre NB: Knappen for å vise hele beskrivelsen har kun en visuell effekt. Pluss tegn Vis hele beskrivelsen NB: Knappen for å vise hele beskrivelsen har kun en visuell effekt. Salgsoppgaven beskriver vesentlig og lovpålagt informasjon om eiendommen Se komplett salgsoppgave Nyttige lenker Bestill salgsoppgave Visning For visninger utover de annonserte, ta kontakt med megler på telefon 917 48 835. Ønsker du å delta på visningen ber vi deg melde deg på senest kl 1200 visningsdagen, slik at vi vet at du kommer. Da kan vi bistå alle best mulig og gi deg tiden du trenger på visningen. Kontakt gjerne megler før visning hvis du har spørsmål. Visningen avholdes bare dersom det er påmeldte. Hvis det ikke er oppsatt visningstidspunkt eller tidspunkt ikke passer, kontakt megler. Husk å lese komplett salgsoppgave før visning. Bestill komplett, utskriftsvennlig salgsoppgave. Visningspåmelding Gi bud Nyttige lenker Bestill salgsoppgave Nærområdet Kart Horgenveien 237, 3303 Hokksund Annonseinformasjon FINN-kode 430080309 Sist endret 08. sep. 2026 18:18 Referanse 2869250041 Rapporter annonse Annonsene kan være mangelfulle i forhold til lovpålagt opplysningsplikt. Før bindende avtale inngås oppfordres interessenter til å innhente komplett informasjon fra meglerforetaket, selger eller utleier.",2026-09-20T15:38:12+00:00,house
461554092,https://www.finn.no/realestate/homes/ad.html?finnkode=461554092,Unik enebolig i indre gård - Privat takterrasse på 16kvm! - Byggeår 2021 - Sentral beliggenhet på Grünerløkka!,"Schæffers gate 12D, 0558 Oslo",0558,Oslo,6 600 000 kr,6 766 090 kr,166 090 kr,,1 557 926 kr,Enebolig,Selveier,,51 m² (BRA-i),51 m²,,1,,2021,,5 996 m² (eiet),5996,6.0,Rom,301,228,382,5,"Velkommen til en unik mulighet i indre gård på Grünerløkka, en sjelden eneboligperle med egen takterrasse! Dette er en sjarmerende, frittstående enebolig over tre plan som byr på en unik kombinasjon av byliv og privatliv. Planløsningen er smart, med lyse og åpne rom samt en moderne standard. Soverommet er romslig og har gode oppbevaringsløsninger. Fra øverste plan er det direkte utgang til en herlig takterrasse på hele 16kvm. Her bor du skjermet i en rolig bakgård, samtidig som du har alt Grünerløkka har å tilby rett utenfor døren. Høydepunkter: - Frittstående bolig oppført i 2021 - HTH-kjøkken - Spesialtilpasset løsninger via møbelsnekker - Romslig og moderne bad - Stor takterrasse på 16 kvm - Vinduer fra 2021 - 1-stavs eikeparkett - Varmtvann og internett inkludert - Praktisk innvendig planløsning - To boder i nabobebyggelsen - Gangavstand til kollektivtransport - Nærhet til butikker, kaféer og servicetilbud - Veldrevet sameie - Mulighet for garasjeleie/kjøp* Velkommen til visning Minus Vis mindre NB: Knappen for å vise hele beskrivelsen har kun en visuell effekt. Pluss tegn Vis hele beskrivelsen NB: Knappen for å vise hele beskrivelsen har kun en visuell effekt. Salgsoppgaven beskriver vesentlig og lovpålagt informasjon om eiendommen Se komplett salgsoppgave Nyttige lenker Tilstandsrapport.pdf Egenerklæring.pdf Nabolagsprofil Energiattest.pdf Husordensregler og vedteker.pdf Innkalling årsmøte 2026.pdf Gi bud Bestill salgsoppgave Eiendommens hjemmeside Visning Ta kontakt for å avtale visning. Husk å lese komplett salgsoppgave før visning. Bestill komplett, utskriftsvennlig salgsoppgave. Visningspåmelding Nyttige lenker Tilstandsrapport.pdf Egenerklæring.pdf Nabolagsprofil Energiattest.pdf Husordensregler og vedteker.pdf Innkalling årsmøte 2026.pdf Gi bud Bestill salgsoppgave Eiendommens hjemmeside Nærområdet Kart Schæffers gate 12D, 0558 Oslo Annonseinformasjon FINN-kode 461554092 Sist endret 25. aug. 2026 06:02 Referanse 15260084 Rapporter annonse Annonsene kan være mangelfulle i forhold til lovpålagt opplysningsplikt. Før bindende avtale inngås oppfordres interessenter til å innhente komplett informasjon fra meglerforetaket, selger eller utleier.",2026-09-20T15:38:13+00:00,house
461159624,https://www.finn.no/realestate/homes/ad.html?finnkode=461159624,VISNING SØNDAG 20.09! En helt unik og usjenert oase over byen! SE VIDEO! En av byens beste utsiktseiendommer.,"Mokollveien 8, 3215 Sandefjord",3215,Sandefjord,21 900 000 kr,22 448 850 kr,548 850 kr,,1 401 096 kr,Enebolig,Selveier,,201 m² (BRA-i),305 m²,,4,,1959,,7 270 m² (eiet),7270,7.3,D - Gul,3907,43,429,5,"TA KONTAKT FOR Å AVTALE EGET TIDSPUNKT SØNDAG 20.09! EIE eiendomsmegling ønsker velkommen til årets mest unike anledning i Mokollveien 8! Dette er en sjanse du ikke bør la gå fra deg, det går ofte 30-40 år at en slik eiendom kommer for salg - nå har du muligheten til å sikre deg en av Sandefjords mest unike utsiktseiendommer! Den som går toppturer på åsene rundt Sandefjord by vet om mange punkter med slående utsikt, men ikke mange av stedene kan måle seg med panoramaet her på Mokollen. Byen ligger rett for føttene dine, og sør for byen dominerer den knallblå innseilingen til Hvalfangerbyen. Det er også godt kjent blant alle at flere av byens flotteste villaer ligger i det herskapelige strøket på Mokollen. Mokollveien 8 er eiendommen for deg som ønsker en unik beliggenhet med nærhet til byen, praktfull utsikt over by og fjorden, samt en unik bebyggelse. Kun et besøk yter denne eiendommen rettferdighet, ta kontakt for en hyggelig privatvisning! Minus Vis mindre NB: Knappen for å vise hele beskrivelsen har kun en visuell effekt. Pluss tegn Vis hele beskrivelsen NB: Knappen for å vise hele beskrivelsen har kun en visuell effekt. Salgsoppgaven beskriver vesentlig og lovpålagt informasjon om eiendommen Se komplett salgsoppgave Nyttige lenker Gi bud Bestill salgsoppgave Eiendommens hjemmeside Visning Ta kontakt for å avtale visning. Husk å lese komplett salgsoppgave før visning. Bestill komplett, utskriftsvennlig salgsoppgave. Visningspåmelding Nyttige lenker Gi bud Bestill salgsoppgave Eiendommens hjemmeside Nærområdet Kart Mokollveien 8, 3215 Sandefjord Annonseinformasjon FINN-kode 461159624 Sist endret 16. sep. 2026 15:11 Referanse 87260083 Rapporter annonse Annonsene kan være mangelfulle i forhold til lovpålagt opplysningsplikt. Før bindende avtale inngås oppfordres interessenter til å innhente komplett informasjon fra meglerforetaket, selger eller utleier.",2026-09-20T15:38:15+00:00,house
470606793,https://www.finn.no/realestate/homes/ad.html?finnkode=470606793,Innholdsrik bolig med 4 soverom | Flott opparbeidet hage | Carport med elbil-lader | Barnevennlig ved Tyrifjorden,"Klokkerfaret 15, 3531 Krokkleiva",3531,Krokkleiva,5 500 000 kr,5 638 590 kr,138 590 kr,,1 119 499 kr,Enebolig,Selveier,,130 m² (BRA-i),135 m²,,4,,2013,2,5 605 m² (eiet),5605,5.6,Rom,3310,232,75,5,"Velkommen til Klokkerfaret 15! En innholdsrik og moderne familiebolig fra 2014 med praktisk planløsning over 2 plan. Boligen ligger i et barnevennlig og etablert område ved Sundvollen, med kort vei til dagligvarebutikker, skole og barnehage. 1.etasje har en åpen løsning mellom stue og kjøkken, med vedovn og utgang til en stor terrasse og hage med plen og epletre. 2.etasje består av en privat sone med 4 soverom og et romslig bad med badekar. Verdt å merke seg: Fire soverom samlet i 2. etasje Gjennomgående eikeparkett og balansert ventilasjon Sigdal-kjøkken med integrerte hvitevarer Flislagt bad med badekar og gulvvarme Eget separat vaskerom (Ikke omsøkt) Utsikt mot Tyrifjorden fra 2. etasje Carport med elbillader og utvendig bod Velkommen til visning! Minus Vis mindre NB: Knappen for å vise hele beskrivelsen har kun en visuell effekt. Pluss tegn Vis hele beskrivelsen NB: Knappen for å vise hele beskrivelsen har kun en visuell effekt. Salgsoppgaven beskriver vesentlig og lovpålagt informasjon om eiendommen Se komplett salgsoppgave Nyttige lenker Meld interesse Se komplett salgsoppgave Gi bud Visning Velkommen til visning! Meld deg på ved å trykke ""visningspåmelding"" i våre boligannonser. Ta gjerne kontakt med megler i forkant av visningen om du har spørsmål. Visningspåmelding Gi bud Nyttige lenker Meld interesse Se komplett salgsoppgave Gi bud Nærområdet Kart Klokkerfaret 15, 3531 Krokkleiva Annonseinformasjon FINN-kode 470606793 Sist endret 31. aug. 2026 12:41 Referanse 403260114 Rapporter annonse Annonsene kan være mangelfulle i forhold til lovpålagt opplysningsplikt. Før bindende avtale inngås oppfordres interessenter til å innhente komplett informasjon fra meglerforetaket, selger eller utleier.",2026-09-20T15:38:16+00:00,house
473305467,https://www.finn.no/realestate/homes/ad.html?finnkode=473305467,"Innholdsrik enebolig m/​hybel og 10 mål tomt |Carport og gårdsplass | Landlig |2 kjøkken, 2 bad og 5 sov | Utsikt","Eikernveien 189, 3320 Vestfossen",3320,Vestfossen,4 790 000 kr,4 910 990 kr,120 990 kr,,,Enebolig,Selveier,,217 m² (BRA-i),240 m²,,5,,1967,2,10 939 m² (eiet),10939,10.9,D - Gul,3314,115,92,5,"Velkommen til Eikernveien 189 - Presentert av Hossein v. EIE eiendomsmegling Innholdsrik og oppgradert enebolig over to plan med landlig beliggenhet ca. 3 km fra Vestfossen sentrum. Det er kort kjørevei til barnehage, skole, dagligvare, togstasjon og flotte turmuligheter. Vestfossen byr på et rikt kulturliv med bl.a. Vestfossen Kunstlaboratorium, samt vakker natur med badeplasser, turstier og gode fritidstilbud. Busstopp ligger 100 m unna, og togstasjonen gir gode forbindelser til bl.a. Drammen, Oslo og Kongsberg. Høydepunkter: -Underetasje benyttet som hybel -5 soverom og 2 stuer -2 kjøkken og 2 bad -Syd- og vestvendt terrasse -Flere flotte uteplasser på tomten -Gode solforhold og fredelig utsikt mot Eikeren -Carport og gruslagt gårdsplass -Tomt på nesten 11 mål! -Landlig beliggenhet ca. 3 km fra Vestfossen sentrum -Skoler og barnehage innen 5 min kjøreavstand For spørsmål eller visning, kontakt megler Hossein på tlf. 995 27 446 Minus Vis mindre NB: Knappen for å vise hele beskrivelsen har kun en visuell effekt. Pluss tegn Vis hele beskrivelsen NB: Knappen for å vise hele beskrivelsen har kun en visuell effekt. Salgsoppgaven beskriver vesentlig og lovpålagt informasjon om eiendommen Se komplett salgsoppgave Nyttige lenker Gi bud Bestill salgsoppgave Eiendommens hjemmeside Visning mandag, 21. september 18:00 – 18:45 Legg til i kalender Husk å lese komplett salgsoppgave før visning. Bestill komplett, utskriftsvennlig salgsoppgave. Visningspåmelding Nyttige lenker Gi bud Bestill salgsoppgave Eiendommens hjemmeside Nærområdet Kart Eikernveien 189, 3320 Vestfossen Annonseinformasjon FINN-kode 473305467 Sist endret 11. sep. 2026 15:24 Referanse 46260165 Rapporter annonse Annonsene kan være mangelfulle i forhold til lovpålagt opplysningsplikt. Før bindende avtale inngås oppfordres interessenter til å innhente komplett informasjon fra meglerforetaket, selger eller utleier.",2026-09-20T15:38:17+00:00,house
473322165,https://www.finn.no/realestate/homes/ad.html?finnkode=473322165,"BUD MOTTATT! Småbruk med sjel og muligheter. Flott utsikt, jord og rom for dyr. Ca. 31 mål tomt.","Stubøvegen 174, 6460 Eidsvåg i Romsdal",6460,Eidsvåg i Romsdal,1 990 000 kr,2 040 840 kr,50 840 kr,,725 609 kr,Enebolig,Selveier,,106 m² (BRA-i),145 m²,,2,,1930,2,31 859 m² (eiet),31859,31.9,G - Rød,1506,254,4,5,"Drømmer du om et liv med dyr på tunet og muligheten til å dyrke noe av maten selv? Her får du et eldre småbruk i naturskjønne omgivelser, med flott utsikt over Eidsvåg og gode arealer rundt tunet. Eiendommen er på ca. 31,9 dekar, hvorav ca. 15,1 dekar fulldyrka jord og 4,8 dekar produktiv skog. Med åpne jordbruksarealer og fjøs på eiendommen ligger det godt til rette for den som ønsker å tilpasse stedet til hestehold, mindre husdyrhold, beite eller småskala dyrking. På tunet finner du et eldre og sjarmerende våningshus, fjøs, garasje og verksted. Våningshuset har behov for oppgraderinger, men kan for den nevenyttige kjøperen være et fint utgangspunkt for å skape sin egen drøm på landet. Verkstedet er i dårlig forfatning, og øvrige bygninger må også vurderes ut fra alder og tilstand. Et sted for deg som ser mulighetene - og drømmer om hest, natur, jord og livet på eget småbruk. Minus Vis mindre NB: Knappen for å vise hele beskrivelsen har kun en visuell effekt. Pluss tegn Vis hele beskrivelsen NB: Knappen for å vise hele beskrivelsen har kun en visuell effekt. Salgsoppgaven beskriver vesentlig og lovpålagt informasjon om eiendommen Se komplett salgsoppgave Nyttige lenker Gi bud Bestill salgsoppgave Eiendommens hjemmeside Hjemmeside Visning Ta kontakt for å avtale visning. Husk å lese komplett salgsoppgave før visning. Bestill komplett, utskriftsvennlig salgsoppgave. Visningspåmelding Gi bud Nyttige lenker Gi bud Bestill salgsoppgave Eiendommens hjemmeside Hjemmeside Nærområdet Kart Stubøvegen 174, 6460 Eidsvåg i Romsdal Annonseinformasjon FINN-kode 473322165 Sist endret 03. sep. 2026 09:29 Referanse 191260034 Rapporter annonse Annonsene kan være mangelfulle i forhold til lovpålagt opplysningsplikt. Før bindende avtale inngås oppfordres interessenter til å innhente komplett informasjon fra meglerforetaket, selger eller utleier.",2026-09-20T15:38:18+00:00,house
464481673,https://www.finn.no/realestate/homes/ad.html?finnkode=464481673,Høyt & fritt beliggende gårdstun på ca 10 mål m/​381m² drifts/​næringsbygning | Utv renovert våningshus | Leieinntekter!,"Kopstadveien 208, 3178 Våle",3178,Våle,7 490 000 kr,7 678 340 kr,188 340 kr,,1 582 818 kr,Enebolig,Selveier,,289 m² (BRA-i),942 m²,,5,,1900,,10 003 m² (eiet),10003,10.0,,3905,323,5,5,"Velkommen til denne flotte eiendommen - høyt og fritt beliggende på Malme i Våle - kun ca 3 min fra påkjøringen til E18! Eiendommen er beliggende i et flott, naturskjønt område. Landlig, men likevel sentralt med kort kjøreavstand til skole, barnehage, butikk m.m. Gårdstunet er på ca 10 mål og har en rekke bygninger og bruksmuligheter! Kort fortalt: - Stort, flott våningshus på 222m² med 2 kjøkken, flere stuer, 5 soverom m.m. - Våningshuset har ny taktekking i 2025/26, samt ny kledning, etterisolering, vindsperre og vinduer på 3 av 4 yttervegger. - 2 nyere bad hhv fra 2016 og 2018. 2 bad i våningshuset og 1 bad i bryggerhuset. - Etablert minirenseanlegg i 2024 for hele eiendommen, samt gravd inn ny kommunal vannledning i 2017. - Løpende leieinntekter på totalt kr 43.000,-/mnd (blant annet leid ut til et bilverksted) - Romslig driftsbygning/låve 381m² godkjent som næringsbygning - Flere uthus/garasjer/skjul - Sidebygning/bryggerhus Vi ønsker velkommen til visning! Minus Vis mindre NB: Knappen for å vise hele beskrivelsen har kun en visuell effekt. Pluss tegn Vis hele beskrivelsen NB: Knappen for å vise hele beskrivelsen har kun en visuell effekt. Salgsoppgaven beskriver vesentlig og lovpålagt informasjon om eiendommen Se komplett salgsoppgave Nyttige lenker Gi bud Bestill salgsoppgave Eiendommens hjemmeside Hjemmeside Visning Ta kontakt for å avtale visning. Husk å lese komplett salgsoppgave før visning. Bestill komplett, utskriftsvennlig salgsoppgave. Visningspåmelding Gi bud Nyttige lenker Gi bud Bestill salgsoppgave Eiendommens hjemmeside Hjemmeside Nærområdet Kart Kopstadveien 208, 3178 Våle Annonseinformasjon FINN-kode 464481673 Sist endret 23. aug. 2026 06:01 Referanse 28260118 Rapporter annonse Annonsene kan være mangelfulle i forhold til lovpålagt opplysningsplikt. Før bindende avtale inngås oppfordres interessenter til å innhente komplett informasjon fra meglerforetaket, selger eller utleier.",2026-09-20T15:38:19+00:00,house
473289405,https://www.finn.no/realestate/homes/ad.html?finnkode=473289405,4-roms enebolig i rekke - Sentralt og familievennlig område - Utekjøkken og solrik uteplass - Egen carport med lader,"Nedre Sølen 62, 3913 Porsgrunn",3913,Porsgrunn,3 150 000 kr,3 940 971 kr,1 390 kr,789 581 kr,883 720 kr,Enebolig,Andel,,109 m² (BRA-i),115 m²,,3,,2008,2,7 417 m² (eiet),7417,7.4,Rom,4001,382,199,5,"Aktiv eiendomsmegling v/ Rose Mari Røstberg ønsker velkommen til Nedre Sølen 62 på Hovenga i Porsgrunn. Sentralt beliggende og velholdt bolig i rekke med carport. Boligen ligger ytterst i rekken og har en solrik uteplass. Med denne beliggenheten har du kort vei til Hovengasenteret, daglige servicetilbud, skole, barnehage, idrettsanlegg, Hovengasenteret og gode muligheter for tur og friluftsliv. Passer godt for både barnefamilier, førstegangskjøpere og voksne som ønsker en lettstelt bolig i et etablert nærmiljø. Inneholder; Stue, kjøkken, tre soverom, bad, gang/entré, vaskerom og innvendig bod. Carport og utvendig bod. IN-ordning gir mulighet til lave felleskostnader i måneden. Kontakt megler for visning! Minus Vis mindre NB: Knappen for å vise hele beskrivelsen har kun en visuell effekt. Pluss tegn Vis hele beskrivelsen NB: Knappen for å vise hele beskrivelsen har kun en visuell effekt. Salgsoppgaven beskriver vesentlig og lovpålagt informasjon om eiendommen Se komplett salgsoppgave Visning Ta kontakt for å avtale visning. Husk å lese komplett salgsoppgave før visning. Bestill komplett, utskriftsvennlig salgsoppgave. Visningspåmelding Gi bud Nærområdet Kart Nedre Sølen 62, 3913 Porsgrunn Annonseinformasjon FINN-kode 473289405 Sist endret 07. sep. 2026 12:42 Referanse 1317260085 Rapporter annonse Annonsene kan være mangelfulle i forhold til lovpålagt opplysningsplikt. Før bindende avtale inngås oppfordres interessenter til å innhente komplett informasjon fra meglerforetaket, selger eller utleier.",2026-09-20T15:38:21+00:00,house
473280055,https://www.finn.no/realestate/homes/ad.html?finnkode=473280055,Stor eiendomstomt med kondemnable bygg - mulighet for veg - SEFRAK-reg. uthus - boplikt.,"Vestsida 358, 2130 Knapper",2130,Knapper,325 000 kr,334 215 kr,9 215 kr,,,Enebolig,Selveier,,,109 m²,127 m²,0,,1888,,8 877 m² (eiet),8877,8.9,,3414,43,10,7,"Stor tomt i skogsterreng, med kondemnabelt våningshus og 2 uthus. Det foreligger ikke tilstandsrapport, så bygningsmassen er ikke tilstandsvurdert. - Eiendommen overtas som den framstår idag, uten rydding og rengjøring. - Det står flere titalls kjøretøy på eiendommen. - Våningshuset er fylt av rot og skrot. - Det er tinglyst rettighet til etablering og vedlikehold av veg til eiendommen. Det gjørs oppmerksom på at befaring av bygninger skjer på eget ansvar og risiko. Kommunen opplyser at det er mulighet for å søke full konsesjon ved ervervelse av eiendommen, for å slippe boplikt. Kjøper kan også søke utsettelse på boplikten. Minus Vis mindre NB: Knappen for å vise hele beskrivelsen har kun en visuell effekt. Pluss tegn Vis hele beskrivelsen NB: Knappen for å vise hele beskrivelsen har kun en visuell effekt. Salgsoppgaven beskriver vesentlig og lovpålagt informasjon om eiendommen Se komplett salgsoppgave Nyttige lenker Bestill salgsoppgave Visning Det blir ikke avholdt fellesvisning på eiendommen. Eiendommen kan befares på eget initiativ, men gi beskjed til megler på 915 59 438 i forkant. Husk å lese komplett salgsoppgave før visning. Bestill komplett, utskriftsvennlig salgsoppgave. Visningspåmelding Gi bud Nyttige lenker Bestill salgsoppgave Nærområdet Kart Vestsida 358, 2130 Knapper Annonseinformasjon FINN-kode 473280055 Sist endret 16. sep. 2026 13:04 Referanse 6022260317 Rapporter annonse Annonsene kan være mangelfulle i forhold til lovpålagt opplysningsplikt. Før bindende avtale inngås oppfordres interessenter til å innhente komplett informasjon fra meglerforetaket, selger eller utleier.",2026-09-20T15:38:22+00:00,house
467077812,https://www.finn.no/realestate/homes/ad.html?finnkode=467077812,"Landlig småbruk med stor tomt og utsikt | Våningshus med utleiedel, låve og uthus | Naturnært på Slåstad i Sør-Odal","Storsjøvegen 350, 2110 Slåstad",2110,Slåstad,2 450 000 kr,2 512 340 kr,62 340 kr,,517 172 kr,Enebolig,Selveier,,95 m² (BRA-i),229 m²,,1,,1925,,12 686 m² (eiet),12686,12.7,,3415,32,35,5,"Velkommen til Storsjøvegen 350! En landlig eiendom med utsikt over dyrket mark og skogkledde åser i Sør-Odal. Her bor du med naturen som nærmeste nabo. Eiendommen byr på en stor tomt med plen og singelbelagt gårdsplass. Våningshuset har utleiedel med felles inngang noe som gir mulighet for skattefri inntekt. Beliggenheten gir rike muligheter for friluftsliv med nærhet til Storsjøen for turer, jakt og fiske. Dølisjøen med flotte bademuligheter. Nærmeste servicetilbud er på Skarnes, kun ti minutter unna med bil, hvor det også er togforbindelse til Oslo. Kort oppsummert: - Vedovner i stue og kjøkken i 1. etasje - Stor tomt med låve og uthus - Nærhet til turstier, bading, jakt og fiske - Gangavstand til Slåstad barnehage - 900 m til døgnåpen butikk - Tronsbu - flott skiløyper på vinteren Minus Vis mindre NB: Knappen for å vise hele beskrivelsen har kun en visuell effekt. Pluss tegn Vis hele beskrivelsen NB: Knappen for å vise hele beskrivelsen har kun en visuell effekt. Salgsoppgaven beskriver vesentlig og lovpålagt informasjon om eiendommen Se komplett salgsoppgave Nyttige lenker Bestill salgsoppgave Visning Ønsker du å delta på visningen ber vi deg melde deg på slik at vi vet at du kommer. Da kan vi bistå alle best mulig og gi deg tiden du trenger på visningen. Ta gjerne kontakt med megler før visning hvis du har noen spørsmål. Velkommen! Husk å lese komplett salgsoppgave før visning. Bestill komplett, utskriftsvennlig salgsoppgave. Visningspåmelding Gi bud Nyttige lenker Bestill salgsoppgave Nærområdet Kart Storsjøvegen 350, 2110 Slåstad Annonseinformasjon FINN-kode 467077812 Sist endret 07. sep. 2026 11:05 Referanse 6048260148 Rapporter annonse Annonsene kan være mangelfulle i forhold til lovpålagt opplysningsplikt. Før bindende avtale inngås oppfordres interessenter til å innhente komplett informasjon fra meglerforetaket, selger eller utleier.",2026-09-20T15:38:24+00:00,house
461911405,https://www.finn.no/realestate/homes/ad.html?finnkode=461911405,Småbruksdrømmen på Lørenskog! Sjarmerende med nærhet til by og natur | Driftsbygning | 40 måls tomt!,"Kirkerudveien 121, 1475 Finstadjordet",1475,Finstadjordet,5 990 000 kr,6 140 840 kr,150 840 kr,,1 225 730 kr,Enebolig,Selveier,,108 m² (BRA-i),211 m²,,2,,1930,2,40 063 m² (eiet),40063,40.1,Rom,3222,90,4,7,"Usanthan Lucas v/ Eiendomsmegler 1 har gleden av å kunne presentere denne idylliske småbruket beliggende i naturskjønne omgivelser!  Eiendommen er beliggende i et av Lørenskogs største landbruksområder, med gårder i full drift, store inn- og utmarksområder, samt velfungerende nærmiljø med barne- og ungdomsskole, nærbutikk, golfbane og et aktivt idrettsmiljø. Av mange fine ting man kan si om Kirkerudveien, er at det er vestvendt, noe som gir gode lys- og solforhold. Meget spennende eiendom for den som ønsker å forme sin småbruksperle. Eiendommen består av et våningshus og en driftsbygning med tilhørende garasje. Eiendommen har et oppgraderingsbehov for å tilfredsstille dagens krav, men nærheten til by & mark gjør denne muligheten unik! Velkommen til en hyggelig visning! Minus Vis mindre NB: Knappen for å vise hele beskrivelsen har kun en visuell effekt. Pluss tegn Vis hele beskrivelsen NB: Knappen for å vise hele beskrivelsen har kun en visuell effekt. Salgsoppgaven beskriver vesentlig og lovpålagt informasjon om eiendommen Se komplett salgsoppgave Nyttige lenker Bestill salgsoppgave Visning Ta kontakt for å avtale visning. Husk å lese komplett salgsoppgave før visning. Bestill komplett, utskriftsvennlig salgsoppgave. Visningspåmelding Gi bud Nyttige lenker Bestill salgsoppgave Nærområdet Kart Kirkerudveien 121, 1475 Finstadjordet Annonseinformasjon FINN-kode 461911405 Sist endret 14. aug. 2026 13:47 Referanse 6029260092 Rapporter annonse Annonsene kan være mangelfulle i forhold til lovpålagt opplysningsplikt. Før bindende avtale inngås oppfordres interessenter til å innhente komplett informasjon fra meglerforetaket, selger eller utleier.",2026-09-20T15:38:25+00:00,house
461145808,https://www.finn.no/realestate/homes/ad.html?finnkode=461145808,"Arkitekttegnet perle, rått plassert i Hvassers natur! 8,8 mål tomt. Ro, utsikt og særpreg. Garasje","Storemyrveien 70, 3148 Hvasser",3148,Hvasser,9 950 000 kr,10 219 740 kr,269 740 kr,,1 333 227 kr,Enebolig,Selveier,,141 m² (BRA-i),169 m²,,3,,2012,2,8 810 m² (eiet),8810,8.8,Rom,3911,236,123,7,"Velkommen til Storemyrveien 70! Rå og særegen funkisbolig, arkitekttegnet og spektakulært plassert på toppen av fjell på Hvasser Syd. Her bor du tett på havet, med strender og skjærgård like ved   og med en utsikt som må oppleves. Boligen imponerer med rene linjer, betong og store vindusflater fra gulv til tak som slipper naturen helt inn. De solrike terrassene gir perfekte soner for både ro og sosiale øyeblikk, mens toppetasjen byr på en egen, privat oase med magisk sjøutsikt! En bolig for deg som søker noe utenom det vanlige   et arkitektonisk statement i naturskjønne omgivelser. Eiendommen har 8,8 mål eiet tomt. Velkommen til en opplevelse av Hvasser på sitt mest unike. Minus Vis mindre NB: Knappen for å vise hele beskrivelsen har kun en visuell effekt. Pluss tegn Vis hele beskrivelsen NB: Knappen for å vise hele beskrivelsen har kun en visuell effekt. Salgsoppgaven beskriver vesentlig og lovpålagt informasjon om eiendommen Se komplett salgsoppgave Nyttige lenker Gi Bud Eiendommens hjemmeside på Krogsveen.no Visning For å delta på visning, ber vi om at du melder deg på. Da sikrer vi at du får nødvendig informasjon og at det er satt av tilstrekkelig med tid. Kontakt megler dersom annet tidspunkt ønskes. Husk å lese salgsoppgaven før visningen, så du stiller forberedt. NB. Visning utgår dersom det ikke er noen påmeldte 2 timer før oppsatt visningstidspunkt. Ønsker du kun å bli holdt orientert, kan du fra eiendommens hjemmeside få varsel om solgtpris, eller kontakte megler. Visningspåmelding Gi bud Nyttige lenker Gi Bud Eiendommens hjemmeside på Krogsveen.no Nærområdet Kart Storemyrveien 70, 3148 Hvasser Annonseinformasjon FINN-kode 461145808 Sist endret 01. sep. 2026 14:02 Referanse KR21.2628 Rapporter annonse Annonsene kan være mangelfulle i forhold til lovpålagt opplysningsplikt. Før bindende avtale inngås oppfordres interessenter til å innhente komplett informasjon fra meglerforetaket, selger eller utleier.",2026-09-20T15:38:26+00:00,house
473138516,https://www.finn.no/realestate/homes/ad.html?finnkode=473138516,"Innholdsrik enebolig i naturskjønne  omgivelser | Flott utsikt | ca. 91,8 mål tomt | Rehabilitering må påregnes","Jektvikveien 28, 7241 Ansnes",7241,Ansnes,1 950 000 kr,1 999 840 kr,49 840 kr,,,Enebolig,Selveier,,87 m² (BRA-i),115 m²,,3,,1977,1,91 781 m² (eiet),91781,91.8,Rom,5056,87,6,5,"Velkommen til Jektvikveien 28 En idyllisk eiendom med naturskjønn og tilbaketrukket beliggenhet ved Krabbsundet på Hitra. Her får du en sjelden kombinasjon av fredelige omgivelser, flott sjøutsikt og en imponerende tomt på ca. 91,8 mål som strekker seg gjennom variert og vakker natur. Fra eiendommen kan du nyte den flotte kystnaturen året rundt, samtidig som servicetilbud, handel og fritidsaktiviteter ligger innen kort kjøreavstand. Kvaliteter av boligen som bør fremheves: Imponerende tomt på ca. 91,8 mål med variert naturterreng. Velholdt bolig med hyggelig planløsning og stort potensial. Solrike terrasse- og uteområder med gode oppholdssoner og garasje. En sjelden mulighet til å eie en stor eiendom i attraktive kystomgivelser. Velkommen til visning! Minus Vis mindre NB: Knappen for å vise hele beskrivelsen har kun en visuell effekt. Pluss tegn Vis hele beskrivelsen NB: Knappen for å vise hele beskrivelsen har kun en visuell effekt. Salgsoppgaven beskriver vesentlig og lovpålagt informasjon om eiendommen Se komplett salgsoppgave Nyttige lenker Meld interesse Se komplett salgsoppgave Gi bud Visning Ta kontakt for å avtale visning. Visningspåmelding Gi bud Nyttige lenker Meld interesse Se komplett salgsoppgave Gi bud Nærområdet Kart Jektvikveien 28, 7241 Ansnes Annonseinformasjon FINN-kode 473138516 Sist endret 04. sep. 2026 16:32 Referanse 823260275 Rapporter annonse Annonsene kan være mangelfulle i forhold til lovpålagt opplysningsplikt. Før bindende avtale inngås oppfordres interessenter til å innhente komplett informasjon fra meglerforetaket, selger eller utleier.",2026-09-20T15:38:28+00:00,house
473226872,https://www.finn.no/realestate/homes/ad.html?finnkode=473226872,Enebolig med stor tomt - Landlig beliggenhet - Gode solforhold,"Skottnesveien 81, 8373 Ballstad",8373,Ballstad,2 300 000 kr,2 358 590 kr,58 590 kr,,434 338 kr,Enebolig,Selveier,,120 m² (BRA-i),120 m²,,3,,1954,,5 083 m² (eiet),5083,5.1,G - Rød,1860,15,56,5,"Velkommen til Skottnesveien 81 - Presentert av EiendomsMegler 1: Enebolig som ligger idyllisk og landlig plassert midt mellom Ballstad og Gravdal. Det er gang- og sykkelavstand til begge steder og det er dermed også barnevennlig. Her er det stor tomt på 5 mål og det er svært gode solforhold. Herlige turområder gjør at du kan starte på turen direkte fra egen eiendom. Eldre enebolig som holder normal standard ut i fra alder. Boligen er oppgradert gjennom årenes løp og har god bokvalitet. Samtidig er det behov for noe vedlikeholdt med etterslep på enkelte konstruksjoner. Området hører til Ballstad skolekrets og Ballstad har også andre tilbud som fotballbane og kvalitetsrestauranter. Samtidig er det kort kjøretur til butikk på Gravdal og videre til utfyllende tilbud på Leknes. Utrolig flott turvei som går omtrent fra eiendommen, rundt Storvatnet og videre inn i Kyllingdalen, her kan du få den aller beste rekreasjon. Velkommen til hyggelig visning! Minus Vis mindre NB: Knappen for å vise hele beskrivelsen har kun en visuell effekt. Pluss tegn Vis hele beskrivelsen NB: Knappen for å vise hele beskrivelsen har kun en visuell effekt. Salgsoppgaven beskriver vesentlig og lovpålagt informasjon om eiendommen Se komplett salgsoppgave Nyttige lenker Eiendommens hjemmeside Bestill salgsoppgave Visning Ta kontakt for å avtale visning. Husk å lese komplett salgsoppgave før visning. Bestill komplett, utskriftsvennlig salgsoppgave. Visningspåmelding Gi bud Nyttige lenker Eiendommens hjemmeside Bestill salgsoppgave Nærområdet Kart Skottnesveien 81, 8373 Ballstad Annonseinformasjon FINN-kode 473226872 Sist endret 11. sep. 2026 06:00 Referanse 17250190 Rapporter annonse Annonsene kan være mangelfulle i forhold til lovpålagt opplysningsplikt. Før bindende avtale inngås oppfordres interessenter til å innhente komplett informasjon fra meglerforetaket, selger eller utleier.",2026-09-20T15:38:29+00:00,house
443583241,https://www.finn.no/realestate/homes/ad.html?finnkode=443583241,Større enebolig på Røssøyvågen |  Tomt på 5851 kvm - Regulert til boligformål,Større enebolig på Røssøyvågen |  Tomt på 5851 kvm - Regulert til boligformål,5851,kvm - Regulert til boligformål,2 500 000 kr,2 563 590 kr,63 590 kr,,,Enebolig,Selveier,,340 m² (BRA-i),360 m²,,7,,1952,,5 851 m² (eiet),5851,5.9,G - Oransje,1547,5,98,5,"Velkommen til Solemsvegen 55! Enebolig på fire etasjer og stor tomt hovedsakelig regulert til ""Boligbebyggelse-frittliggende småhusbebyggelse"". Boligen har byggeår fra 1952, men har vært oppgradert i senere tid. Det ble gjort en større oppgradering og ombygning i 2014-2017. Se tilstandsrapport for utdypende informasjon. I følge tilstandsrapport er det 11 soverom i boligen. Det er ikke mottatt byggetegninger, som tilsier om dette er lovlig, Men ut i fra byggeår, er det tvilsomt at kjeller var tiltenkt rom for varig opphold. Det samme gjelder for loft. Dette er et bra objekt for større familier, eller for videre utleie. Last ned prospekt for mer informasjon, eller kontakt megler. Velkommen til visning! Husk å melde deg på. Minus Vis mindre NB: Knappen for å vise hele beskrivelsen har kun en visuell effekt. Pluss tegn Vis hele beskrivelsen NB: Knappen for å vise hele beskrivelsen har kun en visuell effekt. Salgsoppgaven beskriver vesentlig og lovpålagt informasjon om eiendommen Se komplett salgsoppgave Nyttige lenker Eiendommens hjemmeside Bestill salgsoppgave Visning Ta kontakt for å avtale visning. Husk å lese komplett salgsoppgave før visning. Bestill komplett, utskriftsvennlig salgsoppgave. Visningspåmelding Gi bud Nyttige lenker Eiendommens hjemmeside Bestill salgsoppgave Nærområdet Kart Solemsvegen 55, 6480 Aukra Annonseinformasjon FINN-kode 443583241 Sist endret 26. aug. 2026 06:01 Referanse 13250425 Rapporter annonse Annonsene kan være mangelfulle i forhold til lovpålagt opplysningsplikt. Før bindende avtale inngås oppfordres interessenter til å innhente komplett informasjon fra meglerforetaket, selger eller utleier.",2026-09-20T15:38:30+00:00,house
468076297,https://www.finn.no/realestate/homes/ad.html?finnkode=468076297,"Konsmo-Betydelig oppgradert lite småbruk på solrik tomt i landlige, idylliske omgivelser.","Konsmoheiveien 347, 4525 Konsmo",4525,Konsmo,2 690 000 kr,2 771 700 kr,81 700 kr,,624 386 kr,Enebolig,Selveier,,133 m² (BRA-i),150 m²,,2,,1920,,5 080 m² (eiet),5080,5.1,,4225,438,17,7,"Løland & Berås Eiendomsmegling har gleden av å selge Konsmoheiveien 347. Boligen har en idyllisk og landlig beliggenhet på romslig tomt med stor gruslagt gårdsplass med carporter, uthus og terrasser. Boligen har blitt modernisert over de siste 9 årene med bl.a oppgradering av kjøkken og loftsetasje, totalrenovering av bad og vaskerom, omfattende moderniseringer av innvendige overflater samt utvendige oppraderinger. Boligen har enkelte gjenstående utbedringsbehov og manglende dokumentasjon på endringer og nyoppføringer. Boligen inh. 1. et.: Hàll, stue med peis, åpent kjøkken med halvøy og utgang til terrasse, flislagt bad med 60*60 flis, badekar, dusjhjørne med sorte detaljer, praktisk vaskerom, soverom. 2. et.: luftig loftstue med spilevegg, soverom og toalett. Hems med lagringsmuligheter. Minus Vis mindre NB: Knappen for å vise hele beskrivelsen har kun en visuell effekt. Pluss tegn Vis hele beskrivelsen NB: Knappen for å vise hele beskrivelsen har kun en visuell effekt. Salgsoppgaven beskriver vesentlig og lovpålagt informasjon om eiendommen Se komplett salgsoppgave Nyttige lenker Bestill salgsoppgave Visning Ta kontakt for å avtale visning. Husk å lese komplett salgsoppgave før visning. Bestill komplett, utskriftsvennlig salgsoppgave. Visningspåmelding Gi bud Nyttige lenker Bestill salgsoppgave Nærområdet Kart Konsmoheiveien 347, 4525 Konsmo Annonseinformasjon FINN-kode 468076297 Sist endret 16. aug. 2026 04:13 Referanse 20260036 Rapporter annonse Annonsene kan være mangelfulle i forhold til lovpålagt opplysningsplikt. Før bindende avtale inngås oppfordres interessenter til å innhente komplett informasjon fra meglerforetaket, selger eller utleier.",2026-09-20T15:38:32+00:00,house
473018111,https://www.finn.no/realestate/homes/ad.html?finnkode=473018111,"Storslått sveitservilla fra 1917 - klassisk eleganse, 4 soverom, flere stuer, fjøs, uthus og parklignende hage.","Hagskarveien 25, 8370 Leknes",8370,Leknes,8 900 000 kr,9 123 590 kr,223 590 kr,,,Enebolig,Selveier,,322 m² (BRA-i),331 m²,,4,,1917,3,50 810 m² (eiet),50810,50.8,G - Rød,1860,40,7,5,"Velkommen til Hagskarveien 25! En unik sveitservilla fra 1917, beliggende på en tomt som minner om en park. Eiendommen ligger landlig og skjermet til, kun ca. 3 km fra Leknes sentrum. Hovedhuset byr på særpreg og historie, fordelt over flere plan. I tillegg til eneboligen følger det med et fjøs som i dag benyttes som garasje og lager, et uthus med potensial, og et sjarmerende lysthus i hagen. Her er det muligheter for den som verdsetter historie, plass og en unik atmosfære. En sjelden anledning i Lofoten. Minus Vis mindre NB: Knappen for å vise hele beskrivelsen har kun en visuell effekt. Pluss tegn Vis hele beskrivelsen NB: Knappen for å vise hele beskrivelsen har kun en visuell effekt. Salgsoppgaven beskriver vesentlig og lovpålagt informasjon om eiendommen Se komplett salgsoppgave Nyttige lenker Gi bud Bestill salgsoppgave Eiendommens hjemmeside Visning Ta kontakt for å avtale visning. Husk å lese komplett salgsoppgave før visning. Bestill komplett, utskriftsvennlig salgsoppgave. Visningspåmelding Gi bud Nyttige lenker Gi bud Bestill salgsoppgave Eiendommens hjemmeside Nærområdet Kart Hagskarveien 25, 8370 Leknes Annonseinformasjon FINN-kode 473018111 Sist endret 31. aug. 2026 06:03 Referanse 85260067 Rapporter annonse Annonsene kan være mangelfulle i forhold til lovpålagt opplysningsplikt. Før bindende avtale inngås oppfordres interessenter til å innhente komplett informasjon fra meglerforetaket, selger eller utleier.",2026-09-20T15:38:33+00:00,house
462746774,https://www.finn.no/realestate/homes/ad.html?finnkode=462746774,"Familiebolig med nydelig utsikt over Mjøsa | Stor, sørøstvendt veranda/​takterrasse | 3 soverom og garasjeplass","Skogstien 3, 2817 Gjøvik",2817,Gjøvik,3 100 000 kr,3 627 782 kr,1 090 kr,526 692 kr,704 179 kr,Enebolig,Andel,,127 m² (BRA-i),147 m²,,3,,1978,,20 916 m² (eiet),20916,20.9,Rom,3407,59,50,5,"Velkommen til Skogstien 3! En innholdsrik og godt vedlikeholdt familiebolig med en stor, sørøstvendt veranda og flott utsikt mot Mjøsa. Dette er et barnevennelig hjem over to plan i et etablert område med kort vei til Gjøvik sentrum. Hovedetasjen har en åpen løsning mellom stue og kjøkken, med utgang til den delvis overbygde terrassen. Underetasjen inneholder tre soverom, flislagt bad, separat toalettrom og en praktisk entré med gulvvarme. Høydepunkter: - Kjøkken med integrerte hvitevarer og parkett fra 2020 - To ildsteder og varmepumpe for effektiv oppvarming - TV og internett er inkludert i felleskostnadene - To parkeringsplasser utenfor med elbillader på husveggen - Garasjeplass i rekke og flere eksterne boder - Nytt tak (2020) og nyere kledning med etterisolering Velkommen! Minus Vis mindre NB: Knappen for å vise hele beskrivelsen har kun en visuell effekt. Pluss tegn Vis hele beskrivelsen NB: Knappen for å vise hele beskrivelsen har kun en visuell effekt. Salgsoppgaven beskriver vesentlig og lovpålagt informasjon om eiendommen Se komplett salgsoppgave Nyttige lenker Meld interesse Se komplett salgsoppgave Gi bud Visning Velkommen til visning! Meld deg på ved å trykke ""visningspåmelding"" i våre boligannonser. Ta gjerne kontakt med megler i forkant av visningen om du har spørsmål. Visningspåmelding Gi bud Nyttige lenker Meld interesse Se komplett salgsoppgave Gi bud Nærområdet Kart Skogstien 3, 2817 Gjøvik Annonseinformasjon FINN-kode 462746774 Sist endret 13. aug. 2026 15:08 Referanse 507250168 Rapporter annonse Annonsene kan være mangelfulle i forhold til lovpålagt opplysningsplikt. Før bindende avtale inngås oppfordres interessenter til å innhente komplett informasjon fra meglerforetaket, selger eller utleier.",2026-09-20T15:38:35+00:00,house
436987165,https://www.finn.no/realestate/homes/ad.html?finnkode=436987165,"NY PRIS | Særegen og innholdsrik eiendom på ca. 89 mål, med enebolig, våningshus og fjøs | Naturflotte omgivelser","Søbergsveien 83 og 85, 8475 Straumsjøen",8475,Straumsjøen,1 950 000 kr,1 999 840 kr,49 840 kr,,83 347 kr,Enebolig,Selveier,,280 m² (BRA-i),414 m²,,7,,1962,2,89 256 m² (eiet),89256,89.3,G - Oransje,1867,39,16,5,"Velkommen til Søbergsveien 83 og 85 og denne innholdsrike eiendommen på vakre Søberg i Bø i Vesterålen! Her får du en særegen eiendom på ca. 89 mål bestående av seks teiger. Én av teigene er bebygd med enebolig, våningshus og fjøs m/garasje, og byr på gode sol- og utsiktsforhold. Én annen grenser til sjø, på Langholmen like ved Søbergssanden. - Søbergsveien nr. 83 er en koselig enebolig som ble oppført i 1962, og tilbygd i 1987. - Søbergsveien nr. 85 er et eldre våningshus benyttet som fritidsbolig, som er stedvis oppgradert senere år. I tillegg er eiendommen bebygd med en eldre fjøs, tilbygget med garasje i 2000. Det kan påregnes vedlikehold og oppgraderinger på bygningene. Eiendommen har landlig, fredelig og naturskjønn beliggenhet, med kort avstand til bl.a. Søbergssanden og Søbergsfjellet. Det meste av hverdagsfasiliteter finner du på Straume, ca. 3,5 km fra eiendommen. Overdragelse av eiendommen er konsesjonsbelagt, og eiendommen har driveplikt. Velkommen til visning! Minus Vis mindre NB: Knappen for å vise hele beskrivelsen har kun en visuell effekt. Pluss tegn Vis hele beskrivelsen NB: Knappen for å vise hele beskrivelsen har kun en visuell effekt. Salgsoppgaven beskriver vesentlig og lovpålagt informasjon om eiendommen Se komplett salgsoppgave Nyttige lenker Eiendommens hjemmeside Bestill salgsoppgave Visning Ta kontakt for å avtale visning. Husk å lese komplett salgsoppgave før visning. Bestill komplett, utskriftsvennlig salgsoppgave. Visningspåmelding Gi bud Nyttige lenker Eiendommens hjemmeside Bestill salgsoppgave Nærområdet Kart Søbergsveien 83 og 85, 8475 Straumsjøen Annonseinformasjon FINN-kode 436987165 Sist endret 14. aug. 2026 09:10 Referanse 19250120 Rapporter annonse Annonsene kan være mangelfulle i forhold til lovpålagt opplysningsplikt. Før bindende avtale inngås oppfordres interessenter til å innhente komplett informasjon fra meglerforetaket, selger eller utleier.",2026-09-20T15:38:36+00:00,house
472798399,https://www.finn.no/realestate/homes/ad.html?finnkode=472798399,Enebolig med stor eiertomt og sjønær beliggenhet på Kongshavn | Brygge| Garasje,"Kongshavnveien 18, 4812 Kongshavn",4812,Kongshavn,9 500 000 kr,9 738 590 kr,238 590 kr,,3 706 433 kr,Enebolig,Selveier,,291 m² (BRA-i),395 m²,,4,,1916,,5 806 m² (eiet),5806,5.8,Rom,4203,202,9,5,"Velkommen til Kongshavnveien 18! En innholdsrik enebolig med stor eiet tomt, og garasje med kort vei til sjøen. En eiendom med stort potensial for den som vil skape sitt eget hjem. Boligen har en klassisk karakter fra byggeåret 1916, med et tilbygg fra 2000. Huset er innholdsrikt over tre plan med god plass. Beliggenheten i Kongshavn byr på nærhet til sjø, turområder og butikk. Eiendommen har en stor hage med frukttrær. Den store eiendommen åpner for muligheter til å bygging av boliger på tomten i henhold til gjeldende reguleringsplan. Modernisering og utbedringer må påregnes. Høydepunkter: Stor eiet tomt på over 5,5 mål. Frittstående garasje og et romslig uthus/låve. Flislagt bad i 1. etasje med badekar og gulvvarme. Terrasse med utgang fra flere rom. Minus Vis mindre NB: Knappen for å vise hele beskrivelsen har kun en visuell effekt. Pluss tegn Vis hele beskrivelsen NB: Knappen for å vise hele beskrivelsen har kun en visuell effekt. Salgsoppgaven beskriver vesentlig og lovpålagt informasjon om eiendommen Se komplett salgsoppgave Nyttige lenker Gi Bud Eiendommens hjemmeside på Krogsveen.no Visning Ta kontakt med megler for avtale om privatvisning. Ønsker du kun å bli holdt orientert, kan du fra eiendommens hjemmeside få varsel om solgtpris, eller kontakte megler. Visningspåmelding Gi bud Nyttige lenker Gi Bud Eiendommens hjemmeside på Krogsveen.no Nærområdet Kart Kongshavnveien 18, 4812 Kongshavn Annonseinformasjon FINN-kode 472798399 Sist endret 20. aug. 2026 09:45 Referanse KR47.2662 Rapporter annonse Annonsene kan være mangelfulle i forhold til lovpålagt opplysningsplikt. Før bindende avtale inngås oppfordres interessenter til å innhente komplett informasjon fra meglerforetaket, selger eller utleier.",2026-09-20T15:38:37+00:00,house
434373622,https://www.finn.no/realestate/homes/ad.html?finnkode=434373622,Strøken og tiltalende enebolig i kjede fra 2022 | Effektiv planløsning over 2 plan | Carport | Ingen forkjøpsrett,"Fredbovegen 97, 3919 Porsgrunn",3919,Porsgrunn,2 550 000 kr,4 895 000 kr,"kr 2 550 000,-",2 345 000 kr,1 172 544 kr,Enebolig,Andel,,110 m² (BRA-i),119 m²,,3,,2022,,6 219 m² (eiet),6219,6.2,B - Oransje,4001,121,46,7,"PrivatMegleren v/Ingrid A. Reisjø har gleden av å presentere Fredbovegen 97. En strøken bolig med romslig og praktisk planløsning. Her får du 110 effektive kvm fordelt på 2 plan, i tillegg til 2 uteplasser, carport og utebod. Boligen har en gjennomført og delikat stil med et moderne og tidløst uttrykk, og store vindusflater samt god takhøyde som gjør at boligen oppleves som romslig. Boligen er utstyrt med gode kvaliteter som er å forvente i et nybygg, som oppgradert kjøkken og bad, parkett med gulvvarme, peis og balansert ventilasjonsanlegg med varmegjenvinning for å nevne noe. I tillegg to flotte uteplasser med gode solforhold. Boligen er en del av Fredbovegen Borettslag - et nytt boligfelt fordelt på 20 boliger. Her bor du trygt og godt, med lite trafikk i blindvei, og egen lekeplass. En unik mulighet for å sikre seg en moderne bolig med barnevennlig og rolig beliggenhet i gangavstand til skole, barnehage og sentrum. V/innløst fellesgjeld, utgjør felleskostnadene kr. 4009,- Minus Vis mindre NB: Knappen for å vise hele beskrivelsen har kun en visuell effekt. Pluss tegn Vis hele beskrivelsen NB: Knappen for å vise hele beskrivelsen har kun en visuell effekt. Salgsoppgaven beskriver vesentlig og lovpålagt informasjon om eiendommen Se komplett salgsoppgave Nyttige lenker Gi bud Bestill salgsoppgave Eiendommens hjemmeside Visning Ta kontakt for å avtale visning. Husk å lese komplett salgsoppgave før visning. Bestill komplett, utskriftsvennlig salgsoppgave. Visningspåmelding Gi bud Nyttige lenker Gi bud Bestill salgsoppgave Eiendommens hjemmeside Nærområdet Kart Fredbovegen 97, 3919 Porsgrunn Annonseinformasjon FINN-kode 434373622 Sist endret 18. aug. 2026 14:30 Referanse 103250179 Rapporter annonse Annonsene kan være mangelfulle i forhold til lovpålagt opplysningsplikt. Før bindende avtale inngås oppfordres interessenter til å innhente komplett informasjon fra meglerforetaket, selger eller utleier.",2026-09-20T15:38:39+00:00,house
458933013,https://www.finn.no/realestate/homes/ad.html?finnkode=458933013,"Innholdsrikt tidligere småbruk med stor solrik tomt  - Bolig, 2 garasjer, uthus og låve - Noe oppgradert - Ny pris","Vøllovegen 2, 3580 Geilo",3580,Geilo,4 350 000 kr,4 459 840 kr,109 840 kr,,502 861 kr,Enebolig,Selveier,,208 m² (BRA-i),334 m²,,3,,1948,,7 783 m² (eiet),7783,7.8,F - Oransje,3330,61,41,5,"Velkommen til Vøllovegen 2 - en innholdsrik eiendom med hele 7 783 m² tomt, romslig enebolig, to garasjer, uthus og låve. Eiendommen byr på gode lagringsmuligheter, flotte uteområder og spennende potensial. Boligens 1. etasje inneholder stue/spisestue, kjøkken, to soverom, bad/wc, entré/gang og trapperom til kjeller. Kjelleretasjen består av stue/kjøkken/soverom, bad, toalettrom, kjølerom, seks boder/kjellerrom, ganger og vindfang - med god plass til både lagring og hobbyrom. På eiendommen finner du også to frittstående bygg med tilhørende garasje, perfekt for lagring av utstyr og kjøretøy. Låven har ikke vært i bruk på mange år, men gir flotte muligheter for den som ønsker å skape sitt eget fristed. Her får du det beste av to verdener - rolige omgivelser med god plass rundt deg, samtidig som det er kort vei til sentrum med butikker, skoler, barnehager og servicetilbud. Eiendommen har flotte solforhold og fin utsikt. Minus Vis mindre NB: Knappen for å vise hele beskrivelsen har kun en visuell effekt. Pluss tegn Vis hele beskrivelsen NB: Knappen for å vise hele beskrivelsen har kun en visuell effekt. Salgsoppgaven beskriver vesentlig og lovpålagt informasjon om eiendommen Se komplett salgsoppgave Nyttige lenker Gi bud Bestill salgsoppgave Eiendommens hjemmeside Visning Ta kontakt for å avtale visning. Husk å lese komplett salgsoppgave før visning. Bestill komplett, utskriftsvennlig salgsoppgave. Visningspåmelding Gi bud Nyttige lenker Gi bud Bestill salgsoppgave Eiendommens hjemmeside Nærområdet Kart Vøllovegen 2, 3580 Geilo Annonseinformasjon FINN-kode 458933013 Sist endret 20. aug. 2026 16:15 Referanse 315251073 Rapporter annonse Annonsene kan være mangelfulle i forhold til lovpålagt opplysningsplikt. Før bindende avtale inngås oppfordres interessenter til å innhente komplett informasjon fra meglerforetaket, selger eller utleier.",2026-09-20T15:38:40+00:00,house
472804759,https://www.finn.no/realestate/homes/ad.html?finnkode=472804759,"Landlig beliggende enebolig på stor eiertomt på 6,6 mål | Solrike uteplasser | Kort vei til sentrum |","Stuputveien 16, 1816 Skiptvet",1816,Skiptvet,2 900 000 kr,2 973 590 kr,73 590 kr,,623 823 kr,Enebolig,Selveier,,118 m² (BRA-i),163 m²,,2,,1920,2,6 623 m² (eiet),6623,6.6,Rom,3116,7,9,7,"Stuputveien 16 er en landlig beliggende eiendom med stor eiertomt på 6 622 m². Her bor du i rolige og naturskjønne omgivelser, samtidig som det kun er ca. 1,5 km til Skiptvet sentrum. Boligen inneholder blant annet stue, kjøkken med spiseplass, bad/vaskerom, toalettrom og 2 soverom. Eiendommen har romslige terrasser med gode solforhold og et stort uteområde med mange muligheter. Boligen har normal standard sett opp mot alder, men det må påregnes vedlikehold og oppgraderinger. Dette er en spennende mulighet for den som ønsker å skape sitt eget hjem i landlige omgivelser. Velkommen til visning, husk påmelding! Minus Vis mindre NB: Knappen for å vise hele beskrivelsen har kun en visuell effekt. Pluss tegn Vis hele beskrivelsen NB: Knappen for å vise hele beskrivelsen har kun en visuell effekt. Salgsoppgaven beskriver vesentlig og lovpålagt informasjon om eiendommen Se komplett salgsoppgave Nyttige lenker Meld interesse Se komplett salgsoppgave Gi bud Visning Velkommen til visning! Meld deg på ved å trykke ""visningspåmelding"" i våre boligannonser. Visning med megler til stede vil ikke bli avholdt uten påmeldinger. Ta gjerne kontakt med megler i forkant av visningen om du har spørsmål. Visningspåmelding Gi bud Nyttige lenker Meld interesse Se komplett salgsoppgave Gi bud Nærområdet Kart Stuputveien 16, 1816 Skiptvet Annonseinformasjon FINN-kode 472804759 Sist endret 28. aug. 2026 11:42 Referanse 205260115 Rapporter annonse Annonsene kan være mangelfulle i forhold til lovpålagt opplysningsplikt. Før bindende avtale inngås oppfordres interessenter til å innhente komplett informasjon fra meglerforetaket, selger eller utleier.",2026-09-20T15:38:41+00:00,house
434857490,https://www.finn.no/realestate/homes/ad.html?finnkode=434857490,"Sjarmerende eiendom med eldre enebolig, garasje og bod/​utedo, samt frittstående tomt | Nærhet til Sundet | Barnevennlig","Styrivegen 18, 2080 Eidsvoll",2080,Eidsvoll,2 490 000 kr,2 553 340 kr,63 340 kr,,619 775 kr,Enebolig,Selveier,,102 m² (BRA-i),158 m²,,2,,1935,,5 019 m² (eiet),5019,5.0,,3240,9,17,5,"Eiendommene består av nr. 16 som er tomt, og nr. 18 som er bolig, garasjeuthus og bod/utedo. Nr. 18: Boligen består av første etasje med entré, stue, spisestue og kjøkken. Andre etasje består av gang og to soverom. Frittstående byggverk består av utedo, vedskjul og bod. Tomten er opparbeidet med blant annet plen, diverse beplantning, det er frittstående garasje, og grusbelagt innkjørsel. Bygningene har renoverings/oppgraderingsbehov. Nr. 16 er kun tomt på ca. 2552 kvm. Eiendommen ligger på Styri, kun ca. 3,5 km. (ca. 5 min. med bil) fra Sundet, som er sentrum av Eidsvoll. Sundet har alt av fasiliteter som butikker, caféer, restauranter, kinoer, Eidsvoll brygge, Eidsvoll stasjon med pendlerparkering. Fra Eidsvoll stasjon har du god kommunikasjon med tog til både Gardermoen og Oslo. Minus Vis mindre NB: Knappen for å vise hele beskrivelsen har kun en visuell effekt. Pluss tegn Vis hele beskrivelsen NB: Knappen for å vise hele beskrivelsen har kun en visuell effekt. Salgsoppgaven beskriver vesentlig og lovpålagt informasjon om eiendommen Se komplett salgsoppgave Nyttige lenker Gi Bud Eiendommens hjemmeside på Krogsveen.no Visning Ta kontakt med megler for avtale om privatvisning. Visningspåmelding Gi bud Nyttige lenker Gi Bud Eiendommens hjemmeside på Krogsveen.no Nærområdet Kart Styrivegen 18, 2080 Eidsvoll Annonseinformasjon FINN-kode 434857490 Sist endret 07. sep. 2026 10:43 Referanse KR63.25217 Rapporter annonse Annonsene kan være mangelfulle i forhold til lovpålagt opplysningsplikt. Før bindende avtale inngås oppfordres interessenter til å innhente komplett informasjon fra meglerforetaket, selger eller utleier.",2026-09-20T15:38:42+00:00,house
465180275,https://www.finn.no/realestate/homes/ad.html?finnkode=465180275,Herskapelig & historisk eiendom på over 50 mål. 6 bygninger. Lågen med laksefiske som nærmeste nabo. Kun 1 time fra Oslo,"Brubakken 17, 3647 Hvittingfoss",3647,Hvittingfoss,36 000 000 kr,36 901 090 kr,901 090 kr,,,Enebolig,Selveier,,462 m² (BRA-i),1 624 m²,,4,,1902,,51 672 m² (eiet),51672,51.7,,3303,1,109,7,"Unik eiendom som vanskelig lar seg sammenligne med noe annet. Med Numedalslågen som nærmeste nabo, over 50 mål tomt og under én times kjøring fra Oslo, kombineres historie, natur og utviklingsmuligheter på en måte som svært sjelden kommer for salg. Eiendommen består av to matrikkelenheter (gnr./bnr. 1/105 og 1/109) og omfatter hovedhus, låve, stabbur, lysthus, sagbygning og en stor garasje-/driftsbygning som tidligere rommet 18 stallplasser for hest. Dette er en eiendom for kjøpere som søker noe langt mer enn en bolig - et sted med historie, identitet, naturkvaliteter og muligheter som strekker seg langt utover det vanlige. K V A L I T E T E R Lakseelven Lågen omkranser 180 grader av eiendommen Totalt 6 bygninger med betydelige bruks- og utviklingsmuligheter Mottatt vernepris for god restaurering Benyttes i dag til bolig, arrangementer, utleie og hobbyvirksomhet Ca. 1 time fra Oslo Kort vei til Vestfold-byene og kysten Se video Minus Vis mindre NB: Knappen for å vise hele beskrivelsen har kun en visuell effekt. Pluss tegn Vis hele beskrivelsen NB: Knappen for å vise hele beskrivelsen har kun en visuell effekt. Salgsoppgaven beskriver vesentlig og lovpålagt informasjon om eiendommen Se komplett salgsoppgave Nyttige lenker Gi bud Bestill salgsoppgave Eiendommens hjemmeside Hjemmeside Visning Ta kontakt for å avtale visning. Husk å lese komplett salgsoppgave før visning. Bestill komplett, utskriftsvennlig salgsoppgave. Visningspåmelding Gi bud Nyttige lenker Gi bud Bestill salgsoppgave Eiendommens hjemmeside Hjemmeside Nærområdet Kart Brubakken 17, 3647 Hvittingfoss Annonseinformasjon FINN-kode 465180275 Sist endret 10. aug. 2026 09:21 Referanse 201260192 Rapporter annonse Annonsene kan være mangelfulle i forhold til lovpålagt opplysningsplikt. Før bindende avtale inngås oppfordres interessenter til å innhente komplett informasjon fra meglerforetaket, selger eller utleier.",2026-09-20T15:38:44+00:00,house
465931225,https://www.finn.no/realestate/homes/ad.html?finnkode=465931225,Familievennlig & moderne enebolig innerst i blindvei - Fantastisk utsikt - Carport & fine uteområder - 25 min. fra Oslo,"Eikelia 19H, 1407 Vinterbro",1407,Vinterbro,8 290 000 kr,8 498 340 kr,208 340 kr,,2 197 054 kr,Enebolig,Selveier,,153 m² (BRA-i),159 m²,,3,,2018,3,7 823 m² (eiet),7823,7.8,Rom,3218,107,213,7,"Velkommen til Eikelia 19H! Flott, familievennlig enebolig over tre plan. God intern beliggenhet helt innerst i blindvei. Moderne standard og oppgradert komfort. Hyggelige uteområder, takterrasse og altan med fantastisk utsikt! Carport med elbillader og asfaltert gårdsplass. Godt bomiljø i et sosialt sameie med felles aktiviteter. Gangavstand til barnehager, skoler og aktivitet. Friområder, tur- og bademuligheter og kjøpesenter i nærområdet. Enkel reisevei til Ski og Oslo, og 5 min. til Tusenfryd. Eiendommen ligger i et nyere og attraktivt boligområde i blindvei, med fantastisk utsikt og et hyggelig, barnevennlig nabolag. Ideelt for deg som ønsker en fredelig hverdag i naturskjønne omgivelser, med samtidig nærhet til byens fasiliteter. Minus Vis mindre NB: Knappen for å vise hele beskrivelsen har kun en visuell effekt. Pluss tegn Vis hele beskrivelsen NB: Knappen for å vise hele beskrivelsen har kun en visuell effekt. Salgsoppgaven beskriver vesentlig og lovpålagt informasjon om eiendommen Se komplett salgsoppgave Nyttige lenker Gi bud Bestill salgsoppgave Visning Ta kontakt for å avtale visning. Husk å lese komplett salgsoppgave før visning. Bestill komplett, utskriftsvennlig salgsoppgave. Visningspåmelding Gi bud Nyttige lenker Gi bud Bestill salgsoppgave Nærområdet Kart Eikelia 19H, 1407 Vinterbro Annonseinformasjon FINN-kode 465931225 Sist endret 14. sep. 2026 09:17 Referanse 46-0047/26 Rapporter annonse Annonsene kan være mangelfulle i forhold til lovpålagt opplysningsplikt. Før bindende avtale inngås oppfordres interessenter til å innhente komplett informasjon fra meglerforetaket, selger eller utleier.",2026-09-20T15:38:45+00:00,house
465095687,https://www.finn.no/realestate/homes/ad.html?finnkode=465095687,Innholdsrik enebolig med landlig beliggenhet | Stor terrasse og hage | Flott fjellutsikt,"Sørfinnsetveien 40, 8140 Inndyr",8140,Inndyr,2 590 000 kr,2 655 840 kr,65 840 kr,,,Enebolig,Selveier,,132 m² (BRA-i),144 m²,,4,,1954,,5 191 m² (eiet),5191,5.2,,1838,20,22,5,"Velkommen til Sørfinnsetveien 40! En innholdsrik enebolig over to plan med stor tomt, pent beplantet med flott utsikt mot fjellene. Dette er en bolig med en fleksibel planløsning med fire soverom, som gir gode muligheter for en stor familie. Den enkle kjøkkenløsningen i andre etasje gir mulighet for en egen sone for tenåringen eller gjester. Uteområdet er opparbeidet med en romslig plen og en stor terrasse. Her bor du med naturen tett på, samtidig som det er kort vei til dagligvarebutikker på Storvik og Inndyr. Høydepunkter: - Bad i 1. etasje fra 2021 med baderomsplater og gulvvarme - Luft-til-luft varmepumpe fra 2021 og vedfyring - Stor terrasse med utgang fra stue - Stor eiet tomt på totalt ca. 5191 kvm (to bnr.) m/ pen hage - Gode lagringsmuligheter + vaskerom Velkommen til visning Minus Vis mindre NB: Knappen for å vise hele beskrivelsen har kun en visuell effekt. Pluss tegn Vis hele beskrivelsen NB: Knappen for å vise hele beskrivelsen har kun en visuell effekt. Salgsoppgaven beskriver vesentlig og lovpålagt informasjon om eiendommen Se komplett salgsoppgave Nyttige lenker Meld interesse Se komplett salgsoppgave Gi bud Visning Velkommen til visning! Meld deg på ved å trykke ""visningspåmelding"" i våre boligannonser. Visning med megler til stede vil ikke bli avholdt uten påmeldinger. Ta gjerne kontakt med megler i forkant av visningen om du har spørsmål. Visningspåmelding Gi bud Nyttige lenker Meld interesse Se komplett salgsoppgave Gi bud Nærområdet Kart Sørfinnsetveien 40, 8140 Inndyr Annonseinformasjon FINN-kode 465095687 Sist endret 06. sep. 2026 18:14 Referanse 813260226 Rapporter annonse Annonsene kan være mangelfulle i forhold til lovpålagt opplysningsplikt. Før bindende avtale inngås oppfordres interessenter til å innhente komplett informasjon fra meglerforetaket, selger eller utleier.",2026-09-20T15:38:47+00:00,house
471385333,https://www.finn.no/realestate/homes/ad.html?finnkode=471385333,"Natvig/​Nedenes - Enebolig på stor, solrik tomt - Godkjent reguleringsplan for utvikling av tilleggstomt!","Rød 30, 4823 Nedenes",4823,Nedenes,6 500 000 kr,6 663 045 kr,163 045 kr,,970 361 kr,Enebolig,Selveier,,205 m² (BRA-i),205 m²,,4,,1952,,5 785 m² (eiet),5785,5.8,E - Oransje,4203,429,10,5,"Velkommen til Rød 30! Eiendommen ""Fjellestad"" ligger hyggelig til, tilbaketrukket men sentralt plassert på Natvig med kort vei til det meste en trenger i hverdagen. Skole, buss, butikk og barnehage er alt innenfor korte avstander. På vei inn til eiendommen passerer en den gamle skolen på Røed, og huset ligger innerst i en trygg blindvei. Med på kjøpet er det en stor tilleggstomt hvor det nettopp er godkjent reguleringsplan for 3 enheter (én av disse med utleiedel). Eiendommen byr derfor på en unik utvikling- og investeringsmulighet! Bolig og utleiedel (ikke godkjent) er i dag utleid for kr 27.000,- pluss strøm, så her har en inntekter umiddelbart mens tomten utvikles. Kort fortalt: - Utviklingsmulighet for 3 enheter - Tomt på totalt 5 785 kvm - Flott plassering på Natvig - Barnevennlig Minus Vis mindre NB: Knappen for å vise hele beskrivelsen har kun en visuell effekt. Pluss tegn Vis hele beskrivelsen NB: Knappen for å vise hele beskrivelsen har kun en visuell effekt. Salgsoppgaven beskriver vesentlig og lovpålagt informasjon om eiendommen Se komplett salgsoppgave Nyttige lenker Gi bud Bestill salgsoppgave Eiendommens hjemmeside Visning Ta kontakt for å avtale visning. Husk å lese komplett salgsoppgave før visning. Bestill komplett, utskriftsvennlig salgsoppgave. Visningspåmelding Gi bud Nyttige lenker Gi bud Bestill salgsoppgave Eiendommens hjemmeside Nærområdet Kart Rød 30, 4823 Nedenes Annonseinformasjon FINN-kode 471385333 Sist endret 19. aug. 2026 06:06 Referanse 307260117 Rapporter annonse Annonsene kan være mangelfulle i forhold til lovpålagt opplysningsplikt. Før bindende avtale inngås oppfordres interessenter til å innhente komplett informasjon fra meglerforetaket, selger eller utleier.",2026-09-20T15:38:48+00:00,house
466484903,https://www.finn.no/realestate/homes/ad.html?finnkode=466484903,"En unik og sjelden mulighet. Stor kombinasjonseiendom med Idyllisk kystnatur, jaktrett ca. 700 dekar utmark.","Utsetveien 75, 7247 Hestvika",7247,Hestvika,7 750 000 kr,7 944 840 kr,194 840 kr,,,Enebolig,Selveier,,112 m² (BRA-i),303 m²,,3,,,,701 231 m² (eiet),701231,701.2,G - Rød,5056,112,2,17,"Velkommen til Vågen, en sjelden anledning til å sikre seg et privat fristed i et av Midt-Norges mest attraktive naturområder. Vågen ligger i en lun bukt, Bjørnevågen med storhavet rett utenfor i naturskjønne omgivelser kombinert med kystnatur, sjøtilgang og strandlinje. Eiendommen består av våningshus, inngjerdet hage m/ frukt- og bærtrær, naust, bryggehus m/ brygge og flytebrygge, garasje og uthus. Innmark, store private utmarksområder, jaktrett på hjort og rådyr, tilgang til 2 store fiskevann. Forholdene ligger til rette for båtliv, fiske og opplevelser på sjø og land, med kort vei ut til Hitras skjærgård. Eiendommen vil kunne egne seg som småbruk, fritidseiendom eller som en livsstils eiendom med mange naturressurser. Bygningsmassen bærer preg av eiendommens historie og gir gode muligheter for modernisering og videre utvikling. Dette er en eiendom som kan egne seg både som bolig, fritidseiendom, småbruk m.m. Kort avstand til butikk, Hitratunnelen/ Hurtigbåtterminal, ca. 10-15 min. Minus Vis mindre NB: Knappen for å vise hele beskrivelsen har kun en visuell effekt. Pluss tegn Vis hele beskrivelsen NB: Knappen for å vise hele beskrivelsen har kun en visuell effekt. Salgsoppgaven beskriver vesentlig og lovpålagt informasjon om eiendommen Se komplett salgsoppgave Nyttige lenker Gi bud Bestill salgsoppgave Hjemmeside Nyttige lenker Gi bud Bestill salgsoppgave Hjemmeside Nærområdet Kart Utsetveien 75, 7247 Hestvika Se hele annonsen Annonseinformasjon FINN-kode 466484903 Sist endret 18. sep. 2026 14:40 Referanse 1260118 Rapporter annonse Annonsene kan være mangelfulle i forhold til lovpålagt opplysningsplikt. Før bindende avtale inngås oppfordres interessenter til å innhente komplett informasjon fra meglerforetaket, selger eller utleier.",2026-09-20T15:38:49+00:00,house
447103048,https://www.finn.no/realestate/homes/ad.html?finnkode=447103048,"Sjelden mulighet! | Landlig idyll med karakter | Romslig hovedbolig, tun og flere bygninger | Flere parkeringsmuligheter","Lunderenga 6A, 2016 Frogner",2016,Frogner,12 990 000 kr,13 316 080 kr,326 080 kr,,2 424 322 kr,Enebolig,Selveier,,295 m² (BRA-i),467 m²,,6,,2013,,5 628 m² (eiet),5628,5.6,B - Lysegrønn,3205,267,11,7,"Velkommen til Lunderenga 6 A & B - en romslig og særpreget eiendom i rolige, landlige omgivelser på Frogner. Her får du en moderne enebolig med god planløsning over to etasjer, store oppholdsrom og rikelig med plass til både familie og gjester. Boligen byr på flere stuer, mange soverom og gode soner for både hverdagsliv og sosiale sammenkomster. Eiendommen har et tydelig småbrukspreg med et hyggelig tun og flere bygninger, som gir både karakter og fleksibilitet. Den eldre bygningsmassen tilfører eiendommen særpreg og historie, mens hovedboligen dekker dagens behov for komfort og funksjon. Beliggenheten er skjermet og barnevennlig, med nærhet til natur, turmuligheter, skole og barnehage, samtidig som Frogner sentrum og togforbindelse nås på kort tid. Dette er et sted for deg som ønsker god plass, ro og landlige omgivelser - uten å gi slipp på tilgjengelighet. Minus Vis mindre NB: Knappen for å vise hele beskrivelsen har kun en visuell effekt. Pluss tegn Vis hele beskrivelsen NB: Knappen for å vise hele beskrivelsen har kun en visuell effekt. Salgsoppgaven beskriver vesentlig og lovpålagt informasjon om eiendommen Se komplett salgsoppgave Nyttige lenker Gi bud Bestill salgsoppgave Eiendommens hjemmeside Visning søndag, 20. september 15:00 – 15:45 Legg til i kalender Husk å lese komplett salgsoppgave før visning. Bestill komplett, utskriftsvennlig salgsoppgave. Visningspåmelding Nyttige lenker Gi bud Bestill salgsoppgave Eiendommens hjemmeside Nærområdet Kart Lunderenga 6A, 2016 Frogner Annonseinformasjon FINN-kode 447103048 Sist endret 10. sep. 2026 23:23 Referanse 32250281 Rapporter annonse Annonsene kan være mangelfulle i forhold til lovpålagt opplysningsplikt. Før bindende avtale inngås oppfordres interessenter til å innhente komplett informasjon fra meglerforetaket, selger eller utleier.",2026-09-20T15:38:50+00:00,house
466032537,https://www.finn.no/realestate/homes/ad.html?finnkode=466032537,"To eneboliger på samme eiendom | Perfekt for generasjon, utleie eller storfamilien","Langrand 7 og 9, 3055 Krokstadelva",3055,Krokstadelva,9 690 000 kr,9 933 340 kr,243 340 kr,,1 594 192 kr,Enebolig,Selveier,,314 m² (BRA-i),370 m²,,4,,1976,,6 160 m² (eiet),6160,6.2,,3301,237,48,5,"To frittstående eneboliger beliggende på en romslig og attraktiv tomt i etablert boligområde i Krokstadelva. Eiendommene selges samlet og byr på spennende muligheter enten man ønsker generasjonsbolig, utleie, kombinasjon av bolig og hobbyvirksomhet eller utviklingspotensial for fremtiden. Langrand 7 er en romslig enebolig over to plan, flere oppholdsrom og gode lagringsmuligheter. Langrand 9 er en mindre enebolig med praktisk planløsning og egen stue, kjøkken, bad og soverom. I tillegg medfølger frittstående garasje og gode parkeringsmuligheter på egen tomt. Eiendommene ligger sentralt til med gangavstand til skole, barnehager, kollektivtransport, dagligvare og Buskerud Storsenter. Her får man en sjelden kombinasjon av plass, fleksibilitet og familievennlige omgivelser. Minus Vis mindre NB: Knappen for å vise hele beskrivelsen har kun en visuell effekt. Pluss tegn Vis hele beskrivelsen NB: Knappen for å vise hele beskrivelsen har kun en visuell effekt. Salgsoppgaven beskriver vesentlig og lovpålagt informasjon om eiendommen Se komplett salgsoppgave Nyttige lenker Gi bud Bestill salgsoppgave Eiendommens hjemmeside Visning Ta kontakt for å avtale visning. Husk å lese komplett salgsoppgave før visning. Bestill komplett, utskriftsvennlig salgsoppgave. Visningspåmelding Gi bud Nyttige lenker Gi bud Bestill salgsoppgave Eiendommens hjemmeside Nærområdet Kart Langrand 7 og 9, 3055 Krokstadelva Annonseinformasjon FINN-kode 466032537 Sist endret 17. aug. 2026 10:42 Referanse 83260136 Rapporter annonse Annonsene kan være mangelfulle i forhold til lovpålagt opplysningsplikt. Før bindende avtale inngås oppfordres interessenter til å innhente komplett informasjon fra meglerforetaket, selger eller utleier.",2026-09-20T15:38:52+00:00,house
466087779,https://www.finn.no/realestate/homes/ad.html?finnkode=466087779,"Stor og innholdsrik enebolig i enden av blindvei med dobbel garasje, usjenert tomt og gode solforhold. 6 mål tomt 4 sov.","Venåsveien 12, 4985 Vegårshei",4985,Vegårshei,3 290 000 kr,3 372 795 kr,82 795 kr,,564 388 kr,Enebolig,Selveier,,217 m² (BRA-i),335 m²,,4,,1953,,5 963 m² (eiet),5963,6.0,E - Oransje,4212,42,119,5,"Romslig enebolig med sentral beliggenhet, som ligger fint til i enden av blindvei rett ved Myra. Usjenert, solrik og stor tomt med fine utearealer. Boligen er romslig og innehar blant annet: Stue, spisestue/kjøkken,  baderom, vaskerom og 4 soverom. I tillegg til dette er det er det også godt med bod arealer i kjeller. Eiendommen ligger i et populært og barnevennlig felt, innerst i blindvei, med kort vei til skole, barnehage, skisenter, matbutikk, kafe og andre forretninger Tomten er på nesten 6 mål og byr på god plass med plen areal, terrasse, flere biloppstillingsplasser og en stor dobbel garasje. Kort om: - Peis - Utsikt - Varmepumpe - Dobbel garasje - God planløsning - Stor og usjenert terrasse - Stille og barnevennlig nabolag - Kort gangavstand ned til sentrum Minus Vis mindre NB: Knappen for å vise hele beskrivelsen har kun en visuell effekt. Pluss tegn Vis hele beskrivelsen NB: Knappen for å vise hele beskrivelsen har kun en visuell effekt. Salgsoppgaven beskriver vesentlig og lovpålagt informasjon om eiendommen Se komplett salgsoppgave Nyttige lenker Gi bud Bestill salgsoppgave Eiendommens hjemmeside Visning Ta kontakt for å avtale visning. Husk å lese komplett salgsoppgave før visning. Bestill komplett, utskriftsvennlig salgsoppgave. Visningspåmelding Gi bud Nyttige lenker Gi bud Bestill salgsoppgave Eiendommens hjemmeside Nærområdet Kart Venåsveien 12, 4985 Vegårshei Annonseinformasjon FINN-kode 466087779 Sist endret 22. aug. 2026 06:04 Referanse 307260054 Rapporter annonse Annonsene kan være mangelfulle i forhold til lovpålagt opplysningsplikt. Før bindende avtale inngås oppfordres interessenter til å innhente komplett informasjon fra meglerforetaket, selger eller utleier.",2026-09-20T15:38:53+00:00,house
472374565,https://www.finn.no/realestate/homes/ad.html?finnkode=472374565,"Enebolig (tidl. småbruk) med ca. 13,3 daa tomt. Hage med skigard. Gode muligheter for hobby, hage og friluftsliv.","Rostadmoen 76, 2450 Rena",2450,Rena,1 550 000 kr,1 590 140 kr,40 140 kr,,382 900 kr,Enebolig,Selveier,,109 m² (BRA-i),160 m²,,3,,1955,,13 306 m² (eiet),13306,13.3,Rom,3422,12,43,5,"Velkommen til Rostadmoen 76 - en trivelig enebolig med landlig og fredelig beliggenhet, kun få minutters kjøring fra Rena sentrum. Eiendommen ligger på en romslig tomt på ca. 13,3 dekar med gode muligheter for hage, hobby eller mindre dyrehold, samt nærhet til flotte tur- og friluftsområder året rundt. Nyoppført skigard ved hage gir et koselig utrykk på tomten. Boligen har blitt oppusset i senere tid og har en praktisk planløsning med stue og spisestue, kjøkken, bad, tre soverom og gode oppbevaringsmuligheter. Stuen er utstyrt med både peisinnsats og varmepumpe, og fra boligen er det utgang til en hyggelig terrasse. På eiendommen står også et uthus (tidl. garasje og fjøsdel) med gode lagringsmuligheter. Boligen er oppført i 1955 og har fått enkelte oppgraderinger gjennom årene, men det må påregnes vedlikehold og modernisering i enkelte rom og bygg. Dette er en eiendom med stort potensial for deg som ønsker å skape et hjem tilpasset egne ønsker og behov. Minus Vis mindre NB: Knappen for å vise hele beskrivelsen har kun en visuell effekt. Pluss tegn Vis hele beskrivelsen NB: Knappen for å vise hele beskrivelsen har kun en visuell effekt. Salgsoppgaven beskriver vesentlig og lovpålagt informasjon om eiendommen Se komplett salgsoppgave Nyttige lenker Gi bud Bestill salgsoppgave Eiendommens hjemmeside Visning Ta kontakt for å avtale visning. Husk å lese komplett salgsoppgave før visning. Bestill komplett, utskriftsvennlig salgsoppgave. Visningspåmelding Gi bud Nyttige lenker Gi bud Bestill salgsoppgave Eiendommens hjemmeside Nærområdet Kart Rostadmoen 76, 2450 Rena Annonseinformasjon FINN-kode 472374565 Sist endret 19. aug. 2026 06:11 Referanse 99260200 Rapporter annonse Annonsene kan være mangelfulle i forhold til lovpålagt opplysningsplikt. Før bindende avtale inngås oppfordres interessenter til å innhente komplett informasjon fra meglerforetaket, selger eller utleier.",2026-09-20T15:38:54+00:00,house
472264429,https://www.finn.no/realestate/homes/ad.html?finnkode=472264429,Enebolig med sydvendt veranda og idyllisk hage | Dobbelgarasje | Tinglyst rett til sjøhus,"Vestsideveien 1527, 6570 Smøla",6570,Smøla,1 990 000 kr,2 058 740 kr,68 740 kr,,381 378 kr,Enebolig,Selveier,,110 m² (BRA-i),158 m²,,2,,1947,,6 900 m² (eiet),6900,6.9,Rom,,,,7,"Din lokale eiendomsmegler Notar v/Anders Havneraas ønsker velkommen til Vestsideveien 1527! Sjarmerende frittliggende enebolig på vestsiden av Smøla. Eiendommen ligger i et naturskjønt område med kort avstand til dagligvarebutikk, golfklubb og fotballbane, samt gode turmuligheter. Boligen er oppført i 1947 og har et BRA-i 110 kvm. Planløsningen består av gang, stue/kjøkken, bad, loftsgang og 2 soverom, samt kjeller med gang, boder, rom med sluk og kjellerstue. Veranda mot syd på 34 kvm med utgang fra stue. Dobbelgarasje på 33 kvm og drivhus/bod på 15 kvm. Boligen er fornyet og modernisert de siste årene med bla.: gulvvarme i kjeller, ny kledning og vinduer i hovedsak fra 2012, bad/vaskerom fra 2012, hoveddør fra 2024 og luft til luft varmepumpe fra 2023 Vi ønsker velkommen til visning! Minus Vis mindre NB: Knappen for å vise hele beskrivelsen har kun en visuell effekt. Pluss tegn Vis hele beskrivelsen NB: Knappen for å vise hele beskrivelsen har kun en visuell effekt. Salgsoppgaven beskriver vesentlig og lovpålagt informasjon om eiendommen Se komplett salgsoppgave Nyttige lenker Bestill komplett, utskriftsvennlig salgsoppgave Se komplett salgsoppgave Visning Ta kontakt med megler for avtale om visning. Visningspåmelding Gi bud Nyttige lenker Bestill komplett, utskriftsvennlig salgsoppgave Se komplett salgsoppgave Nærområdet Kart Vestsideveien 1527, 6570 Smøla Annonseinformasjon FINN-kode 472264429 Sist endret 07. aug. 2026 11:21 Referanse NO4.26254 Rapporter annonse Annonsene kan være mangelfulle i forhold til lovpålagt opplysningsplikt. Før bindende avtale inngås oppfordres interessenter til å innhente komplett informasjon fra meglerforetaket, selger eller utleier.",2026-09-20T15:38:56+00:00,house
461823727,https://www.finn.no/realestate/homes/ad.html?finnkode=461823727,Kjedet enebolig med endebeliggenhet /​/​ 3 sov & garasje | Godt vedlikeholdt | Solrik balkong på 19 m² & utsikt,"Hegrevegen 2, 8665 Mosjøen",8665,Mosjøen,2 590 000 kr,3 266 680 kr,1 090 kr,675 590 kr,777 225 kr,Enebolig,Andel,,116 m² (BRA-i),142 m²,,3,,1989,,8 998 m² (eiet),8998,9.0,Rom,1824,117,498,5,"Velkommen til Hegrevegen 2! En kjedet enebolig som er både innholdsrik og godt vedlikeholdt med flott utsikt og gode solforhold i Kulstadlia. Dette er et familievennlig hjem over to plan, beliggende i et rolig og veletablert borettslag. Her bor du med kort vei til Kulstad skole, barnehager, fine turområder og servicetilbud på Halsøy. Boligen er jevnlig vedlikeholdt, med betydelige utvendig oppgraderinger utført i regi av borettslaget de senere årene. Høydepunkter: Borettslaget har i løpet av de siste 15 år byttet tak, undertak, kledning, etterisolert og byttet vinduer Sørvendt balkong på 19 m² med gode solforhold og flott utsikt Tre soverom fordelt over to etasjer Åpen stue- og kjøkkenløsning med parkettgulv og peis Garasje rett utenfor døren på 18 m² samt to uteboder for god lagringsplass Luft-til-luft varmepumpe fra 2020 med service utført i 2024 Beliggenhet i enden av rekka i borettslaget med kjøreadkomst helt til ytterdøra Er dette noe for deg? Last ned salgsoppgaven og still godt forberedt. Vi ønsker deg velkommen til visning. Dersom ingen påmelding vil hovedvisning ikke bli avholdt. Minus Vis mindre NB: Knappen for å vise hele beskrivelsen har kun en visuell effekt. Pluss tegn Vis hele beskrivelsen NB: Knappen for å vise hele beskrivelsen har kun en visuell effekt. Salgsoppgaven beskriver vesentlig og lovpålagt informasjon om eiendommen Se komplett salgsoppgave Nyttige lenker Eiendommens hjemmeside Bestill salgsoppgave Visning Ta kontakt for å avtale visning. Husk å lese komplett salgsoppgave før visning. Bestill komplett, utskriftsvennlig salgsoppgave. Visningspåmelding Gi bud Nyttige lenker Eiendommens hjemmeside Bestill salgsoppgave Nærområdet Kart Hegrevegen 2, 8665 Mosjøen Annonseinformasjon FINN-kode 461823727 Sist endret 16. sep. 2026 06:01 Referanse 15260058 Rapporter annonse Annonsene kan være mangelfulle i forhold til lovpålagt opplysningsplikt. Før bindende avtale inngås oppfordres interessenter til å innhente komplett informasjon fra meglerforetaket, selger eller utleier.",2026-09-20T15:38:57+00:00,house
472352898,https://www.finn.no/realestate/homes/ad.html?finnkode=472352898,"Landlig og usjenert enebolig på stor eiertomt på over 5,5 mål - Garasje m/​ isolert bod - Stor terrasse og balkong!","Komperudstøa 29, 3340 Åmot",3340,Åmot,3 990 000 kr,4 090 840 kr,100 840 kr,,739 554 kr,Enebolig,Selveier,,159 m² (BRA-i),227 m²,,3,,1988,2,5 505 m² (eiet),5505,5.5,Rom,3316,59,37,5,"Velkommen til Komperudstøa 29. En innholdsrik enebolig over to plan med stor tomt og garasje. Eiendommen ligger i landlige omgivelser på en eiertomt på over 5 mål med plen rundt huset, og har en frittstående garasje med innlagt strøm og isolert bod. Dette er en familiebolig med en praktisk og romslig planløsning fordelt på to etasjer. 1. etasje: Vindfang, toalettrom, gang, vaskerom, stue, kjøkken, kjølerom, bod og kontor. 2. etasje: Loftstue, tre soverom, bad og kott. Eiendommen har garasje og utehus med boder. I tillegg har eiendommen en terrasse på 44 m² med utgang fra stuen og inngangspartiet i 1. etasje, og en balkong på 8 m² med utgang fra loftstuen i 2. etasje. Velkommen til visning. Minus Vis mindre NB: Knappen for å vise hele beskrivelsen har kun en visuell effekt. Pluss tegn Vis hele beskrivelsen NB: Knappen for å vise hele beskrivelsen har kun en visuell effekt. Salgsoppgaven beskriver vesentlig og lovpålagt informasjon om eiendommen Se komplett salgsoppgave Nyttige lenker Bestill salgsoppgave Visning Ønsker du å delta på visningen ber vi deg melde deg på slik at vi vet at du kommer. Da kan vi bistå alle best mulig og gi deg tiden du trenger på visningen. Kontakt gjerne megler før visning hvis du har spørsmål. Visningen avholdes bare dersom det er påmeldte. Hvis det ikke er oppsatt visningstidspunkt eller tidspunkt ikke passer, kontakt megler. Husk å lese komplett salgsoppgave før visning. Bestill komplett, utskriftsvennlig salgsoppgave. Visningspåmelding Gi bud Nyttige lenker Bestill salgsoppgave Nærområdet Kart Komperudstøa 29, 3340 Åmot Annonseinformasjon FINN-kode 472352898 Sist endret 07. aug. 2026 07:57 Referanse 2870260152 Rapporter annonse Annonsene kan være mangelfulle i forhold til lovpålagt opplysningsplikt. Før bindende avtale inngås oppfordres interessenter til å innhente komplett informasjon fra meglerforetaket, selger eller utleier.",2026-09-20T15:38:58+00:00,house
472119208,https://www.finn.no/realestate/homes/ad.html?finnkode=472119208,"Innholdsrik enebolig med stor tomt, strandlinje og naust | Eldre bolig med oppgraderingsbehov og stort potensial","Nordfoldveien 73, 8286 Nordfold",8286,Nordfold,990 000 kr,1 015 840 kr,25 840 kr,,339 657 kr,Enebolig,Selveier,,95 m² (BRA-i),95 m²,,3,,1959,,25 100 m² (eiet),25100,25.1,F - Oransje,1848,105,22,5,"Velkommen til Nordfoldveien 73! En eiendom med stor tomt og en rolig beliggenhet med nærhet til både fjord og natur. Eiendommen ligger i landlige og fredelige omgivelser i Nordfold, med en stor eiertomt på over 25 mål som gir rikelig med plass og muligheter. Boligen er av eldre årgang og har et gjennomgående behov for oppgradering og modernisering, noe som gir en ny eier frihet til å forme sitt eget hjem. Planløsningen inneholder blant annet tre soverom, stue og kjøkken, samt en praktisk kjeller med vaskerom og gode lagringsmuligheter i flere boder. To eldre vedovner gir supplerende varme. Steigen er kjent for sin storslåtte natur, og her har du et variert turterreng og gode fiskemuligheter rett i nærheten. For barnefamilier er det kort vei til både barnehage og barneskole, og busstoppet er kun et par minutters gange unna. Velkommen til visning! Minus Vis mindre NB: Knappen for å vise hele beskrivelsen har kun en visuell effekt. Pluss tegn Vis hele beskrivelsen NB: Knappen for å vise hele beskrivelsen har kun en visuell effekt. Salgsoppgaven beskriver vesentlig og lovpålagt informasjon om eiendommen Se komplett salgsoppgave Nyttige lenker Eiendommens hjemmeside Bestill salgsoppgave Visning Ta kontakt for å avtale visning. Husk å lese komplett salgsoppgave før visning. Bestill komplett, utskriftsvennlig salgsoppgave. Visningspåmelding Gi bud Nyttige lenker Eiendommens hjemmeside Bestill salgsoppgave Nærområdet Kart Nordfoldveien 73, 8286 Nordfold Annonseinformasjon FINN-kode 472119208 Sist endret 25. aug. 2026 06:02 Referanse 2260235 Rapporter annonse Annonsene kan være mangelfulle i forhold til lovpålagt opplysningsplikt. Før bindende avtale inngås oppfordres interessenter til å innhente komplett informasjon fra meglerforetaket, selger eller utleier.",2026-09-20T15:39:00+00:00,house
472266654,https://www.finn.no/realestate/homes/ad.html?finnkode=472266654,"Eldre tømret bolig med renoveringsbehov, gode solforhold og landlig beliggenhet!","Eidsborgvegen 1805, 3891 Høydalsmo",3891,Høydalsmo,950 000 kr,974 840 kr,24 840 kr,,402 831 kr,Enebolig,Selveier,,170 m² (BRA-i),170 m²,,4,,1925,,5 047 m² (eiet),5047,5.0,G - Rød,4034,47,20,5,"Velkommen til Eidsborgvegen 1805! En eldre enebolig over to etasjer, beliggende i rolige og naturskjønne omgivelser i Høydalsmo. Boligen byr på en praktisk planløsning med entré, gang, bad, fire soverom, tre stuer og vinterstue, som gir gode muligheter for både familieliv og ulike innredningsløsninger. Boligen trenger oppgradering og passer perfekt for en som har forkjærlighet til gamle tømmerhus. Eiendommen har en opparbeidet tomt med plenarealer, grus og naturtomt med rik blomsterflora. Det er ripsbusker og litt solbær på eiendommen, og det har tidligere blitt dyrket mange slags grønnsaker der. I tidligere år var det også  fjøs, låve og bryggerhus på eiendommen. Boligen ligger idyllisk til ved elva Ofteåi der det er mulighet for ørretfiske. Fra eiendommen er det kort vei til Høydalsmo sentrum med dagligvarebutikk, skole, barnehage og øvrige servicetilbud, samtidig som flotte tur- og friluftsområder ligger like i nærheten. Minus Vis mindre NB: Knappen for å vise hele beskrivelsen har kun en visuell effekt. Pluss tegn Vis hele beskrivelsen NB: Knappen for å vise hele beskrivelsen har kun en visuell effekt. Salgsoppgaven beskriver vesentlig og lovpålagt informasjon om eiendommen Se komplett salgsoppgave Nyttige lenker Egenerklæring.pdf Tilstandsrapport.pdf Gi bud Bestill salgsoppgave Eiendommens hjemmeside Hjemmeside Visning Ta kontakt for å avtale visning. Husk å lese komplett salgsoppgave før visning. Bestill komplett, utskriftsvennlig salgsoppgave. Visningspåmelding Gi bud Nyttige lenker Egenerklæring.pdf Tilstandsrapport.pdf Gi bud Bestill salgsoppgave Eiendommens hjemmeside Hjemmeside Nærområdet Kart Eidsborgvegen 1805, 3891 Høydalsmo Annonseinformasjon FINN-kode 472266654 Sist endret 19. aug. 2026 06:19 Referanse 48260074 Rapporter annonse Annonsene kan være mangelfulle i forhold til lovpålagt opplysningsplikt. Før bindende avtale inngås oppfordres interessenter til å innhente komplett informasjon fra meglerforetaket, selger eller utleier.",2026-09-20T15:39:02+00:00,house
472262450,https://www.finn.no/realestate/homes/ad.html?finnkode=472262450,3 generation house with barn and 9 mal for development in central Jørstadmoen.,"Jørstadmovegen 669, 2625 Fåberg",2625,Fåberg,6 000 000 kr,6 167 990 kr,167 990 kr,,,Enebolig,Selveier,,246 m² (BRA-i),227 m²,,7,,1969,,8 740 m² (eiet),8740,8.7,C - Oransje,,,,3,"This house is perfectly suited to a 3 generation family. It has been used as a student house, then a foreign worker's house with the same 5 people for the past 5 years. Everything in the house works, but the whole property needs considerable upgrading to bring it up to modern standards. I have not spent time or money on maintenance in the past few years because the intention was to sell the entire property to a developer who might well clear away the house and the barn. More precise information is in the Tilstandsrapport attached. On a more positive note, the people who have lived here found it comfortable, convenient and peaceful.",2026-09-20T15:39:03+00:00,house
471404606,https://www.finn.no/realestate/homes/ad.html?finnkode=471404606,"Unik mulighet i Vollgata 33/​35 enebolig-eiendom på 9,2 mål og med stort potensial | Attraktiv beliggenhet i blindvei |","Vollgata 33/ 35, 2213 Kongsvinger",2213,Kongsvinger,4 200 000 kr,4 306 090 kr,106 090 kr,,115 438 kr,Enebolig,Selveier,,141 m² (BRA-i),141 m²,,2,,1954,,9 216 m² (eiet),9216,9.2,Rom,3401,54,49,5,"Velkommen til Vollgata 33/35! Her får du en eldre men velholdt enebolig med stor, vestvendt terrasse og stort potensial! Eiendommen ligger i en blindvei i et attraktivt og rolig boligområde med umiddelbar nærhet til skog og mark. Hovedhuset fra 1954 (Vollgata 35) har en praktisk planløsning med stue, kjøkken, bad og to soverom i første etasje. Fra stuen er det utgang til en stor, vestvendt terrasse fra 2020. Vedovn og en luft-til-luft-varmepumpe i stuen. I kjelleren finner du en integrert garasje og rikelig med lagringsplass i flere boder. Det er også et innredet rom i kjeller, som ikke er godkjent for varig opphold. Eiendommen består av 2 matrikler, som selges samlet, med et areal på ca. 9,2 mål. Et kondemnabelt bygg (Vollgata 33) tilhører eiendommen. Velkommen til visning! Minus Vis mindre NB: Knappen for å vise hele beskrivelsen har kun en visuell effekt. Pluss tegn Vis hele beskrivelsen NB: Knappen for å vise hele beskrivelsen har kun en visuell effekt. Salgsoppgaven beskriver vesentlig og lovpålagt informasjon om eiendommen Se komplett salgsoppgave Nyttige lenker Bestill salgsoppgave Visning Ønsker du å delta på visningen ber vi deg melde deg på slik at vi vet at du kommer. Da kan vi bistå alle best mulig og gi deg tiden du trenger på visningen. Visningen avholdes bare dersom det er påmeldte. Ta gjerne kontakt med megler før visning hvis du har noen spørsmål. Velkommen! Husk å lese komplett salgsoppgave før visning. Bestill komplett, utskriftsvennlig salgsoppgave. Visningspåmelding Gi bud Nyttige lenker Bestill salgsoppgave Nærområdet Kart Vollgata 33/ 35, 2213 Kongsvinger Annonseinformasjon FINN-kode 471404606 Sist endret 14. sep. 2026 12:46 Referanse 6022260288 Rapporter annonse Annonsene kan være mangelfulle i forhold til lovpålagt opplysningsplikt. Før bindende avtale inngås oppfordres interessenter til å innhente komplett informasjon fra meglerforetaket, selger eller utleier.",2026-09-20T15:39:05+00:00,house
471161610,https://www.finn.no/realestate/homes/ad.html?finnkode=471161610,Stor og innhaldsrik eigedom ved sjøen - naust m/​innreidd loft - dobbeltgarasje - stor parkmessig hage,"Frøysjøvegen 1663, 6723 Svelgen",6723,Svelgen,5 150 000 kr,5 293 800 kr,143 800 kr,,703 609 kr,Enebolig,Selveier,,218 m² (BRA-i),428 m²,,2,,2001,2,7 127 m² (eiet),7127,7.1,Rom,4648,49,27,7,"Velkommen til Frøysjøvegen 1663! Ein innhaldsrik eigedom med stor tomt, eigen strandlinje og naust. Egedomen er ypperleg for familiesamlingar med overnattingsmoglegheiter til mange då den har fleire innreidde rom og bygningar. Den store, opparbeidde tomta strekkjer seg heilt ned til fjorden og gir rikeleg med rom for uteliv og er perfekt for sjøaktivitetar og fiske. Rett ut fjorden og du er i Frøysjøen og ein kort båttur til Kalvåg. Mange flotte fjellturar i området. Verdt å merke seg: - Stor tomt på over 6 mål med eigen strandlinje. - Vassboren golvvarme i alle opphaldsrom i hovudhuset. - Naust med innreidd loft, takterrasse og kai. - Innreidd anneks - Stor, delvis overbygd terrasse mot sør og aust. - Dobbel carport og integrert garasje. - Tre eldstader for varme og hygge. Minus Vis mindre NB: Knappen for å vise hele beskrivelsen har kun en visuell effekt. Pluss tegn Vis hele beskrivelsen NB: Knappen for å vise hele beskrivelsen har kun en visuell effekt. Salgsoppgaven beskriver vesentlig og lovpålagt informasjon om eiendommen Se komplett salgsoppgave Nyttige lenker Bestill salgsoppgave Gi bud Visning Vi ønskjer på førehand å vite om du kjem på vising og ber deg om å melde deg på via finn.no, eiendomsmegler1/sogn og fjordane eller kontakt meklar på tlf 48167099. Dette gjer vi for å kunne yte bedre service til kundane våre. Om det ikkje er påmeldingar til vising, vert den avlyst. Ta kontakt om ikkje oppsatt tidspunkt passer. Husk å lese komplett salgsoppgave før visning. Bestill komplett, utskriftsvennlig salgsoppgave. Visningspåmelding Gi bud Nyttige lenker Bestill salgsoppgave Gi bud Nærområdet Kart Frøysjøvegen 1663, 6723 Svelgen Annonseinformasjon FINN-kode 471161610 Sist endret 21. aug. 2026 11:12 Referanse 1000260063 Rapporter annonse Annonsene kan være mangelfulle i forhold til lovpålagt opplysningsplikt. Før bindende avtale inngås oppfordres interessenter til å innhente komplett informasjon fra meglerforetaket, selger eller utleier.",2026-09-20T15:39:06+00:00,house
472090363,https://www.finn.no/realestate/homes/ad.html?finnkode=472090363,Stor eigedom med skog - bustadhus renoveringsobjekt. Bod 700 000 føreligg,"Stokkabekkvegen 530, 5428 Foldrøyhamn",5428,Foldrøyhamn,400 000 kr,411 090 kr,11 090 kr,,400 000 kr,Enebolig,Selveier,,229 m² (BRA-i),251 m²,,4,,1948,,30 053 m² (eiet),30053,30.1,G - Rød,4613,84,21,3,"Adkomst Innkøyring direkte frå fylkesvegen til privat innkjørsel. Område for innkøyringa og eit område på andre sida av fylkesvegen er regulert til trafikkføremål/ gangveg/ mellombel anleggsutbygging i den komande utbygginga av vegen som er planlagt. Sjå vedlegg der reguleringsplan er tatt inn. Utfyllende informasjon om fellesgjeld og felleskostnader Annen info 1 Eigedomen har eit bustadhus som må bli totalrenovert og huset i seg sjølve er ikkje rekna å ha særleg verdi pga dette. Annen info 2 Annen info 3 Annen info 4 Annen info 5 Minus Vis mindre NB: Knappen for å vise hele beskrivelsen har kun en visuell effekt. Pluss tegn Vis hele beskrivelsen NB: Knappen for å vise hele beskrivelsen har kun en visuell effekt. Ta kontakt med megler for komplett informasjon Nyttige lenker Verditakst jan 2026 Budskjema diverse offentlige kart og kommunal info reg plan og komm plan div dokument teikning frå kommunearkiv byggesak diverse info mottatt frå Bømlo kommune kommuneplan føresegner Salsoppgåve Visning Ta kontakt for å avtale visning. Nyttige lenker Verditakst jan 2026 Budskjema diverse offentlige kart og kommunal info reg plan og komm plan div dokument teikning frå kommunearkiv byggesak diverse info mottatt frå Bømlo kommune kommuneplan føresegner Salsoppgåve Nærområdet Kart Stokkabekkvegen 530, 5428 Foldrøyhamn Annonseinformasjon FINN-kode 472090363 Sist endret 18. sep. 2026 14:17 Referanse 1119526504 Rapporter annonse Annonsene kan være mangelfulle i forhold til lovpålagt opplysningsplikt. Før bindende avtale inngås oppfordres interessenter til å innhente komplett informasjon fra meglerforetaket, selger eller utleier.",2026-09-20T15:39:08+00:00,house
463484793,https://www.finn.no/realestate/homes/ad.html?finnkode=463484793,"Herregårdsfølelse på Hvaler- romslig og landlig. 3 stuer, 5 soverom og båtplass. 6 mål tomt med stor, opparbeidet hage.","Edveien 108, 1680 Skjærhalden",1680,Skjærhalden,9 850 000 kr,10 097 630 kr,247 630 kr,,1 958 285 kr,Enebolig,Selveier,,198 m² (BRA-i),290 m²,,5,,1907,2,6 128 m² (eiet),6128,6.1,Rom,3110,6,9,5,"30 minutter fra Fredrikstad sentrum når du den ytterste Hvalerøya, Kirkøy - rik på kulturminner og sjelden natur. Edveien 108 er en fantastisk eiendom fra tidlig 1900-tall med en følelse av herregård. På den 6 mål store eietomten, kan du anlegge stor grønnsakshage og plante frukttrær. Boligen har bevart sjarmen og stilen fra tidlig 1900-tall, samtidig som bokvaliteten er hevet til en god, moderne standard. Med tre stuer og fem soverom kan den romme en stor familie. Fra store vinduer, hage og terrasse åpnes utsikten mot kulturlandskapet og Holtekilen, der du har båtplass. Derfra erobrer du skjærgården. Øya har flere gårdsutsalg, og dagligvarer får du på Skjærhalden, som også byr på restauranter, bading på bystranda og et yrende båtliv. Herfra drar folk på øyhopping gratis med Hvalerfergen. Minus Vis mindre NB: Knappen for å vise hele beskrivelsen har kun en visuell effekt. Pluss tegn Vis hele beskrivelsen NB: Knappen for å vise hele beskrivelsen har kun en visuell effekt. Salgsoppgaven beskriver vesentlig og lovpålagt informasjon om eiendommen Se komplett salgsoppgave Nyttige lenker Gi bud Bestill salgsoppgave Visning Alle våre visninger har påmelding. På denne måten sikrer vi at megler har god oversikt og tid til å imøtekomme alle interessenter. Meld deg på visning ved å trykke på lenken visningspåmelding. Husk å lese komplett salgsoppgave før visning. Bestill komplett, utskriftsvennlig salgsoppgave. Visningspåmelding Gi bud Nyttige lenker Gi bud Bestill salgsoppgave Nærområdet Kart Edveien 108, 1680 Skjærhalden Annonseinformasjon FINN-kode 463484793 Sist endret 08. aug. 2026 12:34 Referanse 30-0249/25 Rapporter annonse Annonsene kan være mangelfulle i forhold til lovpålagt opplysningsplikt. Før bindende avtale inngås oppfordres interessenter til å innhente komplett informasjon fra meglerforetaket, selger eller utleier.",2026-09-20T15:39:09+00:00,house
424974402,https://www.finn.no/realestate/homes/ad.html?finnkode=424974402,"Sjønær eiendom på stor, solfylt tomt med sjøutsikt. Garasje. Ideel andel av strandparsell, brygge og 1 båtplass","Treideneveien 19, 3145 Tjøme",3145,Tjøme,8 900 000 kr,9 123 590 kr,223 590 kr,,827 002 kr,Enebolig,Selveier,,132 m² (BRA-i),165 m²,,3,,1988,2,6 233 m² (eiet),6233,6.2,,3911,243,118,7,"Velkommen til Treideneveien 19 - en idyllisk eiendom som må oppleves! Eiendommen er beliggende på et lite høydedrag innerst i privat blindvei. Denne boligen tilbyr en unik kombinasjon av fredelig atmosfære og sjønær beliggenhet. Stor, eiet tomt på ca. 6,2 mål. Eiendommen består av 2 bnr., hvor 1 er ubebygde tomt. Med nydelig sjøutsikt og sol fra tidlig morgen til sen kveld, er dette stedet for den som verdsetter det gode liv og naturskjønnhet. Det er en liten gangavstand ned til sjø og strand, hvor eiendommen har 1 ideel andel av brygge og 1 båtplass. Dette gir enkel tilgang til kystens gleder og kanskje en av Norges flotteste skjægårder. Boligen har en innholdsrik planløsning og inneholder blant annet 3 soverom, 2 bad, 2 stuer og koselig kjøkken. Dobbel garasje med god lagringsplass Minus Vis mindre NB: Knappen for å vise hele beskrivelsen har kun en visuell effekt. Pluss tegn Vis hele beskrivelsen NB: Knappen for å vise hele beskrivelsen har kun en visuell effekt. Salgsoppgaven beskriver vesentlig og lovpålagt informasjon om eiendommen Se komplett salgsoppgave Nyttige lenker Gi Bud Eiendommens hjemmeside på Krogsveen.no Visning For å delta på visning, ber vi om at du melder deg på. Da sikrer vi at du får nødvendig informasjon og at det er satt av tilstrekkelig med tid. Kontakt megler dersom annet tidspunkt ønskes. Husk å lese salgsoppgaven før visningen, så du stiller forberedt. NB. Visning utgår dersom det ikke er noen påmeldte 2 timer før oppsatt visningstids. Ønsker du kun å bli holdt orientert, kan du fra eiendommens hjemmeside få varsel om solgtpris, eller kontakte megler. Visningspåmelding Gi bud Nyttige lenker Gi Bud Eiendommens hjemmeside på Krogsveen.no Nærområdet Kart Treideneveien 19, 3145 Tjøme Annonseinformasjon FINN-kode 424974402 Sist endret 31. aug. 2026 13:55 Referanse KR21.25120 Rapporter annonse Annonsene kan være mangelfulle i forhold til lovpålagt opplysningsplikt. Før bindende avtale inngås oppfordres interessenter til å innhente komplett informasjon fra meglerforetaket, selger eller utleier.",2026-09-20T15:39:10+00:00,house
472017495,https://www.finn.no/realestate/homes/ad.html?finnkode=472017495,TRYSIL - Idyllisk eiendom på Rømoen.,"Trysilvegen 9221, 2430 Jordet",2430,Jordet,790 000 kr,828 900 kr,38 900 kr,,,Enebolig,Selveier,91 m²,,91 m²,97 m²,3,,1910,,5 142 m² (eiet),5142,5.1,,3421,45,12,3,,2026-09-20T15:39:11+00:00,house
471932241,https://www.finn.no/realestate/homes/ad.html?finnkode=471932241,Enebolig med godkjent utleiedel i underetasje | Sentralt og barnevennlig | Garasje i rekke med elbillader,"Fjellet 17, 2070 Råholt",2070,Råholt,4 650 000 kr,4 954 294 kr,8 734 kr,295 560 kr,1 051 969 kr,Enebolig,Andel,,156 m² (BRA-i),156 m²,,4,,1986,,14 184 m² (eiet),14184,14.2,,3240,96,143,5,"Velkommen til Fjellet 17 - en innholdsrik og oppgradert enebolig beliggende i et veletablert og barnevennlig område på Råholt i Ladderudtunet borettslag. Her bor man barnevennlig og sentralt til med lekeplasser, busstopp lik ved, samt kort vei til både marka og servicetilbud. Boligen har en god planløsning hvor av hoveddelen er betydelig oppgradert med IKEA kjøkken og et delikat, flislagt bad med gulvvarme i 2022.  Den lyse stuen har en stemningsfull vedovn og direkte utgang til terrasse og hage. Videre er det tre gode soverom. Underetasjen er innredet med en godkjent utleiedel med egen inngang som leies ut for kr 12 500,- pr måned. Boligen har parkering i felles garasjerekke med elbillader montert. Vel møtt til en hyggelig visning! Minus Vis mindre NB: Knappen for å vise hele beskrivelsen har kun en visuell effekt. Pluss tegn Vis hele beskrivelsen NB: Knappen for å vise hele beskrivelsen har kun en visuell effekt. Salgsoppgaven beskriver vesentlig og lovpålagt informasjon om eiendommen Se komplett salgsoppgave Nyttige lenker Meld interesse Se komplett salgsoppgave Gi bud Visning Ta kontakt for å avtale visning. Visningspåmelding Gi bud Nyttige lenker Meld interesse Se komplett salgsoppgave Gi bud Nærområdet Kart Fjellet 17, 2070 Råholt Annonseinformasjon FINN-kode 471932241 Sist endret 14. sep. 2026 10:52 Referanse 302260224 Rapporter annonse Annonsene kan være mangelfulle i forhold til lovpålagt opplysningsplikt. Før bindende avtale inngås oppfordres interessenter til å innhente komplett informasjon fra meglerforetaket, selger eller utleier.",2026-09-20T15:39:13+00:00,house
471845618,https://www.finn.no/realestate/homes/ad.html?finnkode=471845618,"Innholdsrik nyere kjedet enebolig | Stor takterrasse og markterrasse | 3 soverom, 2 stuer og 2 bad | Parkering i carport","Øyenveien 58, 1825 Tomter",1825,Tomter,4 950 000 kr,5 074 840 kr,124 840 kr,,1 133 578 kr,Enebolig,Selveier,,138 m² (BRA-i),143 m²,,3,,2015,,8 955 m² (eiet),8955,9.0,Rom,3118,807,299,5,"Velkommen! En innholdsrik og moderne kjedet enebolig fra 2015, i et rolig og barnevennlig område Boligen fra 2015 har en god standard med 3-stavs eikeparkett og en familievennlig planløsning, over to plan. Her får du blant annet to stuer, tre soverom og to flislagte bad. Eiendommen ligger i landlige omgivelser med nærhet til skog, mark og Tomter sentrum med togstasjon. Gangavstand til barnehager, barneskole, togstasjon og sentrum. Kort fortalt: Stor takterrasse med gode solforhold på dag- og kveldstid og markterrasse. Kjøkken med integrerte hvitevarer, inkludert vinskap. Peisovn i stuen og varmepumpe fra 2023. Parkering i carport med mulighet for elbillader. To innvendige boder og en utvendig bod. Energieffektiv bolig med karakter B. Velkommen til visning! Minus Vis mindre NB: Knappen for å vise hele beskrivelsen har kun en visuell effekt. Pluss tegn Vis hele beskrivelsen NB: Knappen for å vise hele beskrivelsen har kun en visuell effekt. Salgsoppgaven beskriver vesentlig og lovpålagt informasjon om eiendommen Se komplett salgsoppgave Nyttige lenker Gi Bud Eiendommens hjemmeside på Krogsveen.no Social Video Visning søndag, 20. september 13:00 – 14:00 Legg til i kalender Kontakt megler for å avtale visning. Visningspåmelding Gi bud Nyttige lenker Gi Bud Eiendommens hjemmeside på Krogsveen.no Social Video Nærområdet Kart Øyenveien 58, 1825 Tomter Annonseinformasjon FINN-kode 471845618 Sist endret 15. sep. 2026 13:18 Referanse KR46.2686 Rapporter annonse Annonsene kan være mangelfulle i forhold til lovpålagt opplysningsplikt. Før bindende avtale inngås oppfordres interessenter til å innhente komplett informasjon fra meglerforetaket, selger eller utleier.",2026-09-20T15:39:14+00:00,house
471504519,https://www.finn.no/realestate/homes/ad.html?finnkode=471504519,Velkommen til Svartebergvegen 60 - en unik eiendom med en nydelig beliggenhet - og mange muligheter for den rette!,"Svartebergvegen 60, 3570 Ål",3570,Ål,8 690 000 kr,8 908 580 kr,218 580 kr,,,Enebolig,Selveier,,529 m² (BRA-i),993 m²,,0,,,,14 097 m² (eiet),14097,14.1,,3328,54,32,5,"Velkommen til en unik eiendom! ""Svarteberg Fjellgard"" er blitt drevet som et pensjonat fra starten av 1970-tallet og frem til medio 1990-tallet. Frem til i dag har det blitt drevet utleie på tunet. Mulighetene er mange for den rette eier. Hovedhuset/pensjonatet er satt i god stand og fremstår som et smykke på tunet. Med det karakteristiske inngangspartiet med fargede glass og utskjæringer  -  som ønsker deg velkommen inn. ""Drengstugu"" er innredet med vf/entre, bad, badstue, 3 soverom, stue og kjøkken. Total er det ca. 9-10 sengeplasser her. I kjelleren er det laget til ""skistall"". ""Stabburet"" på tunet er innredet med to soverom, bad samt stue og kjøkken. ""Trevet"" er en eldre tømmerbygning som har boder i 1. etg. I 2. etasje er det laget til en utleie-enhet. ""Smia"" er hytta som ligger øverst på tunet med stue, 2 soverom, bad og kjøkken. Det er i tillegg stor garasje på tunet samt flere eldre tømmerbygg som skaper ett fantastisk tun. Velkommen på tunet. Minus Vis mindre NB: Knappen for å vise hele beskrivelsen har kun en visuell effekt. Pluss tegn Vis hele beskrivelsen NB: Knappen for å vise hele beskrivelsen har kun en visuell effekt. Salgsoppgaven beskriver vesentlig og lovpålagt informasjon om eiendommen Se komplett salgsoppgave Nyttige lenker Gi bud Bestill salgsoppgave Eiendommens hjemmeside Visning Ta kontakt for å avtale visning. Husk å lese komplett salgsoppgave før visning. Bestill komplett, utskriftsvennlig salgsoppgave. Visningspåmelding Gi bud Nyttige lenker Gi bud Bestill salgsoppgave Eiendommens hjemmeside Nærområdet Kart Svartebergvegen 60, 3570 Ål Annonseinformasjon FINN-kode 471504519 Sist endret 28. aug. 2026 09:09 Referanse 335260018 Rapporter annonse Annonsene kan være mangelfulle i forhold til lovpålagt opplysningsplikt. Før bindende avtale inngås oppfordres interessenter til å innhente komplett informasjon fra meglerforetaket, selger eller utleier.",2026-09-20T15:39:16+00:00,house
461983123,https://www.finn.no/realestate/homes/ad.html?finnkode=461983123,Innholdsrikt småbruk med låve i naturskjønne omgivelser. 28 mål tomt. 641 BRA alle bygg.  Utleiemulighet.,"Hangerslettvegen 997, 7074 Spongdal",7074,Spongdal,16 000 000 kr,16 401 090 kr,401 090 kr,,2 911 882 kr,Enebolig,Selveier,,437 m² (BRA-i),641 m²,,6,,1940,,28 687 m² (eiet),28687,28.7,E - Oransje,5001,243,9,5,"Velkommen til hangerslettvegen 997 - Et idyllisk småbruk i landlige omgivelser beliggende på Byneset. Her bor man i naturskjønne omgivelser omringet av 28 mål tomt. Adressen har historie helt tilbake til 1939 og har vært ombygd & påbygd i senere tid. Gården har også tilgang på låve med lagerrom under. Eiendommen byr også på hage med mange ulike trær og busker. Eiendommen kan bl.a. skilte med: - Tomt på 28 mål med flere muligheter. - BRA - i på 437 kvm fordelt over 3. etasjer. - Låve med 172 kvm BRA. - Mulig leieinntekt på kr. 45.000,-/Mnd - Terrasse - og balkongareal på 140 kvm rundt hovedhuset. - Drenering tatt i 2014. - Vinduer og dører fra 2010-2015. - Grønnsakshage. - Yttervegger/kledning tatt i 2014/2015. - Rør-i-rør system. Minus Vis mindre NB: Knappen for å vise hele beskrivelsen har kun en visuell effekt. Pluss tegn Vis hele beskrivelsen NB: Knappen for å vise hele beskrivelsen har kun en visuell effekt. Salgsoppgaven beskriver vesentlig og lovpålagt informasjon om eiendommen Se komplett salgsoppgave Nyttige lenker Gi bud Bestill salgsoppgave Eiendommens hjemmeside Visning Ta kontakt for å avtale visning. Husk å lese komplett salgsoppgave før visning. Bestill komplett, utskriftsvennlig salgsoppgave. Visningspåmelding Gi bud Nyttige lenker Gi bud Bestill salgsoppgave Eiendommens hjemmeside Nærområdet Kart Hangerslettvegen 997, 7074 Spongdal Annonseinformasjon FINN-kode 461983123 Sist endret 03. sep. 2026 14:41 Referanse 114251028 Rapporter annonse Annonsene kan være mangelfulle i forhold til lovpålagt opplysningsplikt. Før bindende avtale inngås oppfordres interessenter til å innhente komplett informasjon fra meglerforetaket, selger eller utleier.",2026-09-20T15:39:17+00:00,house
471834044,https://www.finn.no/realestate/homes/ad.html?finnkode=471834044,"Koselig hus i sjønære omgivelser, utmerket som oppussingsprosjekt eller feriebolig","Vangshylla 150, 7670 Inderøy",7670,Inderøy,1 990 000 kr,2 057 740 kr,67 740 kr,,,Enebolig,Selveier,,129 m² (BRA-i),145 m²,,2,,1939,,5 023 m² (eiet),5023,5.0,,,,,3,,2026-09-20T15:39:19+00:00,house
467977701,https://www.finn.no/realestate/homes/ad.html?finnkode=467977701,Attraktiv eiendom - idyllisk beliggende i skogen - Tomt på 12 000 kvm - 15 min  fra Oslo sentrum  - Utviklingspotensial.,"Stensrudsvingen, 1295 Oslo",1295,Oslo,8 300 000 kr,8 507 500 kr,207 500 kr,,873 469 kr,Enebolig,Selveier,,45 m² (BRA-i),72 m²,,1,,1940,1,12 072 m² (eiet),12072,12.1,Rom,301,174,57,5,"Velkommen til en sjelden eiendom på Lille Stensrud   en sjarmerende hytte benyttet som helårsbolig av nåværende eier i 17 år, idyllisk plassert på en romslig tomt i naturskjønne omgivelser. Eiendommen ligger usjenert til med gode solforhold og nærhet til marka, som gir flotte tur- og rekreasjonsmuligheter året rundt. Tomten gir både privatliv og ro i landlige omgivelser. Området er under transformasjon til en ny og fremtidsrettet bydel noe som kan  gi eiendommen et attraktivt utviklings- og verdipotensial over tid.. En unik kombinasjon av natur, ro og fremtidige muligheter   Last ned prospekt for ytterligere informasjon. Minus Vis mindre NB: Knappen for å vise hele beskrivelsen har kun en visuell effekt. Pluss tegn Vis hele beskrivelsen NB: Knappen for å vise hele beskrivelsen har kun en visuell effekt. Salgsoppgaven beskriver vesentlig og lovpålagt informasjon om eiendommen Se komplett salgsoppgave Nyttige lenker Meld interesse Se komplett salgsoppgave Gi bud Visning Velkommen til visning!     Alle  interessenter må melde seg på visning  slik at vi kan være behjelpelig med å forklare  hvor du skal gå for å komme frem til eiendommen.  Meld deg på ved å trykke ""visningspåmelding"" i våre boligannonser. Ta gjerne kontakt med megler i forkant av visningen om du har spørsmål. Visningspåmelding Gi bud Nyttige lenker Meld interesse Se komplett salgsoppgave Gi bud Nærområdet Kart Stensrudsvingen, 1295 Oslo Annonseinformasjon FINN-kode 467977701 Sist endret 03. aug. 2026 19:00 Referanse 323260099 Rapporter annonse Annonsene kan være mangelfulle i forhold til lovpålagt opplysningsplikt. Før bindende avtale inngås oppfordres interessenter til å innhente komplett informasjon fra meglerforetaket, selger eller utleier.",2026-09-20T15:39:20+00:00,house
358915405,https://www.finn.no/realestate/homes/ad.html?finnkode=358915405,To eneboliger med tilhørende 11 tomter med flott beliggenhet nær Geilo sentrum - Fin utsikt og sol - Utleiemuligheter,"Ustedalen 132, 3580 Geilo",3580,Geilo,8 500 000 kr,8 733 350 kr,233 350 kr,,362 834 kr,Enebolig,Selveier,,341 m² (BRA-i),475 m²,,7,,1946,,24 008 m² (eiet),24008,24.0,G - Oransje,3330,66,137,3,"MANGE ØNSKER NYTT HJEMSTED - SENTRALT PÅ GEILO. Her har man nærhet til sentrum samtidig som man trekker seg tilbake fra ""mas og jag"". Enkel adkomst og trygge forbindelser til butikker, skoler, barnehager, kino og offentlige tjenester for å nevne noe. Fra eiendommen får man flott utsikt og gode solforhold. Her kan man skli inn skiløypen Ustedalsfjorden rundt, eller ta beina eller sykkelen fatt sommerstid. På eiendommen er det to boliger.  Den eldste er fra ca. 1947, benevnt ""134"", og består av enebolig, anneks og en eldre låve. Den nyeste boligen, benevnt ""132"", består av bolig med to boenheter, bygd i 1970. Det står også en eldre garasje på eiendommen. Det er i tillegg 11 regulerte boligtomter, benevnt ""T1-T11"". Tomtene variere i størrelse fra 950m2 til 1950m2. Se prospekt for mer info. Minus Vis mindre NB: Knappen for å vise hele beskrivelsen har kun en visuell effekt. Pluss tegn Vis hele beskrivelsen NB: Knappen for å vise hele beskrivelsen har kun en visuell effekt. Salgsoppgaven beskriver vesentlig og lovpålagt informasjon om eiendommen Se komplett salgsoppgave Nyttige lenker Verdivurdering egen bolig Hva blir boligen solgt for? Visning Alle våre visninger har påmelding. På denne måten sikrer vi at megler har god oversikt og tid til å imøtekomme alle interessenter på beste måte. Dette er veldig verdifullt for boligkjøpere og for oss. Det er enkelt å melde seg på, og du kan like enkelt melde deg av. Kontakt også gjerne megler i forkant av visning dersom du har spørsmål. Husk å lese komplett salgsoppgave før visning. Bestill komplett, utskriftsvennlig salgsoppgave. Visningspåmelding Gi bud Nyttige lenker Verdivurdering egen bolig Hva blir boligen solgt for? Nærområdet Kart Ustedalen 132, 3580 Geilo Annonseinformasjon FINN-kode 358915405 Sist endret 05. aug. 2026 04:12 Referanse 315230188 Rapporter annonse Annonsene kan være mangelfulle i forhold til lovpålagt opplysningsplikt. Før bindende avtale inngås oppfordres interessenter til å innhente komplett informasjon fra meglerforetaket, selger eller utleier.",2026-09-20T15:39:21+00:00,house
471281976,https://www.finn.no/realestate/homes/ad.html?finnkode=471281976,Sjelden kystperle på Byrknesøy | Strandlinje og egen kai | Ingen boplikt,"Grimevegen 78, 5970 Byrknesøy",5970,Byrknesøy,4 800 000 kr,4 921 350 kr,121 350 kr,,830 086 kr,Enebolig,Selveier,,210 m² (BRA-i),210 m²,,3,,2004,2,8 860 m² (eiet),8860,8.9,C - Lysegrønn,4635,95,296,5,"Velkommen til Grimevegen 78 - presentert av EIE Eiendomsmegling ved Preben Vatne! Her får man en innholdsrik  og flott enebolig fra 2004 med god plass, store oppholdsrom og flott utsikt mot sjøen og det omkringliggende kystlandskapet. Boligen går over to plan, og planløsningen byr blant annet på tre soverom, loftstue, to bad, separat toalettrom, vaskerom og vinterhage. Ute venter en stor terrasse på ca. 125 kvm med flere naturlige soner og delvis overbygget areal. Kort om eiendommen: - Enebolig over to plan - Stor terrasse på ca. 125 kvm - Lys og flott vinterhage på ca. 16,3 kvm - Stor kai nedenfor eiendommen - Selger opplyser om svært gode solforhold, med soloppgang til solnedgang hele året - Tre soverom og en romslig loftstue - To bad, separat toalettrom og vaskerom - Balansert ventilasjon og Thermia varmepumpe - Gode parkeringsmuligheter og elbillader Velkommen til en hyggelig visning - husk påmelding hos megler! Minus Vis mindre NB: Knappen for å vise hele beskrivelsen har kun en visuell effekt. Pluss tegn Vis hele beskrivelsen NB: Knappen for å vise hele beskrivelsen har kun en visuell effekt. Salgsoppgaven beskriver vesentlig og lovpålagt informasjon om eiendommen Se komplett salgsoppgave Nyttige lenker Gi bud Bestill salgsoppgave Eiendommens hjemmeside Visning Ta kontakt for å avtale visning. Husk å lese komplett salgsoppgave før visning. Bestill komplett, utskriftsvennlig salgsoppgave. Visningspåmelding Nyttige lenker Gi bud Bestill salgsoppgave Eiendommens hjemmeside Nærområdet Kart Grimevegen 78, 5970 Byrknesøy Annonseinformasjon FINN-kode 471281976 Sist endret 10. aug. 2026 06:04 Referanse 37260300 Rapporter annonse Annonsene kan være mangelfulle i forhold til lovpålagt opplysningsplikt. Før bindende avtale inngås oppfordres interessenter til å innhente komplett informasjon fra meglerforetaket, selger eller utleier.",2026-09-20T15:39:23+00:00,house
471408971,https://www.finn.no/realestate/homes/ad.html?finnkode=471408971,Fritidseiendom med stor tomt og strandlinje | Naust | Utebod | Usjenert og landlig | Oppgraderingsbehov,"Tjeldøyveien 1728, 9444 Hol i Tjeldsund",9444,Hol i Tjeldsund,2 500 000 kr,2 563 590 kr,63 590 kr,,161 168 kr,Enebolig,Selveier,,58 m² (BRA-i),118 m²,,1,,1891,,283 664 m² (eiet),283664,283.7,,5512,184,6,5,"Velkommen til Tjeldøyveien 1728! En sjarmerende fritidseiendom på Nymoen med stor tomt, naust og redskapsskjul. Eiendommen Nymoen på Tjeldøya strekker seg over en stor og landlig tomt plassert usjenert til med egen strandlinje og utsikt mot fjell og fjord. Boligen har en eldre, enkel standard med sjel og karakter, og bærer preg av sin bygningshistorie med synlig tømmer og originale gulvbord. Dette er et flott utgangspunkt for deg som ønsker å skape ditt eget fristed, og det må påregnes oppgraderinger. Til eiendommen hører det med et romslig naust og et separat redskapsskjul. Høydepunkter: Stor eiet tomt. Egen strandlinje og beliggenhet ved sjøen. Naust på 22 m² og redskapsskjul på 28 m². Fritids/bolig med eldre sjarm og karakter. Vedovn i stuen for varme og hygge. Oppgraderingsbehov gir mulighet til å skape din egen stil. Velkommen til visning! Minus Vis mindre NB: Knappen for å vise hele beskrivelsen har kun en visuell effekt. Pluss tegn Vis hele beskrivelsen NB: Knappen for å vise hele beskrivelsen har kun en visuell effekt. Salgsoppgaven beskriver vesentlig og lovpålagt informasjon om eiendommen Se komplett salgsoppgave Nyttige lenker Eiendommens hjemmeside Bestill salgsoppgave Visning Ta kontakt for å avtale visning. Husk å lese komplett salgsoppgave før visning. Bestill komplett, utskriftsvennlig salgsoppgave. Visningspåmelding Gi bud Nyttige lenker Eiendommens hjemmeside Bestill salgsoppgave Nærområdet Kart Tjeldøyveien 1728, 9444 Hol i Tjeldsund Annonseinformasjon FINN-kode 471408971 Sist endret 14. aug. 2026 06:01 Referanse 3260181 Rapporter annonse Annonsene kan være mangelfulle i forhold til lovpålagt opplysningsplikt. Før bindende avtale inngås oppfordres interessenter til å innhente komplett informasjon fra meglerforetaket, selger eller utleier.",2026-09-20T15:39:24+00:00,house
463332133,https://www.finn.no/realestate/homes/ad.html?finnkode=463332133,Sjelden mulighet - Enebolig på stor og usjenert naturtomt med lang strandlinje.,"Engelsåsvegen 603, 7057 Jonsvatnet",7057,Jonsvatnet,8 490 000 kr,8 703 340 kr,213 340 kr,,1 239 551 kr,Enebolig,Selveier,,155 m² (BRA-i),210 m²,,3,,1919,,6 913 m² (eiet),6913,6.9,G - Rød,5001,132,2,3,"Sjelden og unik mulighet i vannkanten på Jonsvatnet. - Usjenert beliggenhet - Naturtomt på 6,913 mål - Sol fra tidlig morgen til sen kveld - Garasje, stor utvendig bod og ""hytte"" med innlagt strøm på tomten. - Betydelig oppgradert i perioden 2013-2025. Se punkt oppgraderingshistorikk i salgsoppgave. - Mulighet for medlemsskap i Jonsvatnet grunneierlag. Medlemskapet gir jakt og fiskerettigheter. - Jonsvatnet idrettslag ligger like ved og tilbyr flere aktiviteter som fotball, håndball, og ski med mer. Idrettslaget disponerer egen kunstgressbane, ballbinge, ski- og sykkel- (BMX) løype, skianlegg/lysløype, og de har et eget klubbhus: Jonsborg. Avstander fra boligen: 2,5 km - Solbakken barneskole 3.5 km - Bunnpris Vikåsen 4 km - Markaplassen ungdomsskole 7 km - Charlottenlund videregående skole 12 km - Trondheim sentrum Minus Vis mindre NB: Knappen for å vise hele beskrivelsen har kun en visuell effekt. Pluss tegn Vis hele beskrivelsen NB: Knappen for å vise hele beskrivelsen har kun en visuell effekt. Salgsoppgaven beskriver vesentlig og lovpålagt informasjon om eiendommen Se komplett salgsoppgave Nyttige lenker Gi bud Bestill salgsoppgave Eiendommens hjemmeside Visning Ta kontakt for å avtale visning. Husk å lese komplett salgsoppgave før visning. Bestill komplett, utskriftsvennlig salgsoppgave. Visningspåmelding Gi bud Nyttige lenker Gi bud Bestill salgsoppgave Eiendommens hjemmeside Nærområdet Kart Engelsåsvegen 603, 7057 Jonsvatnet Annonseinformasjon FINN-kode 463332133 Sist endret 02. sep. 2026 06:04 Referanse 114260103 Rapporter annonse Annonsene kan være mangelfulle i forhold til lovpålagt opplysningsplikt. Før bindende avtale inngås oppfordres interessenter til å innhente komplett informasjon fra meglerforetaket, selger eller utleier.",2026-09-20T15:39:25+00:00,house
471044927,https://www.finn.no/realestate/homes/ad.html?finnkode=471044927,Eiendom med stort utviklingspotensial på historiske Stiklestad,"Leirådalsvegen 60, 7656 Verdal",7656,Verdal,13 900 000 kr,14 248 590 kr,348 590 kr,,887 713 kr,Enebolig,Selveier,,280 m² (BRA-i),511 m²,,5,,1980,,34 913 m² (eiet),34913,34.9,D - Gul,5038,30,52,7,"Velkommen til Leirådalsvegen 60 - en eiendom med stort utviklingspotensial på ca. 34,9 dekar tomt og ca. 3 452 m² bygningsmasse fordelt på 11 bygninger. Eiendommen har tidligere vært drevet som hagesenter og består av flere veksthus, butikk-/forretningsbygg, lager, driftsbygninger og bolig. Beliggenheten i området rundt Stiklestad gir en attraktiv kombinasjon av historisk preg, et etablert lokalmiljø og nærhet til viktige ferdselsårer. Området fungerer som et naturlig knutepunkt på Innherred, med kort avstand til Verdal sentrum, E6 og øvrige næringsområder. Mulighetene er mange: Hagesenter, planteskole eller annen grønn næring Lager, logistikk og distribusjon Handel, utstilling og utsalg Verksted- og servicevirksomhet Minus Vis mindre NB: Knappen for å vise hele beskrivelsen har kun en visuell effekt. Pluss tegn Vis hele beskrivelsen NB: Knappen for å vise hele beskrivelsen har kun en visuell effekt. Salgsoppgaven beskriver vesentlig og lovpålagt informasjon om eiendommen Se komplett salgsoppgave Nyttige lenker Gi bud Bestill salgsoppgave Hjemmeside Visning Ta kontakt for å avtale visning. Husk å lese komplett salgsoppgave før visning. Bestill komplett, utskriftsvennlig salgsoppgave. Visningspåmelding Gi bud Nyttige lenker Gi bud Bestill salgsoppgave Hjemmeside Nærområdet Kart Leirådalsvegen 60, 7656 Verdal Annonseinformasjon FINN-kode 471044927 Sist endret 31. juli 2026 10:59 Referanse 73260130 Rapporter annonse Annonsene kan være mangelfulle i forhold til lovpålagt opplysningsplikt. Før bindende avtale inngås oppfordres interessenter til å innhente komplett informasjon fra meglerforetaket, selger eller utleier.",2026-09-20T15:39:26+00:00,house
471316257,https://www.finn.no/realestate/homes/ad.html?finnkode=471316257,"Sjarmfull enebolig med landlig og idyllisk beliggenhet nært sjø - 8,2 mål tomt med spennende muligheter -","Løkkervegen 457, 2120 Sagstua",2120,Sagstua,1 700 000 kr,1 743 590 kr,43 590 kr,,400 083 kr,Enebolig,Selveier,,107 m² (BRA-i),109 m²,,3,,1923,2,8 209 m² (eiet),8209,8.2,Rom,3414,20,24,5,"Velkommen til en eiendom med mengder av sjarm, naturskjønn beliggenhet og stor tomt med spennende muligheter. Eiendommen ligger landlig til mellom Sand og Bruvoll, med nærhet til innsjøen Råsen og flotte naturopplevelser. Tomten på drøyt 8,2 mål består av et større skogsareal, pent opparbeidet tun og frodig hage med god tumleplass. Solforholdene er gode, og fra eiendommens høyeste punkt har man glimt til sjøen. Boligen er stilfullt innredet og byr på en innholdsrik tidsreise tilbake til midten av 1900-tallet. Fordelt på 2 plan er det gode oppholdsrom som stuer og kjøkken, 3 store soverom med flere bruksmuligheter, bad/vaskerom i tilbygget del og flere boder. Uinnredet kjeller med 2 rom og utvendig adkomst. Større oppgraderinger er påregnelig. Eiendommen er underlagt boplikt. Minus Vis mindre NB: Knappen for å vise hele beskrivelsen har kun en visuell effekt. Pluss tegn Vis hele beskrivelsen NB: Knappen for å vise hele beskrivelsen har kun en visuell effekt. Salgsoppgaven beskriver vesentlig og lovpålagt informasjon om eiendommen Se komplett salgsoppgave Nyttige lenker Meld interesse Se komplett salgsoppgave Gi bud Visning Velkommen til visning! Meld deg på ved å trykke ""visningspåmelding"" i våre boligannonser. Visning med megler til stede vil ikke bli avholdt uten påmeldinger. Ta gjerne kontakt med megler i forkant av visningen om du har spørsmål. Visningspåmelding Gi bud Nyttige lenker Meld interesse Se komplett salgsoppgave Gi bud Nærområdet Kart Løkkervegen 457, 2120 Sagstua Annonseinformasjon FINN-kode 471316257 Sist endret 13. sep. 2026 01:49 Referanse 505260071 Rapporter annonse Annonsene kan være mangelfulle i forhold til lovpålagt opplysningsplikt. Før bindende avtale inngås oppfordres interessenter til å innhente komplett informasjon fra meglerforetaket, selger eller utleier.",2026-09-20T15:39:28+00:00,house
471272685,https://www.finn.no/realestate/homes/ad.html?finnkode=471272685,"Sørlandsidyll på sitt beste, sjønær enebolig med historie - Stor tomt med strandlinje og stor brygge - Tilbygg 2019","Storkilveien 9, 4916 Borøy",4916,Borøy,6 650 000 kr,6 817 340 kr,167 340 kr,,735 058 kr,Enebolig,Selveier,,131 m² (BRA-i),154 m²,,2,,1750,2,7 227 m² (eiet),7227,7.2,Rom,4213,75,74,5,"Velkommen til Storkilveien 9! En sjarmerende og vesentlig oppgradert enebolig med en idyllisk beliggenhet på Borøy/Dynge. Dette er en eiendom med sjel og historie fra antatt ca. 1750, som er tilbygget og modernisert i forbindelse med tilbygg i 2019. Boligen ligger vakkert til med opparbeidet hage, og har en arealeffektiv planløsning. Her kan du nyte rolige dager i et idyllisk nabolag med nærhet til sjøen. Verdt å merke seg: Solrike terrasser Ca. 15 meter lang ""hoved""brygge Tilbygg fra 2019 Luft-til-luft varmepumpe fra 2024 Stor tomt med lang strandlinje Frittstående uthus og bod Drenert i to omganger 2009 og 2018/19 Undertak, dører og vinduer fra 2018/19 (noen 2009) Stålpipe 2018/19 til klebersteinspeis Minus Vis mindre NB: Knappen for å vise hele beskrivelsen har kun en visuell effekt. Pluss tegn Vis hele beskrivelsen NB: Knappen for å vise hele beskrivelsen har kun en visuell effekt. Salgsoppgaven beskriver vesentlig og lovpålagt informasjon om eiendommen Se komplett salgsoppgave Nyttige lenker Gi Bud Eiendommens hjemmeside på Krogsveen.no Visning tirsdag, 29. september 16:00 – 17:00 Legg til i kalender For å delta på visning, ber vi om at du melder deg på. Da sikrer vi at du får nødvendig informasjon og at det er satt av tilstrekkelig med tid. Kontakt megler dersom annet tidspunkt ønskes. Husk å lese salgsoppgaven før visningen, så du stiller forberedt. NB. Visning utgår dersom det ikke er noen påmeldte. Ønsker du kun å bli holdt orientert, kan du fra eiendommens hjemmeside få varsel om solgtpris, eller kontakte megler. Visningspåmelding Gi bud Nyttige lenker Gi Bud Eiendommens hjemmeside på Krogsveen.no Nærområdet Kart Storkilveien 9, 4916 Borøy Annonseinformasjon FINN-kode 471272685 Sist endret 14. sep. 2026 09:31 Referanse KR47.2684 Rapporter annonse Annonsene kan være mangelfulle i forhold til lovpålagt opplysningsplikt. Før bindende avtale inngås oppfordres interessenter til å innhente komplett informasjon fra meglerforetaket, selger eller utleier.",2026-09-20T15:39:29+00:00,house
471147587,https://www.finn.no/realestate/homes/ad.html?finnkode=471147587,"Stor eiendom på 11,5 mål | Regulert: bolig/​tjenesteyting | Obos og Oslo kommune har store utviklingsplaner for området","Delebekken 11, 1295 Oslo",1295,Oslo,8 390 000 kr,8 600 840 kr,210 840 kr,,,Enebolig,Selveier,,159 m² (BRA-i),213 m²,,2,,1948,,11 500 m² (eiet),11500,11.5,G - Gul,301,174,34,7,"John-André ved PrivatMegleren har gleden av å presentere Delebekken 11 - en sjelden mulighet i et område med store utviklingsplaner! Denne romslige eiendommen på hele 11,5 mål ligger høyt i terrenget med en flott beliggenhet som gir sol fra morgen til kveld. Fra tomten har man vidstrakt utsikt, inkludert inn mot Oslo sentrum, noe som gjør beliggenheten svært attraktiv! Tomten byr på et variert terreng som åpner for spennende arkitektoniske løsninger og utnyttelse av utsikten. På eiendommen står det i dag et hus, et anneks og en bod - bebyggelsen vurderes som rivnings- eller renovasjonsobjekter. Det foreligger en områderegulering hvor eiendommen er regulert til bolig/tjenesteyting iht. reguleringsplan S-4927, datert 14.12.2016. Utvikling av eiendommen vil forutsette at nye eiere utarbeider egen detaljregulering, fortrinnsvis innenfor rammene av områdereguleringen. Velkommen til visning! Minus Vis mindre NB: Knappen for å vise hele beskrivelsen har kun en visuell effekt. Pluss tegn Vis hele beskrivelsen NB: Knappen for å vise hele beskrivelsen har kun en visuell effekt. Salgsoppgaven beskriver vesentlig og lovpålagt informasjon om eiendommen Se komplett salgsoppgave Nyttige lenker Gi bud Bestill salgsoppgave Eiendommens hjemmeside Visning Ta kontakt for å avtale visning. Husk å lese komplett salgsoppgave før visning. Bestill komplett, utskriftsvennlig salgsoppgave. Visningspåmelding Gi bud Nyttige lenker Gi bud Bestill salgsoppgave Eiendommens hjemmeside Nærområdet Kart Delebekken 11, 1295 Oslo Annonseinformasjon FINN-kode 471147587 Sist endret 01. sep. 2026 06:22 Referanse 323260093 Rapporter annonse Annonsene kan være mangelfulle i forhold til lovpålagt opplysningsplikt. Før bindende avtale inngås oppfordres interessenter til å innhente komplett informasjon fra meglerforetaket, selger eller utleier.",2026-09-20T15:39:30+00:00,house
471069427,https://www.finn.no/realestate/homes/ad.html?finnkode=471069427,Eldre småbruk i Eidebukta | Totalrenoveringsobjekt | Frikort på jakt og fiske i Hognfjord utmarkslag,"Eidbuktveien 16, 8407 Sortland",8407,Sortland,700 000 kr,718 590 kr,18 590 kr,,,Enebolig,Selveier,,83 m² (BRA-i),83 m²,,3,,1939,2,321 091 m² (eiet),321091,321.1,F - Oransje,1870,30,47,7,"Drømmer du om et lite småbruk, god plass rundt deg og muligheten til å skape noe helt eget? På Eidbuktveien 16 ligger et eldre våningshus og en eldre fjøskonstruksjon, omgitt av vakre landlige omgivelser og en stor, romslig tomt som gir følelsen av å bo fritt og åpent. Her får du sol, utsyn og et stille nabolag - samtidig som du har kort vei til det du trenger i hverdagen. Barnehage og barneskole ligger bare noen få minutter unna, og Sortland sentrum nås på ca. 20 minutter. Eiendommen har et betydelig oppgraderingsbehov og må påregnes som et totalrenoveringsobjekt. Tilstandsrapporten viser avvik på flere bygningsdeler, og boligen passer derfor best for deg som ønsker et prosjekt, har håndverkskompetanse eller vil forme et hjem fra grunnen av. Tomten gir gode muligheter for dyrking, dyrehold eller etablering av et lite småbruk! Overdragelse av eiendommen er konsesjonsbetinget. Kjøper plikter å søke konsesjon og betale konsesjonsgebyret. Det er både bo- og driveplikt. Minus Vis mindre NB: Knappen for å vise hele beskrivelsen har kun en visuell effekt. Pluss tegn Vis hele beskrivelsen NB: Knappen for å vise hele beskrivelsen har kun en visuell effekt. Salgsoppgaven beskriver vesentlig og lovpålagt informasjon om eiendommen Se komplett salgsoppgave Nyttige lenker Gi bud Bestill salgsoppgave Eiendommens hjemmeside Hjemmeside Visning Ta kontakt for å avtale visning. Husk å lese komplett salgsoppgave før visning. Bestill komplett, utskriftsvennlig salgsoppgave. Visningspåmelding Gi bud Nyttige lenker Gi bud Bestill salgsoppgave Eiendommens hjemmeside Hjemmeside Nærområdet Kart Eidbuktveien 16, 8407 Sortland Annonseinformasjon FINN-kode 471069427 Sist endret 06. aug. 2026 06:02 Referanse 75260109 Rapporter annonse Annonsene kan være mangelfulle i forhold til lovpålagt opplysningsplikt. Før bindende avtale inngås oppfordres interessenter til å innhente komplett informasjon fra meglerforetaket, selger eller utleier.",2026-09-20T15:39:31+00:00,house
464416238,https://www.finn.no/realestate/homes/ad.html?finnkode=464416238,"Innholdsrik eiendom i maritime omgivelser med enebolig, løe, naust, brygge og ca. 424 dekar tomteareal.","Båtbyggjarvegen 10, 5420 Rubbestadneset",5420,Rubbestadneset,4 990 000 kr,5 116 140 kr,126 140 kr,,568 512 kr,Enebolig,Selveier,,168 m² (BRA-i),335 m²,,4,,1949,,424 103 m² (eiet),424103,424.1,,4613,76,9,5,"Aktiv Eiendomsmegling v/ Henriette Hagen og Markus Lunden har gleden av å presentere Båtbyggjarvegen 10. En innholdsrik eiendom med enebolig, løe, naust, brygge og ca. 424 dekar tomteareal. Med stort naust over to etasjer, brygge på ca. 36 meter og egen privat øy nord for hovedeiendommen, ligger forholdene til rette for båtliv, fiske og naturopplevelser langs sjøen. Eiendommen byr på sjeldne kvaliteter med god plass både på land og ved sjøen, og representerer en spennende mulighet for dem som ønsker å sette sitt eget preg på en eiendom utenom det vanlige. Høydepunkter: - Stor enebolig med fire soverom, løe og hage - Naust over to etasjer - Brygge på ca. 36 meter - Ca. 424 dekar tomteareal - Ingen boplikt - Kort vei til Stord og Bergen Velkommen til visning Minus Vis mindre NB: Knappen for å vise hele beskrivelsen har kun en visuell effekt. Pluss tegn Vis hele beskrivelsen NB: Knappen for å vise hele beskrivelsen har kun en visuell effekt. Salgsoppgaven beskriver vesentlig og lovpålagt informasjon om eiendommen Se komplett salgsoppgave Visning Kontakt megler for visning. Husk å lese komplett salgsoppgave før visning. Bestill komplett, utskriftsvennlig salgsoppgave. Visningspåmelding Gi bud Nærområdet Kart Båtbyggjarvegen 10, 5420 Rubbestadneset Annonseinformasjon FINN-kode 464416238 Sist endret 18. sep. 2026 15:12 Referanse 1503260107 Rapporter annonse Annonsene kan være mangelfulle i forhold til lovpålagt opplysningsplikt. Før bindende avtale inngås oppfordres interessenter til å innhente komplett informasjon fra meglerforetaket, selger eller utleier.",2026-09-20T15:39:32+00:00,house
468604662,https://www.finn.no/realestate/homes/ad.html?finnkode=468604662,Idyllisk og oppgradert eiendom med egen strand | Svømmebasseng | Jacuzzi | Perfekt til eget bruk eller utleieobjekt,"Losnavegen 93, 2634 Fåvang",2634,Fåvang,2 500 000 kr,2 563 590 kr,63 590 kr,,,Enebolig,Selveier,,167 m² (BRA-i),214 m²,,3,,1906,,12 271 m² (eiet),12271,12.3,Rom,3439,169,7,5,"Velkommen til Losnavegen 93 - en betydelig modernisert enebolig med idyllisk beliggenhet ved Losna. Eiendommen ligger landlig og fredelig til ved Losna, den rolige og innsjølignende delen av Gudbrandsdalslågen, med egen strandlinje som innbyr til bading, fiske og naturopplevelser. Det tidligere småbruket, kjent som Lunn byr på en sjelden kombinasjon av historie og moderne komfort. Boligen er vesentlig oppgradert med moderne kjøkken og bad fra 2024, flere nye vinduer, nye gulv, to varmepumper og oppgradert elektrisk anlegg. Uteområdet er tilrettelagt for hyggelige stunder med svømmebasseng og jacuzzi. Kun ca. 10 km til Fåvang med daglige servicetilbud og ca. 13 km til Kvitfjell Alpinsenter. Dette er en eiendom som passer like godt som helårsbolig som fritidsbolig. Velkommen til visning! Minus Vis mindre NB: Knappen for å vise hele beskrivelsen har kun en visuell effekt. Pluss tegn Vis hele beskrivelsen NB: Knappen for å vise hele beskrivelsen har kun en visuell effekt. Salgsoppgaven beskriver vesentlig og lovpålagt informasjon om eiendommen Se komplett salgsoppgave Nyttige lenker Bestill salgsoppgave Visning Ønsker du å delta på visningen ber vi deg melde deg på slik at vi vet at du kommer. Påmelding senest 24 timer før visning. Da kan vi bistå alle best mulig og gi deg tiden du trenger på visningen. Ta gjerne kontakt med megler før visning hvis du har noen spørsmål. Velkommen! Husk å lese komplett salgsoppgave før visning. Bestill komplett, utskriftsvennlig salgsoppgave. Visningspåmelding Gi bud Nyttige lenker Bestill salgsoppgave Nærområdet Kart Losnavegen 93, 2634 Fåvang Annonseinformasjon FINN-kode 468604662 Sist endret 03. sep. 2026 13:34 Referanse 6027260093 Rapporter annonse Annonsene kan være mangelfulle i forhold til lovpålagt opplysningsplikt. Før bindende avtale inngås oppfordres interessenter til å innhente komplett informasjon fra meglerforetaket, selger eller utleier.",2026-09-20T15:39:34+00:00,house
469741837,https://www.finn.no/realestate/homes/ad.html?finnkode=469741837,"Renoveringsobjekt med stort potensial i naturskjønne omgivelser, med fjøs og strandlinje! Kontakt megler for visning","Grunnfarnesveien 453, 9395 Kaldfarnes",9395,Kaldfarnes,700 000 kr,718 590 kr,18 590 kr,,388 806 kr,Enebolig,Selveier,,138 m² (BRA-i),187 m²,,4,,1949,2,10 651 m² (eiet),10651,10.7,,5530,429,25,7,"Velkommen til Grunnfarnesveien 453, presentert av Nordvik Finnsnes! Her får du en sjelden mulighet til å skape din egen drømmebolig i naturskjønne omgivelser med flott sjøutsikt, egen sjøgrunn og flotte solforhold! Dette er et eldorado for deg som er nevenyttig, med bolig over to etasjer og fjøs som trenger oppussing/renovering. Boligen er fra 1949 og inneholder 4 sov, stue, kjøkken, bad og romslig grovkjeller. Biloppstillingsplasser på tomta. Dette er en omfangsrik eiendom hvor du og dine kan tilbringe vakre sommerdager utendørs! Med egen teig med sjøgrunn og flere rekreasjonsmuligheter både i skog, mark og til fjells gir dette mange muligheter! Boligen fremstår som trivelig og innholdsrik, et flott utgangspunkt for ivrige nye eiere! Sjekk ut videovisningen og ta kontakt for visning! Minus Vis mindre NB: Knappen for å vise hele beskrivelsen har kun en visuell effekt. Pluss tegn Vis hele beskrivelsen NB: Knappen for å vise hele beskrivelsen har kun en visuell effekt. Salgsoppgaven beskriver vesentlig og lovpålagt informasjon om eiendommen Se komplett salgsoppgave Nyttige lenker Gi bud Bestill salgsoppgave Visning Ta kontakt for å avtale visning. Husk å lese komplett salgsoppgave før visning. Bestill komplett, utskriftsvennlig salgsoppgave. Visningspåmelding Gi bud Nyttige lenker Gi bud Bestill salgsoppgave Nærområdet Kart Grunnfarnesveien 453, 9395 Kaldfarnes Annonseinformasjon FINN-kode 469741837 Sist endret 05. aug. 2026 15:09 Referanse 28-0050/26 Rapporter annonse Annonsene kan være mangelfulle i forhold til lovpålagt opplysningsplikt. Før bindende avtale inngås oppfordres interessenter til å innhente komplett informasjon fra meglerforetaket, selger eller utleier.",2026-09-20T15:39:35+00:00,house
422022683,https://www.finn.no/realestate/homes/ad.html?finnkode=422022683,"Særdeles innbydende enebolig i rekke med god planløsning, carport og lettstelte uteområder i attraktive Nybuåsen","Fykerudlia 10, 3684 Notodden",3684,Notodden,2 590 000 kr,5 295 706 kr,9 756 kr,2 695 950 kr,860 582 kr,Enebolig,Andel,,127 m² (BRA-i),138 m²,,3,,2022,,5 585 m² (eiet),5585,5.6,,4005,44,409,5,"Særdeles pen og innbydende enebolig i rekke som ble bygget i 2022. Boligen har god planløsning god arealutnyttelse over to plan. Det er gjennomgående god standard på boligen som har blitt vesentlig påkostet i forhold til standardleveransen. Lyse, pene og moderne overflater med store vinduer og åpne løsninger. Boligen inneholder bl.a. kjøkken, stue, 3 soverom og 2 bad. Stor veranda på 40m2. Carport m/el-billader og isolert bod. Flott opparbeidet tomt Nybuåsen ligger meget pent til ved Høgås, Notoddens største bydel. Solrikt område med pen utsikt. Fra Nybuåsen er det kort vei til flotte turområder som Tinnemyra og Eikeskar. I Høgås ligger det både barnehage og skole, samt ballbinge og fotballbane. Gangavstand til kollektivtransport med forbindelse Notodden-Oslo. Bybussen går også like ved Minus Vis mindre NB: Knappen for å vise hele beskrivelsen har kun en visuell effekt. Pluss tegn Vis hele beskrivelsen NB: Knappen for å vise hele beskrivelsen har kun en visuell effekt. Salgsoppgaven beskriver vesentlig og lovpålagt informasjon om eiendommen Se komplett salgsoppgave Visning Ta kontakt for å avtale visning. Husk å lese komplett salgsoppgave før visning. Bestill komplett, utskriftsvennlig salgsoppgave. Visningspåmelding Gi bud Nærområdet Kart Fykerudlia 10, 3684 Notodden Annonseinformasjon FINN-kode 422022683 Sist endret 13. juli 2026 12:18 Referanse 1306250081 Rapporter annonse Annonsene kan være mangelfulle i forhold til lovpålagt opplysningsplikt. Før bindende avtale inngås oppfordres interessenter til å innhente komplett informasjon fra meglerforetaket, selger eller utleier.",2026-09-20T15:39:37+00:00,house
468822575,https://www.finn.no/realestate/homes/ad.html?finnkode=468822575,Påmeldingsvisning torsdag 24.9 kl 16!,"Furøyveien 31, 9310 Sørreisa",9310,Sørreisa,1 650 000 kr,1 692 630 kr,42 630 kr,,127 066 kr,Enebolig,Selveier,,145 m² (BRA-i),197 m²,,4,,1941,3,520 935 m² (eiet),520935,520.9,,5526,5,5,7,"Velkommen til Furøyveien 31, presentert av Nordvik Finnsnes! Er du på utkikk etter et renoveringsobjekt med muligheten til å skape ditt eget drømmehjem? Da bør du se nærmere på denne eiendommen. Her får du en romslig enebolig over to etasjer samt kjeller, med en praktisk planløsning der oppholdsrommene ligger i 1. etasje, mens soverom og stue er plassert i 2. etasje. Det er påbegynt omfattende oppgraderinger som ikke er ferdigstilt, blant annet på bad, kjøkken, innvendige overflater og elektriske installasjoner. Her får du et godt utgangspunkt og muligheten til å sette ditt eget preg. Boligen ligger barnevennlig til, med kort vei til skole, barnehage, butikk og flotte turområder. For den jaktglade inngår eiendommen i elgvald samt mulighet for småviltjakt på egen grunn. Se videovisning! Minus Vis mindre NB: Knappen for å vise hele beskrivelsen har kun en visuell effekt. Pluss tegn Vis hele beskrivelsen NB: Knappen for å vise hele beskrivelsen har kun en visuell effekt. Salgsoppgaven beskriver vesentlig og lovpålagt informasjon om eiendommen Se komplett salgsoppgave Nyttige lenker Gi bud Bestill salgsoppgave Visning torsdag, 24. september 16:00 – 16:30 Legg til i kalender Husk å lese komplett salgsoppgave før visning. Bestill komplett, utskriftsvennlig salgsoppgave. Visningspåmelding Gi bud Nyttige lenker Gi bud Bestill salgsoppgave Nærområdet Kart Furøyveien 31, 9310 Sørreisa Annonseinformasjon FINN-kode 468822575 Sist endret 19. sep. 2026 18:56 Referanse 28-0021/26 Rapporter annonse Annonsene kan være mangelfulle i forhold til lovpålagt opplysningsplikt. Før bindende avtale inngås oppfordres interessenter til å innhente komplett informasjon fra meglerforetaket, selger eller utleier.",2026-09-20T15:39:38+00:00,house
469440662,https://www.finn.no/realestate/homes/ad.html?finnkode=469440662,Eiendom med landlig beliggenhet og stor tomt på Gryting i Gjerstad - flott område for gode friluftsopplevelser,"Lyngåsveien 7, 4993 Sundebru",4993,Sundebru,1 600 000 kr,1 641 350 kr,41 350 kr,,,Enebolig,Selveier,,114 m² (BRA-i),163 m²,,2,,1990,2,130 995 m² (eiet),130995,131.0,,4211,6,21,3,"Eiendommen Fone er etablert i 1870 og var trolig et småbruk som tjente til livets opphold. Dagens enebolig er oppført i 1990 med uthus/garasje fra 2005. Tomtearealet er på hele 130 mål med et arrondert område ved huset til hage og det resterende arealet som skog. Et ideelt sted for de som søker landlig beliggenhet og skogens ro. Området innbyr til gode friluftsopplevelser. Brokelandsheia er en relativt kort kjøretur unna og her finner du en rekke private og offentlige tjenesteytelser, forretninger og fasiliteter av ulike slag. Minus Vis mindre NB: Knappen for å vise hele beskrivelsen har kun en visuell effekt. Pluss tegn Vis hele beskrivelsen NB: Knappen for å vise hele beskrivelsen har kun en visuell effekt. Salgsoppgaven beskriver vesentlig og lovpålagt informasjon om eiendommen Se komplett salgsoppgave Visning Velkommen til visning! Meld deg på til annonsert visning i god tid før oppsatt visning via knappen VISNINGSPÅMELDING. For at vi skal kunne gi deg den beste oppfølgingen er det obligatorisk påmelding til alle våre visninger. Dersom ikke oppsatt visning passer, ta kontakt så vi kan finne en alternativ løsning. Visninger uten påmeldte deltagere avlyses. Husk å lese komplett salgsoppgave før visning. Bestill komplett, utskriftsvennlig salgsoppgave. Visningspåmelding Gi bud Nærområdet Kart Lyngåsveien 7, 4993 Sundebru Annonseinformasjon FINN-kode 469440662 Sist endret 03. aug. 2026 18:19 Referanse 01005326 Rapporter annonse Annonsene kan være mangelfulle i forhold til lovpålagt opplysningsplikt. Før bindende avtale inngås oppfordres interessenter til å innhente komplett informasjon fra meglerforetaket, selger eller utleier.",2026-09-20T15:39:39+00:00,house
469371641,https://www.finn.no/realestate/homes/ad.html?finnkode=469371641,Flott og velholdt utsiktseiendom | Store uteplasser og nydelig beliggenhet |Garasjeplass | Elbil-lader v/​bolig | Solrikt,"Hubroåsen 5F, 3227 Sandefjord",3227,Sandefjord,5 300 000 kr,5 983 278 kr,1 090 kr,682 188 kr,1 064 273 kr,Enebolig,Andel,,138 m² (BRA-i),163 m²,,3,,1977,2,13 389 m² (eiet),13389,13.4,,3907,116,289,5,"Vakker fjordutsikt og to store uteplasser! Innholdsrik kjedet enebolig med attraktiv beliggenhet i et veletablert og rolig nabolag. Herfra er det utsikt mot Tønsbergfjorden, Færder og Mefjorden. Privat, høy og fri beliggenhet! En bolig som gir både ro og livskvalitet i hverdagen. Planløsningen passer like godt for barnefamilier som for par med ønske om god plass og fleksible løsninger. En sjelden kombinasjon av utsikt, ro og gode solforhold. Nydelige uteplasser: En stor balkong (hele 32 kvm) med utgang fra kjøkkenet og med herlig fjordutsikt. Flott markterrasse ( 28 kvm) belagt med skifer. Meget veldrevet og ryddig borettslag som  de senere årene har gjennomført betydelige oppgraderinger, herunder nytt tak i 2025 og etterisolering. Her kan man flytte rett inn! Minus Vis mindre NB: Knappen for å vise hele beskrivelsen har kun en visuell effekt. Pluss tegn Vis hele beskrivelsen NB: Knappen for å vise hele beskrivelsen har kun en visuell effekt. Salgsoppgaven beskriver vesentlig og lovpålagt informasjon om eiendommen Se komplett salgsoppgave Nyttige lenker Bestill salgsoppgave Visning Velkommen til åpen/privat visning v/selger. Gjerne påmelding også ved privat-/åpen visning. Hvis oppsatt visningstidspunkt ikke passer, kontakt megler på tlf. 414 32 411 eller selger på mobil 913 85 960 for å avtale visning. Husk å lese komplett salgsoppgave før visning. Bestill komplett, utskriftsvennlig salgsoppgave. Visningspåmelding Gi bud Nyttige lenker Bestill salgsoppgave Nærområdet Kart Hubroåsen 5F, 3227 Sandefjord Annonseinformasjon FINN-kode 469371641 Sist endret 14. sep. 2026 09:02 Referanse 2865260272 Rapporter annonse Annonsene kan være mangelfulle i forhold til lovpålagt opplysningsplikt. Før bindende avtale inngås oppfordres interessenter til å innhente komplett informasjon fra meglerforetaket, selger eller utleier.",2026-09-20T15:39:40+00:00,house
469251867,https://www.finn.no/realestate/homes/ad.html?finnkode=469251867,Landlig idyll i Olden/​Lysøysundet | Stor tomt på over 11 mål | Uthus/​låve | Flott utsikt,"Oldveien 180, 7168 Lysøysundet",7168,Lysøysundet,1 490 000 kr,1 528 340 kr,38 340 kr,,331 953 kr,Enebolig,Selveier,,150 m² (BRA-i),246 m²,,3,,1947,,11 315 m² (eiet),11315,11.3,Rom,5057,68,19,7,"Velkommen til Oldveien 180 - en sjarmerende eiendom med naturskjønn og skjermet beliggenhet i Olden like ved Lysøysundet. Her får du en romslig tomt på hele 11 315 kvm, flott utsikt mot kulturlandskap og fjell samt nærhet til sjø og friluftsliv. Boligen er opprinnelig oppført i 1947 og inneholder stue, kjøkken, toalettrom, bad og 3 soverom fordelt over to etasjer, i tillegg til kjeller. Eiendommen passer godt for deg som ønsker en helårsbolig, fritidsbolig, et oppussingsprosjekt eller et sted med god plass både ute og inne. På eiendommen finner du også et uthus-/låvebygning med gode lagringsmuligheter og potensial for videre bruk. Her kan du nyte rolige omgivelser, flotte turmuligheter og kort avstand til sjøen. Eiendommen har et oppgraderings- og vedlikeholdsbehov, noe som gir muligheter for å sette sitt eget preg på både bolig og eiendom. En spennende eiendom for deg som verdsetter natur, plass og potensial. Velkommen på visning! Minus Vis mindre NB: Knappen for å vise hele beskrivelsen har kun en visuell effekt. Pluss tegn Vis hele beskrivelsen NB: Knappen for å vise hele beskrivelsen har kun en visuell effekt. Salgsoppgaven beskriver vesentlig og lovpålagt informasjon om eiendommen Se komplett salgsoppgave Nyttige lenker Eiendommens hjemmeside Bestill salgsoppgave Visning Ta kontakt for å avtale visning. Husk å lese komplett salgsoppgave før visning. Bestill komplett, utskriftsvennlig salgsoppgave. Visningspåmelding Gi bud Nyttige lenker Eiendommens hjemmeside Bestill salgsoppgave Nærområdet Kart Oldveien 180, 7168 Lysøysundet Annonseinformasjon FINN-kode 469251867 Sist endret 04. sep. 2026 06:01 Referanse R-43260059 Rapporter annonse Annonsene kan være mangelfulle i forhold til lovpålagt opplysningsplikt. Før bindende avtale inngås oppfordres interessenter til å innhente komplett informasjon fra meglerforetaket, selger eller utleier.",2026-09-20T15:39:42+00:00,house
469153168,https://www.finn.no/realestate/homes/ad.html?finnkode=469153168,"Landlig og idyllisk beliggende enebolig/​ fritidsbolig, ved sjøen-11 mål eiendomstomt-Fantastiske sol og utsiktsforhold","Melkeveien 148, 8050 Tverlandet",8050,Tverlandet,4 200 000 kr,4 306 090 kr,106 090 kr,,599 884 kr,Enebolig,Selveier,,94 m² (BRA-i),124 m²,,5,,1911,2,10 900 m² (eiet),10900,10.9,Rom,1804,73,31,5,"Velkommen til Melkeveien 148! En landlig beliggende eiendom på Tverlandet med en romslig tomt på hele 10,9 mål. Her får du en sjelden mulighet til å overta en eiendom med store utearealer, flotte solforhold og vakker utsikt mot hav, fjell og frodige naturomgivelser. Boligen er en enebolig fra 1911 med et bruksareal på 94 kvm fordelt over to etasjer, og inneholder blant annet stue, kjøkken, bad og fem soverom. På eiendommen står også et stabbur som gir ekstra lagringsplass. Boligen har behov for oppgradering, men byr på et solid utgangspunkt for deg som ønsker å skape ditt eget hjem i rolige og naturskjønne omgivelser. Med kort vei til sjø, flotte turområder og nødvendige servicetilbud er dette en eiendom med et stort potensial - hvor den unike tomten er den aller største kvaliteten. Minus Vis mindre NB: Knappen for å vise hele beskrivelsen har kun en visuell effekt. Pluss tegn Vis hele beskrivelsen NB: Knappen for å vise hele beskrivelsen har kun en visuell effekt. Salgsoppgaven beskriver vesentlig og lovpålagt informasjon om eiendommen Se komplett salgsoppgave Nyttige lenker Gi bud Bestill salgsoppgave Visning Ta kontakt for å avtale visning. Husk å lese komplett salgsoppgave før visning. Bestill komplett, utskriftsvennlig salgsoppgave. Visningspåmelding Gi bud Nyttige lenker Gi bud Bestill salgsoppgave Nærområdet Kart Melkeveien 148, 8050 Tverlandet Annonseinformasjon FINN-kode 469153168 Sist endret 04. sep. 2026 14:44 Referanse 35-0115/26 Rapporter annonse Annonsene kan være mangelfulle i forhold til lovpålagt opplysningsplikt. Før bindende avtale inngås oppfordres interessenter til å innhente komplett informasjon fra meglerforetaket, selger eller utleier.",2026-09-20T15:39:43+00:00,house
364233344,https://www.finn.no/realestate/homes/ad.html?finnkode=364233344,"Usjenert, idyllisk eiendom bestående av to bolighus og diverse bygg med potensiell leieinntekt. Egner seg for 2 familier","Lillerudveien 35, 1454 Fagerstrand",1454,Fagerstrand,14 450 000 kr,14 831 840 kr,381 840 kr,,1 408 176 kr,Enebolig,Selveier,,164 m² (BRA-i),164 m²,,2,,1915,,18 516 m² (eiet),18516,18.5,E - Gul,3212,25,3,3,"Her presenteres en unik eiendom med tomt på ca. 18,5 dekar beliggende mellom Spro havn og Fagerstrand. Eiendommen består av ett hovedhus, kårbolig, låve med verksted, anneks, lagerbygg, garasje, drivhus, hønsehus, redskapsbod og lagertelt. Tomten er skjermet og pent opparbeidet med gressplen, trær og flott beplantning. Idyllisk beliggenhet med umiddelbar nærhet til fantastiske turmuligheter og kun ca. 15 minutters gange til sjøen. Kort vei til Fagerstrand sentrum som er under spennende utvikling. Verdt å merke seg: Sol fra morgen til kveld Skjermet beliggenhet Flat tomt Store mengder grunnvann under eiendommen Store opparbeide plasser for næring og utleie Umiddelbar nærhet til buss med hyppige avganger til Nesoddtangen og Fagerstrand Kun 40 minutters reisevei til Oslo med bil. Minus Vis mindre NB: Knappen for å vise hele beskrivelsen har kun en visuell effekt. Pluss tegn Vis hele beskrivelsen NB: Knappen for å vise hele beskrivelsen har kun en visuell effekt. Salgsoppgaven beskriver vesentlig og lovpålagt informasjon om eiendommen Se komplett salgsoppgave Nyttige lenker Eiendommens hjemmeside Visning Alle våre visninger har påmelding. På denne måten sikrer vi at megler har god oversikt og tid til å imøtekomme alle interessenter på beste måte. Dette er veldig verdifullt for boligkjøpere og for oss. Det er enkelt å melde seg på, og du kan like enkelt melde deg av. Kontakt også gjerne megler i forkant av visning dersom du har spørsmål. Husk å lese komplett salgsoppgave før visning. Bestill komplett, utskriftsvennlig salgsoppgave. Visningspåmelding Gi bud Nyttige lenker Eiendommens hjemmeside Nærområdet Kart Lillerudveien 35, 1454 Fagerstrand Annonseinformasjon FINN-kode 364233344 Sist endret 10. juli 2026 04:09 Referanse 321240061 Rapporter annonse Annonsene kan være mangelfulle i forhold til lovpålagt opplysningsplikt. Før bindende avtale inngås oppfordres interessenter til å innhente komplett informasjon fra meglerforetaket, selger eller utleier.",2026-09-20T15:39:45+00:00,house
409942924,https://www.finn.no/realestate/homes/ad.html?finnkode=409942924,Ny pris - enebolig med strandlinje og nydelig utsikt i Rekefjord I stor parkeringsplass,"Rekefjord 199, 4380 Hauge i Dalane",4380,Hauge i Dalane,2 590 000 kr,2 655 840 kr,65 840 kr,,436 707 kr,Enebolig,Selveier,,145 m² (BRA-i),208 m²,,3,,1850,,9 280 m² (eiet),9280,9.3,Rom,1111,82,13,5,"Velkommen til visning i sjarmerende bolig ved sjøen i Rekefjord. Tomta rundt boligen er fint opparbeidet med plen og beplantning. Stor parkeringsplass, egen brygge, byggegodkjente tegninger på nytt naust medfølger. Eiendommen ligger ca 3 km fra Hauge sentrum med butikker og koselige spisesteder. En kort kjøretur unna ligger koselige Sogndalstrand med den gamle trehusbebyggelsen, restaurant, pub og amfiet der kjekke konserter og andre arrangementer avholdes. Fine turmuligheter og populær lakseelv i området. Minus Vis mindre NB: Knappen for å vise hele beskrivelsen har kun en visuell effekt. Pluss tegn Vis hele beskrivelsen NB: Knappen for å vise hele beskrivelsen har kun en visuell effekt. Salgsoppgaven beskriver vesentlig og lovpålagt informasjon om eiendommen Se komplett salgsoppgave Nyttige lenker Bestill salgsoppgave Social Video Visning Ønsker du å delta på visningen ber vi deg melde deg på slik at vi vet at du kommer. Da kan vi bistå alle best mulig og gi deg tiden du trenger på visningen. Kontakt gjerne megler før visning hvis du har spørsmål. Visningen avholdes bare dersom det er påmeldte. Husk å lese komplett salgsoppgave før visning. Bestill komplett, utskriftsvennlig salgsoppgave. Visningspåmelding Gi bud Nyttige lenker Bestill salgsoppgave Social Video Nærområdet Kart Rekefjord 199, 4380 Hauge i Dalane Annonseinformasjon FINN-kode 409942924 Sist endret 08. sep. 2026 20:08 Referanse 2401250016 Rapporter annonse Annonsene kan være mangelfulle i forhold til lovpålagt opplysningsplikt. Før bindende avtale inngås oppfordres interessenter til å innhente komplett informasjon fra meglerforetaket, selger eller utleier.",2026-09-20T15:39:46+00:00,house
436086225,https://www.finn.no/realestate/homes/ad.html?finnkode=436086225,"Endret pris! Stor eiendom med bolig, brygge og kai på Smøla/​ Großes Grundstück mit Haus, Bootssteg und Kai auf Smøla","Utstrandveien 49, 6570 Smøla",6570,Smøla,1 950 000 kr,1 950 000 kr,0 kr,0 kr,0 kr,Enebolig,Selveier,,,152 m²,,5,,1929,2,9 000 m² (eiet),9000,9.0,,6570,46,11,1,"Frem til 10.august er det mulig å handle uten kostnader til megler!. Vi selger huset vårt på Smøla! - Wir verkaufen unser Haus auf Smøla! BUD KOMMET/ ANGEBOT ERHALTEN Eiendommen ligger i Utstrandveien 49 på Råket. Den romslige tomten er på nesten 9 000 m² og har en lang strandlinje. Eiendommen består av et bolighus med garasje, et uthus/låve samt en stor brygge med kai og slipp. Huset har vært brukt som fritidsbolig, men er fullt beboelig. Det må imidlertid påregnes noe oppussingsarbeid. Salgsprisen er ennå ikke fastsatt. Verditaksten fra 2022 gir imidlertid et godt grunnlag for prisvurderingen. Visning etter avtale. Deutch: Wir verkaufen unser Haus auf Smøla! Die Adresse lautet Utstrandveien 49 in Råket. Das großzügige Grundstück umfasst fast 9.000 m² und verfügt über eine lange Uferlinie. Zum Anwesen gehören ein Wohnhaus mit Garage, ein Nebengebäude/eine Scheune sowie ein großer Bootssteg mit Kai und Slipanlage. Das Haus wurde als Ferienhaus genutzt, ist jedoch vollständig bewohnbar. Allerdings besteht Renovierungsbedarf. Der Verkaufspreis steht noch nicht fest. Das Wertgutachten aus dem Jahr 2022 bietet jedoch eine gute Grundlage für die Preisfindung. Besichtigung nach Vereinbarung",2026-09-20T15:39:47+00:00,house
464257891,https://www.finn.no/realestate/homes/ad.html?finnkode=464257891,Unik og eksklusiv bolig i vannkanten - Spa avd - Båtplass - Basseng - Syd-/​vestvendt - Ikke boplikt!,"Nesalleen 35, 3124 Tønsberg",3124,Tønsberg,23 800 000 kr,24 396 090 kr,596 090 kr,,2 222 584 kr,Enebolig,Selveier,,278 m² (BRA-i),304 m²,,4,,1985,,14 884 m² (eiet),14884,14.9,,3905,156,47,5,"Ved vannkanten på attraktive Nes ligger denne kompromissløse boligen, renovert med spesialtilpassede løsninger, eksklusive materialvalg og en sjelden kombinasjon av privatliv, utsikt og hotellfølelse. Boligen er utviklet med fokus på sosialt liv, velvære og funksjonalitet, med flere soner for både representasjon og tilbaketrekning. Dobbel takhøyde, spesialbygget vinsøyle, spa-avdeling, spabad og store vindusflater mot sjøen gir en boligopplevelse man sjelden finner i Tønsberg-regionen. Boligen er gjennomgående lekker med smarte og gjennomtenkte løsninger, renovert og oppgradert i perioden 2016-2017. Alt er utført med eksklusive detaljer og plassbygde løsninger som skaper en boligopplevelse langt utover det man vanligvis finner. Båtplass og bademuligheter har du rett nedenfor eiendommen. Velkommen til denne helt spesielle og meget lekre boligen, beliggende i en rolig og attraktiv gate med sjø og strand som nærmeste nabo. Her kan du flytte rett inn og nyte livet fra første dag! Minus Vis mindre NB: Knappen for å vise hele beskrivelsen har kun en visuell effekt. Pluss tegn Vis hele beskrivelsen NB: Knappen for å vise hele beskrivelsen har kun en visuell effekt. Salgsoppgaven beskriver vesentlig og lovpålagt informasjon om eiendommen Se komplett salgsoppgave Nyttige lenker Gi bud Bestill salgsoppgave Eiendommens hjemmeside Hjemmeside Visning Ta kontakt for å avtale visning. Husk å lese komplett salgsoppgave før visning. Bestill komplett, utskriftsvennlig salgsoppgave. Visningspåmelding Gi bud Nyttige lenker Gi bud Bestill salgsoppgave Eiendommens hjemmeside Hjemmeside Nærområdet Kart Nesalleen 35, 3124 Tønsberg Annonseinformasjon FINN-kode 464257891 Sist endret 31. aug. 2026 11:19 Referanse 28260172 Rapporter annonse Annonsene kan være mangelfulle i forhold til lovpålagt opplysningsplikt. Før bindende avtale inngås oppfordres interessenter til å innhente komplett informasjon fra meglerforetaket, selger eller utleier.",2026-09-20T15:39:49+00:00,house
457788970,https://www.finn.no/realestate/homes/ad.html?finnkode=457788970,NY PRIS! Koselig eiendom i rolige og naturskjønne omgivelser | Flott utsikt mot hav og fjell | Strandlinje | Stor tomt |,"Gråsandveien 106, 9181 Hamneidet",9181,Hamneidet,990 000 kr,1 015 840 kr,25 840 kr,,205 357 kr,Enebolig,Selveier,,149 m² (BRA-i),193 m²,,4,,1955,,8 765 m² (eiet),8765,8.8,G - Rød,5544,86,11,5,"Meld deg på til visning! Gråsandveien 106 er en innholdsrik eiendom bestående av 3 teiger, enebolig over tre plan med beliggenhet på vakre Hamneidet. Her får du fantastisk nordnorsk natur rett utenfor ytterdøra, og du kan kombinere turer til fjells og til havs. Skjervøy ligger ca. 16 minutter unna med bil og er et maritimt senter for Nord-Troms. Her finner man offentlige kontorer, butikker, skole, barnehage og butikker. Eiendommen inneholder en enebolig over tre plan og eldre garasje/ uthus. Eneboligen inneholder entré, stue, kjøkken, et romslig bad, toalettrom, 2 soverom ( laget av stuearealet, ikke søknadspliktig tiltak), samt vaskerom og boder i kjelleren. Loftet er ikke innredet. I tillegg har boligen en terrasse på 25 kvm hvor man kan nyte gode solforhold og flott utsikt.  Stor hage og strandlinje. Velkommen til visning! Minus Vis mindre NB: Knappen for å vise hele beskrivelsen har kun en visuell effekt. Pluss tegn Vis hele beskrivelsen NB: Knappen for å vise hele beskrivelsen har kun en visuell effekt. Salgsoppgaven beskriver vesentlig og lovpålagt informasjon om eiendommen Se komplett salgsoppgave Nyttige lenker Eiendommens hjemmeside Bestill salgsoppgave Visning Ta kontakt for å avtale visning. Husk å lese komplett salgsoppgave før visning. Bestill komplett, utskriftsvennlig salgsoppgave. Visningspåmelding Gi bud Nyttige lenker Eiendommens hjemmeside Bestill salgsoppgave Nærområdet Kart Gråsandveien 106, 9181 Hamneidet Annonseinformasjon FINN-kode 457788970 Sist endret 10. sep. 2026 06:00 Referanse 18260009 Rapporter annonse Annonsene kan være mangelfulle i forhold til lovpålagt opplysningsplikt. Før bindende avtale inngås oppfordres interessenter til å innhente komplett informasjon fra meglerforetaket, selger eller utleier.",2026-09-20T15:39:50+00:00,house
468180497,https://www.finn.no/realestate/homes/ad.html?finnkode=468180497,BJØRN - Liten enebolig med store uteområder,"Dønnaveien 37, 8820 Dønna",8820,Dønna,1 150 000 kr,1 180 100 kr,30 100 kr,,260 516 kr,Enebolig,Selveier,,65 m² (BRA-i),90 m²,,,,1953,,18 220 m² (eiet),18220,18.2,G - Rød,1827,50,28,3,"Velkommen til Dønnaveien 37! Eiendommen fremstår som et oppussingsprosjekt med godt potensial - her er muligheten til å skape din egen bolig i naturskjønne omgivelser på Helgelandskysten. Dønna er et øyrike kjent for storslått natur og rik kulturhistorie, med gode muligheter for fjell- og fotturer, øyhopping, fiske og sykkelturisme i nærområdet. Vi anbefaler alle interessenter å sette seg grundig inn i salgsoppgaven, da denne inneholder viktig informasjon om eiendommen og salgsprosessen. Velkommen på visning! Minus Vis mindre NB: Knappen for å vise hele beskrivelsen har kun en visuell effekt. Pluss tegn Vis hele beskrivelsen NB: Knappen for å vise hele beskrivelsen har kun en visuell effekt. Salgsoppgaven beskriver vesentlig og lovpålagt informasjon om eiendommen Se komplett salgsoppgave Nyttige lenker Bestill salgsoppgave Visning Ta kontakt for å avtale visning. Husk å lese komplett salgsoppgave før visning. Bestill komplett, utskriftsvennlig salgsoppgave. Nyttige lenker Bestill salgsoppgave Nærområdet Kart Dønnaveien 37, 8820 Dønna Annonseinformasjon FINN-kode 468180497 Sist endret 29. juni 2026 04:09 Referanse 86260007 Rapporter annonse Annonsene kan være mangelfulle i forhold til lovpålagt opplysningsplikt. Før bindende avtale inngås oppfordres interessenter til å innhente komplett informasjon fra meglerforetaket, selger eller utleier.",2026-09-20T15:39:51+00:00,house
468153599,https://www.finn.no/realestate/homes/ad.html?finnkode=468153599,"Småbruk med strandlinje, naust og gode friluftsmuligheter. 51 dekar. Dobbelgarasje. Godt potensiale for modernisering.","Årsandøyveien 72, 7980 Terråk",7980,Terråk,1 290 000 kr,1 323 340 kr,33 340 kr,,337 192 kr,Enebolig,Selveier,,163 m² (BRA-i),163 m²,,4,,1948,,50 551 m² (eiet),50551,50.6,D - Gul,1811,39,7,5,"Småbruk beliggende i naturskjønne omgivelser på Terråk i Bindal kommune, langs vakre Helgelandskysten. Eiendommen består av en enebolig som opprinnelig ble oppført i 1948, og som senere ble renovert og påbygd i 1982, samt dobbelgarasje, lager/fjøs, to naust og en koselig gapahuk. Området er preget av spredt bebyggelse med småbruk, boliger og fritidseiendommer, og byr på rolige og landlige omgivelser. Det er omtrent 13 km til kommunesenteret på Terråk. Eiendommen deles av riksveien og har et tun med tilhørende jordteig på oversiden, mens en skogteig på nedsiden strekker seg ned mot en attraktiv strandlinje. Her ligger også de to naustene og gapahuken, som gir flotte rammer for opphold ved sjøen. Dette er en eiendom som gir rike muligheter for jakt, fiske og friluftsliv, både ved kysten og i omkringliggende fjellterreng. En spennende eiendom med godt potensial, optimalt for deg som ønsker et landlig liv der hele familien kan finne ro og trivsel. Velkommen til en hyggelig visning! Minus Vis mindre NB: Knappen for å vise hele beskrivelsen har kun en visuell effekt. Pluss tegn Vis hele beskrivelsen NB: Knappen for å vise hele beskrivelsen har kun en visuell effekt. Salgsoppgaven beskriver vesentlig og lovpålagt informasjon om eiendommen Se komplett salgsoppgave Nyttige lenker Eiendommens hjemmeside Bestill salgsoppgave Visning Ta kontakt for å avtale visning. Husk å lese komplett salgsoppgave før visning. Bestill komplett, utskriftsvennlig salgsoppgave. Visningspåmelding Gi bud Nyttige lenker Eiendommens hjemmeside Bestill salgsoppgave Nærområdet Kart Årsandøyveien 72, 7980 Terråk Annonseinformasjon FINN-kode 468153599 Sist endret 03. sep. 2026 14:51 Referanse 54260060 Rapporter annonse Annonsene kan være mangelfulle i forhold til lovpålagt opplysningsplikt. Før bindende avtale inngås oppfordres interessenter til å innhente komplett informasjon fra meglerforetaket, selger eller utleier.",2026-09-20T15:39:52+00:00,house
468145058,https://www.finn.no/realestate/homes/ad.html?finnkode=468145058,Innholdsrik eiendom med landlig beliggenhet - 13 daa tomt - Garasje,"Utsetveien 154, 7247 Hestvika",7247,Hestvika,2 390 000 kr,2 450 840 kr,60 840 kr,,685 173 kr,Enebolig,Selveier,,180 m² (BRA-i),271 m²,,1,,1949,,13 512 m² (eiet),13512,13.5,Rom,5056,106,10,5,"Velkommen til Utsetveien 154 - Innholdsrik eiendom med landlig preg. Her får du en romslig tomt på hele 13 daa, omgitt av flott natur. Eiendommen gir småbruks-følelse med flere bygninger og mange bruksmuligheter. Perfekt for deg som ønsker en skjermet beliggenhet i rolige omgivelser. Bygningsmassen: Enebolig på 180 m². Opprinnelig fra 1943, men oppgradert og tilbygd i senere tid, blant annet med tilbygg fra 2000. Av innhold finner man vindfang, gang, stue, kjøkken, bad og 3 soverom. Det gjøres oppmerksom på at to av soverommene ikke har godkjent rømningsvei. Eneboligen har i tillegg en egen del med stue/ kjøkken, bad og soverom (ihht. tegninger er soverom opprinnelig bad) Uthus oppført over 2 plan på til sammen 50 m² Garasje på 41 m² oppført i 1989 Kvaliteter: - Romslig tomt - Skjermet beliggenhet - Kort vei til fine turområder - Ca. 5,5 km til nærmeste dagligvarebutikk og ca. 18 km. til Fillan sentrum Noe oppgraderinger og oppussing må påregnes. Velkommen til visning! Minus Vis mindre NB: Knappen for å vise hele beskrivelsen har kun en visuell effekt. Pluss tegn Vis hele beskrivelsen NB: Knappen for å vise hele beskrivelsen har kun en visuell effekt. Salgsoppgaven beskriver vesentlig og lovpålagt informasjon om eiendommen Se komplett salgsoppgave Nyttige lenker Eiendommens hjemmeside Bestill salgsoppgave Visning Ta kontakt for å avtale visning. Husk å lese komplett salgsoppgave før visning. Bestill komplett, utskriftsvennlig salgsoppgave. Visningspåmelding Gi bud Nyttige lenker Eiendommens hjemmeside Bestill salgsoppgave Nærområdet Kart Utsetveien 154, 7247 Hestvika Annonseinformasjon FINN-kode 468145058 Sist endret 20. aug. 2026 11:34 Referanse 44260080 Rapporter annonse Annonsene kan være mangelfulle i forhold til lovpålagt opplysningsplikt. Før bindende avtale inngås oppfordres interessenter til å innhente komplett informasjon fra meglerforetaket, selger eller utleier.",2026-09-20T15:39:54+00:00,house
467299657,https://www.finn.no/realestate/homes/ad.html?finnkode=467299657,Paradis ved sjøen | Strandlinje | Brygge | Skog | Stor eiendom | Hus og hytte i ett,"Hanasandveien 729, 4150 Rennesøy",4150,Rennesøy,10 000 000 kr,10 251 350 kr,251 350 kr,,1 046 399 kr,Enebolig,Selveier,,236 m² (BRA-i),236 m²,,4,,1934,,25 513 m² (eiet),25513,25.5,Rom,1103,233,10,5,"EIE eiendomsmegling v/ Inger Johanne M. Frivold presenterer Hanasandveien 729. Sjelden og attraktiv beliggenhet. Lun og solrik eiendom ved sjøen. Nydelig utsikt. Ca. 25 minutter fra Stavanger. Eiendommen: - Ca. 25 mål - Strandlinje - Brygge - Gammelt hønshus, ca. 100 kvm til nedfalls, med grunnmur - Gammel smie/steinhus ved sjøen - Store plener - Ca. 22 dekar skog - Gåavstand til Østhusvik med barnehage, butikk og hurtigbåtkai - Rett ved bussholdeplass Boligen: - Eldre enebolig med renoveringsbehov - Nydelig utsikt - 3 stuer - Landlig, stedbygd kjøkken - 4 soverom - Balkong ut fra 2. etasje - Stort uinnredet loft - Kjellerrom med godt dagslys En eiendom som innbyr til aktivitet enten det er båtliv, fisking, bading, sportsaktiviteter eller turer i flotte turområder. Her har man virkelig hus og hytte i ett. Skap ditt eget drømmeparadis. Hva med et småbruk? Velkommen til visning! Minus Vis mindre NB: Knappen for å vise hele beskrivelsen har kun en visuell effekt. Pluss tegn Vis hele beskrivelsen NB: Knappen for å vise hele beskrivelsen har kun en visuell effekt. Salgsoppgaven beskriver vesentlig og lovpålagt informasjon om eiendommen Se komplett salgsoppgave Nyttige lenker Gi bud Bestill salgsoppgave Eiendommens hjemmeside Visning Ta kontakt for å avtale visning. Husk å lese komplett salgsoppgave før visning. Bestill komplett, utskriftsvennlig salgsoppgave. Visningspåmelding Nyttige lenker Gi bud Bestill salgsoppgave Eiendommens hjemmeside Nærområdet Kart Hanasandveien 729, 4150 Rennesøy Annonseinformasjon FINN-kode 467299657 Sist endret 28. aug. 2026 10:12 Referanse 54260183 Rapporter annonse Annonsene kan være mangelfulle i forhold til lovpålagt opplysningsplikt. Før bindende avtale inngås oppfordres interessenter til å innhente komplett informasjon fra meglerforetaket, selger eller utleier.",2026-09-20T15:39:55+00:00,house
459626325,https://www.finn.no/realestate/homes/ad.html?finnkode=459626325,Fin og romslig familiebolig med solrik og skjermet uteplass. IN- ordning. Stille og barnevennlig. Garasje og bod.,"Buskveien 61, 3236 Sandefjord",3236,Sandefjord,3 350 000 kr,3 598 455 kr,1 090 kr,247 365 kr,872 545 kr,Enebolig,Andel,,128 m² (BRA-i),146 m²,,4,,1986,,16 695 m² (eiet),16695,16.7,,3907,90,10,5,"Velkommen til Buskveien 61! En meget familievennlig bolig over 2 plan i et stille og barnevennlig boområde. Her har man kort vei til flotte turområder og populære Skjellvika. Det er kort avstand til dagligvareforretning da Joker ligger kun noen få minutters gange unna. Skole og barnehage finner man også i nærheten. Det er kort vei til sentrum med gang- og sykkelsti store deler av veien. Boligen ligger nest innerst i en rolig blindvei og det er derfor lite trafikk. Kun få meter fra boligen finner man en lekeplass, som er perfekt for de minste. En garasjeplass medfølger boligen. Fra stuen er det en skjermet og solrik uteplass, hvor man kan nyte solen store deler av dagen. Boligens planløsning er svært familievennlig med flere soverom, et bad og et vaskerom med toalett. I 2. etasje finner man to stuer med en dobbel glassdør imellom, slik at man kan ha en ungdoms/barneavdeling. Velkommen til visning! Minus Vis mindre NB: Knappen for å vise hele beskrivelsen har kun en visuell effekt. Pluss tegn Vis hele beskrivelsen NB: Knappen for å vise hele beskrivelsen har kun en visuell effekt. Salgsoppgaven beskriver vesentlig og lovpålagt informasjon om eiendommen Se komplett salgsoppgave Nyttige lenker Gi bud Bestill salgsoppgave Eiendommens hjemmeside Visning Ta kontakt for å avtale visning. Husk å lese komplett salgsoppgave før visning. Bestill komplett, utskriftsvennlig salgsoppgave. Visningspåmelding Gi bud Nyttige lenker Gi bud Bestill salgsoppgave Eiendommens hjemmeside Nærområdet Kart Buskveien 61, 3236 Sandefjord Annonseinformasjon FINN-kode 459626325 Sist endret 01. juli 2026 06:03 Referanse 33260021 Rapporter annonse Annonsene kan være mangelfulle i forhold til lovpålagt opplysningsplikt. Før bindende avtale inngås oppfordres interessenter til å innhente komplett informasjon fra meglerforetaket, selger eller utleier.",2026-09-20T15:39:56+00:00,house
467085501,https://www.finn.no/realestate/homes/ad.html?finnkode=467085501,Skjervøy - Enebolig med 3 soverom,"Rønning Østgårds vei 18, 9180 Skjervøy",9180,Skjervøy,2 400 000 kr,2 461 090 kr,61 090 kr,0 kr,509 944 kr,Enebolig,Selveier,,99 m² (BRA-i),162 m²,,3,,1987,3,6 464 m²,6464,6.5,G - Rød,5542,69,188,3,"Enebolig med kjeller, hovedetasje og loft oppført i 1987. Kjeller er utgravd og dels innredet, antatt ikke omsøkt til kommunen. Eneboligen inneholder bad, toalettrom, bod, kjøkken, stue og 3 stk soverom. Ta kontakt med saksbehandler for ytterligere informasjon og visningstidspunkt. Minus Vis mindre NB: Knappen for å vise hele beskrivelsen har kun en visuell effekt. Pluss tegn Vis hele beskrivelsen NB: Knappen for å vise hele beskrivelsen har kun en visuell effekt. Salgsoppgaven beskriver vesentlig og lovpålagt informasjon om eiendommen Se komplett salgsoppgave Visning Ta kontakt for å avtale visning. Nærområdet Kart Rønning Østgårds vei 18, 9180 Skjervøy Annonseinformasjon FINN-kode 467085501 Sist endret 28. aug. 2026 13:39 Referanse 22005 986 m.fl. Rapporter annonse Annonsene kan være mangelfulle i forhold til lovpålagt opplysningsplikt. Før bindende avtale inngås oppfordres interessenter til å innhente komplett informasjon fra meglerforetaket, selger eller utleier.",2026-09-20T15:39:58+00:00,house
467414431,https://www.finn.no/realestate/homes/ad.html?finnkode=467414431,Innholdsrik enebolig med landlig beliggenhet på Frosta. Flott utsikt mot fjorden. 5 soverom. Garasje.,"Karenplassen 28, 7633 Frosta",7633,Frosta,3 690 000 kr,3 783 340 kr,93 340 kr,,646 576 kr,Enebolig,Selveier,,225 m² (BRA-i),225 m²,,5,,1973,,5 103 m² (eiet),5103,5.1,Rom,5036,66,9,5,"Velkommen til Karenplassen 28! Innholdsrik enebolig beliggende landlig, men samtidig sentralt til på Frosta. Boligen nyter godt av en tomt på på over 5 mål. Eiendommen har gode solforhold og flott utsikt mot naturskjønne omgivelser og Trondheimsfjorden. Fra boligen er det ca. en 4 minutters kjøretur til dagligvarebutikk som Frostasenteret med dagligvare, apotek og vinmonopol. Av kvaliteter vi ønsker og fremheve: - 5 gode soverom - Oppvarming med strøm og vedfyring - 2 luft til luft varmepumper - Begge bad renovert i 2024 - Nye vinduer, ytterdør og garasjeport i sokkel fra 2024 - Parkering i garasje og på gårdsplass. Elbillader - Romslig tomt med flere fine uteplasser - Drenert på nord- og vestsiden i 2015 og på østsiden i 2022 Velkommen til en hyggelig visning - husk påmelding! Minus Vis mindre NB: Knappen for å vise hele beskrivelsen har kun en visuell effekt. Pluss tegn Vis hele beskrivelsen NB: Knappen for å vise hele beskrivelsen har kun en visuell effekt. Salgsoppgaven beskriver vesentlig og lovpålagt informasjon om eiendommen Se komplett salgsoppgave Nyttige lenker Eiendommens hjemmeside Bestill salgsoppgave Visning Ta kontakt for å avtale visning. Husk å lese komplett salgsoppgave før visning. Bestill komplett, utskriftsvennlig salgsoppgave. Visningspåmelding Gi bud Nyttige lenker Eiendommens hjemmeside Bestill salgsoppgave Nærområdet Kart Karenplassen 28, 7633 Frosta Annonseinformasjon FINN-kode 467414431 Sist endret 14. sep. 2026 14:44 Referanse 51260135 Rapporter annonse Annonsene kan være mangelfulle i forhold til lovpålagt opplysningsplikt. Før bindende avtale inngås oppfordres interessenter til å innhente komplett informasjon fra meglerforetaket, selger eller utleier.",2026-09-20T15:39:59+00:00,house
466811008,https://www.finn.no/realestate/homes/ad.html?finnkode=466811008,"Sjarmerende & idyllisk småbruk/​fritidseiendom. Gode solforhold og fantastisk utsikt. Våningshus, låve, stabbur, utebod.","Sørsia 35, 7629 Ytterøy",7629,Ytterøy,3 000 000 kr,3 076 090 kr,76 090 kr,,635 005 kr,Enebolig,Selveier,,128 m² (BRA-i),128 m²,,1,,1926,,53 713 m² (eiet),53713,53.7,G - Rød,5037,332,8,5,"Velkommen til Sørsia 35. Et idyllisk småbruk med fantastisk beliggenhet på Ytterøy - Trondheimsfjordens perle. På eiendommen finner du et våningshus, låve, stabbur og bod. Her får du sol fra tidlig morgen ca. kl 08:00 til ca. 21:30 på kvelden på sommerstid. Eiendommen byr på en flott utsikt mot Levanger. Kvaliteter som bør fremheves: Gode sol og utsiktsforhold. Flott sitteplass på låven med kveldssol. Stor og solrik uteplass på framsiden av huset. Selveid tomt på over 50 mål. Lys og romslig stue. Gammeldags og sjarmerende stil gjennomgående i hele våningshuset. Ny skole og barnehage på øya. Kort vei til Fergekai og matbutikk. Ytterøyparken - flott turområde med grillplass, lekeplass og trimtrapp. Kafé og kiosk i nærheten av skole og barnehage. Stadion, fotballbane og lysløype - flittig brukt året rundt. Velkommen til en hyggelig visning! Minus Vis mindre NB: Knappen for å vise hele beskrivelsen har kun en visuell effekt. Pluss tegn Vis hele beskrivelsen NB: Knappen for å vise hele beskrivelsen har kun en visuell effekt. Salgsoppgaven beskriver vesentlig og lovpålagt informasjon om eiendommen Se komplett salgsoppgave Nyttige lenker Gi bud Bestill salgsoppgave Eiendommens hjemmeside Hjemmeside Visning Ta kontakt for å avtale visning. Husk å lese komplett salgsoppgave før visning. Bestill komplett, utskriftsvennlig salgsoppgave. Visningspåmelding Gi bud Nyttige lenker Gi bud Bestill salgsoppgave Eiendommens hjemmeside Hjemmeside Nærområdet Kart Sørsia 35, 7629 Ytterøy Annonseinformasjon FINN-kode 466811008 Sist endret 08. sep. 2026 10:47 Referanse 70260143 Rapporter annonse Annonsene kan være mangelfulle i forhold til lovpålagt opplysningsplikt. Før bindende avtale inngås oppfordres interessenter til å innhente komplett informasjon fra meglerforetaket, selger eller utleier.",2026-09-20T15:40:01+00:00,house
461618653,https://www.finn.no/realestate/homes/ad.html?finnkode=461618653,"Bud mottatt: Sildevig, Tromøy - Enebolig - Fantastisk utsikt - Stor tomt - Strandparsell med brygge og sjøbod","Sildevikveien 12, 4818 Færvik",4818,Færvik,9 850 000 kr,10 097 640 kr,247 640 kr,,913 219 kr,Enebolig,Selveier,,169 m² (BRA-i),218 m²,,3,,1981,,5 100 m² (eiet),5100,5.1,Rom,4203,206,107,5,"Eiendommen har en fantastisk beliggenhet, på stor, sydvestvendt og tilbaketrukket hagetomt med stor hage, egen strandparsell med vel 30 meter strandlinje med brygge og sjøbu ved Sildevig på Tromøy. Tomten er sydvestvendt og man har flott utsikt over Revesandfjorden, skjærgården og Merdø fra både boligen, tomten og ikke minst fra brygge og sjøbod. Her kan man nyte sol og sommer fra tidlig morgen godt utpå kvelden. Frittliggende enebolig, oppført 1980/81. Innholdsrik bolig over 2 etasjer med noe vedlikeholdsbehov og stort sett tidsmessig, normal standard fra byggeår. Dobbel garasje. Stor, tilbaketrukket  tomt med betydelig potensiale, opparbeidet med hage, plen, prydbusker, terrasse og naturtomt rundt bebyggelsen samt strandparsell på ca. 850 m2 med betongbrygge og nyere sjøbod. Minus Vis mindre NB: Knappen for å vise hele beskrivelsen har kun en visuell effekt. Pluss tegn Vis hele beskrivelsen NB: Knappen for å vise hele beskrivelsen har kun en visuell effekt. Salgsoppgaven beskriver vesentlig og lovpålagt informasjon om eiendommen Se komplett salgsoppgave Visning Ta kontakt for å avtale visning. Husk å lese komplett salgsoppgave før visning. Bestill komplett, utskriftsvennlig salgsoppgave. Visningspåmelding Gi bud Nærområdet Kart Sildevikveien 12, 4818 Færvik Annonseinformasjon FINN-kode 461618653 Sist endret 18. sep. 2026 09:59 Referanse 1409250164 Rapporter annonse Annonsene kan være mangelfulle i forhold til lovpålagt opplysningsplikt. Før bindende avtale inngås oppfordres interessenter til å innhente komplett informasjon fra meglerforetaket, selger eller utleier.",2026-09-20T15:40:02+00:00,house
467123276,https://www.finn.no/realestate/homes/ad.html?finnkode=467123276,Enebolig med utleiedel & stor tomt i landlige omgivelser i Alleknjarg,"Polmakveien 1015, 9844 Tana",9844,Tana,3 790 000 kr,3 885 840 kr,95 840 kr,,,Enebolig,Selveier,,240 m² (BRA-i),300 m²,,5,,1961,2,94 658 m² (eiet),94658,94.7,E - Oransje,5628,38,8,5,"Velkommen til Polmakveien 1015! Her presenteres en enebolig med en separat utleiedel, beliggende i rolige og naturskjønne omgivelser i Alleknjarg. Utleiedelen er godkjent og har to soverom, bad og stue og kjøkken i åpen løsning. Eiendommen strekker seg over en tomt på ca. 94,7 dekar og byr på muligheter for den som verdsetter god plass og nærhet til naturen. Boligen ble opprinnelig oppført i 1961, med et tilbygg fra 2001. Hoveddelen og utleiedelen gir fleksible løsninger for boforhold. Alleknjarg er ei idyllisk bygd ca. 15 km fra Tanabru. Her bort du fritt og landlig og har tilgang til flotte tur-, jakt- og fiskeområder like utenfor stuedøra. Minus Vis mindre NB: Knappen for å vise hele beskrivelsen har kun en visuell effekt. Pluss tegn Vis hele beskrivelsen NB: Knappen for å vise hele beskrivelsen har kun en visuell effekt. Salgsoppgaven beskriver vesentlig og lovpålagt informasjon om eiendommen Se komplett salgsoppgave Nyttige lenker Gi bud Bestill salgsoppgave Eiendommens hjemmeside Hjemmeside Visning mandag, 12. oktober 17:00 – 18:00 Legg til i kalender Husk å lese komplett salgsoppgave før visning. Bestill komplett, utskriftsvennlig salgsoppgave. Visningspåmelding Gi bud Nyttige lenker Gi bud Bestill salgsoppgave Eiendommens hjemmeside Hjemmeside Nærområdet Kart Polmakveien 1015, 9844 Tana Annonseinformasjon FINN-kode 467123276 Sist endret 18. sep. 2026 08:26 Referanse 89260095 Rapporter annonse Annonsene kan være mangelfulle i forhold til lovpålagt opplysningsplikt. Før bindende avtale inngås oppfordres interessenter til å innhente komplett informasjon fra meglerforetaket, selger eller utleier.",2026-09-20T15:40:03+00:00,house
466645689,https://www.finn.no/realestate/homes/ad.html?finnkode=466645689,Innholdsrik eiendom med gode leieinntekter | 6 124 m² tomt med utviklingsmuligheter | Stor garasje |,"Dr.Opsands vei 23, 1618 Fredrikstad",1618,Fredrikstad,11 000 000 kr,11 276 090 kr,276 090 kr,,1 158 009 kr,Enebolig,Selveier,,218 m² (BRA-i),293 m²,,8,,1800,,6 125 m² (eiet),6125,6.1,,3107,205,1,5,"Eiendommen ligger ved et veletablert og attraktivt boligområde på Lisleby. Dette er en eiendom for deg som ser muligheter, enten det er for utleie, generasjonsbolig eller utvikling. Med kort vei til dagligvarebutikker, bussforbindelser og naturområder, kombinerer beliggenheten rolige omgivelser med nærhet til alle nødvendige fasiliteter. Tomten er regulert i kommuneplanen til fremtidig næringsformål. Verdt å vite: Stor eiertomt på ca. 6 124 m² med muligheter for videreutvikling 3 leiligheter som genererer gode leieinntekter Det har tidligere blitt startet opp reguleringsarbeid for boliger i området Det er ikke søkt omregulering Frittstående, romslig garasje på ca. 75 m² Stor overbygget inngangsterrasse Velkommen til visning! Minus Vis mindre NB: Knappen for å vise hele beskrivelsen har kun en visuell effekt. Pluss tegn Vis hele beskrivelsen NB: Knappen for å vise hele beskrivelsen har kun en visuell effekt. Salgsoppgaven beskriver vesentlig og lovpålagt informasjon om eiendommen Se komplett salgsoppgave Nyttige lenker Meld interesse Se komplett salgsoppgave Gi bud Visning Ta kontakt for å avtale visning. Visningspåmelding Gi bud Nyttige lenker Meld interesse Se komplett salgsoppgave Gi bud Nærområdet Kart Dr.Opsands vei 23, 1618 Fredrikstad Annonseinformasjon FINN-kode 466645689 Sist endret 15. juni 2026 12:07 Referanse 217260188 Rapporter annonse Annonsene kan være mangelfulle i forhold til lovpålagt opplysningsplikt. Før bindende avtale inngås oppfordres interessenter til å innhente komplett informasjon fra meglerforetaket, selger eller utleier.",2026-09-20T15:40:04+00:00,house
427828013,https://www.finn.no/realestate/homes/ad.html?finnkode=427828013,Innholdsrik enebolig med gode solforhold i landlige omgivelser. Uthus og garasje!,"Myraveien 4, 3788 Stabbestad",3788,Stabbestad,2 950 000 kr,3 025 100 kr,75 100 kr,,1 146 528 kr,Enebolig,Selveier,,264 m² (BRA-i),286 m²,,3,,1998,3,21 851 m² (eiet),21851,21.9,Rom,4014,9,19,7,"Aktiv eiendomsmegling har gleden av å presentere Myraveien 4! Eidnommen er beliggende på Stabbestad i Kragerø kommune. Stabbestad er et område i sterk utvikling som helårsdestinasjon, med fokus på å tilby et bredt spekter av rekreasjonsmuligheter og aktiviteter. Området rundt Myraveien 4 byr på flott norsk natur, og det er kort vei til kyststien som strekker seg fra Stabbestad til Ellingsvik. Denne stien er delt opp i tre etapper og gir turgåere muligheten til å oppleve variert terreng, inkludert skogsområder og kystlinje. En kort biltur unna ligger Kragerø Resort solrikt og idyllisk plassert. Her har familien overlegne muligheter for rekreasjon og velvære samt aktiviteter som tennis, golf, sandvolleyball, klatrevegg, båtliv og bading. Minus Vis mindre NB: Knappen for å vise hele beskrivelsen har kun en visuell effekt. Pluss tegn Vis hele beskrivelsen NB: Knappen for å vise hele beskrivelsen har kun en visuell effekt. Salgsoppgaven beskriver vesentlig og lovpålagt informasjon om eiendommen Se komplett salgsoppgave Visning Ta kontakt for å avtale visning. Husk å lese komplett salgsoppgave før visning. Bestill komplett, utskriftsvennlig salgsoppgave. Visningspåmelding Gi bud Nærområdet Kart Myraveien 4, 3788 Stabbestad Annonseinformasjon FINN-kode 427828013 Sist endret 19. aug. 2026 12:54 Referanse 1302250168 Rapporter annonse Annonsene kan være mangelfulle i forhold til lovpålagt opplysningsplikt. Før bindende avtale inngås oppfordres interessenter til å innhente komplett informasjon fra meglerforetaket, selger eller utleier.",2026-09-20T15:40:06+00:00,house
466763238,https://www.finn.no/realestate/homes/ad.html?finnkode=466763238,"Enebolig med naturskjønn beliggenhet, stor tomt, dobbelgarasje og gode sol- og utsiktsforhold på Sundøya.","Sundøyveien 117, 8892 Sundøya",8892,Sundøya,1 350 000 kr,1 384 840 kr,34 840 kr,,556 547 kr,Enebolig,Selveier,,200 m² (BRA-i),307 m²,,5,,1946,2,37 138 m² (eiet),37138,37.1,Rom,1822,111,22,5,"Velkommen til Sundøyveien 117, en enebolig med naturskjønn beliggenhet på Sundøya i Leirfjord kommune. Området byr på rolig atmosfære, nærhet til sjø og flotte turmuligheter. Eiendommen har enkel adkomst via offentlig vei og ligger i kort avstand til lokale servicetilbud, med større handelsmuligheter i Mosjøen og Sandnessjøen. Boligen har et bruksareal på 200 m² fordelt på hovedetasje, loft og kjeller. Hovedetasjen inkluderer bad, toalettrom, soverom, stue og kjøkken, mens loftet har gang og 4 soverom og takterrasse over tilbygg. Kjelleren består av uinnredede rom. Tomten på ca. 37 138 m² er opparbeidet med plen, prydbusker, markterrasse på ca. 14 m2 og gruslagt gårdsplass. Eiendommen har også dobbelgarasje på 70 m2 og uthus, samt mulighet for naust på sjøteig. Minus Vis mindre NB: Knappen for å vise hele beskrivelsen har kun en visuell effekt. Pluss tegn Vis hele beskrivelsen NB: Knappen for å vise hele beskrivelsen har kun en visuell effekt. Salgsoppgaven beskriver vesentlig og lovpålagt informasjon om eiendommen Se komplett salgsoppgave Nyttige lenker Social Video Visning Ta kontakt for å avtale visning. Husk å lese komplett salgsoppgave før visning. Bestill komplett, utskriftsvennlig salgsoppgave. Visningspåmelding Gi bud Nyttige lenker Social Video Nærområdet Kart Sundøyveien 117, 8892 Sundøya Annonseinformasjon FINN-kode 466763238 Sist endret 12. juni 2026 12:19 Referanse 1801260032 Rapporter annonse Annonsene kan være mangelfulle i forhold til lovpålagt opplysningsplikt. Før bindende avtale inngås oppfordres interessenter til å innhente komplett informasjon fra meglerforetaket, selger eller utleier.",2026-09-20T15:40:07+00:00,house
457573116,https://www.finn.no/realestate/homes/ad.html?finnkode=457573116,TRYSIL- Eksklusiv eiendom med basseng. Leilighet i sidebygning. Usjenert tomt på 90 mål. Kort vei til skianlegget.,"Korsbergsvegen 65, 2420 Trysil",2420,Trysil,11 500 000 kr,11 806 650 kr,306 650 kr,,,Enebolig,Selveier,,231 m² (BRA-i),313 m²,,8,,2010,,91 695 m² (eiet),91695,91.7,,3421,36,79,3,"Unik og eventyrlig eiendom med håndlaftede bygninger i tunformasjon. Hovedbygning med romslig hall, stue med stor takhøyde, kjøkken, 5 soverom, bad med badstue, samt ekstra toalett. Stor sidebygning over to plan med egen leilighet. Denne har 3 soverom, stue, kjøkken og bad. Garasje med plass til 3 biler. Vedbod på tunet i samme stil. Totalt bruksareal er 315 kvm. Eiendommen har en gjennomgående høy standard med et klassisk norsk preg i laft og med torvtak. Gårdsplass med belegningsstein.Som et ekstra pluss har eiendommen utendørs basseng og store terrasser, delvis overbygd. Eiendommen ligger helt usjenert til med hele 91.695 kvm tomt! Dette gir mange bruksmuligheter. Dette er en svært sjelden og eksklusiv eiendom, som passer utmerket både som både fast bolig og feriested. Minus Vis mindre NB: Knappen for å vise hele beskrivelsen har kun en visuell effekt. Pluss tegn Vis hele beskrivelsen NB: Knappen for å vise hele beskrivelsen har kun en visuell effekt. Ta kontakt med megler for komplett informasjon Nyttige lenker Bestill salgsoppgave Visning Ta kontakt for å avtale visning. Husk å lese komplett salgsoppgave før visning. Bestill komplett, utskriftsvennlig salgsoppgave. Gi bud Nyttige lenker Bestill salgsoppgave Nærområdet Kart Korsbergsvegen 65, 2420 Trysil Annonseinformasjon FINN-kode 457573116 Sist endret 21. mai 2026 04:16 Referanse 87260019 Rapporter annonse Annonsene kan være mangelfulle i forhold til lovpålagt opplysningsplikt. Før bindende avtale inngås oppfordres interessenter til å innhente komplett informasjon fra meglerforetaket, selger eller utleier.",2026-09-20T15:40:08+00:00,house
366080571,https://www.finn.no/realestate/homes/ad.html?finnkode=366080571,"Innholdsrik eiendom i særklasse med høy standard, godkjent utleiedel, egen ridebane og stall","Hellerudveien 30A og B, 1350 Lommedalen",1350,Lommedalen,27 500 000 kr,28 188 740 kr,688 740 kr,,13 934 301 kr,Enebolig,Selveier,,396 m² (BRA-i),521 m²,,5,,2020,,5 906 m² (eiet),5906,5.9,A - Oransje,3201,112,69,5,"Velkommen til Hellerudveien 30A og B - en idyllisk eiendom på solsiden i Lommedalen, kun ca. 20 minutter fra Oslo. Her får du det beste fra to verdener: et fullverdig småbruk med fredelige og naturskjønne omgivelser, samtidig som du har kort vei til skoler, fritidsaktiviteter, servicetilbud og marka. Eiendommen er perfekt tilrettelagt for hestehold med stall, egen ridebane, beiteområder og direkte tilgang til flotte turstier og skogsterreng. Boligen holder høy standard og er oppført med fokus på funksjonalitet, komfort og minimalt vedlikehold, blant annet med energieffektiv bergvarme. Her kan du leve småbruksdrømmen uten å gi slipp på nærheten til byen og hverdagen du kjenner. Godkjent utleiedel med egen inngang gir attraktive leieinntekter, og inneholder åpen stue- og kjøkkenløsning, soverom, bad og innredet rom/bod. Minus Vis mindre NB: Knappen for å vise hele beskrivelsen har kun en visuell effekt. Pluss tegn Vis hele beskrivelsen NB: Knappen for å vise hele beskrivelsen har kun en visuell effekt. Salgsoppgaven beskriver vesentlig og lovpålagt informasjon om eiendommen Se komplett salgsoppgave Nyttige lenker Gi bud Bestill salgsoppgave Eiendommens hjemmeside Hjemmeside Visning Ta kontakt for å avtale visning. Husk å lese komplett salgsoppgave før visning. Bestill komplett, utskriftsvennlig salgsoppgave. Visningspåmelding Nyttige lenker Gi bud Bestill salgsoppgave Eiendommens hjemmeside Hjemmeside Nærområdet Kart Hellerudveien 30A og B, 1350 Lommedalen Annonseinformasjon FINN-kode 366080571 Sist endret 22. juni 2026 06:00 Referanse 1240141 Rapporter annonse Annonsene kan være mangelfulle i forhold til lovpålagt opplysningsplikt. Før bindende avtale inngås oppfordres interessenter til å innhente komplett informasjon fra meglerforetaket, selger eller utleier.",2026-09-20T15:40:10+00:00,house
466566362,https://www.finn.no/realestate/homes/ad.html?finnkode=466566362,Eldre enebolig/​hytte? på tomt 5000 kvm - nært sjøen. Kort kjøretur til butikk mv. Stor bolig med bla 5 sov og 2 stuer.,"Halsavegen 123, 6680 Halsanaustan",6680,Halsanaustan,800 000 kr,823 590 kr,23 590 kr,,,Enebolig,Selveier,,229 m² (BRA-i),229 m²,,5,,1953,,5 051 m² (eiet),5051,5.1,,5055,223,13,3,"Velkommen til Halsanaustan med usjenert beliggenhet og fjordutsikt - med kort kjøretur til butikk mv.  Eiendommen har en tomt på ca. 5 050 m² med opparbeidet plen, beplantning og naturtomt. Området er regulert til LNF-formål, og gir gode muligheter for uteaktiviteter og tilpasning. Parkering på egen tomt. Boligen har et bruksareal på 229 m² fordelt på tre etasjer, inkludert fem soverom, to stuer, kjøkken, bad/vaskerom og toalettrom. Bygningen har enkel standard og flere oppgraderingsbehov, blant annet eldre overflater, tekniske installasjoner og våtrom. Det finnes også en terrasse og balkong med potensial for forbedring. Eiendommen vurderes som et renoveringsobjekt med stort utviklingspotensial. Velkommen til Halsanaustan med usjenert beliggenhet og fjordutsikt Minus Vis mindre NB: Knappen for å vise hele beskrivelsen har kun en visuell effekt. Pluss tegn Vis hele beskrivelsen NB: Knappen for å vise hele beskrivelsen har kun en visuell effekt. Salgsoppgaven beskriver vesentlig og lovpålagt informasjon om eiendommen Se komplett salgsoppgave Nyttige lenker Bestill prospekt Gi bud Visning Ta kontakt for å avtale visning. Husk å lese komplett salgsoppgave før visning. Bestill komplett, utskriftsvennlig salgsoppgave. Visningspåmelding Gi bud Nyttige lenker Bestill prospekt Gi bud Nærområdet Kart Halsavegen 123, 6680 Halsanaustan Annonseinformasjon FINN-kode 466566362 Sist endret 21. aug. 2026 15:55 Referanse GAR27.265 Rapporter annonse Annonsene kan være mangelfulle i forhold til lovpålagt opplysningsplikt. Før bindende avtale inngås oppfordres interessenter til å innhente komplett informasjon fra meglerforetaket, selger eller utleier.",2026-09-20T15:40:11+00:00,house
466354000,https://www.finn.no/realestate/homes/ad.html?finnkode=466354000,Neverfjord/​Porsa. Moderne og innholdsrik enebolig med 4 sov og 2 bad. Alle fasiliteter. Ro og fantastisk sjøutsikt.,"Vargsundveien 124, 9620 Kvalsund",9620,Kvalsund,3 200 000 kr,3 297 990 kr,97 990 kr,,,Enebolig,Selveier,,176 m² (BRA-i),190 m²,,4,,2013,,23 800 m² (eiet),23800,23.8,,,,,3,"Denne flotte eneboligen i Neverfjord/Porsa har alt du kan ønske deg og mer til. Med sine 190 kvm fordelt over 2 etasjer, er det god plass til hele familien og gjester. Her finnes et stort velutstyrt kjøkken med romslig spisedel, en luftig stue med vedovn, samt en tiltalende loftstue med vedovn og utgang til balkong. Fire soverom, bl.a. hovedsoverom med stort innbygget garderobeskap. Høydepunktene inkluderer en romslig balkong og terrasser med fantastisk utsikt, parkeringsplass, varmepumpe for ekstra komfort, boblebad for avslapning, og muligheten til å nyte naturen med turterreng rett utenfor døren. 2 store utebod. Strøm, vann og septiktank. Selveiet tomt på ca. 24 mål med unik urørt landskap med egen lille bekk, fossen og fjæra. Gode solforhold, fantastiske naturopplevelser og utsikter som virkelig tar pusten fra en.",2026-09-20T15:40:12+00:00,house
466269867,https://www.finn.no/realestate/homes/ad.html?finnkode=466269867,Unik bolig med utleiedel og 8 749 m² stor selveiertomt tomt - utviklingspotensial – kun 4 km nord for Lyngseidet,"Lyngsalpeveien 292, 9060 Lyngseidet",9060,Lyngseidet,6 750 000 kr,6 918 750 kr,168 750 kr,0 kr,1 500 000 kr,Enebolig,Selveier,,,237 m²,,10,,1935,,8 749 m²,8749,8.7,,5536,95,76,1,"Eksklusiv totalrenovert bolig | Utleiedel | 8 749 m² tomt | Fjøs med utviklingspotensial Velkommen til en sjelden og attraktiv eiendom i Seljevik, kun ca. 4 km nord for Lyngseidet sentrum. Her får du en eksklusiv og totalrenovert bolig med et bruksareal på ca. 237 m², beliggende på en stor selveiertomt på hele 8 749 m² omgitt av spektakulær natur med utsikt mot fjord, fjell og de majestetiske Lyngsalpene. Boligen ble totalrenovert i perioden 2017–2018 og fremstår i dag med høy standard, eksklusive materialvalg og moderne tekniske løsninger. Under renoveringen ble praktisk talt hele bygningen fornyet, inkludert elektrisk anlegg, vann- og avløpssystem, VVS-installasjoner, kjøkken, bad, vinduer, dører, gulv, overflater, utvendig kledning og tekniske installasjoner. Samtidig ble boligens karakter og særpreg ivaretatt på en elegant måte. Eiendommen selges fullt møblert og er klar for umiddelbar overtakelse. Eiendommen har en separat utleiedel som i dag er utleid for kr 15.000 pr. måned, tilsvarende kr 180.000 pr. år. Dette gir kjøper en etablert leieinntekt fra første dag og bidrar til å redusere de løpende bokostnadene betydelig. På eiendommen står også en fjøsbygning på ca. 146 m² BRA med betydelig utviklingspotensial. Med oppgradering og nødvendige godkjenninger kan bygningen utvikles til gjestehus, atelier, selskapslokale, verksted, lager eller annen tilleggsvirksomhet. Den store tomten er avsatt til boligformål i kommuneplanens arealdel og gir attraktive muligheter for videre utvikling. Eiendommer med tilsvarende tomtestørrelse, standard og utviklingspotensial kommer svært sjelden på markedet i Lyngen. Høydepunkter • Bruksareal bolig ca. 237 m² • Fjøsbygning ca. 146 m² BRA • Selveiertomt på hele 8 749 m² • Gjennomgripende totalrenovert i perioden 2017–2018 • Utleiedel med dokumentert leieinntekt på kr 15.000 pr. måned • Selges fullt møblert • Eksklusivt skifertak med beslag, takrenner og nedløp i kobber • To moderne kjøkken • Tre moderne bad • Nytt elektrisk anlegg • Nye vann-, avløps- og VVS-installasjoner • Nye vinduer og dører • Parkett og fliser på alle gulv • Fjøsbygning med betydelig utviklingspotensial • Tomt avsatt til boligformål i kommuneplanen • Kun ca. 4 km fra Lyngseidet sentrum",2026-09-20T15:40:13+00:00,house
465903929,https://www.finn.no/realestate/homes/ad.html?finnkode=465903929,"Landlig eiendom på 7 mål med enebolig, kennelbygg og garasje m/​hybel. Mange ulike bruksmuligheter i flotte omgivelser.","Nordre Liverudvei 45, 1816 Skiptvet",1816,Skiptvet,7 900 000 kr,8 116 490 kr,216 490 kr,,932 610 kr,Enebolig,Selveier,,288 m² (BRA-i),806 m²,,3,,1986,2,7 777 m² (eiet),7777,7.8,,,,,7,"Idyllisk eiendom med landlig beliggenhet i Skiptvet. Eiendommen byr blant annet på en imponerende terrasse på hele 138 m², gjennomgående velholdt standard og flere frittstående bygninger. Tomten er på hele 7,7 mål. På eiendommen er det oppført en frittliggende enebolig fra 1986 som utgjør hovedbebyggelsen. I tillegg finnes flere frittstående bygninger som gir eiendommen stor bruksverdi og fleksible bruksmuligheter: - Garasje med kennel og hybel fra 1987, tilrettelagt for biloppstilling, verksted og dyrehold. - Anneks med garasje og hybel fra 1989, som gir ekstra arealer og fleksible oppholds- og lagringsmuligheter. - Uthus/kattehus fra 1987, oppført med innhegninger og tilpasset mindre dyrehold. En sjelden mulighet for deg som ønsker god plass, landlige omgivelser og mange bruksområder! Minus Vis mindre NB: Knappen for å vise hele beskrivelsen har kun en visuell effekt. Pluss tegn Vis hele beskrivelsen NB: Knappen for å vise hele beskrivelsen har kun en visuell effekt. Salgsoppgaven beskriver vesentlig og lovpålagt informasjon om eiendommen Se komplett salgsoppgave Nyttige lenker Bestill komplett, utskriftsvennlig salgsoppgave Se komplett salgsoppgave Virtuell visning Visning Ta kontakt for å avtale visning. Visningspåmelding Gi bud Nyttige lenker Bestill komplett, utskriftsvennlig salgsoppgave Se komplett salgsoppgave Virtuell visning Nærområdet Kart Nordre Liverudvei 45, 1816 Skiptvet Annonseinformasjon FINN-kode 465903929 Sist endret 20. aug. 2026 14:07 Referanse NO17.25117 Rapporter annonse Annonsene kan være mangelfulle i forhold til lovpålagt opplysningsplikt. Før bindende avtale inngås oppfordres interessenter til å innhente komplett informasjon fra meglerforetaket, selger eller utleier.",2026-09-20T15:40:15+00:00,house
323619528,https://www.finn.no/realestate/homes/ad.html?finnkode=323619528,"Stor eiendom med elverett ved Altaelva | 2 boliger, fjøs, minihus, skiferstue m.m. | Landlig og tilbaketrukket","Øvre Stengelsen 9 og 11, 9518 Alta",9518,Alta,10 000 000 kr,10 251 090 kr,251 090 kr,,,Enebolig,Selveier,,295 m² (BRA-i),536 m²,,5,,1950,,78 451 m² (eiet),78451,78.5,F - Gul,5601,22,8,7,"Dette er en unik eiendom beliggende i landlige omgivelser like ved Altaelva - en av verdens beste lakseelver. Og med eiendommen kan det søkes medlemskap i Alta Laksefiskeri Interessentskap, under gitte betingelser, som gir elverett. Eiendommen består av totalt 4 eiendommer, hvorav en av disse er bebygd med 2 boliger, fjøs, skiferstue, garasje, minihus m.m. Det må påregnes vedlikeholdsarbeid på boliger/bygg. Det er ca. 17 km til Alta sentrum, ca. 2,3 km til Sorrisniva og ca. 11 km til Øvre Alta fra eiendommen. Egenerklæring om konsesjonsfrihet må undertegnes av kjøper og bekreftes av kommunen. Eiendommene utgjør totalt ca. 78 mål og er drivepliktig. Det foreligger avtale med bonde om slåing av jord fram til 2033 slik at driveplikten overholdes. Kontakt en av meglerne ved interesse eller visning. Minus Vis mindre NB: Knappen for å vise hele beskrivelsen har kun en visuell effekt. Pluss tegn Vis hele beskrivelsen NB: Knappen for å vise hele beskrivelsen har kun en visuell effekt. Salgsoppgaven beskriver vesentlig og lovpålagt informasjon om eiendommen Se komplett salgsoppgave Nyttige lenker Eiendommens hjemmeside Bestill salgsoppgave Visning Ta kontakt for å avtale visning. Husk å lese komplett salgsoppgave før visning. Bestill komplett, utskriftsvennlig salgsoppgave. Visningspåmelding Gi bud Nyttige lenker Eiendommens hjemmeside Bestill salgsoppgave Nærområdet Kart Øvre Stengelsen 9 og 11, 9518 Alta Annonseinformasjon FINN-kode 323619528 Sist endret 11. aug. 2026 08:02 Referanse 5230079 Rapporter annonse Annonsene kan være mangelfulle i forhold til lovpålagt opplysningsplikt. Før bindende avtale inngås oppfordres interessenter til å innhente komplett informasjon fra meglerforetaket, selger eller utleier.",2026-09-20T15:40:16+00:00,house
466031472,https://www.finn.no/realestate/homes/ad.html?finnkode=466031472,"Sjelden perle ved sjøen - egen strand, brygge og naust- Dobbel garasje med anneks- Parkmessig opparbeidet tomt!","Gullvegen 612, 5550 Sveio",5550,Sveio,8 990 000 kr,9 230 240 kr,240 240 kr,,,Enebolig,Selveier,,111 m² (BRA-i),259 m²,,3,,1920,,8 134 m² (eiet),8134,8.1,,4612,62,11,5,"Velkommen til Gullvegen 612   en sjelden mulighet til å sikre seg en eiendom som virkelig har alt! Her bor du i usjenerte og idylliske omgivelser med optimale solforhold og en stor, parkmessig opparbeidet tomt. Eiendommen byr på solrike terrasser, vakker beplantning, egen strandlinje og flott strand, brygge med god plass til båt samt flott naust. Perfekt for både avslapning, lek og rekreasjon for hele familien. Boligen fremstår flott og velholdt med lekkert kjøkken med integrerte hvitevarer, lys og innbydende stue, flislagt bad, tre soverom og koselig loftstue. Stor dobbelgarasje med godkjent anneks på loftet gir ekstra plass og mange muligheter. En eiendom som må oppleves i maritime og landlige omgivelser! Minus Vis mindre NB: Knappen for å vise hele beskrivelsen har kun en visuell effekt. Pluss tegn Vis hele beskrivelsen NB: Knappen for å vise hele beskrivelsen har kun en visuell effekt. Salgsoppgaven beskriver vesentlig og lovpålagt informasjon om eiendommen Se komplett salgsoppgave Nyttige lenker Se komplett salgsoppgave Bestill komplett salgsoppgave Gi bud Visning Ta kontakt for å avtale visning. Husk å lese komplett salgsoppgave før visning. Bestill komplett, utskriftsvennlig salgsoppgave. Visningspåmelding Gi bud Nyttige lenker Se komplett salgsoppgave Bestill komplett salgsoppgave Gi bud Nærområdet Kart Gullvegen 612, 5550 Sveio Annonseinformasjon FINN-kode 466031472 Sist endret 05. juni 2026 13:54 Referanse 2-0141/26 Rapporter annonse Annonsene kan være mangelfulle i forhold til lovpålagt opplysningsplikt. Før bindende avtale inngås oppfordres interessenter til å innhente komplett informasjon fra meglerforetaket, selger eller utleier.",2026-09-20T15:40:18+00:00,house
465708235,https://www.finn.no/realestate/homes/ad.html?finnkode=465708235,Kommer for salg - Gilje - Ekslusiv kysteiendom Husøy/​Tønsberg,"Bloksbergveien 4 A, 3132 Husøysund",3132,Husøysund,47 000 000 kr,48 209 900 kr,1 209 900 kr,,5 040 163 kr,Enebolig,Selveier,,,623 m²,,9,,1953,,9 000 m²,9000,9.0,F - Oransje,3905,159,72,5,"Eiendommen En sjelden herskapelig eiendom ytterst på Husøy. Gilje er en sjelden og helhetlig eiendom, vakkert beliggende ytterst på Husøy utenfor Tønsberg. Eiendommen ligger høyt og fritt med panoramautsikt over Oslofjorden og optimale solforhold fra morgen til sen kveld. Med sin tilbaketrukne og usjenerte plassering, kombinert med nærhet til sjøen og korte avstander til byen, representerer eiendommen en sjelden balanse mellom privatliv, natur og tilgjengelighet. Eiendommen fremstår som et gjennomført og helhetlig anlegg med flere bygninger organisert rundt et vakkert gårdstun. Innkjørselen skjer gjennom port og murt inngjerding, og leder inn til en romslig gårdsplass belagt med brostein. Tomten er parkmessig opparbeidet med plenarealer, naturtomt, skiferterrasser og gangstier som binder eiendommen sammen. Samspillet mellom bebyggelse og landskap gir eiendommen en naturlig ro og en tydelig identitet. "" Ca. 9 000 m² tomt "" Hovedhus, 2 gjestehus og 2 doble garasjer med innredede loft "" Totalt omfattende bygningsmasse med stor fleksibilitet "" Bassengområde med skiferterrasser "" Tennisbane "" Privat brygge "" Flere selvstendige enheter med kjøkken og bad "" Velegnet som representasjonsbolig eller generasjonsbolig "" Ingen boplikt "" Ca. 10 min til Tønsberg sentrum / 30 min til Torp Vesentlige opplysninger Bebyggelse og innhold Eiendommen består av: ""               Hovedhus ""               To gjestehus (anneks) ""               To frittliggende doble garasjer med innredede loft Flere av byggene inneholder egne kjøkken og bad, noe som gir stor fleksibilitet for bruk til familie, gjester, utleie eller representasjon. Samlet fremstår eiendommen som en liten privat ""eiendom i eiendommen"", med mulighet for å samle flere generasjoner eller ha en tydelig oppdeling mellom hovedbolig og gjeste-/arbeidsfunksjoner. Arkitektur og materialvalg Bebyggelsen er oppført med gjennomgående bruk av tegl, naturstein, skifer og eik. Materialvalgene er konsekvente og gir eiendommen et solid, tidløst og kvalitetsmessig uttrykk. Brosteinsbelagte flater, skiferterrasser og detaljer i naturstein understreker helheten og gir en opplevelse av varighet og kvalitet i alle ledd. Hovedhuset Hovedhuset er innholdsrikt og funksjonelt med gode romforløp og rikelig lysinnslipp. Flere av oppholdsrommene er vendt mot sjøen og utsikten. Kjøkken med høy kvalitet og gode arbeidsflater, med spiseplass vendt mot sjø og utsikt. Den innglassede stuen utgjør et naturlig samlingspunkt og gir en særlig nærhet til naturen og de skiftende lysforholdene gjennom året. Boligen holder gjennomgående god standard med materialvalg i eik, parkett og naturstein. Uteområder Eiendommen har flere opparbeidede uteplasser og soner tilpasset ulike behov. På sjøsiden ligger et etablert bassengområde med tilhørende terrasser i skifer. Området har gode solforhold og ligger skjermet til. Videre ned på eiendommen ligger tennisbanen, som eies i sameie med nærmeste nabo. Eiendommen har fortrinnsrett til bruk ved eventuell brukskollisjon. Fra eiendommen er det adkomst til sjø og brygge. Eiendommen har direkte tilgang til skjærgården i Færder nasjonalpark, med et rikt utvalg av øyer, holmer og skjær - ideelt for båtliv, bading og rekreasjon. Bruksområder Eiendommen egner seg godt for flere typer bruk: ""               Privat bolig med god plass ""               Generasjonsbolig ""               Representasjonsbolig ""               Kombinasjon bolig / arbeid / gjest Fleksibiliteten i bygningsmassen er en av eiendommens sentrale kvaliteter. Gilje er en eiendomstype som sjelden tilbys i markedet. Kombinasjonen av størrelse, beliggenhet, bebyggelse og fleksibilitet gjør dette til en eiendom med særpreg og varige kvaliteter. Minus Vis mindre NB: Knappen for å vise hele beskrivelsen har kun en visuell effekt. Pluss tegn Vis hele beskrivelsen NB: Knappen for å vise hele beskrivelsen har kun en visuell effekt. Ta kontakt med megler for komplett informasjon Visning Ta kontakt for å avtale visning. Nærområdet Kart Bloksbergveien 4 A, 3132 Husøysund Annonseinformasjon FINN-kode 465708235 Sist endret 09. juni 2026 15:19 Rapporter annonse Annonsene kan være mangelfulle i forhold til lovpålagt opplysningsplikt. Før bindende avtale inngås oppfordres interessenter til å innhente komplett informasjon fra meglerforetaket, selger eller utleier.",2026-09-20T15:40:19+00:00,house
465951982,https://www.finn.no/realestate/homes/ad.html?finnkode=465951982,Småbruk med verksted og tømmerhytte,"Vidar Sandbecks vei 2, 2450 Rena",2450,Rena,2 150 000 kr,2 221 740 kr,71 740 kr,,,Enebolig,Selveier,,76 m² (BRA-i),567 m²,,2,,1924,,100 551 m² (eiet),100551,100.6,,,,,3,"Velkommen til et landlig småbruk med mange muligheter i naturskjønne omgivelser på Rena. Eiendommen består av ca. 10 mål tomt, fjøsbygning med høytørk og garasje, stort lagerbygg med eget verkstedløp og opparbeidet uteareal. Her er også ei koselig tømmerhytte med kjøkken, soverom og toalett. Denne har blitt brukt til korttidsutleie og til gjester som har vært på besøk. Det er påbegynt oppussing av eneboligen, og ny eier vil ha gode muligheter til å sette sitt eget preg på eiendommen. Inngangsparti inkludert bad er i reisverk, mens hoveddel er tømmerkasse med to soverom, stue, kjøkken fra 2019 og nylig etterisolering. Eiendommen passer særlig godt for deg som: - ønsker et landlig fristed - trenger verksted eller god lagerplass - liker småbruksliv og praktiske prosjekter - ønsker plass til næring eller hobbyer - ser verdien av å skape noe over tid Her får du en eiendom med fleksibilitet, boltreplass, gode lysforhold - omgitt av natur og ro. Både småbruket og tømmerhytta har egen vedfyring, fin utsikt og gode lysforhold. Her kan du nyte morgenkaffen i solveggen, eller invitere til hyggelig bålkos om kvelden. Lagringsplass for maskiner, hengere, båt, scooter, ATV etc. Har leid ut deler av lagerplass til bl.a. nabo som brøyter om vinteren. Jeg har selv hatt snart ti trivelige år på småbruket, og her er mange gode muligheter for å utvikle eiendommen videre.",2026-09-20T15:40:20+00:00,house
464961809,https://www.finn.no/realestate/homes/ad.html?finnkode=464961809,"Eksklusiv landbrukseiendom med idylliske omgivelser, solrike uteplasser og kort vei til Lillestrøm - Utleiedel!","Killingmobakken 47, 1930 Aurskog",1930,Aurskog,10 990 000 kr,11 265 840 kr,275 840 kr,,381 752 kr,Enebolig,Selveier,,377 m² (BRA-i),984 m²,,4,,1983,,11 197 m² (eiet),11197,11.2,E - Gul,3226,201,28,3,"Velkommen til Killingmobakken 47! Sikre deg småbruksdrømmen med sjarmerende og solrike uteplasser, stor boltringsplass og kort vei til alt du måtte trenge i hverdagen. En gjennomført og trendy enebolig m/ utleiedel beliggende landlig til på Aurskog. En perfekt bolig for deg som ønsker god plass både inne og ute. Boligens utleiedel har gode leieinntekter, med egen inngang og romslige uteplasser. I tillegg til god beliggenhet og korte avstander til både Lillestrøm og Oslo byr eiendommen på hele 6 ulike bygg med mange bruksmuligheter. Foran eneboligen ligger ca. 4 mål med dyrket mark som gir gode muligheter for dyrking, selvforsyning eller annet småbrukshold. Arealet har tidligere også blitt benyttet som beite for både hester, geiter og sauer. Minus Vis mindre NB: Knappen for å vise hele beskrivelsen har kun en visuell effekt. Pluss tegn Vis hele beskrivelsen NB: Knappen for å vise hele beskrivelsen har kun en visuell effekt. Salgsoppgaven beskriver vesentlig og lovpålagt informasjon om eiendommen Se komplett salgsoppgave Nyttige lenker Gi bud Bestill salgsoppgave Eiendommens hjemmeside Visning Ta kontakt for å avtale visning. Husk å lese komplett salgsoppgave før visning. Bestill komplett, utskriftsvennlig salgsoppgave. Visningspåmelding Gi bud Nyttige lenker Gi bud Bestill salgsoppgave Eiendommens hjemmeside Nærområdet Kart Killingmobakken 47, 1930 Aurskog Annonseinformasjon FINN-kode 464961809 Sist endret 06. aug. 2026 12:58 Referanse 24260191 Rapporter annonse Annonsene kan være mangelfulle i forhold til lovpålagt opplysningsplikt. Før bindende avtale inngås oppfordres interessenter til å innhente komplett informasjon fra meglerforetaket, selger eller utleier.",2026-09-20T15:40:22+00:00,house
465827656,https://www.finn.no/realestate/homes/ad.html?finnkode=465827656,"Eldre enebolig med nærhet til sjø - Båtplass, stor tomt og garasje","Vardaneset 2, 5551 Auklandshamn",5551,Auklandshamn,2 590 000 kr,2 655 840 kr,65 840 kr,,649 941 kr,Enebolig,Selveier,,200 m² (BRA-i),217 m²,,5,,1875,3,8 881 m² (eiet),8881,8.9,Rom,4612,36,23,7,"Velkommen til Vardaneset 2   idyllisk beliggende i Auklandshamn, tett på sjøen med tilhørende båtplass ved kai. Eiendommen har en romslig tomt med gode utviklingsmuligheter og inkluderer garasje. Boligen er eldre, koselig og innholdsrik, med mye sjarm og potensial. Opprinnelig oppført ca. 1875 og påbygget I 1981, gir eiendommen en spennende kombinasjon av historie og nyere tilpasninger. En flott mulighet for deg som ønsker en landlig og sjønær bolig. Minus Vis mindre NB: Knappen for å vise hele beskrivelsen har kun en visuell effekt. Pluss tegn Vis hele beskrivelsen NB: Knappen for å vise hele beskrivelsen har kun en visuell effekt. Salgsoppgaven beskriver vesentlig og lovpålagt informasjon om eiendommen Se komplett salgsoppgave Nyttige lenker Eiendommens hjemmeside Interessert i denne eiendommen? Visning Eiendomsmegler Norge sine visninger har påmelding. Påmelding gjøres enkelt ved å benytte knappen under. Ta kontakt med megler dersom oppsatt tidspunkt ikke passer. Det vil ikke bli avholdt visning uten påmelding, frist for påmelding er senest kl. 12.00 på visningsdagen. Husk å laste ned salgsoppgaven digitalt før visning. Velkommen til en hyggelig visning! Husk å lese komplett salgsoppgave før visning. Bestill komplett, utskriftsvennlig salgsoppgave. Visningspåmelding Gi bud Nyttige lenker Eiendommens hjemmeside Interessert i denne eiendommen? Nærområdet Kart Vardaneset 2, 5551 Auklandshamn Annonseinformasjon FINN-kode 465827656 Sist endret 02. juli 2026 10:13 Referanse 19260107 Rapporter annonse Annonsene kan være mangelfulle i forhold til lovpålagt opplysningsplikt. Før bindende avtale inngås oppfordres interessenter til å innhente komplett informasjon fra meglerforetaket, selger eller utleier.",2026-09-20T15:40:23+00:00,house
457328000,https://www.finn.no/realestate/homes/ad.html?finnkode=457328000,"Midsund - Småbruk med flott våningshus, strandlinje og egen brygge - Naust og liten låve","Gurehaugvegen 45, 6475 Midsund",6475,Midsund,4 950 000 kr,5 074 840 kr,124 840 kr,,654 999 kr,Enebolig,Selveier,,258 m² (BRA-i),258 m²,,3,,1947,,30 467 m² (eiet),30467,30.5,G - Oransje,1506,463,22,5,"Drømmer du om et vakkert lite småbruk ved sjøen? Da har du muligheten nå! Eiendommen ligger vakkert til ved sjøen med egen strandlinje, kaianlegg, våningshus, liten låve og stort naust. Her får du det gode liv på landet i fine, maritime omgivelser. Våningshuset går over 3 etasjer og inneholder: - 2. etasje: Stue m/trapp, 3 soverom, garderobe, kontor, bod og uinnredet rom. - 1. etasje: Kjølerom, vaskerom, bad, stue, kjøkken og gang. Kjeller: Bod, lagerrom, gang, hobbyrom og verksted. Boligen har blannet hatt følgende oppgraderinger siden 2000: - 2000: Ny drenering ble lagt rundt huset, med ny fuktsperre og ny drenerende masse. - 2013:  Beslag på taket ble skiftet ut. - 2019: Flere vinduer ble skiftet, ny vindsperre og ny bordkledning. - 2022: Det ble utført piperehabilitering, og nytt stålrør ble montert i pipen. - 2023: Eltilsynkontroll ble utført. - 2023: Ny ytterdør ble montert. Det er gangavstand til det fantastiske fjellet Rørsethornet og til fiskevann. Minus Vis mindre NB: Knappen for å vise hele beskrivelsen har kun en visuell effekt. Pluss tegn Vis hele beskrivelsen NB: Knappen for å vise hele beskrivelsen har kun en visuell effekt. Salgsoppgaven beskriver vesentlig og lovpålagt informasjon om eiendommen Se komplett salgsoppgave Nyttige lenker Gi bud Bestill salgsoppgave Eiendommens hjemmeside Visning Ta kontakt for å avtale visning. Husk å lese komplett salgsoppgave før visning. Bestill komplett, utskriftsvennlig salgsoppgave. Visningspåmelding Gi bud Nyttige lenker Gi bud Bestill salgsoppgave Eiendommens hjemmeside Nærområdet Kart Gurehaugvegen 45, 6475 Midsund Annonseinformasjon FINN-kode 457328000 Sist endret 16. juni 2026 06:07 Referanse 45260016 Rapporter annonse Annonsene kan være mangelfulle i forhold til lovpålagt opplysningsplikt. Før bindende avtale inngås oppfordres interessenter til å innhente komplett informasjon fra meglerforetaket, selger eller utleier.",2026-09-20T15:40:24+00:00,house
465262977,https://www.finn.no/realestate/homes/ad.html?finnkode=465262977,Praktfull strandeiendom | Storsjøens solside | Eksklusiv funkisvilla | Strandlinje på 150m | 9 mål tomt | IKKE BOPLIKT,"Storsjøvegen 1194, 2110 Slåstad",2110,Slåstad,17 900 000 kr,18 348 590 kr,448 590 kr,,1 460 074 kr,Enebolig,Selveier,,267 m² (BRA-i),303 m²,,4,,2017,,9 169 m² (eiet),9169,9.2,C - Lysegrønn,3415,29,51,5,"Praktfull strandeiendom uten boplikt beliggende idyllisk til, frontside langs Storsjøens solside. Denne perlen ligger fredfullt og usjenert til i landlige omgivelser på Slåstad med privat strandlinje på 150 meter, egen sandstrand og molo, samt fantastiske solforhold fra morgen til kveld. Den unike vestvendte tomten er smykket med en storslått og moderne funkisvilla fra 2017 som pryder på toppen av tomten. Boligen preges av skreddersydd arkitektur både utvendig og innvendig, samt eksklusive material- og utstyrsvalg. Boligens arkitektur og utforming er som hånd i hanske med tomten og sjøutsikten. Kombinasjonen av de gigantiske vindusflatene som gir sjøutsikt fra nesten alle rom i boligen sammen med den generøse takhøyden på 3 meter, gir en unik romfølelse og rikelig med naturlig lys. Boligen er meget innholdsrik med en grundig gjennomtenkt planløsning som gir enormt gode oppbevaringsmuligheter. I tillegg har eiendommen en stor bilgarasje, båtgarasje og et praktisk anneks! Minus Vis mindre NB: Knappen for å vise hele beskrivelsen har kun en visuell effekt. Pluss tegn Vis hele beskrivelsen NB: Knappen for å vise hele beskrivelsen har kun en visuell effekt. Salgsoppgaven beskriver vesentlig og lovpålagt informasjon om eiendommen Se komplett salgsoppgave Nyttige lenker Gi bud Bestill salgsoppgave Eiendommens hjemmeside Visning Ta kontakt for å avtale visning. Husk å lese komplett salgsoppgave før visning. Bestill komplett, utskriftsvennlig salgsoppgave. Visningspåmelding Gi bud Nyttige lenker Gi bud Bestill salgsoppgave Eiendommens hjemmeside Nærområdet Kart Storsjøvegen 1194, 2110 Slåstad Annonseinformasjon FINN-kode 465262977 Sist endret 27. aug. 2026 12:58 Referanse 169260039 Rapporter annonse Annonsene kan være mangelfulle i forhold til lovpålagt opplysningsplikt. Før bindende avtale inngås oppfordres interessenter til å innhente komplett informasjon fra meglerforetaket, selger eller utleier.",2026-09-20T15:40:25+00:00,house
465702226,https://www.finn.no/realestate/homes/ad.html?finnkode=465702226,"Ørje | Nyoppført og moderne enebolig i kjede | Carport | 3 soverom, bad,  separat WC og vaskerom | Solrik uteplass","Litoppen 4 (G), 1870 Ørje",1870,Ørje,3 950 000 kr,3 969 680 kr,19 680 kr,,,Enebolig,Selveier,,123 m² (BRA-i),128 m²,,3,,2026,,6 981 m² (eiet),6981,7.0,Rom,3122,86,125,7,"Velkommen til Litoppen 4! Dette er en nyoppført og innflyttingsklar enebolig i kjede, med gjennomtenkte løsninger og moderne standard! Boligen byr på tre gode soverom og en praktisk planløsning som passer både familier og par. Fra stuen har du utgang til en solrik terrasse   perfekt for lange sommerkvelder. Carport gir enkel parkering, og både innvendig og utvendig bod sørger for gode oppbevaringsmuligheter. Boligen er en del av et nytt prosjekt på Litoppen i Ørje. Boligfeltet er under utvikling ved Lihammeren, ca. 2 km fra sentrum. Det er fire boliger i denne rekken, og det vil bli totalt 13 enheter i sameiet. Det er gang- og sykkelvei til sentrum, hvor man finner de fleste servicefunksjoner, butikker, barne- og ungdomsskole og bank. Velkommen til visning! Minus Vis mindre NB: Knappen for å vise hele beskrivelsen har kun en visuell effekt. Pluss tegn Vis hele beskrivelsen NB: Knappen for å vise hele beskrivelsen har kun en visuell effekt. Salgsoppgaven beskriver vesentlig og lovpålagt informasjon om eiendommen Se komplett salgsoppgave Nyttige lenker Meld interesse Se komplett salgsoppgave Gi bud Visning torsdag, 24. september 18:00 – 19:00 Legg til i kalender Velkommen til visning! Meld deg på ved å trykke ""visningspåmelding"" i våre boligannonser. Visning med megler til stede vil ikke bli avholdt uten påmeldinger. Ta gjerne kontakt med megler i forkant av visningen om du har spørsmål. Visningspåmelding Gi bud Nyttige lenker Meld interesse Se komplett salgsoppgave Gi bud Nærområdet Kart Litoppen 4 (G), 1870 Ørje Annonseinformasjon FINN-kode 465702226 Sist endret 17. sep. 2026 16:06 Referanse 205260070 Rapporter annonse Annonsene kan være mangelfulle i forhold til lovpålagt opplysningsplikt. Før bindende avtale inngås oppfordres interessenter til å innhente komplett informasjon fra meglerforetaket, selger eller utleier.",2026-09-20T15:40:27+00:00,house
407989540,https://www.finn.no/realestate/homes/ad.html?finnkode=407989540,KAMPANJE: Kontakt megler! Ny og innholdsrik villa /​/​ Fantastisk beliggenhet og utsikt /​/​ Dobbelgarasje.,"Sommerroenga 18, 2816 Gjøvik",2816,Gjøvik,12 500 000 kr,12 525 000 kr,25 000 kr,,,Enebolig,Selveier,,260 m² (BRA-i),260 m²,,4,,2023,3,11 464 m² (eiet),11464,11.5,,3407,57,55,5,"Velkommen til Sommerroenga 18. Stor, eksklusiv og en helt unik beliggenhet! Boligen er meget innholdsrik og en praktisk familiebolig som er fordelt over tre plan. Fra alle plan er det fritt utsyn og fri bane mot Mjøsa og landskapet rundt. Boligen har fantastiske lysforhold med store vinduer fra gulv til tak og doble skyvedører som skyves til side og slipper inn masse luft og lys. Denne bør sees! Høydepunkter: Fantastisk beliggenhet i 1. rekke 4 soverom 2 bad 2 stuer Fjernvarmeanlegg med flere soner Ventilasjon med varmegjenvinning Dobbel garasje Boligen er ferdigstilt og innflytningsklar. Selges med dobbeltboligforsikring. Velkommen til visning! Minus Vis mindre NB: Knappen for å vise hele beskrivelsen har kun en visuell effekt. Pluss tegn Vis hele beskrivelsen NB: Knappen for å vise hele beskrivelsen har kun en visuell effekt. Salgsoppgaven beskriver vesentlig og lovpålagt informasjon om eiendommen Se komplett salgsoppgave Nyttige lenker Bestill salgsoppgave Visning Ønsker du å delta på visningen ber vi deg melde deg på slik at vi vet at du kommer. Da kan vi bistå alle best mulig og gi deg tiden du trenger på visningen. Visningen avholdes bare dersom det er påmeldte senest 2 timer før visning. Ta gjerne kontakt med megler før visning hvis du har noen spørsmål. Velkommen! Husk å lese komplett salgsoppgave før visning. Bestill komplett, utskriftsvennlig salgsoppgave. Visningspåmelding Gi bud Nyttige lenker Bestill salgsoppgave Nærområdet Kart Sommerroenga 18, 2816 Gjøvik Annonseinformasjon FINN-kode 407989540 Sist endret 14. sep. 2026 16:52 Referanse 6017260091 Rapporter annonse Annonsene kan være mangelfulle i forhold til lovpålagt opplysningsplikt. Før bindende avtale inngås oppfordres interessenter til å innhente komplett informasjon fra meglerforetaket, selger eller utleier.",2026-09-20T15:40:28+00:00,house
465191471,https://www.finn.no/realestate/homes/ad.html?finnkode=465191471,"Idyllisk og sjarmerende småbruk på 14,75 mål - Usjenert tomt med låve, uthus, stor garasje -Landlig med stort potensiale","Risdalsveien 554, 4834 Risdal",4834,Risdal,2 500 000 kr,2 563 590 kr,63 590 kr,,383 578 kr,Enebolig,Selveier,,160 m² (BRA-i),453 m²,,3,,1954,2,14 751 m² (eiet),14751,14.8,,4214,82,27,7,"Sjarmerende småbruk i fredelige og naturskjønne omgivelser   en sjelden mulighet for deg som drømmer om god plass, privat beliggenhet og et eget fristed på landet. Eiendommen ligger usjenert til på endetomt og strekker seg over ca. 14,8 mål med solrike uteområder omgitt av jorder, skog og åpent kulturlandskap. Eiendommen består av eldre bolig med låve og stort garasjebygg   en eiendom med sjel og mange muligheter. Bygningsmassen har behov for renovering, men gir et godt utgangspunkt for å skape ditt eget småbruk, fritidssted eller et roligere liv tett på naturen. Med tur- og lysløyper like ved, kort vei til elv og Mjåvatsfjorden og fine friluftsområder året rundt - ligger alt til rette for naturopplevelser, fiske og aktive dager uten lange kjøreturer. Ca. 54 km fra Arendal sentrum. Minus Vis mindre NB: Knappen for å vise hele beskrivelsen har kun en visuell effekt. Pluss tegn Vis hele beskrivelsen NB: Knappen for å vise hele beskrivelsen har kun en visuell effekt. Salgsoppgaven beskriver vesentlig og lovpålagt informasjon om eiendommen Se komplett salgsoppgave Nyttige lenker Eiendommens hjemmeside Interessert i denne eiendommen? Visning Ta kontakt for å avtale visning. Husk å lese komplett salgsoppgave før visning. Bestill komplett, utskriftsvennlig salgsoppgave. Visningspåmelding Gi bud Nyttige lenker Eiendommens hjemmeside Interessert i denne eiendommen? Nærområdet Kart Risdalsveien 554, 4834 Risdal Annonseinformasjon FINN-kode 465191471 Sist endret 01. juni 2026 16:48 Referanse 59260130 Rapporter annonse Annonsene kan være mangelfulle i forhold til lovpålagt opplysningsplikt. Før bindende avtale inngås oppfordres interessenter til å innhente komplett informasjon fra meglerforetaket, selger eller utleier.",2026-09-20T15:40:29+00:00,house
463504358,https://www.finn.no/realestate/homes/ad.html?finnkode=463504358,Innholdsrik 4-roms enebolig - Lys og trivelig - Nyere bad - 2 nye varmepumper - Vedovn - Barnevennlig innerst i blindvei,"Meierstubben 10, 3744 Skien",3744,Skien,2 990 000 kr,3 757 956 kr,11 040 kr,756 916 kr,783 684 kr,Enebolig,Andel,,124 m² (BRA-i),124 m²,,3,,1991,,7 254 m² (eiet),7254,7.3,D - Gul,4003,2,1166,5,"Dette er den perfekte plassen for en barnefamilie! Meget barnevennlig innerst i blindvei. Lekeplass i umiddelbar nærhet. Attraktivt og etablert boligområde. Kort vei til kollektivtrafikk, Kollmyr barneskole, Gulset ungdomsskole og barnehager. Gulsetsenteret ligger ca 1 km unna. I nærområdet finner du også Gulsethallen og flotte turområder - sommer som vinter. Tomten er pent opparbeidet med plen, uteplasser og asfaltert innkjørsel Biloppstillingsplasser rett utenfor boligen. Lader for el-bil Ved inngangspartiet er det romslig terrasse (ca 23 m2). Fra terrassen er det trapp ned til egen usjenert hagedel. Innhold: 1. etg: Stue/kjøkken, entre og vaskerom/toalett. Underetg: 3 soverom, bad,  gang og bod. Loft: Uinnredet loftrom Nytt sikringsskap. To varmepumper - nye nov/des 2025 Pent bad - pusset opp i 2023 Minus Vis mindre NB: Knappen for å vise hele beskrivelsen har kun en visuell effekt. Pluss tegn Vis hele beskrivelsen NB: Knappen for å vise hele beskrivelsen har kun en visuell effekt. Salgsoppgaven beskriver vesentlig og lovpålagt informasjon om eiendommen Se komplett salgsoppgave Nyttige lenker Bestill salgsoppgave Visning Husk å melde deg på visningen. Dersom det ikke er noen påmeldte, kan visningen bli avlyst Passer ikke oppsatt visningstidspunkt - ta kontakt med megler for avtale om privat visning Husk å lese komplett salgsoppgave før visning. Bestill komplett, utskriftsvennlig salgsoppgave. Visningspåmelding Gi bud Nyttige lenker Bestill salgsoppgave Nærområdet Kart Meierstubben 10, 3744 Skien Annonseinformasjon FINN-kode 463504358 Sist endret 23. aug. 2026 04:10 Referanse 41260079 Rapporter annonse Annonsene kan være mangelfulle i forhold til lovpålagt opplysningsplikt. Før bindende avtale inngås oppfordres interessenter til å innhente komplett informasjon fra meglerforetaket, selger eller utleier.",2026-09-20T15:40:30+00:00,house
438988756,https://www.finn.no/realestate/homes/ad.html?finnkode=438988756,"Enebolig med garasje, grillbu, låve og naust - stor eiendomstomt  - VISNING KONTAKT MEGLER","Porsøyveien 2, 8543 Kjeldebotn",8543,Kjeldebotn,2 650 000 kr,2 717 340 kr,67 340 kr,,478 590 kr,Enebolig,Selveier,,154 m² (BRA-i),169 m²,,3,,1950,,20 440 m² (eiet),20440,20.4,G - Oransje,1806,370,26,5,"Drømmer du om et småbruk i idylliske omgivelser? Da bør du ta en nærmere kikk på denne eiendommen. Her får du et våningshus som er betydelig oppgradert de senere år med blant annet nyere taktekking, kledning, de fleste vinduer er byttet ca 2013, nyere varmepumpe m.m. Garasjen er bygd i 2020 og grillbu er satt opp i 2019. Få også med deg at det følger med både naust og låve av eldre standard. Eiendommen ligger fint til i Vargfjord med gode solforhold og fin utsikt mot sjøen og nærområdet. Velkommen på visning! Minus Vis mindre NB: Knappen for å vise hele beskrivelsen har kun en visuell effekt. Pluss tegn Vis hele beskrivelsen NB: Knappen for å vise hele beskrivelsen har kun en visuell effekt. Salgsoppgaven beskriver vesentlig og lovpålagt informasjon om eiendommen Se komplett salgsoppgave Nyttige lenker Eiendommens hjemmeside Bestill salgsoppgave Visning Ta kontakt for å avtale visning. Husk å lese komplett salgsoppgave før visning. Bestill komplett, utskriftsvennlig salgsoppgave. Visningspåmelding Gi bud Nyttige lenker Eiendommens hjemmeside Bestill salgsoppgave Nærområdet Kart Porsøyveien 2, 8543 Kjeldebotn Annonseinformasjon FINN-kode 438988756 Sist endret 13. juni 2026 06:00 Referanse 14250198 Rapporter annonse Annonsene kan være mangelfulle i forhold til lovpålagt opplysningsplikt. Før bindende avtale inngås oppfordres interessenter til å innhente komplett informasjon fra meglerforetaket, selger eller utleier.",2026-09-20T15:40:32+00:00,house
363321836,https://www.finn.no/realestate/homes/ad.html?finnkode=363321836,Idyllisk beliggende strandeiendom med 2 frittliggende boliger på stor tomt - Lang strandlinje-Flott utsikt,"Breivikveien 23 og 21, 4810 Eydehavn",4810,Eydehavn,9 800 000 kr,10 066 250 kr,266 250 kr,,568 443 kr,Enebolig,Selveier,,390 m² (BRA-i),,,8,,1910,,13 636 m² (eiet),13636,13.6,,4203,52,411,5,"Velkommen til Breivikveien 21 og 23! Her har du sjansen til å sikre deg en helt spesiell eiendom med stort potensial ? bestående av to frittliggende boliger, en enkel garasje og en romslig, solrik tomt med lang strandlinje. Eiendommen omfatter også flere holmer, og byr på en unik nærhet til natur og sjøliv. Her er det kort vei med båt til den vakre skjærgården ? perfekt for deg som drømmer om det gode liv ved sjøen. Boligene erromslige og innholdsrike, og holder gjennomgående enkel standard. Det må påregnes oppussing og renovering, men her ligger alt til rette for å skape et fantastisk hjem i maritime omgivelser. Minus Vis mindre NB: Knappen for å vise hele beskrivelsen har kun en visuell effekt. Pluss tegn Vis hele beskrivelsen NB: Knappen for å vise hele beskrivelsen har kun en visuell effekt. Salgsoppgaven beskriver vesentlig og lovpålagt informasjon om eiendommen Se komplett salgsoppgave Nyttige lenker Bestill prospekt fra tilbyder Visning Vi oppfordrer til å benytte visningspåmelding, dette sikrer god oppfølging fra megler. Ta gjerne kontakt med megler i forkant av visning dersom du har spørsmål. Husk å lese salgsoppgaven før visningen. Velkommen! Husk å lese komplett salgsoppgave før visning. Bestill komplett, utskriftsvennlig salgsoppgave. Visningspåmelding Gi bud Nyttige lenker Bestill prospekt fra tilbyder Nærområdet Kart Breivikveien 23 og 21, 4810 Eydehavn Annonseinformasjon FINN-kode 363321836 Sist endret 04. juni 2026 04:15 Referanse 40240066 Rapporter annonse Annonsene kan være mangelfulle i forhold til lovpålagt opplysningsplikt. Før bindende avtale inngås oppfordres interessenter til å innhente komplett informasjon fra meglerforetaket, selger eller utleier.",2026-09-20T15:40:33+00:00,house
448512878,https://www.finn.no/realestate/homes/ad.html?finnkode=448512878,"Enebolig med nytt kjøkken fra 2024 | Stor, overbygget terrasse | Barnevennlig beliggenhet | Varmepumpe og vedovn","Vestadbakken 32, 2420 Trysil",2420,Trysil,2 350 000 kr,2 743 690 kr,17 745 kr,375 945 kr,506 773 kr,Enebolig,Andel,,121 m² (BRA-i),121 m²,,3,,1982,,20 791 m² (eiet),20791,20.8,Rom,3421,58,119,5,"Velkommen til Vestadbakken 32! En innholdsrik og jevnlig oppgradert enebolig. Dette er et perfekt hjem for familien, med umiddelbar nærhet til skog og mark. Boligen ligger i et trygt og etablert nabolag med kort vei til barnehage, skoler og servicetilbud i Trysil sentrum. Fra stuen er det fin utsikt mot skogkledde berg i øst, og den store, overbygde verandaen gir rikelig med plass for å samle venner og familie. Her ligger alt til rette for en aktiv og behagelig hverdag. Høydepunkter: - Moderne kjøkken totalrenovert i 2024 med integrerte hvitevarer - Nytt el-anlegg i kjøkken fra 2024 - Overbygget veranda på 33 m² - Umiddelbar nærhet til skog og mark - Enebolig i andelslag - Felleskostnader inkluderer tv/internett, kommunale avgifter, husforsikring med mer. Velkommen til visning! Minus Vis mindre NB: Knappen for å vise hele beskrivelsen har kun en visuell effekt. Pluss tegn Vis hele beskrivelsen NB: Knappen for å vise hele beskrivelsen har kun en visuell effekt. Salgsoppgaven beskriver vesentlig og lovpålagt informasjon om eiendommen Se komplett salgsoppgave Nyttige lenker Bestill salgsoppgave Visning Ønsker du å delta på visningen ber vi deg melde deg på slik at vi vet at du kommer. Da kan vi bistå alle best mulig og gi deg tiden du trenger på visningen. Ta gjerne kontakt med megler før visning hvis du har noen spørsmål. Velkommen! Husk å lese komplett salgsoppgave før visning. Bestill komplett, utskriftsvennlig salgsoppgave. Visningspåmelding Gi bud Nyttige lenker Bestill salgsoppgave Nærområdet Kart Vestadbakken 32, 2420 Trysil Annonseinformasjon FINN-kode 448512878 Sist endret 29. juni 2026 08:29 Referanse 6045260076 Rapporter annonse Annonsene kan være mangelfulle i forhold til lovpålagt opplysningsplikt. Før bindende avtale inngås oppfordres interessenter til å innhente komplett informasjon fra meglerforetaket, selger eller utleier.",2026-09-20T15:40:34+00:00,house
461761590,https://www.finn.no/realestate/homes/ad.html?finnkode=461761590,STRANDLINJE /​/​ GRIMSTAD /​/​ FERDIGATTEST /​/​ STALL-DRIFTSBYGNING,"Grimstadneset 20, 5252 Søreidgrend",5252,Søreidgrend,14 990 000 kr,15 373 340 kr,383 340 kr,,1 kr,Enebolig,Selveier,,,839 m²,,3,,1924,,123 639 m² (eiet),123639,123.6,G - Rød,4601,31,1,3,"Adkomst Utfyllende informasjon om fellesgjeld og felleskostnader Annen info 1 Annen info 2 Annen info 3 Annen info 4 Annen info 5 Minus Vis mindre NB: Knappen for å vise hele beskrivelsen har kun en visuell effekt. Pluss tegn Vis hele beskrivelsen NB: Knappen for å vise hele beskrivelsen har kun en visuell effekt. Ta kontakt med megler for komplett informasjon Nyttige lenker Tilstandsrapport Visning Ta kontakt for å avtale visning. Nyttige lenker Tilstandsrapport Nærområdet Kart Grimstadneset 20, 5252 Søreidgrend Annonseinformasjon FINN-kode 461761590 Sist endret 29. mai 2026 14:53 Referanse *827* Rapporter annonse Annonsene kan være mangelfulle i forhold til lovpålagt opplysningsplikt. Før bindende avtale inngås oppfordres interessenter til å innhente komplett informasjon fra meglerforetaket, selger eller utleier.",2026-09-20T15:40:35+00:00,house
465166089,https://www.finn.no/realestate/homes/ad.html?finnkode=465166089,Stor enebolig over 3 etg med strandlinje og egen brygge på Sørlandet - med gode leieinntekter,"Molland 50, 4887 Grimstad",4887,Grimstad,7 980 000 kr,8 180 590 kr,200 590 kr,0 kr,6 000 000 kr,Enebolig,Selveier,,292 m² (BRA-i),320 m²,,6,,2013,,10 600 m² (eiet),10600,10.6,Renovert år,904,82,75,1,"Eksklusiv eiendom med strandlinje, egen brygge og attraktivt inntektspotensial Velkommen til Molland 50 – en sjelden eiendom der moderne komfort, naturskjønne omgivelser, fleksible løsninger og attraktivt inntektspotensial møtes på en helt særpreget måte. Her får du en stor og innholdsrik enebolig fra 2013, vakkert beliggende med strandlinje mot Reddalskanalen og egen brygge med badeplass. Eiendommen ligger tilbaketrukket og usjenert i rolige, grønne omgivelser, med naturen tett på fra alle kanter. Samtidig har du praktisk nærhet til Grimstad – Sørlandets perle og Norges mest solrike by , med sitt sjarmerende sentrum, gode servicetilbud, båtliv, spisesteder og ekte sørlandsidyll. Boligen har en gjennomført og fleksibel planløsning som gir mange bruksmuligheter. Hoveddelen byr på store, åpne og sosiale oppholdsarealer, godt lysinnslipp og en behagelig romfølelse. Den store og eksklusive kjøkkeninnredningen gir boligen et påkostet preg, med god benkeplass, rikelig med lagring og en utforming som gjør kjøkkenet til et naturlig samlingspunkt for familie, gjester og sosiale anledninger. Eiendommen holder høy standard med tiltalende materialvalg, moderne løsninger og store flater som egner seg godt både til privat bruk, representasjon og ferieopphold. Den romslige terrassen gir svært gode uteområder og fungerer nærmest som en forlengelse av boligen. Her er det god plass til utemøbler, soner for soling, bespisning og avslapning – alt med kort vei ned til vannet, bryggen og de naturskjønne omgivelsene. Under terrassen finnes det også en stor bod og svært praktisk lagringsplass. Dette gir gode muligheter for oppbevaring av hagemøbler, båtutstyr, sportsutstyr, verktøy, sykler, kajakker og annet utstyr som naturlig hører med til en eiendom ved sjøen. Et av eiendommens store fortrinn er de fleksible arealene i sokkeletasjen. Her er det innredede rom og oppholdsarealer som i dag benyttes til utleie og som for tiden genererer gode leieinntekter på i underkant av kr 20.000,- per måned . Dette gir eiendommen et attraktivt løpende inntektspotensial og gjør den særlig interessant for kjøpere som ønsker en bolig som både kan nytes privat og samtidig bidra økonomisk. De innredede utleiearealene gir flere mulige bruksområder – enten som utleie til faste leietakere, gjesteavdeling, generasjonsbolig, personalbolig, ferieutleie eller fleksible soner for familie og besøkende. Kjøper oppfordres til å sette seg inn i gjeldende offentlig godkjenning og bruk av arealene, men den praktiske bruksverdien og fleksibiliteten fremstår som et klart pluss ved eiendommen. Molland 50 kan 0også være en svært god eiendom for firmaer, organisasjoner, foreninger eller stiftelser som ønsker en representativ feriebolig, samlingssted eller velferdstilbud for ansatte, medlemmer eller samarbeidspartnere. Med god plass, flere soverom, fleksible boarealer, store oppholdsrom, egen brygge, badeplass og kort vei til Grimstad, ligger alt til rette for rekreasjon, samlinger, teambuilding og gode opplevelser gjennom hele året. Dette er en eiendom som skiller seg ut – ikke bare som bolig, men som et sted for ro, samvær, naturopplevelser, investering og ekte sørlandsidyll. En sjelden mulighet for deg som ønsker noe mer enn det ordinære. Ta kontakt for informasjon eller visning, fysisk eller digitalt. Tom Albrigtsen Tlf 90 10 63 08 Jan Erik Groos Tlf 416 59 000",2026-09-20T15:40:36+00:00,house
379065422,https://www.finn.no/realestate/homes/ad.html?finnkode=379065422,Høgkjølen fjellcamp - Veldreven campingplass med ca. 120 faste plasser + drop-in camping - Romslig bolighus - 4 hytter,"Søvasskjølvegen 804, 7320 Fannrem",7320,Fannrem,9 950 000 kr,10 212 737 kr,262 737 kr,,,Enebolig,Selveier,,353 m² (BRA-i),353 m²,,,,1978,,55 000 m² (eiet),55000,55.0,E - Gul,5059,176,19,3,"Høgkjølen Fjellcamp er en veletablert campingplass som opprinnelig ble etablert i tidsrommet 1979 - 1981. Det er i dag ca. 120 stk. som har faste vognplasser på campingplassen, videre er det også ca. 40 drop in plasser hvorav 30 plasser med strøm for bobiler, campingvogner og telt. Det er også 4 campinghytter som leies ut. Beliggenheten er fantastisk med nydelig turterreng i umiddelbar nærhet. Perfekt som utgangspunkt for skiturer om vinteren og fotturer, fiske, bading og sykkelturer om sommeren. Eiendommen ligger lett tilgjengelig ved E39 som går over Hemnekjølen, bare en times kjøring fra Trondheim og ca. 20 min fra Orkanger. For nærmere info se www.fjellcamp.no Minus Vis mindre NB: Knappen for å vise hele beskrivelsen har kun en visuell effekt. Pluss tegn Vis hele beskrivelsen NB: Knappen for å vise hele beskrivelsen har kun en visuell effekt. Salgsoppgaven beskriver vesentlig og lovpålagt informasjon om eiendommen Se komplett salgsoppgave Nyttige lenker Eiendommens hjemmeside Visning Ta kontakt for å avtale visning. Husk å lese komplett salgsoppgave før visning. Bestill komplett, utskriftsvennlig salgsoppgave. Visningspåmelding Gi bud Nyttige lenker Eiendommens hjemmeside Nærområdet Kart Søvasskjølvegen 804, 7320 Fannrem Annonseinformasjon FINN-kode 379065422 Sist endret 31. mai 2026 04:13 Referanse 39240082 Rapporter annonse Annonsene kan være mangelfulle i forhold til lovpålagt opplysningsplikt. Før bindende avtale inngås oppfordres interessenter til å innhente komplett informasjon fra meglerforetaket, selger eller utleier.",2026-09-20T15:40:38+00:00,house
465163704,https://www.finn.no/realestate/homes/ad.html?finnkode=465163704,Lys fritidsleilighet på populære Lifjell | 3 soverom | Sydvendt balkong | Opplevelser året rundt,"Lifjellvegen 397 C, 3804 Bø i Telemark",3804,Bø i Telemark,1 850 000 kr,1 897 340 kr,47 340 kr,,,Enebolig,Selveier,,74 m² (BRA-i),80 m²,,3,,2008,1,19 871 m² (eiet),19871,19.9,C - Lysegrønn,4020,18,17,7,"Velkommen til Lifjellvegen 397 C - en hyggelig fritidsleilighet med attraktiv beliggenhet på populære Lifjell, omgitt av vakker natur og gode opplevelser året rundt. Her har du nærhet til skiløyper, alpintilbud, turstier og flotte friluftsmuligheter sommer som vinter. Leilighet i 3. etasje beliggende ved Lifjell i Bø, Midt-Telemark kommune. Eiendommen har uteområde med biloppstillingsplasser og adkomst til leiligheten skjer via trappeoppgang. Leiligheten har sydvendt balkong på ca. 12 m² med utgang fra stuen og gode solforhold. Leiligheten disponerer i tillegg egen bod på ca. 6 m² i felles underetasje. Oppvarming skjer ved elektrisitet og boligen ventileres hovedsakelig med naturlig ventilasjon via vinduer og ventiler. Leiligheten inneholder entré, bod, bad, stue, kjøkken og tre soverom. Bygningen er restaurert og ombygget i  2008 og består av 24 leiligheter og en næringsdel. Minus Vis mindre NB: Knappen for å vise hele beskrivelsen har kun en visuell effekt. Pluss tegn Vis hele beskrivelsen NB: Knappen for å vise hele beskrivelsen har kun en visuell effekt. Salgsoppgaven beskriver vesentlig og lovpålagt informasjon om eiendommen Se komplett salgsoppgave Nyttige lenker Egenerklaering.pdf Tilstandsrapport.pdf Gi bud Bestill salgsoppgave Hjemmeside Visning Ta kontakt for å avtale visning. Husk å lese komplett salgsoppgave før visning. Bestill komplett, utskriftsvennlig salgsoppgave. Visningspåmelding Gi bud Nyttige lenker Egenerklaering.pdf Tilstandsrapport.pdf Gi bud Bestill salgsoppgave Hjemmeside Nærområdet Kart Lifjellvegen 397 C, 3804 Bø i Telemark Annonseinformasjon FINN-kode 465163704 Sist endret 08. juli 2026 11:07 Referanse 48260054 Rapporter annonse Annonsene kan være mangelfulle i forhold til lovpålagt opplysningsplikt. Før bindende avtale inngås oppfordres interessenter til å innhente komplett informasjon fra meglerforetaket, selger eller utleier.",2026-09-20T15:40:40+00:00,house
374893798,https://www.finn.no/realestate/homes/ad.html?finnkode=374893798,Unik herregård med 18 mål tomt . Eiendommen ligger usjenert og tilbaketrukket i landlige omgivelser. Mange muligheter,"Hanevalsvevet 26, 3277 Steinsholt",3277,Steinsholt,5 980 000 kr,6 138 590 kr,158 590 kr,,1 334 693 kr,Enebolig,Selveier,,350 m² (BRA-i),445 m²,,6,,1740,3,18 246 m² (eiet),18246,18.2,Rom,3909,67,43,7,"Dette er en herregård med mye historie og med over 18 mål tomt. Fredelig beliggenhet med grei adkomst til de nærmeste byene. En fantastisk eiendom med mange muligheter. Oppussing må påregnes men mye er allerede gjort. Dette er eiendommen for deg som ser sjarmen i gamle hus og for deg som har ideer for fremtiden. Her har det bl.a. vært kommandantbolig, pensjonat, aldershjem. Her står det også en dobbelgarasje med verksted. Bassengområde. Det ble i 2018 gitt tillatelse til bruksendring fra bolig til næring (overnatting og selskapslokale). Eiendommen er en tidligere herregård (pensjonat) fra 1740 (påbygget i ca. 1900) på to etasjer i tillegg til loft og kjeller. På felt BFT2 og BFT3 kan det bygges mellom 5 til 10 hytter på feltene. Totalt kan det bygges 15 småhytter iflg. reguleringen. Minus Vis mindre NB: Knappen for å vise hele beskrivelsen har kun en visuell effekt. Pluss tegn Vis hele beskrivelsen NB: Knappen for å vise hele beskrivelsen har kun en visuell effekt. Salgsoppgaven beskriver vesentlig og lovpålagt informasjon om eiendommen Se komplett salgsoppgave Nyttige lenker Meld interesse Se komplett salgsoppgave Gi bud Visning Velkommen til visning! Meld deg på ved å trykke ""visningspåmelding"" i våre boligannonser. Visning med megler til stede vil ikke bli avholdt uten påmeldinger. Ta gjerne kontakt med megler i forkant av visningen om du har spørsmål. Visningspåmelding Gi bud Nyttige lenker Meld interesse Se komplett salgsoppgave Gi bud Nærområdet Kart Hanevalsvevet 26, 3277 Steinsholt Annonseinformasjon FINN-kode 374893798 Sist endret 26. aug. 2026 08:38 Referanse 605240187 Rapporter annonse Annonsene kan være mangelfulle i forhold til lovpålagt opplysningsplikt. Før bindende avtale inngås oppfordres interessenter til å innhente komplett informasjon fra meglerforetaket, selger eller utleier.",2026-09-20T15:40:41+00:00,house
464836830,https://www.finn.no/realestate/homes/ad.html?finnkode=464836830,Betydelig oppgradert og lekker enebolig i naturskjønne omgivelser | Stor tomt | Barnevennlig område | Eldre fjøsbygning,"Dalheimveien 116, 8178 Halsa",8178,Halsa,3 590 000 kr,3 680 840 kr,90 840 kr,,722 000 kr,Enebolig,Selveier,,175 m² (BRA-i),265 m²,,5,,1960,,10 055 m² (eiet),10055,10.1,B - Oransje,1837,26,16,5,"Velkommen til Dalheimveien 116! En betydelig modernisert og innholdsrik enebolig med stor tomt og flott beliggenhet på Halsa. TA KONTAKT FOR PRIVAT VISNING! Boligen har idyllisk beliggenhet i rolige og naturskjønne omgivelser. Her bor man skjermet og privat med sjøgløtt, store uteområder og gode muligheter for både familieliv og friluftsliv. Eiendommen ligger relativt alene med god plass rundt huset, noe som gir en fredelig atmosfære og flotte muligheter til å nyte naturen året rundt.  Gode lys og solforhold på eiendommen. Med nærhet til både skole, barnehage og dagligvarebutikk er dette et ideelt hjem for familien. Flotte tur- og naturopplevelser i området. Boligen er oppgradert i nyere tid både utvendig og innvendig, og fremstår i dag svært tiltalende. Eldre fjøsbygning på eiendommen med gode lagringsmuligheter. Ditt nye hjem? Velkommen til visning! Minus Vis mindre NB: Knappen for å vise hele beskrivelsen har kun en visuell effekt. Pluss tegn Vis hele beskrivelsen NB: Knappen for å vise hele beskrivelsen har kun en visuell effekt. Salgsoppgaven beskriver vesentlig og lovpålagt informasjon om eiendommen Se komplett salgsoppgave Nyttige lenker Eiendommens hjemmeside Bestill salgsoppgave Visning Ta kontakt for å avtale visning. Husk å lese komplett salgsoppgave før visning. Bestill komplett, utskriftsvennlig salgsoppgave. Visningspåmelding Gi bud Nyttige lenker Eiendommens hjemmeside Bestill salgsoppgave Nærområdet Kart Dalheimveien 116, 8178 Halsa Annonseinformasjon FINN-kode 464836830 Sist endret 04. juni 2026 14:25 Referanse 23260196 Rapporter annonse Annonsene kan være mangelfulle i forhold til lovpålagt opplysningsplikt. Før bindende avtale inngås oppfordres interessenter til å innhente komplett informasjon fra meglerforetaket, selger eller utleier.",2026-09-20T15:40:42+00:00,house
377107125,https://www.finn.no/realestate/homes/ad.html?finnkode=377107125,"Unikt, tidligere småbruk med moderne funkisbolig, driftsbygning, anneks og staselig stabbur. Sentralt, men landlig!","Grøterudveien 30, 1407 Vinterbro",1407,Vinterbro,17 950 000 kr,18 400 100 kr,450 100 kr,,1 095 690 kr,Enebolig,Selveier,,330 m² (BRA-i),923 m²,,7,,2016,2,6 985 m² (eiet),6985,7.0,Rom,3218,117,3,5,"Vi har gleden av å presentere en sjelden mulighet! En unik eiendom med et utall bruksmuligheter med sin store bygningsmasse (923 m² BRA) og et tomteareal på nesten 7 mål. Hovedhuset ble oppført i 2016 og holder høy standard. Med luftige oppholdsrom, 7 soverom, 3 bad og vaskerom (for å nevne noe) kan man trygt si at her er det godt med plass. Eiendommen innehar også flere andre nylig moderniserte bygninger - driftsbygningen med treningsrom, vinkjeller, stall, store garasjer m.m, annekset med oppholdsrom, soverom og bad, og stabburet med både sjarm og kulturhistorisk verdi. Grøterudveien 30 er en perfekt kombinasjon av landlig og moderne. Eiendommen ligger sentralt plassert i kulturlandskapet på Nordby, midt mellom Ski, Vinterbro, Drøbak og Ås, med kort vei til E6 og 30 min. med bil til Oslo Minus Vis mindre NB: Knappen for å vise hele beskrivelsen har kun en visuell effekt. Pluss tegn Vis hele beskrivelsen NB: Knappen for å vise hele beskrivelsen har kun en visuell effekt. Salgsoppgaven beskriver vesentlig og lovpålagt informasjon om eiendommen Se komplett salgsoppgave Visning Om det ikke er påmeldte til visning innen kl. 10:00 på oppsatt visnings dag, avlyses visningen. Husk å lese komplett salgsoppgave før visning. Bestill komplett, utskriftsvennlig salgsoppgave. Visningspåmelding Gi bud Nærområdet Kart Grøterudveien 30, 1407 Vinterbro Annonseinformasjon FINN-kode 377107125 Sist endret 21. juni 2026 10:33 Referanse ATE2.2481 Rapporter annonse Annonsene kan være mangelfulle i forhold til lovpålagt opplysningsplikt. Før bindende avtale inngås oppfordres interessenter til å innhente komplett informasjon fra meglerforetaket, selger eller utleier.",2026-09-20T15:40:43+00:00,house
464477872,https://www.finn.no/realestate/homes/ad.html?finnkode=464477872,"En sjelden oase ved sjøen - Usjenert beliggenhet, strandlinje, brygge og nesten 6 mål fantastisk uteområde","Gamle Konglungvei 23 B, 1392 Vettre",1392,Vettre,36 500 000 kr,37 413 590 kr,913 590 kr,,1 276 790 kr,Enebolig,Selveier,,165 m² (BRA-i),202 m²,,5,,1962,,5 984 m² (eiet),5984,6.0,,3203,56,53,5,"- Stor og usjenert eiendom på nær 6 mål med svært gode solforhold - Egen strandlinje med sandstrand, brygge, svaberg og båtplasser - Rolig og naturskjønn beliggenhet omgitt av sjø, friområder og skogholt - Familievennlig bolig med store uteområder og god plass til lek og aktiviteter - Flere flotte uteplasser, inkludert lysthus med strøm og badstue med sjøutsikt - Betydelig oppgradert bolig med moderne løsninger og gode lysforhold - Store oppholdsrom med direkte utgang til terrasse og hage - Drivhus, kjøkkenhage, frukttrær og bærbusker på eiendommen - Gode lagringsmuligheter med flere boder og store garasjer med strøm - Kort vei til sjøaktiviteter, turstier, langrennsløyper og rekreasjonsområder - Hyggelig og aktivt nabolag med nærhet til skoler, barnehager og kollektivtransport - Kort avstand til Asker, Vollen og Oslo med et bredt servicetilbud - Gode parkeringsmuligheter for både bil og båt - En eiendom som kombinerer naturopplevelser, privatliv og høy bokvalitet året rundt Minus Vis mindre NB: Knappen for å vise hele beskrivelsen har kun en visuell effekt. Pluss tegn Vis hele beskrivelsen NB: Knappen for å vise hele beskrivelsen har kun en visuell effekt. Salgsoppgaven beskriver vesentlig og lovpålagt informasjon om eiendommen Se komplett salgsoppgave Nyttige lenker Gi bud Bestill salgsoppgave Eiendommens hjemmeside Visning Ta kontakt for å avtale visning. Husk å lese komplett salgsoppgave før visning. Bestill komplett, utskriftsvennlig salgsoppgave. Visningspåmelding Gi bud Nyttige lenker Gi bud Bestill salgsoppgave Eiendommens hjemmeside Nærområdet Kart Gamle Konglungvei 23 B, 1392 Vettre Annonseinformasjon FINN-kode 464477872 Sist endret 05. juni 2026 12:49 Referanse 18260142 Rapporter annonse Annonsene kan være mangelfulle i forhold til lovpålagt opplysningsplikt. Før bindende avtale inngås oppfordres interessenter til å innhente komplett informasjon fra meglerforetaket, selger eller utleier.",2026-09-20T15:40:45+00:00,house
459356087,https://www.finn.no/realestate/homes/ad.html?finnkode=459356087,"Enebolig på stor landlig tomt med ""kårbolig"" | Moderniseringsbehov | Garasje, bod og stort utviklingspotensiale!","Skomakerveien 14 og 18, 1640 Råde",1640,Råde,3 900 000 kr,3 998 590 kr,98 590 kr,,,Enebolig,Selveier,,190 m² (BRA-i),236 m²,,4,,1900,,10 346 m² (eiet),10346,10.3,,3112,66,25,7,"Velkommen til Skomakerveien 14 og 18! ASK Meglerverket v/Jonas og Fredrik formidler nå to eneboliger på en stor og landlig tomt på Missingmyr i Råde. Boligene gir et spennende mulighetsrom for deg som ønsker å skape et hjem etter egen smak, med oppgradering og modernisering. Den ene boligen er oppført ca. 1900 og senere tilbygget. Hoveddelen går over to etasjer, med krypkjeller og eldre konstruksjoner som bør oppgraderes - her er det gode muligheter for å sette ditt eget preg. Det finnes garasje med bod, samt en frittstående bod på eiendommen. Den andre boligen, oppført i 1975, ligger tilbaketrukket innerst på tomten og har også egen uthus/bod. Boligen har godt lysinnslipp og gir et spennende prosjekt for den som ønsker å pusse opp eller endre planløsning etter egne behov. HØYDEPUNKTER - To eneboliger på én tomt - Landlig beliggenhet på Missingmyr - Garasje, utebod og frittstående bod - God plass til parkering - Mulighet for oppgradering og modernisering Velkommen til visning! Minus Vis mindre NB: Knappen for å vise hele beskrivelsen har kun en visuell effekt. Pluss tegn Vis hele beskrivelsen NB: Knappen for å vise hele beskrivelsen har kun en visuell effekt. Salgsoppgaven beskriver vesentlig og lovpålagt informasjon om eiendommen Se komplett salgsoppgave Nyttige lenker Salgsoppgave Tilstandsrapport.pdf Egenerklæringsskjema.pdf Gi bud Bestill salgsoppgave Eiendommens hjemmeside Visning Ta kontakt for å avtale visning. Husk å lese komplett salgsoppgave før visning. Bestill komplett, utskriftsvennlig salgsoppgave. Visningspåmelding Gi bud Nyttige lenker Salgsoppgave Tilstandsrapport.pdf Egenerklæringsskjema.pdf Gi bud Bestill salgsoppgave Eiendommens hjemmeside Nærområdet Kart Skomakerveien 14 og 18, 1640 Råde Annonseinformasjon FINN-kode 459356087 Sist endret 03. sep. 2026 14:19 Referanse 1-26-0001 Rapporter annonse Annonsene kan være mangelfulle i forhold til lovpålagt opplysningsplikt. Før bindende avtale inngås oppfordres interessenter til å innhente komplett informasjon fra meglerforetaket, selger eller utleier.",2026-09-20T15:40:46+00:00,house
464474256,https://www.finn.no/realestate/homes/ad.html?finnkode=464474256,Oppussingsobjekt i landlige omgivelser med solrik beliggenhet med stor tomt,"Lindstadvegen 92, 2750 Gran",2750,Gran,2 350 000 kr,2 409 840 kr,59 840 kr,,,Enebolig,Selveier,,175 m² (BRA-i),175 m²,,2,,1950,,6 243 m² (eiet),6243,6.2,,3446,257,10,3,"Velkommen til Lindstadvegen 92! Jeg ber om at interessenter melder seg på visning på forhånd. Det vil ikke bli avholdt visning uten påmelding. Det anbefales at du laster ned og leser igjennom salgsoppgaven før visning, og ring gjerne på forhånd for spørsmål om boligen. Velkommen! Eiendommen ligger i et rolig og landlig område på Gran, omgitt av åpne jordbruksarealer, skogholt og et etablert bomiljø med spredt bebyggelse. Solrik beliggenhet og nærhet til naturen med gode turmuligheter. Flott utsikt og kort vei til daglige servicetilbud. Minus Vis mindre NB: Knappen for å vise hele beskrivelsen har kun en visuell effekt. Pluss tegn Vis hele beskrivelsen NB: Knappen for å vise hele beskrivelsen har kun en visuell effekt. Ta kontakt med megler for komplett informasjon Nyttige lenker Bestill prospekt Nyttige lenker Bestill prospekt Nærområdet Kart Lindstadvegen 92, 2750 Gran Annonseinformasjon FINN-kode 464474256 Sist endret 20. sep. 2026 16:30 Referanse 0126004 Rapporter annonse Annonsene kan være mangelfulle i forhold til lovpålagt opplysningsplikt. Før bindende avtale inngås oppfordres interessenter til å innhente komplett informasjon fra meglerforetaket, selger eller utleier.",2026-09-20T15:40:47+00:00,house
464103876,https://www.finn.no/realestate/homes/ad.html?finnkode=464103876,"BAGNSSTRONDI | Veiløst småbruk med strandlinje, bolighus, naust og flere bygninger ved naturskjønne Osafjorden!","Bagnsstrondi 94 ""Slottet"", 5730 Ulvik",5730,Ulvik,1 800 000 kr,1 846 090 kr,46 090 kr,,227 000 kr,Enebolig,Selveier,,79 m² (BRA-i),79 m²,,2,,1900,,50 000 m² (eiet),50000,50.0,Rom,4620,34,8,5,"SJARMERENDE OG VEILØS EIENDOM VED OSAFJORDEN Velkommen til Bagnsstrondi 94 - en sjelden eiendom for deg som søker stillhet, natur og et autentisk vestlandsmiljø utenfor allfarvei. Eiendommen ligger skjermet til ved Osafjorden og nås kun med båt, omgitt av fjord, skog og fjell i vakre omgivelser med rik tilgang på natur, fiske og friluftsliv. Høydepunkter: - Veiløs eiendom med unik og usjenert beliggenhet - Våningshus, naust, eldhus og vedhus med historisk preg - Strandlinje mot Osafjorden - Badekulp ikke langt fra boligen - Store naturarealer med skog, beite og utmark - Fantastiske tur- og fiskeopplevelser rett utenfor døren - Eiendom med stort potensial for videre utvikling - Brukt som fritid Et spesielt sted for deg som ønsker et enkelt og naturnært liv med ekte Hardangerstemning! Minus Vis mindre NB: Knappen for å vise hele beskrivelsen har kun en visuell effekt. Pluss tegn Vis hele beskrivelsen NB: Knappen for å vise hele beskrivelsen har kun en visuell effekt. Salgsoppgaven beskriver vesentlig og lovpålagt informasjon om eiendommen Se komplett salgsoppgave Nyttige lenker Gi bud Bestill salgsoppgave Visning Eiendommen er veiløs og tilkomst skjer med båt. Megler organiserer felles skyss i forbindelse med visning. Påmelding til visning må skje innen kl. 13:00 dagen før visning. Dette av hensyn til planlegging og kapasitet på båt er dette en bindende frist. Første avgang er kl. 16:20 på visningsdagen. Transport vil deretter gå i puljer basert på kapasitet og antall påmeldte. Alle påmeldte vil få tildelt avgangstid fra megler i god tid før visningen. Det er viktig å møte presis til oppsatt tidspunkt. Interessenter som ikke er påmeldt innen fristen kan ikke påregne transport. Interessenter står fritt til å benytte egen båt, men må også i dette tilfellet ta kontakt med megler for påmelding i forkant. Husk å lese komplett salgsoppgave før visning. Bestill komplett, utskriftsvennlig salgsoppgave. Visningspåmelding Gi bud Nyttige lenker Gi bud Bestill salgsoppgave Nærområdet Kart Bagnsstrondi 94 ""Slottet"", 5730 Ulvik Annonseinformasjon FINN-kode 464103876 Sist endret 11. sep. 2026 14:55 Referanse 37-0041/26 Rapporter annonse Annonsene kan være mangelfulle i forhold til lovpålagt opplysningsplikt. Før bindende avtale inngås oppfordres interessenter til å innhente komplett informasjon fra meglerforetaket, selger eller utleier.",2026-09-20T15:40:48+00:00,house
461110658,https://www.finn.no/realestate/homes/ad.html?finnkode=461110658,"Bo enklere, lettere og smartere - moderne bolig med fantastisk utsikt","Bolstadvegen 19G, 6876 Skjolden",6876,Skjolden,2 690 000 kr,2 758 340 kr,68 340 kr,,396 135 kr,Enebolig,Selveier,,35 m² (BRA-i),35 m²,,1,,2024,1,5 957 m² (eiet),5957,6.0,Rom,4644,20,317,5,"Velkommen til Eplehagen i Skjolden   en moderne og arkitekttegnet bolig omgitt av spektakulær vestlandsnatur. Her bor man mellom fjord og fjell i rolige omgivelser med fantastisk utsikt, store vindusflater og høy bokvalitet i alle detaljer. Boligen fra 2024 er smart utformet med fokus på lys, komfort, kvalitet og moderne løsninger. Dette er et hjem for dem som ønsker å bo enklere, lettere og smartere   uten å gi avkall på komfort eller livskvalitet. Her handler det om å bruke mindre tid på vedlikehold og mer tid på natur, opplevelser og det som betyr mest. En moderne bolig med høy kvalitet, naturopplevelser rett utenfor døren og en livsstil bygget rundt tanken om å leve mer med mindre. Velkommen til visning Minus Vis mindre NB: Knappen for å vise hele beskrivelsen har kun en visuell effekt. Pluss tegn Vis hele beskrivelsen NB: Knappen for å vise hele beskrivelsen har kun en visuell effekt. Salgsoppgaven beskriver vesentlig og lovpålagt informasjon om eiendommen Se komplett salgsoppgave Nyttige lenker Bestill prospekt Gi bud Visning Ta kontakt for å avtale visning. Husk å lese komplett salgsoppgave før visning. Bestill komplett, utskriftsvennlig salgsoppgave. Visningspåmelding Gi bud Nyttige lenker Bestill prospekt Gi bud Nærområdet Kart Bolstadvegen 19G, 6876 Skjolden Annonseinformasjon FINN-kode 461110658 Sist endret 03. aug. 2026 14:21 Referanse GAR78.2621 Rapporter annonse Annonsene kan være mangelfulle i forhold til lovpålagt opplysningsplikt. Før bindende avtale inngås oppfordres interessenter til å innhente komplett informasjon fra meglerforetaket, selger eller utleier.",2026-09-20T15:40:49+00:00,house
464376719,https://www.finn.no/realestate/homes/ad.html?finnkode=464376719,"Enebolig med landlig beliggenhet og romslig tomt på 12,8 dekar. Eldre driftsbygning til lager og garasje. Flott hage.","Altevegen 149, 7819 Fosslandsosen",7819,Fosslandsosen,1 850 000 kr,1 897 340 kr,47 340 kr,,563 273 kr,Enebolig,Selveier,,134 m² (BRA-i),382 m²,,3,,1952,,12 812 m² (eiet),12812,12.8,F - Oransje,5007,44,23,5,"Altevegen presenteres for salg! Bolig i 1-1/2 etasje over krypkjeller oppført i 1952, senere tilbygd og vesentlig ombygd og restaurert. Boligen har grunnmur av betong og lettklinker og etterisolerte yttervegger kledd med tømmermannspanel. Fabrikkmalte vinduer med 2-lags glass hvor mesteparten ble skiftet i ca 2004. Saltakskonstruksjon tekket med profilerte metallplater fra 2004. I flg fremlagte opplysninger har boligen gjennomgått vesentlige ombygginger og restaurering i perioden 2002-2010. Dette omfatter trolig de fleste bygningsdeler og installasjoner så også med komplett fornying av rør- og el-installasjoner. Eiendommen har en fin beliggenhet på Alte på Otterøya, med en romslig tomt på 12,8 dekar. På eiendommen er det en eldre driftsbygning med god lagringskapasitet, som også delvis benyttes som garasje av nåværende eiere. Eiendommen har også en flott, velstelt hage med variert beplantning. Landlig og usjenert beliggenhet, ca. 7 km til skole og ca. 10 km til butikk. Velkommen! Minus Vis mindre NB: Knappen for å vise hele beskrivelsen har kun en visuell effekt. Pluss tegn Vis hele beskrivelsen NB: Knappen for å vise hele beskrivelsen har kun en visuell effekt. Salgsoppgaven beskriver vesentlig og lovpålagt informasjon om eiendommen Se komplett salgsoppgave Nyttige lenker Eiendommens hjemmeside Bestill salgsoppgave Visning Ta kontakt for å avtale visning. Husk å lese komplett salgsoppgave før visning. Bestill komplett, utskriftsvennlig salgsoppgave. Visningspåmelding Gi bud Nyttige lenker Eiendommens hjemmeside Bestill salgsoppgave Nærområdet Kart Altevegen 149, 7819 Fosslandsosen Annonseinformasjon FINN-kode 464376719 Sist endret 03. juni 2026 06:02 Referanse 53260128 Rapporter annonse Annonsene kan være mangelfulle i forhold til lovpålagt opplysningsplikt. Før bindende avtale inngås oppfordres interessenter til å innhente komplett informasjon fra meglerforetaket, selger eller utleier.",2026-09-20T15:40:50+00:00,house
464158454,https://www.finn.no/realestate/homes/ad.html?finnkode=464158454,"Innholdsrik eiendom på Brønnøya. Over 5 mål tomt, utleiedel og idyllisk beliggenhet. Umiddellbar nærhet til fjorden","Ladeveien 10, 1397 Nesøya",1397,Nesøya,11 500 000 kr,11 788 590 kr,288 590 kr,,,Enebolig,Selveier,,385 m² (BRA-i),478 m²,,5,,1939,,5 224 m² (eiet),5224,5.2,Rom,3203,41,149,5,"Velkommen til Ladeveien 10. Drømmer du om å bo idyllisk og skjermet i et unikt øysamfunn? Eiendommen ligger på vakre Brønnøya, et bilfritt og rolig område rett utenfor Nesøya i Asker. Her får du en sjelden kombinasjon av fredelige omgivelser og et etablert bomiljø med både fritidsboliger og helårsboliger. Kort vei til badeplasser og flotte turmuligheter gjør dette til et attraktivt sted å bo hele året. Daglige innkjøp gjøres enkelt på Nesøya, mens Sandvika og Slependen tilbyr et bredt utvalg av butikker, servicetilbud og kollektivtransport. Ca. 10 minutter med bil fra parkering på Nesøya til Sandvika. Høydepunkter: - Tomt på over 5,2 mål - 5 soverom og flere stuer - Godkjent sokkelleilighet - Innredet hybel (ikke godkjent) - Ikke boplikt - Rett til båtplass via vellet Minus Vis mindre NB: Knappen for å vise hele beskrivelsen har kun en visuell effekt. Pluss tegn Vis hele beskrivelsen NB: Knappen for å vise hele beskrivelsen har kun en visuell effekt. Salgsoppgaven beskriver vesentlig og lovpålagt informasjon om eiendommen Se komplett salgsoppgave Nyttige lenker Gi bud Bestill salgsoppgave Visning Alle våre visninger har påmelding. På denne måten sikrer vi at megler har god oversikt og tid til å imøtekomme alle interessenter. Meld deg på visning ved å trykke på lenken visningspåmelding. Husk å lese komplett salgsoppgave før visning. Bestill komplett, utskriftsvennlig salgsoppgave. Visningspåmelding Gi bud Nyttige lenker Gi bud Bestill salgsoppgave Nærområdet Kart Ladeveien 10, 1397 Nesøya Annonseinformasjon FINN-kode 464158454 Sist endret 20. aug. 2026 06:52 Referanse 33-0070/26 Rapporter annonse Annonsene kan være mangelfulle i forhold til lovpålagt opplysningsplikt. Før bindende avtale inngås oppfordres interessenter til å innhente komplett informasjon fra meglerforetaket, selger eller utleier.",2026-09-20T15:40:52+00:00,house
428922308,https://www.finn.no/realestate/homes/ad.html?finnkode=428922308,Enebolig med stort anneks/​garasje/​leilighet og med egne strandstue med bar - Spektakulær beliggenhet - Storhavet med mid,"Sandveien 500, 8360 Bøstad",8360,Bøstad,10 750 000 kr,11 019 840 kr,269 840 kr,,471 644 kr,Enebolig,Selveier,,104 m² (BRA-i),365 m²,,3,,1933,2,40 976 m² (eiet),40976,41.0,Rom,1860,107,19,7,"-  Eiendommen ligger på idylliske Sandøya/Vestvågøy kommune i Lofoten, mellom Leknes og Svolvær. - En sjelden naturperle av en eiendom - På enden av Sandveien uten trafikk- eller turiststøy - Godt skjermet fra all trafikk - Lang sjølinje mot sør, vest og nord - helt usjenert eiendom på alle kanter. - På  riktig  siden av Lofotfjellene, dvs midnattssol. - Eier har opparbeidet eiendommen med strandstue med bar og mulighet for videre utvikling. - 2-roms leilighet med godkjent "" byggesøknad"" med potensiale for utleie - Stor bygning med garasje, leilighet og gjestefasiliteter i tillegg til lagringsplass - Stor gjesteparkering på eiendommen Minus Vis mindre NB: Knappen for å vise hele beskrivelsen har kun en visuell effekt. Pluss tegn Vis hele beskrivelsen NB: Knappen for å vise hele beskrivelsen har kun en visuell effekt. Salgsoppgaven beskriver vesentlig og lovpålagt informasjon om eiendommen Se komplett salgsoppgave Nyttige lenker Se komplett salgsoppgave Finn.no-annonsevideo Visning Visningen har obligatorisk påmelding. Kravet om påmelding har vi  for å kunne gi deg og andre visningsdeltakere en best mulig opplevelse og service knyttet til gjennomføring av visningen. Velkommen! Husk å lese komplett salgsoppgave før visning. Bestill komplett, utskriftsvennlig salgsoppgave. Visningspåmelding Gi bud Nyttige lenker Se komplett salgsoppgave Finn.no-annonsevideo Nærområdet Kart Sandveien 500, 8360 Bøstad Annonseinformasjon FINN-kode 428922308 Sist endret 09. sep. 2026 08:32 Referanse 20-25-1187 Rapporter annonse Annonsene kan være mangelfulle i forhold til lovpålagt opplysningsplikt. Før bindende avtale inngås oppfordres interessenter til å innhente komplett informasjon fra meglerforetaket, selger eller utleier.",2026-09-20T15:40:54+00:00,house
464122975,https://www.finn.no/realestate/homes/ad.html?finnkode=464122975,Enebolig på stor tomt med fem driftsbygninger og en sentral beliggenhet nær Vikersund sentrum,"Ringeriksveien 15, 3370 Vikersund",3370,Vikersund,6 000 000 kr,6 151 090 kr,151 090 kr,,846 102 kr,Enebolig,Selveier,,193 m² (BRA-i),622 m²,,3,,1924,,11 089 m² (eiet),11089,11.1,Rom,3316,95,10,5,"Velkommen til Ringeriksveien 15! En innholdsrik eiendom med enebolig, stor tomt og en rekke drifts- og lagringsbygninger. Dette er en eiendom med mange muligheter på en stor eiertomt i Vikersund. Hovedhuset har tre soverom, to bad og vedovn i stuen. Fra inngangspartiet er det utgang til en romslig terrasse. Beliggenheten er praktisk i et etablert nabolag med kort vei til sentrumstjenester og turmuligheter. Høydepunkter: Stor eiertomt på over 11 mål Omfattende bygningsmasse med låve, lastebilgarasje og plasthall Fem separate sekundærbygninger med potensial for lager/hobby Oppvarming med vedovn og varmepumpe Kort vei til offentlig transport ved Sandkrysset og Vikersund stasjon Velkommen til visning! Minus Vis mindre NB: Knappen for å vise hele beskrivelsen har kun en visuell effekt. Pluss tegn Vis hele beskrivelsen NB: Knappen for å vise hele beskrivelsen har kun en visuell effekt. Salgsoppgaven beskriver vesentlig og lovpålagt informasjon om eiendommen Se komplett salgsoppgave Nyttige lenker Bestill salgsoppgave Visning Ønsker du å delta på visningen ber vi deg melde deg på slik at vi vet at du kommer. Da kan vi bistå alle best mulig og gi deg tiden du trenger på visningen. Kontakt gjerne megler før visning hvis du har spørsmål. Visningen avholdes bare dersom det er påmeldte. Hvis det ikke er oppsatt visningstidspunkt eller tidspunkt ikke passer, kontakt megler. Husk å lese komplett salgsoppgave før visning. Bestill komplett, utskriftsvennlig salgsoppgave. Visningspåmelding Gi bud Nyttige lenker Bestill salgsoppgave Nærområdet Kart Ringeriksveien 15, 3370 Vikersund Annonseinformasjon FINN-kode 464122975 Sist endret 19. mai 2026 10:20 Referanse 2870260085 Rapporter annonse Annonsene kan være mangelfulle i forhold til lovpålagt opplysningsplikt. Før bindende avtale inngås oppfordres interessenter til å innhente komplett informasjon fra meglerforetaket, selger eller utleier.",2026-09-20T15:40:55+00:00,house
463912402,https://www.finn.no/realestate/homes/ad.html?finnkode=463912402,Naturskjønn og solrik eiendom med pent opparbeidet tomt og strandlinje på Foldøy! Stort lagerbygg og serveringslokale!,"Generalvegen 84, 4198 Foldøy",4198,Foldøy,4 290 000 kr,4 398 340 kr,108 340 kr,,607 891 kr,Enebolig,Selveier,,256 m² (BRA-i),812 m²,,4,,1850,2,12 047 m² (eiet),12047,12.0,Rom,1134,110,120,5,"Velkommen til Generalvegen 84 - Presentert av Eiendomsmegler Norge v/ Mathias Engrønningen! Her får du en stor naturskjønn tomt på ca. 12 mål med egen strandlinje! Tomten består av to bruksnummer, hvor den ene består av vakre svaberg, gode fiskemuligheter, sandstrand og båtplass med brygge. Hoveddelen byr på en enebolig, lagerbygg / garasje og en tidligere kiosk, samt en herlig opparbeidet hage med vakker beplantning, gressplen og flere lune plasser man kan nyte solfylte sommerdager. Her har du sol fra tidlig om morgenen om sent på kvelden, og alltid noe en kan finne på. Lagerbygget er på hele 556 m2 som fordeler seg på to plan. Her er det kun fantasiene som setter begrensinger for hva det kan benyttes til. Dette er en en eiendom som virkelig må oppleves! Ta kontakt i dag for å avtale Minus Vis mindre NB: Knappen for å vise hele beskrivelsen har kun en visuell effekt. Pluss tegn Vis hele beskrivelsen NB: Knappen for å vise hele beskrivelsen har kun en visuell effekt. Salgsoppgaven beskriver vesentlig og lovpålagt informasjon om eiendommen Se komplett salgsoppgave Nyttige lenker Eiendommens hjemmeside Interessert i denne eiendommen? Film av eiendommen Visning Visning etter avtale. Husk å lese komplett salgsoppgave før visning. Bestill komplett, utskriftsvennlig salgsoppgave. Visningspåmelding Gi bud Nyttige lenker Eiendommens hjemmeside Interessert i denne eiendommen? Film av eiendommen Nærområdet Kart Generalvegen 84, 4198 Foldøy Annonseinformasjon FINN-kode 463912402 Sist endret 06. juli 2026 12:22 Referanse 20250232 Rapporter annonse Annonsene kan være mangelfulle i forhold til lovpålagt opplysningsplikt. Før bindende avtale inngås oppfordres interessenter til å innhente komplett informasjon fra meglerforetaket, selger eller utleier.",2026-09-20T15:40:56+00:00,house
464005906,https://www.finn.no/realestate/homes/ad.html?finnkode=464005906,"Håbet - Eldre enebolig, med tilhørende tomter på over 18 mål. Flott beliggenhet med kort avstand til alt.","Tronsholen, 4325 Sandnes",4325,Sandnes,5 890 000 kr,6 038 640 kr,148 640 kr,,1 424 580 kr,Enebolig,Selveier,,157 m² (BRA-i),172 m²,,5,,1921,3,18 416 m² (eiet),18416,18.4,,1108,33,277,5,"Eiendommen består av Gamle Ålgårdsveien 120, en eldre enebolig med sentral beliggenhet i Sandnes, med ca 1100 m² tomt, og tre øvrige ubebygde tomter (bruksnr.) som til sammen utgjør et tomteområde på over 18 mål sentralt i Sandnes. Gamle Ålgårdsveien 120 holder ikke dagens standard og totalrenovering må påregnes. På eiendommen står også en driftsbygning med renoveringsbehov. Bygningsdokumentasjon på enebolig og driftsbygning finnes ikke i Sandnes kommunes arkiv. Området er ikke regulert. I kommuneplanen for Sandnes 2019   2035 er området avsatt til bolig. Minus Vis mindre NB: Knappen for å vise hele beskrivelsen har kun en visuell effekt. Pluss tegn Vis hele beskrivelsen NB: Knappen for å vise hele beskrivelsen har kun en visuell effekt. Salgsoppgaven beskriver vesentlig og lovpålagt informasjon om eiendommen Se komplett salgsoppgave Visning Ved annonsert visning er det viktig at du melder deg på visningen ved å bruke visningspåmeldingsknappen eller kontakter megler. Annonserte visninger hvor det ikke er noen påmeldte innen kl 12:00 visningsdagen vil ikke bli avholdt. For visninger utover dette, ta direkte kontakt med megler. Husk å lese komplett salgsoppgave før visning. Bestill komplett, utskriftsvennlig salgsoppgave. Visningspåmelding Gi bud Nærområdet Kart Tronsholen, 4325 Sandnes Annonseinformasjon FINN-kode 464005906 Sist endret 18. aug. 2026 08:37 Referanse 1412260037 Rapporter annonse Annonsene kan være mangelfulle i forhold til lovpålagt opplysningsplikt. Før bindende avtale inngås oppfordres interessenter til å innhente komplett informasjon fra meglerforetaket, selger eller utleier.",2026-09-20T15:40:57+00:00,house
438947605,https://www.finn.no/realestate/homes/ad.html?finnkode=438947605,"Småbruk med sentral beliggenhet og stort potensiale. Stort renoveringsbehov. Låve med 2 stallbokser. Tomt på 6,3 mål.","Trømborgveien 513, 1852 Mysen",1852,Mysen,2 490 000 kr,2 553 340 kr,63 340 kr,,677 159 kr,Enebolig,Selveier,,103 m² (BRA-i),329 m²,,2,,1935,,6 361 m² (eiet),6361,6.4,G - Rød,3118,263,11,5,"Velkommen til Trømborgveien 513! Småbruk med sentrumsnær beliggenhet. Eiendommen er bebygd med våningshus, låve og ""gamlestua"". Tomten er på 6361 kvm og er opparbeidet med paddock i tilknytning til stall. Våningshuset og gamlestua har et betydelig etterslep på vedlikehold og vesentlige oppgraderinger må påregnes. Ny kjøper bør vurdere om man skal renovere eller om man skal rive og bygge nytt. Låven har to stallbokser, maskinrom, verksted og garasje. Eiendommen er beliggende inntil veletablert boligområde på Trømborg 7 km utenfor Mysen sentrum. Kort kjøreavstand til skoler, barnehager, offentlig kommunikasjon og servicetilbud. Kort fortalt: . Småbruk med 6,3 mål tomt. . Antatt utviklingsmuligheter. Ca. 5 mål er regulert til bolig. . Stall med 2 stallbokser, verksted og garasje. . Paddock. . Stort renoveringsbehov. Minus Vis mindre NB: Knappen for å vise hele beskrivelsen har kun en visuell effekt. Pluss tegn Vis hele beskrivelsen NB: Knappen for å vise hele beskrivelsen har kun en visuell effekt. Salgsoppgaven beskriver vesentlig og lovpålagt informasjon om eiendommen Se komplett salgsoppgave Nyttige lenker Gi bud Bestill salgsoppgave Eiendommens hjemmeside Visning Ta kontakt for å avtale visning. Husk å lese komplett salgsoppgave før visning. Bestill komplett, utskriftsvennlig salgsoppgave. Visningspåmelding Gi bud Nyttige lenker Gi bud Bestill salgsoppgave Eiendommens hjemmeside Nærområdet Kart Trømborgveien 513, 1852 Mysen Annonseinformasjon FINN-kode 438947605 Sist endret 29. mai 2026 06:04 Referanse 306250220 Rapporter annonse Annonsene kan være mangelfulle i forhold til lovpålagt opplysningsplikt. Før bindende avtale inngås oppfordres interessenter til å innhente komplett informasjon fra meglerforetaket, selger eller utleier.",2026-09-20T15:40:59+00:00,house
325600631,https://www.finn.no/realestate/homes/ad.html?finnkode=325600631,"NY PRIS - Stor og velholdt enebolig, sentralt på Steine i Bø - Garasje - Stor tomt - Flere parseller","Bøveien 448, 8470 Bø i Vesterålen",8470,Bø i Vesterålen,2 490 000 kr,2 553 340 kr,63 340 kr,,532 252 kr,Enebolig,Selveier,,371 m² (BRA-i),391 m²,,4,,1895,,62 094 m² (eiet),62094,62.1,F - Oransje,1867,17,4,5,"Eiendomsmegler 1 presenterer Bøveien 448. Stor og velholdt enebolig og frittstående enkel garasje sentralt på Steine i Bø. Stor tomt med flere parseller. Boligen ble oppført i 1895, men fremstår som godt vedlikeholdt og oppgradert i form av tilbygg og moderniseringer. Boligen har en romslig planløsning som består av blant annet kjøkken, spisestue, fire soverom og to stuer med utsikt mot egen hage, samt naturflotte omgivelser. I tillegg er det store boder i kjeller med svært gode muligheter for oppbevaring. Deler av dreneringen er byttet i 2025. Gangavstand til service-, fritids- og forretningstilbud, barneskole og barnehage.  Det er gode muligheter for aktiviteter, i form av både fjellturer og sosiale aktiviteter i Bøhallen som ligger ca. 0,6 km fra boligen. Ta kontakt for visning! Minus Vis mindre NB: Knappen for å vise hele beskrivelsen har kun en visuell effekt. Pluss tegn Vis hele beskrivelsen NB: Knappen for å vise hele beskrivelsen har kun en visuell effekt. Salgsoppgaven beskriver vesentlig og lovpålagt informasjon om eiendommen Se komplett salgsoppgave Nyttige lenker Eiendommens hjemmeside Bestill salgsoppgave Visning Ta kontakt for å avtale visning. Husk å lese komplett salgsoppgave før visning. Bestill komplett, utskriftsvennlig salgsoppgave. Visningspåmelding Gi bud Nyttige lenker Eiendommens hjemmeside Bestill salgsoppgave Nærområdet Kart Bøveien 448, 8470 Bø i Vesterålen Annonseinformasjon FINN-kode 325600631 Sist endret 30. aug. 2026 21:08 Referanse 19230169 Rapporter annonse Annonsene kan være mangelfulle i forhold til lovpålagt opplysningsplikt. Før bindende avtale inngås oppfordres interessenter til å innhente komplett informasjon fra meglerforetaket, selger eller utleier.",2026-09-20T15:41:01+00:00,house
314588027,https://www.finn.no/realestate/homes/ad.html?finnkode=314588027,Stor eiendom med 3 boenheter og stor driftsbygning | Garasjeplasser og stort verksted | Sentral beliggenhet,"Eggemoveien 1, 3514 Hønefoss",3514,Hønefoss,6 900 000 kr,7 086 750 kr,186 750 kr,,,Enebolig,Selveier,,370 m² (BRA-i),1 060 m²,,7,,1900,,8 756 m² (eiet),8756,8.8,,3305,90,21,5,"Eiendomsmegler 1 v/ Fredrik har gleden av å presentere Eggemoveien 1, en innholdsrik eiendom med flere muligheter! Dette er en stor eiendom på over 8,7 mål med enebolig, en meget godt vedlikeholdt driftsbygning, garasje med verksted og gode lagringsmuligheter. Tunet er opparbeidet med en romslig, gruslagt gårdsplass og plen. Eiendommen ligger strategisk plassert til både Hønefoss og Jevnaker. Her ligger alt til rette for den som trenger mye plass til hobby eller egen virksomhet. Verdt å merke seg: Stor eiet tomt på ca. 8 756 m² Enebolig med tre boenheter Solid driftsbygning på ca. 475 m² Garasje benyttet som verksted Stabbur og ytterligere lagerbygg Velkommen til visning! Minus Vis mindre NB: Knappen for å vise hele beskrivelsen har kun en visuell effekt. Pluss tegn Vis hele beskrivelsen NB: Knappen for å vise hele beskrivelsen har kun en visuell effekt. Salgsoppgaven beskriver vesentlig og lovpålagt informasjon om eiendommen Se komplett salgsoppgave Nyttige lenker Bestill salgsoppgave Visning Vi fortsetter med visningspåmelding, til glede for våre boligselgere - og kjøpere. Husk å lese komplett salgsoppgave før visning. Bestill komplett, utskriftsvennlig salgsoppgave. Visningspåmelding Gi bud Nyttige lenker Bestill salgsoppgave Nærområdet Kart Eggemoveien 1, 3514 Hønefoss Annonseinformasjon FINN-kode 314588027 Sist endret 15. mai 2026 18:47 Referanse 1210230173 Rapporter annonse Annonsene kan være mangelfulle i forhold til lovpålagt opplysningsplikt. Før bindende avtale inngås oppfordres interessenter til å innhente komplett informasjon fra meglerforetaket, selger eller utleier.",2026-09-20T15:41:02+00:00,house
463577368,https://www.finn.no/realestate/homes/ad.html?finnkode=463577368,Enebolig på stor eiertomt med sjøutsikt på Asmaløy | Solrike uteplasser | Garasje,"Håbuveien 45, 1684 Vesterøy",1684,Vesterøy,6 750 000 kr,6 920 100 kr,170 100 kr,,1 248 761 kr,Enebolig,Selveier,,181 m² (BRA-i),246 m²,,4,,1976,,7 006 m² (eiet),7006,7.0,Rom,3110,35,276,7,"Velkommen til Håbuveien 45! En innholdsrik enebolig med stor eiertomt og sjøutsikt på naturskjønne Asmaløy. Eiendommen ligger høyt og fritt til på Hvaler, med umiddelbar nærhet til svaberg og sjø. Elsket av sine forrige eiere, og som nå venter på nye eiere som kan gjøre dette til sin trygge havn. Utsikten ut mot Løpern er upåklagelig, det samme kan sies om solforholdene. Innholdsrik og romslig bolig som gir mange muligheter, men også trenger oppussing. Tomten byr på både plen og naturtomt som både store og små kan sette pris på. Stor eiertomt på ca. 7 mål Innholdsrik planløsning med 4(5) soverom og 2 bad Elektrisk anlegg oppgradert 2023-24 Garasje og gode lagringsmuligheter Umiddelbar nærhet til bademuligheter Solrikt og usjenert Velkommen til visning Minus Vis mindre NB: Knappen for å vise hele beskrivelsen har kun en visuell effekt. Pluss tegn Vis hele beskrivelsen NB: Knappen for å vise hele beskrivelsen har kun en visuell effekt. Salgsoppgaven beskriver vesentlig og lovpålagt informasjon om eiendommen Se komplett salgsoppgave Nyttige lenker Bestill salgsoppgave Visning Ønsker du å delta på den annonserte visningen, må du melde deg på. Visningen vil bli avlyst, om ingen er påmeldt 4 timer innen oppsatt visningstidspunkt.  Velkommen! Husk å lese komplett salgsoppgave før visning. Bestill komplett, utskriftsvennlig salgsoppgave. Visningspåmelding Gi bud Nyttige lenker Bestill salgsoppgave Nærområdet Kart Håbuveien 45, 1684 Vesterøy Annonseinformasjon FINN-kode 463577368 Sist endret 14. sep. 2026 10:56 Referanse 5340250281 Rapporter annonse Annonsene kan være mangelfulle i forhold til lovpålagt opplysningsplikt. Før bindende avtale inngås oppfordres interessenter til å innhente komplett informasjon fra meglerforetaket, selger eller utleier.",2026-09-20T15:41:04+00:00,house
463345412,https://www.finn.no/realestate/homes/ad.html?finnkode=463345412,Spennende eiendom med flott beliggenhet langs Raundalselva | Stor hage | Sentrumsnært!,"Hardangervegen 50, 5705 Voss",5705,Voss,7 800 000 kr,7 996 390 kr,196 390 kr,,879 197 kr,Enebolig,Selveier,,211 m² (BRA-i),261 m²,,5,,1894,3,7 875 m² (eiet),7875,7.9,Rom,4621,191,7,5,"Velkommen til Hardangervegen 50   en spennende og innholdsrik eiendom med sentrumsnær og idyllisk beliggenhet langs Raundalselva. Herfra har man kort avstand til bla. Voss sentrum. Eiendommen passer ypperlig for en familie som er glad i å oppholde seg utendørs og som er glad i å ha godt med plass rundt seg - en spennende eiendom for både store og små! Tomt er opparbeidet med store grøntareal og terrasse, samt uthus og carport i tillegg til boligen. Boligen går over tre plan og inneholder blant annet stue, kjøkken, fem soverom, to bad (ett trenger renovering) og godt med lagringsplass. Oppvarming via vannbårent anlegg fra tank tilpasset bruk av bioolje. Boligen er antatt å være bygget ca 1894, og er senere bygget på og renovert, sist i 2011-2015. Noe vedlikeholds-/oppgraderingsbehov igjen Minus Vis mindre NB: Knappen for å vise hele beskrivelsen har kun en visuell effekt. Pluss tegn Vis hele beskrivelsen NB: Knappen for å vise hele beskrivelsen har kun en visuell effekt. Salgsoppgaven beskriver vesentlig og lovpålagt informasjon om eiendommen Se komplett salgsoppgave Visning Ved annonsert visning er det viktig at du melder deg på visningen ved å bruke visningspåmeldingsknappen eller kontakter megler. Annonserte visninger hvor det ikke er noen påmeldte innen kl. 12:00 visningsdagen vil ikke bli avholdt. For visninger utover dette, ta direkte kontakt med megler. Husk å lese komplett salgsoppgave før visning. Bestill komplett, utskriftsvennlig salgsoppgave. Visningspåmelding Gi bud Nærområdet Kart Hardangervegen 50, 5705 Voss Annonseinformasjon FINN-kode 463345412 Sist endret 24. aug. 2026 12:08 Referanse 1507250088 Rapporter annonse Annonsene kan være mangelfulle i forhold til lovpålagt opplysningsplikt. Før bindende avtale inngås oppfordres interessenter til å innhente komplett informasjon fra meglerforetaket, selger eller utleier.",2026-09-20T15:41:07+00:00,house
428297469,https://www.finn.no/realestate/homes/ad.html?finnkode=428297469,Eksklusiv og innholdsrik eiendom med båtplass - Stor garasje - Vinterhage - Stor tomt - bør sees!,"Nessetveien 108, 1407 Vinterbro",1407,Vinterbro,21 900 000 kr,22 448 850 kr,548 850 kr,,,Enebolig,Selveier,,482 m² (BRA-i),862 m²,,5,,2003,,5 081 m² (eiet),5081,5.1,B - Lysegrønn,3218,112,7,5,"Velkommen til Nessetveien 108 - en herskapelig enebolig med høy standard og gjennomtenkte løsninger. Boligen er oppført i 2003 og strekker seg over tre plan med god takhøyde, store vindusflater og en planløsning som gir både romslighet og fleksibilitet. Her får du moderne bokomfort i kombinasjon med klassiske detaljer. Eiendommen ligger attraktivt til på Nesset i Vinterbro, i et etablert og rolig nabolag med nærhet til sjøen. Beliggenheten gir kort vei til skoler, barnehager og offentlig kommunikasjon - perfekt for en praktisk hverdag. Uteområdet er pent opparbeidet med parkmessig preg og god plass til lek, sosiale sammenkomster og avslapning. På eiendommen finner du også en stor garasje over to etasje samt gode parkeringsmuligheter. Dette er en bolig som virkelig bør oppleves - velkommen til visning! Minus Vis mindre NB: Knappen for å vise hele beskrivelsen har kun en visuell effekt. Pluss tegn Vis hele beskrivelsen NB: Knappen for å vise hele beskrivelsen har kun en visuell effekt. Salgsoppgaven beskriver vesentlig og lovpålagt informasjon om eiendommen Se komplett salgsoppgave Nyttige lenker Gi bud Bestill salgsoppgave Eiendommens hjemmeside Hjemmeside Visning Ønsker du og se denne flotte eiendommen, da tar du kontakt på telefon 414 81 000 for avtale. Husk å lese komplett salgsoppgave før visning. Bestill komplett, utskriftsvennlig salgsoppgave. Visningspåmelding Gi bud Nyttige lenker Gi bud Bestill salgsoppgave Eiendommens hjemmeside Hjemmeside Nærområdet Kart Nessetveien 108, 1407 Vinterbro Annonseinformasjon FINN-kode 428297469 Sist endret 12. aug. 2026 06:11 Referanse 202250173 Rapporter annonse Annonsene kan være mangelfulle i forhold til lovpålagt opplysningsplikt. Før bindende avtale inngås oppfordres interessenter til å innhente komplett informasjon fra meglerforetaket, selger eller utleier.",2026-09-20T15:41:08+00:00,house
461769846,https://www.finn.no/realestate/homes/ad.html?finnkode=461769846,Idyllisk beliggende enebolig fra 2013 med stor terrasse på 136 m²| Grenser til Reddalskanalen med tilhørende brygge,"Molland 50, 4887 Grimstad",4887,Grimstad,7 980 000 kr,8 180 590 kr,200 590 kr,,,Enebolig,Selveier,,292 m² (BRA-i),320 m²,,6,,2013,,10 639 m² (eiet),10639,10.6,,4202,82,75,5,"Eiendommen har en tilbaketrukket og landlig beliggenhet på Molland, samtidig som den er praktisk plassert med kort vei til E18. ""Strandlinje"" mot Reddalskanalen med tilhørende brygge. En innholdsrik enebolig fra 2013 med en svært fleksibel planløsning og enorme terrasser. Dette er en moderne eiendom med en familievennlig planløsning. Hoveddelen i 2. og 3. etasje byr på store, sosiale soner. 1. etasje er innredet med to separate utleieenheter, men disse er ikke omsøkte/godkjente (se pkt. ferdigattest). Boligen er energieffektiv med energiklasse B og har varmepumper for lavere fyringskostnader. Høydepunkter: - Naturskjønt og usjenert med ""strandlinje"" og brygge - Stor tomt på ca 10,6 mål - Svært romslig terrasse på 136 m² - Tiltalende material- og fargevalg - Gårdsplass m/elbillader Minus Vis mindre NB: Knappen for å vise hele beskrivelsen har kun en visuell effekt. Pluss tegn Vis hele beskrivelsen NB: Knappen for å vise hele beskrivelsen har kun en visuell effekt. Salgsoppgaven beskriver vesentlig og lovpålagt informasjon om eiendommen Se komplett salgsoppgave Nyttige lenker Meld interesse Se komplett salgsoppgave Gi bud Visning Velkommen til visning! Meld deg på ved å trykke ""visningspåmelding"" i våre boligannonser. Ta gjerne kontakt med megler i forkant av visningen om du har spørsmål. Visningspåmelding Gi bud Nyttige lenker Meld interesse Se komplett salgsoppgave Gi bud Nærområdet Kart Molland 50, 4887 Grimstad Annonseinformasjon FINN-kode 461769846 Sist endret 03. aug. 2026 14:41 Referanse 612260073 Rapporter annonse Annonsene kan være mangelfulle i forhold til lovpålagt opplysningsplikt. Før bindende avtale inngås oppfordres interessenter til å innhente komplett informasjon fra meglerforetaket, selger eller utleier.",2026-09-20T15:41:11+00:00,house
461527701,https://www.finn.no/realestate/homes/ad.html?finnkode=461527701,"Unik utviklingseiendom i Moelv - 11,5 mål regulert til bolig | Sentralt beliggende.","Storgata 45, 2390 Moelv",2390,Moelv,13 800 000 kr,14 146 240 kr,346 240 kr,,731 709 kr,Enebolig,Selveier,,326 m² (BRA-i),558 m²,,4,,1924,,11 532 m² (eiet),11532,11.5,F - Oransje,3411,381,21,7,"EIE v/Jørgen Holmlund har gleden av å presentere denne unike muligheten i Storgata 45, Moelv! Velkommen til en sjelden utviklingseiendom sentralt i Moelv. Eiendommen utgjør ca. 11,5 mål tomt og er i kommuneplanens arealdel avsatt til framtidig boligbebyggelse (B55). Kommunen har indikert et utbyggingspotensial på ca. 30 boenheter, eksempelvis i form av lavblokk og/eller konsentrert småhusbebyggelse, forutsatt detaljregulering. Eiendommen har en attraktiv beliggenhet i Storgata med kort vei til Moelv sentrum, servicetilbud, skoler og kollektivtransport. Det er gode pendlermuligheter med ca. 1 time og 20 minutter til Oslo, samt enkel tilknytning til E6 og jernbane. Området er i utvikling, blant annet med planlagt nytt Mjøssykehus, noe som forventes å bidra til økt aktivitet og etterspørsel i området. På eiendommen står en bolig fra 1924 samt en låve. Bebyggelsen har vesentlig oppgraderingsbehov og eiendommen vurderes primært med tanke på tomteverdi og utviklingsmuligheter. Minus Vis mindre NB: Knappen for å vise hele beskrivelsen har kun en visuell effekt. Pluss tegn Vis hele beskrivelsen NB: Knappen for å vise hele beskrivelsen har kun en visuell effekt. Salgsoppgaven beskriver vesentlig og lovpålagt informasjon om eiendommen Se komplett salgsoppgave Nyttige lenker Ledningskart_A4S_05_03_2026_09_10.pdf Kommuneplankart_A4S_05_03_2026_09_02.pdf Grunnkart_A4S_17_03_2026_10_18.pdf Tilstandsrapport_10014-2316_1.pdf Grunnkart_A4S_05_03_2026_09_02.pdf Energiattest-2026-274120 (1).pdf Nabolagsprofil Gi bud Bestill salgsoppgave Eiendommens hjemmeside Visning Ta kontakt for å avtale visning. Husk å lese komplett salgsoppgave før visning. Bestill komplett, utskriftsvennlig salgsoppgave. Visningspåmelding Nyttige lenker Ledningskart_A4S_05_03_2026_09_10.pdf Kommuneplankart_A4S_05_03_2026_09_02.pdf Grunnkart_A4S_17_03_2026_10_18.pdf Tilstandsrapport_10014-2316_1.pdf Grunnkart_A4S_05_03_2026_09_02.pdf Energiattest-2026-274120 (1).pdf Nabolagsprofil Gi bud Bestill salgsoppgave Eiendommens hjemmeside Nærområdet Kart Storgata 45, 2390 Moelv Annonseinformasjon FINN-kode 461527701 Sist endret 13. mai 2026 08:02 Referanse 22260007 Rapporter annonse Annonsene kan være mangelfulle i forhold til lovpålagt opplysningsplikt. Før bindende avtale inngås oppfordres interessenter til å innhente komplett informasjon fra meglerforetaket, selger eller utleier.",2026-09-20T15:41:12+00:00,house
461976533,https://www.finn.no/realestate/homes/ad.html?finnkode=461976533,"Spennende, stor eiendom som består av to teiger på totalt ca. 25 294,6kvm!","Nesnaveien 1197, 8725 Utskarpen",8725,Utskarpen,1 900 000 kr,1 966 590 kr,66 590 kr,,,Enebolig,Selveier,,72 m² (BRA-i),72 m²,,3,,1910,,25 295 m² (eiet),25295,25.3,,1833,175,3,5,"Svært spennende eiendom med noe unik historikk selges nå! Eiendommen består av to teiger på totalt ca. 25 294kvm. Pr. i dag så står det noen bygg, samt blant annet to naust som medfølger. Tilstanden på disse byggene er å betegne som sanerings objekter, og derav er disse ikke blitt vurderte av takstmann. Med eiendommen medfølger det bortfestede parseller som innbringer inntekter for tiden ca. 22.440,- i året. Antall bortfestede parseller og mer info om dette, finner man i salgsoppgaven. Eiendommen strekker seg fra strandsonen og opp til eksisterende boligbebyggelse. Med teft, tålmodighet og kreativitet så kan eiendommen utvikles langt mer, men dette er selvsagt opp til ny eier å finne ut av. Minus Vis mindre NB: Knappen for å vise hele beskrivelsen har kun en visuell effekt. Pluss tegn Vis hele beskrivelsen NB: Knappen for å vise hele beskrivelsen har kun en visuell effekt. Salgsoppgaven beskriver vesentlig og lovpålagt informasjon om eiendommen Se komplett salgsoppgave Nyttige lenker Eiendommens hjemmeside Interessert i denne eiendommen? Visning Ta kontakt for å avtale visning. Husk å lese komplett salgsoppgave før visning. Bestill komplett, utskriftsvennlig salgsoppgave. Visningspåmelding Gi bud Nyttige lenker Eiendommens hjemmeside Interessert i denne eiendommen? Nærområdet Kart Nesnaveien 1197, 8725 Utskarpen Annonseinformasjon FINN-kode 461976533 Sist endret 17. juli 2026 17:29 Referanse 44260053 Rapporter annonse Annonsene kan være mangelfulle i forhold til lovpålagt opplysningsplikt. Før bindende avtale inngås oppfordres interessenter til å innhente komplett informasjon fra meglerforetaket, selger eller utleier.",2026-09-20T15:41:13+00:00,house
461880089,https://www.finn.no/realestate/homes/ad.html?finnkode=461880089,"Idyllisk og romslig enebolig med utleie, stor tomt og solrike omgivelser - kun minutter fra sentrum","Sagveien 2, 9700 Lakselv",9700,Lakselv,3 500 000 kr,3 588 590 kr,88 590 kr,,771 083 kr,Enebolig,Selveier,,188 m² (BRA-i),413 m²,,3,,1950,3,5 412 m² (eiet),5412,5.4,,5622,16,8,7,"Romslig enebolig med landlig og rolig beliggenhet, kun ca. 1 km fra Lakselv sentrum. Boligen ligger på en flat og lettstelt tomt med gode solforhold og flott utsyn mot omkringliggende natur og fjell. Eiendommen har praktisk adkomst fra offentlig vei og gode parkeringsmuligheter. Det er etablert utleieenhet med to soverom i boligens førsteetasje, noe som gir gode muligheter for utleie og ekstra inntekter. På tomten finnes også garasje og uthus som gir rikelig med lagringsplass og fleksibel bruk. Her får du en attraktiv kombinasjon av naturnære omgivelser og nærhet til service- og fritidstilbud. Minus Vis mindre NB: Knappen for å vise hele beskrivelsen har kun en visuell effekt. Pluss tegn Vis hele beskrivelsen NB: Knappen for å vise hele beskrivelsen har kun en visuell effekt. Salgsoppgaven beskriver vesentlig og lovpålagt informasjon om eiendommen Se komplett salgsoppgave Nyttige lenker Bestill prospekt Gi bud Visning Ta kontakt for å avtale visning. Husk å lese komplett salgsoppgave før visning. Bestill komplett, utskriftsvennlig salgsoppgave. Visningspåmelding Gi bud Nyttige lenker Bestill prospekt Gi bud Nærområdet Kart Sagveien 2, 9700 Lakselv Annonseinformasjon FINN-kode 461880089 Sist endret 15. juli 2026 15:32 Referanse GAR50.262 Rapporter annonse Annonsene kan være mangelfulle i forhold til lovpålagt opplysningsplikt. Før bindende avtale inngås oppfordres interessenter til å innhente komplett informasjon fra meglerforetaket, selger eller utleier.",2026-09-20T15:41:15+00:00,house
461655181,https://www.finn.no/realestate/homes/ad.html?finnkode=461655181,Flott og idyllisk småbruk med nærhet til Glomma! Godt ivaretatt enebolig ca. 12 min til sentrum - ingen boplikt.,"Torgerstuvegen 158, 2406 Elverum",2406,Elverum,2 990 000 kr,3 066 140 kr,76 140 kr,,605 086 kr,Enebolig,Selveier,,107 m² (BRA-i),307 m²,,3,,1920,2,23 300 m² (eiet),23300,23.3,Rom,3420,15,40,5,"Velkommen til denne sjarmerende og flotte eiendommen beliggende ved Glommas bredder. Solrikt uteområde med blant annet lysthus og garasje. Eiendommen har gjennomgått flere oppgraderinger i nyere tid og fremstår som godt vedlikeholdt. Eneboligen har et bruksareal på 107 kvm fordelt på 2 etasjer, med blant annet kjøkken, stue, loftstue, 3 soverom, bad og teknisk rom. Koselig, solrik terrasse på 11 kvm. Til Elverum sentrum er det ca. 13 km og her er det også barnehage, barneskole, ungdomsskole og flere dagligvarebutikker. Nærhet til Glomma. Gode jakt- og fiskemuligheter Flott solrikt uteområde med uthus, garasje/låve og lysthus Pen og godt vedlikeholdt enebolig Ny kledning på yttervegger i 2025 og nytt tak i 2019 Beliggende omtrent mellom Rena og Elverum Minus Vis mindre NB: Knappen for å vise hele beskrivelsen har kun en visuell effekt. Pluss tegn Vis hele beskrivelsen NB: Knappen for å vise hele beskrivelsen har kun en visuell effekt. Salgsoppgaven beskriver vesentlig og lovpålagt informasjon om eiendommen Se komplett salgsoppgave Visning Ved annonsert visning er det viktig at du melder deg på visningen ved å bruke visningspåmeldingsknappen eller kontakter megler. Annonserte visninger hvor det ikke er noen påmeldte innen kl. 16.00 dagen før visningsdagen vil ikke bli avholdt. For visninger utover dette, ta direkte kontakt med megler. Husk å lese komplett salgsoppgave før visning. Bestill komplett, utskriftsvennlig salgsoppgave. Visningspåmelding Gi bud Nærområdet Kart Torgerstuvegen 158, 2406 Elverum Annonseinformasjon FINN-kode 461655181 Sist endret 18. sep. 2026 13:51 Referanse 1211250258 Rapporter annonse Annonsene kan være mangelfulle i forhold til lovpålagt opplysningsplikt. Før bindende avtale inngås oppfordres interessenter til å innhente komplett informasjon fra meglerforetaket, selger eller utleier.",2026-09-20T15:41:16+00:00,house
461854033,https://www.finn.no/realestate/homes/ad.html?finnkode=461854033,"Herskapelig villaeiendom med strandlinje | Stor tomt på 9,4 mål | Hagestue | Flytebrygge og molo| Garasje","Myrstadvegen 13, 6260 Skodje",6260,Skodje,28 000 000 kr,28 720 990 kr,720 990 kr,,1 804 032 kr,Enebolig,Selveier,,498 m² (BRA-i),588 m²,,5,,1918,4,9 433 m² (eiet),9433,9.4,Rom,1508,521,23,5,"Nydelig strandeiendom som er betydelig oppgradert i perioden fra 2009 til dags dato. Boligen har en gjennomført og klassisk stil og må oppleves. - Innholdsrikt og herskapelig villa som er over 4 etasjer med bl.a. 5 soverom, 3 bad, 4 stuer - Kvænum kjøkkeninnreding med Gaggenau stekeovn og induksjonstopp - 8 ildsteder - Innlagt vannbåren varme, balansert ventilasjonsanlegg og rør-i-rør system - Stor eiendomstomt på ca. 9.400 kvm med strandlinje og parkmessig opparbeidet - Molo i naturstein og egen flytebrygge - Garasje med plass til 3 biler - Hagestue med saltvanns motstrømsbasseng/jacuzzi - Naust på 30 kvm Velkommen til visning! Minus Vis mindre NB: Knappen for å vise hele beskrivelsen har kun en visuell effekt. Pluss tegn Vis hele beskrivelsen NB: Knappen for å vise hele beskrivelsen har kun en visuell effekt. Salgsoppgaven beskriver vesentlig og lovpålagt informasjon om eiendommen Se komplett salgsoppgave Nyttige lenker Gi Bud Eiendommens hjemmeside på Krogsveen.no Film Visning Ta kontakt med megler for avtale om visning. Ønsker du kun å bli holdt orientert, kan du fra eiendommens hjemmeside få varsel om solgtpris, eller kontakte megler. Visningspåmelding Gi bud Nyttige lenker Gi Bud Eiendommens hjemmeside på Krogsveen.no Film Nærområdet Kart Myrstadvegen 13, 6260 Skodje Annonseinformasjon FINN-kode 461854033 Sist endret 09. sep. 2026 14:56 Referanse KR76.2642 Rapporter annonse Annonsene kan være mangelfulle i forhold til lovpålagt opplysningsplikt. Før bindende avtale inngås oppfordres interessenter til å innhente komplett informasjon fra meglerforetaket, selger eller utleier.",2026-09-20T15:41:17+00:00,house
428742908,https://www.finn.no/realestate/homes/ad.html?finnkode=428742908,"Stor enebolig med god standard og utleiedel. ""Ny"" i 2010. Gigantisk garasje! Totalt 778kvm BRA og ca. 27,5 mål tomt!","Småslettene 103, 4658 Tveit",4658,Tveit,13 900 000 kr,14 266 590 kr,366 590 kr,,782 163 kr,Enebolig,Selveier,,285 m² (BRA-i),778 m²,,5,,1960,3,27 672 m² (eiet),27672,27.7,,4204,113,30,5,"Velkommen til Småslettene 103, en helt spesiell eiendom hvor mulighetene er mange. Eiendommen er bebygget med et stort bolighus over tre plan hvor hoveddelen går over hovedplan og loftsetasjen, mens utleiedelen (utleid kr 10 000,-/mnd + strøm) befinner seg i kjeller. Utestue (ikke omsøkt) på terrasse. Videre er eiendommen bebygget med et enkelt uthus og en stor garasje. Garasjen har tre porter i rekke og ytterligere to porter. Svært god takhøyde. Garasjeloftet er uinnredet og dette var opprinnelig tenkt innredet med to leiligheter (ikke omsøkt). Videre god lagringsplass i garasje. Bygningsmassen framstår i god teknisk stand, totalt hele 778 kvm BRA! Tomten er ca. 27,5 mål med mye gress og skog. Perfekt eiendom for heste- eller motorsport og for deg som driver eget firma. Minus Vis mindre NB: Knappen for å vise hele beskrivelsen har kun en visuell effekt. Pluss tegn Vis hele beskrivelsen NB: Knappen for å vise hele beskrivelsen har kun en visuell effekt. Salgsoppgaven beskriver vesentlig og lovpålagt informasjon om eiendommen Se komplett salgsoppgave Nyttige lenker Eiendommens hjemmeside Interessert i denne eiendommen? Visning Eiendomsmegler Norge sine visninger har påmelding. Påmelding gjøres enkelt ved å benytte knappen under. Ta kontakt med megler dersom oppsatt tidspunkt ikke passer. Det vil ikke bli avholdt visning uten påmelding, frist for påmelding er senest kl. 12.00 på visningsdagen. Husk å laste ned salgsoppgaven digitalt før visning. Velkommen til en hyggelig visning! Husk å lese komplett salgsoppgave før visning. Bestill komplett, utskriftsvennlig salgsoppgave. Visningspåmelding Gi bud Nyttige lenker Eiendommens hjemmeside Interessert i denne eiendommen? Nærområdet Kart Småslettene 103, 4658 Tveit Annonseinformasjon FINN-kode 428742908 Sist endret 03. sep. 2026 21:08 Referanse 50250157 Rapporter annonse Annonsene kan være mangelfulle i forhold til lovpålagt opplysningsplikt. Før bindende avtale inngås oppfordres interessenter til å innhente komplett informasjon fra meglerforetaket, selger eller utleier.",2026-09-20T15:41:19+00:00,house
412073598,https://www.finn.no/realestate/homes/ad.html?finnkode=412073598,"Sjelden perle ved sjøen U.BOPLIKT! Egen strand, sjøhus og brygge. Tidligere gårdstun med stor garasje og 5 mål","Auenvegen 251, 3947 Langangen",3947,Langangen,9 980 000 kr,10 250 840 kr,270 840 kr,,475 809 kr,Enebolig,Selveier,,215 m² (BRA-i),618 m²,,5,,1750,,5 185 m² (eiet),5185,5.2,G - Rød,4001,25,91,5,"En unik eiendom med historisk sjel og idyllisk beliggenhet ved Langangsfjorden på Auen, nær Vrangsund, mellom Larvik og Porsgrunn. Eiendommen ligger i et lite, etablert tun med noen få nærliggende nabobebyggelser, som gir en hyggelig og levende ramme rundt eiendommen. Tomten er på ca. 5 mål og bebygd med totalt seks bygninger, inkludert hovedhus, driftsbygning/garasje, bryggerhus, sjøhus i vannkanten, lekestue og vognskjul. Hovedhuset er opprinnelig fra ca. 1750 og ble betydelig renovert i 1996 med solide materialvalg og godt håndverk. Her kan du nyte stille morgener med sjøutsikt og lange sommerkvelder på brygga ? enten som helårshjem med sjel eller en fritidseiendom i særklasse. Kort båttur til Helgeroa, Brevik og Langesund. Uten boplikt. Minus Vis mindre NB: Knappen for å vise hele beskrivelsen har kun en visuell effekt. Pluss tegn Vis hele beskrivelsen NB: Knappen for å vise hele beskrivelsen har kun en visuell effekt. Salgsoppgaven beskriver vesentlig og lovpålagt informasjon om eiendommen Se komplett salgsoppgave Nyttige lenker Bestill prospekt fra tilbyder Hva blir boligen solgt for? Visning Ta kontakt for visning når det passer deg. Velkommen! Husk å lese komplett salgsoppgave før visning. Bestill komplett, utskriftsvennlig salgsoppgave. Visningspåmelding Gi bud Nyttige lenker Bestill prospekt fra tilbyder Hva blir boligen solgt for? Nærområdet Kart Auenvegen 251, 3947 Langangen Annonseinformasjon FINN-kode 412073598 Sist endret 24. mai 2026 15:28 Referanse 22240182 Rapporter annonse Annonsene kan være mangelfulle i forhold til lovpålagt opplysningsplikt. Før bindende avtale inngås oppfordres interessenter til å innhente komplett informasjon fra meglerforetaket, selger eller utleier.",2026-09-20T15:41:20+00:00,house
461124413,https://www.finn.no/realestate/homes/ad.html?finnkode=461124413,"Innholdsrik sjøeiendom i Tjømsvågen | Stor tomt, strandlinje, båthus og bryggeanlegg","Tjømsveien 554, 4520 Lindesnes",4520,Lindesnes,11 500 000 kr,11 803 290 kr,303 290 kr,,,Enebolig,Selveier,,376 m² (BRA-i),487 m²,,3,,1952,3,6 672 m² (eiet),6672,6.7,,4205,349,14,5,"Velkommen til Tjømsveien 554! Her presenteres en innholdsrik og sjarmerende eiendom med en idyllisk beliggenhet ved sjøen i Tjømsvågen. Eiendommen strekker seg over en tomt på ca. 6,7 mål og inkluderer en enebolig med dobbel garasje, frittstående garasje, lysthus, redskapsbod, samt et sjømiljø med sjøbod, båthus og bryggeanlegg. Boligen byr på flere stuer, soverom og bad fordelt over ulike plan, og har en innglasset terrasse med utsikt. Dette er en sjelden mulighet for deg som drømmer om et liv ved sjøen med rikelig av plass og muligheter for rekreasjon og båtliv rett utenfor døren. Velkommen til en hyggelig visning! Minus Vis mindre NB: Knappen for å vise hele beskrivelsen har kun en visuell effekt. Pluss tegn Vis hele beskrivelsen NB: Knappen for å vise hele beskrivelsen har kun en visuell effekt. Salgsoppgaven beskriver vesentlig og lovpålagt informasjon om eiendommen Se komplett salgsoppgave Nyttige lenker Se prospekt Visning Påmelding til visning For å delta på visning må du melde deg på ved å bruke knappen nedenfor. Fristen for påmelding er senest kl. 12.00 samme dag som visningen. Det blir ikke gjennomført visning uten registrert påmelding. Dersom tidspunktet ikke passer, ta gjerne kontakt med megler for å avtale en alternativ visning. Vi anbefaler at du laster ned salgsoppgaven digitalt i forkant. Velkommen til en hyggelig visning! Husk å lese komplett salgsoppgave før visning. Bestill komplett, utskriftsvennlig salgsoppgave. Visningspåmelding Gi bud Nyttige lenker Se prospekt Nærområdet Kart Tjømsveien 554, 4520 Lindesnes Annonseinformasjon FINN-kode 461124413 Sist endret 24. aug. 2026 12:07 Referanse 1003260034 Rapporter annonse Annonsene kan være mangelfulle i forhold til lovpålagt opplysningsplikt. Før bindende avtale inngås oppfordres interessenter til å innhente komplett informasjon fra meglerforetaket, selger eller utleier.",2026-09-20T15:41:21+00:00,house
460730121,https://www.finn.no/realestate/homes/ad.html?finnkode=460730121,"Enebolig med  stort  potensial, fint beliggende  til salgs på Værøy.","Marka 69, 8063 Værøy",8063,Værøy,1 500 000 kr,1 543 750 kr,43 750 kr,0 kr,437 500 kr,Enebolig,Selveier,,250 m² (BRA-i),303 m²,,5,,1956,,29 809 m² (eiet),29809,29.8,,1857,14,22,1,"Stor og innholdsrik enebolig i Marka 69 til salgs på vakre Værøy i Lofoten. Hovedbygget er på 250 kvm, fordelt på 3 etasjer. Inneholder kjøkken, stuer og 5 soverom, 2 bad (1. etasje og underetasje). I underetasjen er det bad, kjellerstue, grovkjøkken, vaskerom og stor bod. Underetasjen har ellers egen inngang og kan lett omgjøres til utleiedel. Boligen har flere terrasser med gode solforhold. De aller fleste vinduene i huset er av nyere dato. Parkett og varmekabler. Stor garasje på 53 kvm. Kan selges møblert. Flott beliggenhet med nærhet til sjøen og fjellet (se bilder). Visning etter avtale. OBS: NY PRIS. Minus Vis mindre NB: Knappen for å vise hele beskrivelsen har kun en visuell effekt. Pluss tegn Vis hele beskrivelsen NB: Knappen for å vise hele beskrivelsen har kun en visuell effekt. Ta kontakt med selger for komplett informasjon Profilinfo Rettigheter og plikter når du kjøper bolig av en privatperson Visning Ta kontakt for å avtale visning. Nærområdet Kart Marka 69, 8063 Værøy Profilinfo Rettigheter og plikter når du kjøper bolig av en privatperson Annonseinformasjon FINN-kode 460730121 Sist endret 14. sep. 2026 17:11 Rapporter annonse Annonsene kan være mangelfulle i forhold til lovpålagt opplysningsplikt. Før bindende avtale inngås oppfordres interessenter til å innhente komplett informasjon fra meglerforetaket, selger eller utleier.",2026-09-20T15:41:22+00:00,house
439328840,https://www.finn.no/realestate/homes/ad.html?finnkode=439328840,"Hyggelig og sjarmerende småbruk på 18,9 mål med 5 sov og uthus m/​ garasje. Kort vei til butikk, bhg og friluftsområder!","Lundvegen 128, 2435 Braskereidfoss",2435,Braskereidfoss,1 690 000 kr,1 733 640 kr,43 640 kr,,389 426 kr,Enebolig,Selveier,,157 m² (BRA-i),157 m²,,5,,1820,2,18 947 m² (eiet),18947,18.9,Rom,3419,50,12,5,"Velkommen til Lundvegen 128, og dette tidligere småbruket på Braskereidfoss! Eiendommen ligger i et rolig men etablert område, med svært gode solforhold og nærhet til naturen - perfekt for deg som ønsker en landlig tilværelse! Her har du enkel tilgang til lokale servicetilbud og offentlig transport, samt flotte turmuligheter i nærområdet. Fra eiendommen er det kun ca. 750 m til barnehage, og ca. 2 km til dagligvarebutikk, bensinstasjon og gode bussforbindelser ved riksvei 2. Til selve Våler sentrum for øvrige butikker, servicetilbud, barne- og ungdomsskole er det ca. 8 km. Eiendommen som er antatt fra tidlig 1800-tall er bebygd med en romslig og innholdsrik bolig, og et eldre uthus. Tomten er på hele 18,9 mål og består hovedsakelig av bebygd areal og dyrket mark. Minus Vis mindre NB: Knappen for å vise hele beskrivelsen har kun en visuell effekt. Pluss tegn Vis hele beskrivelsen NB: Knappen for å vise hele beskrivelsen har kun en visuell effekt. Salgsoppgaven beskriver vesentlig og lovpålagt informasjon om eiendommen Se komplett salgsoppgave Visning lørdag, 03. oktober 13:00 – 14:00 Legg til i kalender Ved annonsert visning er det viktig at du melder deg på visningen ved å bruke visningspåmeldingsknappen eller kontakter megler. Annonserte visninger hvor det ikke er noen påmeldte innen kl. 16.00 dagen før visningsdagen vil ikke bli avholdt. For visninger utover dette, ta direkte kontakt med megler. Husk å lese komplett salgsoppgave før visning. Bestill komplett, utskriftsvennlig salgsoppgave. Visningspåmelding Gi bud Nærområdet Kart Lundvegen 128, 2435 Braskereidfoss Annonseinformasjon FINN-kode 439328840 Sist endret 18. sep. 2026 13:27 Referanse 1211250311 Rapporter annonse Annonsene kan være mangelfulle i forhold til lovpålagt opplysningsplikt. Før bindende avtale inngås oppfordres interessenter til å innhente komplett informasjon fra meglerforetaket, selger eller utleier.",2026-09-20T15:41:24+00:00,house
459773412,https://www.finn.no/realestate/homes/ad.html?finnkode=459773412,"Velholdt familiebolig med fire soverom i landlige omgivelser på 11,6 daa tomt - Uthus/​garasje med muligheter","Monsrudvegen 207, 2265 Namnå",2265,Namnå,1 800 000 kr,1 846 390 kr,46 390 kr,,400 433 kr,Enebolig,Selveier,,173 m² (BRA-i),245 m²,,4,,,2,11 600 m² (eiet),11600,11.6,,3417,11,11,7,"Velkommen til Namnå og denne hyggelige eiendommen som ligger landlig til i Monsrudvegen 207. Eiendommen har stor tomt på 11,6 daa hvorav ca. 3,6 daa fulldyrka jord, ca. 6,1 daa skog og resterende med bebygd tun. Romslig og familievennlig bolig med fire soverom, stuer, kjøkken, bad, separat vaskerom og toalettrom. Stuen i 1. etasje har utgang til vestvendt terrasse og direkte adkomst til den store og solrike hagen. Huset fremstår godt ivaretatt, du kan flytte rett inn og bo, samtidig som at du fint kan sette ditt preg på det. Her vil både to- og firbeinte kunne trives! Merk deg dette: - Fire romslige soverom - Godt med boltreplass både inne og ute - Uthus/garasje - Ca. 6 km til Kirkenær - Nærhet til fine turområder Minus Vis mindre NB: Knappen for å vise hele beskrivelsen har kun en visuell effekt. Pluss tegn Vis hele beskrivelsen NB: Knappen for å vise hele beskrivelsen har kun en visuell effekt. Salgsoppgaven beskriver vesentlig og lovpålagt informasjon om eiendommen Se komplett salgsoppgave Visning Ved annonsert visning er det viktig at du melder deg på visningen ved å bruke visningspåmeldingsknappen eller kontakter megler. Annonserte visninger hvor det ikke er noen påmeldte innen kl. 16.00 dagen før visningsdagen vil ikke bli avholdt. For visninger utover dette, ta direkte kontakt med megler. Husk å lese komplett salgsoppgave før visning. Bestill komplett, utskriftsvennlig salgsoppgave. Visningspåmelding Gi bud Nærområdet Kart Monsrudvegen 207, 2265 Namnå Annonseinformasjon FINN-kode 459773412 Sist endret 18. sep. 2026 09:11 Referanse 1212260035 Rapporter annonse Annonsene kan være mangelfulle i forhold til lovpålagt opplysningsplikt. Før bindende avtale inngås oppfordres interessenter til å innhente komplett informasjon fra meglerforetaket, selger eller utleier.",2026-09-20T15:41:25+00:00,house
415217582,https://www.finn.no/realestate/homes/ad.html?finnkode=415217582,"Unik innholdsrik eiendom med høy standard - Vestvendt - Fantastisk sjøutsikt - 5,8 mål usjenert tomt - Dobbel garasje","Østre Tromøyvei 852, 4812 Kongshavn",4812,Kongshavn,10 900 000 kr,11 191 590 kr,291 590 kr,,1 642 018 kr,Enebolig,Selveier,,326 m² (BRA-i),374 m²,,5,,2009,3,5 881 m² (eiet),5881,5.9,,4203,224,189,7,"Arkitekttegnet bolig med gjennomtenkt planløsning med store lyse og luftige rom, høy teknisk standard og eksklusive materialvalg. Fremtidsrettet med smarthusløsning på lys, vannbåren varme, balansert ventilasjon med air condition og solskjerming. Her bor du høyt og fritt med panoramautsikt over vakre Hastensund. Vestvendt med gode solforhold. Pent opparbeidet stor og usjenert tomt med mye boltreplass. Boligen inneholder bla. 5 soverom, 2 bad, wc-rom, vaskerom, 3 stuer og kjøkken med fantastisk utsikt fra flere rom. Lydisolert kinorom (treningsrom) med ventilasjonsanlegg. Umiddelbar tilgang til turstier, sjø og badeplasser gjør dette til et drømmested for aktive familier. Her får du både det praktiske og det etiske - Et hjem som både begeistrer og forenkler hverdagen. Ikke boplikt! Minus Vis mindre NB: Knappen for å vise hele beskrivelsen har kun en visuell effekt. Pluss tegn Vis hele beskrivelsen NB: Knappen for å vise hele beskrivelsen har kun en visuell effekt. Salgsoppgaven beskriver vesentlig og lovpålagt informasjon om eiendommen Se komplett salgsoppgave Nyttige lenker Eiendommens hjemmeside Interessert i denne eiendommen? Visning Ta kontakt for å avtale visning. Husk å lese komplett salgsoppgave før visning. Bestill komplett, utskriftsvennlig salgsoppgave. Visningspåmelding Gi bud Nyttige lenker Eiendommens hjemmeside Interessert i denne eiendommen? Nærområdet Kart Østre Tromøyvei 852, 4812 Kongshavn Annonseinformasjon FINN-kode 415217582 Sist endret 07. sep. 2026 12:43 Referanse 59250399 Rapporter annonse Annonsene kan være mangelfulle i forhold til lovpålagt opplysningsplikt. Før bindende avtale inngås oppfordres interessenter til å innhente komplett informasjon fra meglerforetaket, selger eller utleier.",2026-09-20T15:41:26+00:00,house
361324472,https://www.finn.no/realestate/homes/ad.html?finnkode=361324472,"Rena - Romslig, sentralt beliggende enebolig med innredet sokkelkjeller. Vannbåren gulvvarme. Garasje med sokkeletasje.","Ilsåsbakken 15, 2450 Rena",2450,Rena,3 790 000 kr,3 899 640 kr,109 640 kr,,1 032 032 kr,Enebolig,Selveier,,338 m² (BRA-i),440 m²,,4,,1955,,5 184 m² (eiet),5184,5.2,Rom,3422,43,136,5,"Velkommen til Rena og Ilsåsbakken 15! Her har vi gleden av å presentere en romslig enebolig over to plan med innredet sokkelkjeller. Boligen har blant annet to stuer, to kjøkken, 3 bad, vaskerom, toalettrom og fire soverom. Vannbåren gulvvarme. Solrike terrasser i 1.etasje og luftebalkong i 2.etasje. Frittstående garasje med sokkeletasje som har plass til tre biler. Mulighet for lading av el-bil. Det er kort vei til Glomma fra eiendommen, og inn til Rena sentrum er det ca. 1,5 km. Kort vei til barnehage, skoler og Rena leir. Link: https://youtu.be/94Tv_EkBk8o Velkommen til visning! Meld deg på via påmeldingsknappen eller ta kontakt med Hans Petter Carlsson, eiendomsmegler MNEF på tlf. 911 25 518. Minus Vis mindre NB: Knappen for å vise hele beskrivelsen har kun en visuell effekt. Pluss tegn Vis hele beskrivelsen NB: Knappen for å vise hele beskrivelsen har kun en visuell effekt. Salgsoppgaven beskriver vesentlig og lovpålagt informasjon om eiendommen Se komplett salgsoppgave Nyttige lenker Bestill prospekt Gi bud Video Visning Alle våre visninger har påmelding. På denne måten sikrer vi at megler har god oversikt og tid til å imøtekomme alle interessenter på beste måte. Skulle ingen være påmeldt til visningen, vil visningen ikke bli gjennomført. Passer ikke annonsert tidspunkt, ta kontakt så finner vi en løsning. Husk å lese komplett salgsoppgave før visning. Bestill komplett, utskriftsvennlig salgsoppgave. Visningspåmelding Gi bud Nyttige lenker Bestill prospekt Gi bud Video Nærområdet Kart Ilsåsbakken 15, 2450 Rena Annonseinformasjon FINN-kode 361324472 Sist endret 21. aug. 2026 20:31 Referanse GAR14.2462 Rapporter annonse Annonsene kan være mangelfulle i forhold til lovpålagt opplysningsplikt. Før bindende avtale inngås oppfordres interessenter til å innhente komplett informasjon fra meglerforetaket, selger eller utleier.",2026-09-20T15:41:28+00:00,house
457540488,https://www.finn.no/realestate/homes/ad.html?finnkode=457540488,"Landlig idyll med over 6 mål tomt | Enebolig med garasje, uthus og stabbur | Nær marka!","Stensrudveien 4E, 1474 Lørenskog",1474,Lørenskog,7 400 000 kr,7 586 330 kr,186 330 kr,,1 867 260 kr,Enebolig,Selveier,,144 m² (BRA-i),339 m²,,2,,1863,3,6 267 m² (eiet),6267,6.3,,3222,85,6,7,"Magnus Grasmo v/EIE eiendomsmegling har gleden av å presentere Stensrudveien 4E! En eiendom som byr på sjeldne kvaliteter med stor tomt, landlige omgivelser og samtidig kort vei til alt du trenger i hverdagen. Her bor du rolig og tilbaketrukket, omgitt av grønne omgivelser, men med Lørenskog sentrum, kollektivtilbud og servicetilbud kun få minutter unna. Eiendommen strekker seg over hele 6 mål og gir rikelig med plass til både utfoldelse og privatliv. På eiendommen finner du enebolig samt flere praktiske tilleggsbygg som garasje, uthus og et stabbur. Dette gir fleksible bruksmuligheter og ekstra lagringsplass! Høydepunkter: Stor eiendom på ca. 6 267 m² Landlig og idyllisk beliggenhet Enebolig med flere tilleggsbygg Garasje, uthus og stabbur Opparbeidet tomt med plen og beplantning Nær marka med tur- og skiløyper Kort vei til skoler, Ahus, Metro og Lørenskog Storsenter Minus Vis mindre NB: Knappen for å vise hele beskrivelsen har kun en visuell effekt. Pluss tegn Vis hele beskrivelsen NB: Knappen for å vise hele beskrivelsen har kun en visuell effekt. Salgsoppgaven beskriver vesentlig og lovpålagt informasjon om eiendommen Se komplett salgsoppgave Nyttige lenker Gi bud Bestill salgsoppgave Eiendommens hjemmeside Visning Ta kontakt for å avtale visning. Husk å lese komplett salgsoppgave før visning. Bestill komplett, utskriftsvennlig salgsoppgave. Visningspåmelding Nyttige lenker Gi bud Bestill salgsoppgave Eiendommens hjemmeside Nærområdet Kart Stensrudveien 4E, 1474 Lørenskog Annonseinformasjon FINN-kode 457540488 Sist endret 10. sep. 2026 07:37 Referanse 32250299 Rapporter annonse Annonsene kan være mangelfulle i forhold til lovpålagt opplysningsplikt. Før bindende avtale inngås oppfordres interessenter til å innhente komplett informasjon fra meglerforetaket, selger eller utleier.",2026-09-20T15:41:29+00:00,house
411384420,https://www.finn.no/realestate/homes/ad.html?finnkode=411384420,"Særs romslig enebolig på 358 kvm | Tomt med strandlinje på  6,7 mål ved Tunnsjøen |  40 km fra Oslo | Oppusset 2019-2023","Hølandsveien 1026, 1960 Løken",1960,Løken,7 500 000 kr,7 708 730 kr,208 730 kr,,1 172 010 kr,Enebolig,Selveier,,358 m² (BRA-i),388 m²,,6,,1953,3,6 707 m² (eiet),6707,6.7,,3226,47,4,7,"Ellen Celine Heireth v/EIE eiendomsmegling har gleden av å presentere Hølandsveien 1026! Villa Sjøåsen er en storslagen og særdeles innholdsrik enebolig på ca. 389m², beliggende på en solrik kolle ved rett ved Tunnsjøen. Eiendommen måler over 6,7 mål og er omkranset av fredelig og skjermende skog med helårs turterreng rett utenfor døren. Her får du også en egen strandlinje ned mot Tunnsjøen hvor det bl.a. er bade-, fiske- og båtmuligheter. Hele huset ble omfattende oppusset i perioden 2019-2023 og holder en gjennomgående god standard med moderne, samtidig rustikt design. Det er etablert en 2-roms hybel med egen inngang (ikke godkjent). Hoveddelen har bl.a. 3 soverom, bad, wc, vaskerom, 2 stuer med ildsted, kontor, kjøkken og 5 boder. Stor kjeller på 119 m². Solrike uteplasser med fantastisk utsikt ned mot vannet, 2 garasjer og stor gårdsplass kan også nevnes. Denne eiendommen bør sees! Minus Vis mindre NB: Knappen for å vise hele beskrivelsen har kun en visuell effekt. Pluss tegn Vis hele beskrivelsen NB: Knappen for å vise hele beskrivelsen har kun en visuell effekt. Salgsoppgaven beskriver vesentlig og lovpålagt informasjon om eiendommen Se komplett salgsoppgave Nyttige lenker Tilstandsrapport.pdf Gi bud Bestill salgsoppgave Eiendommens hjemmeside Visning lørdag, 26. september 14:00 – 15:00 Legg til i kalender For å yte premium rådgivning, har alle våre visninger påmelding. Dette sikrer at megler har god oversikt og tid til å imøtekomme alle interessenter på aller beste måte. Dersom ingen melder seg 24 timer før visning , blir visningen avlyst. søndag, 27. september 14:00 – 15:00 Legg til i kalender For å yte premium rådgivning, har alle våre visninger påmelding. Dette sikrer at megler har god oversikt og tid til å imøtekomme alle interessenter på aller beste måte. Dersom ingen melder seg 24 timer før visning , blir visningen avlyst. Husk å lese komplett salgsoppgave før visning. Bestill komplett, utskriftsvennlig salgsoppgave. Visningspåmelding Nyttige lenker Tilstandsrapport.pdf Gi bud Bestill salgsoppgave Eiendommens hjemmeside Nærområdet Kart Hølandsveien 1026, 1960 Løken Annonseinformasjon FINN-kode 411384420 Sist endret 18. sep. 2026 18:04 Referanse 32250091 Rapporter annonse Annonsene kan være mangelfulle i forhold til lovpålagt opplysningsplikt. Før bindende avtale inngås oppfordres interessenter til å innhente komplett informasjon fra meglerforetaket, selger eller utleier.",2026-09-20T15:41:31+00:00,house
455103396,https://www.finn.no/realestate/homes/ad.html?finnkode=455103396,"Oppgradert enebolig (fritidsbolig med naust, fjøs og stor tomt (120mål) | Nydelig utsikt | 4 soverom","Tappeluftveien 467, 9545 Langfjordbotn",9545,Langfjordbotn,2  690 000 kr,2 758 340 kr,68 340 kr,,,Enebolig,Selveier,,155 m² (BRA-i),478 m²,,4,,1950,,120 240 m² (eiet),120240,120.2,,5601,4,20,7,"Innholdsrik eiendom i Tappeluft ved Langfjorden i Alta. På eiendommen finnes et bolighus, naust i strandkanten og fjøs med god lagringsplass. Vakker beliggenhet med flott utsikt mot fjord og fjell. Det er gode turmuligheter, enten til fots, på jakt eller med scooter. Det finnes døgnåpen butikk ca. 10 km unna, og ytterligere handelstilbud i både Øksfjord og Burfjord. Alta sentrum nås på litt over én times kjøring. Oppgradert helårsbolig benyttet som fritidsbolig. Boligen har en lys og moderne kjøkkeninnredning fra 2021. Stuen byr på nydelige utsiktsforhold, vedovn og varmepumpe. Videre inkluderer boligen av fire soverom, bad og eget vaskerom. Boligen selges møblert, og med mulighet for snarlig overtakelse. Minus Vis mindre NB: Knappen for å vise hele beskrivelsen har kun en visuell effekt. Pluss tegn Vis hele beskrivelsen NB: Knappen for å vise hele beskrivelsen har kun en visuell effekt. Salgsoppgaven beskriver vesentlig og lovpålagt informasjon om eiendommen Se komplett salgsoppgave Nyttige lenker Meld interesse Se komplett salgsoppgave Gi bud Visning Velkommen til visning! Meld deg på ved å trykke ""visningspåmelding"" i våre boligannonser. Ta gjerne kontakt med megler i forkant av visningen om du har spørsmål. Velkommen til visning! Meld deg på ved å trykke ""visningspåmelding"" i våre boligannonser. Visning med megler til stede vil ikke bli avholdt uten påmeldinger. Ta gjerne kontakt med megler i forkant av visningen om du har spørsmål. Visningspåmelding Gi bud Nyttige lenker Meld interesse Se komplett salgsoppgave Gi bud Nærområdet Kart Tappeluftveien 467, 9545 Langfjordbotn Annonseinformasjon FINN-kode 455103396 Sist endret 09. sep. 2026 20:45 Referanse 802260041 Rapporter annonse Annonsene kan være mangelfulle i forhold til lovpålagt opplysningsplikt. Før bindende avtale inngås oppfordres interessenter til å innhente komplett informasjon fra meglerforetaket, selger eller utleier.",2026-09-20T15:41:32+00:00,house
454147285,https://www.finn.no/realestate/homes/ad.html?finnkode=454147285,"Unik eigedom ved Espelandsvatnet | Stor bustad og landleg, naturskjøn beliggenheit | Butikk-lokaler","Staurdalsvegen 107, 6953 Leirvik i Sogn",6953,Leirvik i Sogn,5 500 000 kr,5 638 590 kr,138 590 kr,,1 335 208 kr,Enebolig,Selveier,,399 m² (BRA-i),722 m²,,7,,2002,,18 062 m² (eiet),18062,18.1,,4637,58,9,5,"Stor eigedom med bustadhus over tre plan, oppført i 2002 og opphavleg bygd som kombinert nærings og bustadbygg, men i dag nytta til bustad i alle etasjar. Bustaden har romsleg planløysing med fleire opphaldsrom, kjøken i både hovudetasje og loft, fleire bad samt godt med soverom og bodareal. På eigedomen står også garasje og eit bygg nytta til butikk/kafè. Eigedomen har ei fredeleg plassering i Leirvik i Sogn, omgitt av klassisk vestlandsnatur med fjord, skog og fjell tett på. Eit av dei største høgdepunkta er plasseringa ved Espelandsvatnet, som gir ei stemningsfull ramme rundt eigedomen og gode moglegheiter for friluftsliv. Samstundes er det kort køyreavstand til Hyllestad med skule, barnehage og servicetilbod. Eigedomen har også jakt og fiskerett. Ta kontakt for visning. Minus Vis mindre NB: Knappen for å vise hele beskrivelsen har kun en visuell effekt. Pluss tegn Vis hele beskrivelsen NB: Knappen for å vise hele beskrivelsen har kun en visuell effekt. Salgsoppgaven beskriver vesentlig og lovpålagt informasjon om eiendommen Se komplett salgsoppgave Nyttige lenker Bestill prospekt Gi bud Visning Ta kontakt for å avtale visning. Husk å lese komplett salgsoppgave før visning. Bestill komplett, utskriftsvennlig salgsoppgave. Visningspåmelding Gi bud Nyttige lenker Bestill prospekt Gi bud Nærområdet Kart Staurdalsvegen 107, 6953 Leirvik i Sogn Annonseinformasjon FINN-kode 454147285 Sist endret 01. juni 2026 16:38 Referanse GAR78.25230 Rapporter annonse Annonsene kan være mangelfulle i forhold til lovpålagt opplysningsplikt. Før bindende avtale inngås oppfordres interessenter til å innhente komplett informasjon fra meglerforetaket, selger eller utleier.",2026-09-20T15:41:34+00:00,house
356790097,https://www.finn.no/realestate/homes/ad.html?finnkode=356790097,"Eksklusiv arkitekttegnet villa på Milde med panoramautsikt | Strandlinje, brygge og basseng | Ca. 11 mål tomt","Skipanesvegen 264, 5259 Hjellestad",5259,Hjellestad,128 000 000 kr,128 320 590 kr,320 590 kr,,6 828 148 kr,Enebolig,Selveier,,477 m² (BRA-i),562 m²,,6,,2023,,11 366 m² (eiet),11366,11.4,A - Gul,4601,104,58,3,"Villa Raa - En spennende, arkitekttegnet villa med majestetisk beliggenhet ved Fanafjorden Velkommen til Villa Raa, en ny og arkitekttegnet villa med spektakulær beliggenhet på Hjellestad. Eiendommen ligger på en unik tomt på ca. 11 mål med panoramautsikt over Fanafjorden, gode solforhold, egen strandlinje og brygge. Skipanesvegen 264 er en historisk eiendom som tidligere var eid av Audun Reksten, sønn av den legendariske rederen Hilmar Reksten. Villaen er tegnet av arkitekt Sven Gundersen og ferdigstilt i 2023 med moderne, tidløs arkitektur, store vindusflater og eksklusive materialvalg. Eiendommen byr på lekre uteområder med svømmebasseng, terrasser og opparbeidet hage som strekker seg ned mot sjøen. Her kan du leve i private og eksklusive omgivelser i perfekt harmoni med naturen. Minus Vis mindre NB: Knappen for å vise hele beskrivelsen har kun en visuell effekt. Pluss tegn Vis hele beskrivelsen NB: Knappen for å vise hele beskrivelsen har kun en visuell effekt. Salgsoppgaven beskriver vesentlig og lovpålagt informasjon om eiendommen Se komplett salgsoppgave Nyttige lenker Verdivurdering egen bolig Hva blir boligen solgt for? Visning Alle våre visninger har påmelding. På denne måten sikrer vi at megler har god oversikt og tid til å imøtekomme alle interessenter på beste måte. Dette er veldig verdifullt for boligkjøpere og for oss. Det er enkelt å melde seg på, og du kan like enkelt melde deg av. Kontakt også gjerne megler i forkant av visning dersom du har spørsmål. Husk å lese komplett salgsoppgave før visning. Bestill komplett, utskriftsvennlig salgsoppgave. Visningspåmelding Gi bud Nyttige lenker Verdivurdering egen bolig Hva blir boligen solgt for? Nærområdet Kart Skipanesvegen 264, 5259 Hjellestad Annonseinformasjon FINN-kode 356790097 Sist endret 28. mars 2026 04:05 Referanse 74230478 Rapporter annonse Annonsene kan være mangelfulle i forhold til lovpålagt opplysningsplikt. Før bindende avtale inngås oppfordres interessenter til å innhente komplett informasjon fra meglerforetaket, selger eller utleier.",2026-09-20T15:41:36+00:00,house
452600298,https://www.finn.no/realestate/homes/ad.html?finnkode=452600298,Stor enebolig med 5 soverom og to tilleggs tomter - totalt 10 mål i Vestre Jakobselv - NY PRIS,"Mettäperä 9, 9802 Vestre Jakobselv",9802,Vestre Jakobselv,2 500 000 kr,2 565 595 kr,65 595 kr,,700 678 kr,Enebolig,Selveier,,272 m² (BRA-i),335 m²,,5,,1966,,10 403 m²,10403,10.4,,5607,5,167,5,"Denne romslige eneboligen kommer sammen med to tilleggs tomter og utgjør til sammen et generøst areal på ca. 10 mål i Vestre Jakobselv. Eiendommen ligger tilbaketrukket fra hovedveien, i rolige og naturskjønne omgivelser - med kort avstand til den populære lakseelva Vestre Jakobselv og flotte jakt- og friluftsområder. Det er muligheter for å lage til utleie i boligens underetasje. Dette må eventuelt søkes om til kommunen. Det gis ingen garantier for at en slik tillatelse vil bli gitt. Kjøper overtar all ansvar og risiko ifbm dette. Boligen fremstår med normal standard, men det må påregnes behov for ytterligere oppgraderinger. Med stort tomteareal og den ene tomten regulert som landbruksareal, ligger alt til rette for deg som ønsker plass, prosjekter eller fleksible bruksområder. Minus Vis mindre NB: Knappen for å vise hele beskrivelsen har kun en visuell effekt. Pluss tegn Vis hele beskrivelsen NB: Knappen for å vise hele beskrivelsen har kun en visuell effekt. Salgsoppgaven beskriver vesentlig og lovpålagt informasjon om eiendommen Se komplett salgsoppgave Nyttige lenker Eiendommens hjemmeside Bestill salgsoppgave Visning Ta kontakt for å avtale visning. Husk å lese komplett salgsoppgave før visning. Bestill komplett, utskriftsvennlig salgsoppgave. Visningspåmelding Gi bud Nyttige lenker Eiendommens hjemmeside Bestill salgsoppgave Nærområdet Kart Mettäperä 9, 9802 Vestre Jakobselv Annonseinformasjon FINN-kode 452600298 Sist endret 22. juli 2026 14:00 Referanse 7260009 Rapporter annonse Annonsene kan være mangelfulle i forhold til lovpålagt opplysningsplikt. Før bindende avtale inngås oppfordres interessenter til å innhente komplett informasjon fra meglerforetaket, selger eller utleier.",2026-09-20T15:41:37+00:00,house
450258996,https://www.finn.no/realestate/homes/ad.html?finnkode=450258996,Enebolig på Austevoll - Stolmen,"Stangelandsvegen 15, 5398 Stolmen",5398,Stolmen,2 250 000 kr,2 307 600 kr,57 600 kr,,562 415 kr,Enebolig,Selveier,,176 m² (BRA-i),291 m²,,4,,1937,,6 871 m² (eiet),6871,6.9,,4625,18,11,1,"Stangelandsvegen 15, er en enebolig med en attraktiv og sjønær beliggenhet på Stolmen på Austevoll, boligen har i tillegg garasje og Løe/uthus Det er mange gode turmuligheter i området, bl.a. Nordsjøløypa og Folkestien. Joker Stolmen ligger ca. 900 meter fra boligen Boligen trenger oppgradering, spesielt av fasader og grunnmur. Minus Vis mindre NB: Knappen for å vise hele beskrivelsen har kun en visuell effekt. Pluss tegn Vis hele beskrivelsen NB: Knappen for å vise hele beskrivelsen har kun en visuell effekt. Salgsoppgaven beskriver vesentlig og lovpålagt informasjon om eiendommen Se komplett salgsoppgave Nyttige lenker Bestill salgsoppgave Visning Ta kontakt med megler for å avtale visning. Husk å lese komplett salgsoppgave før visning. Bestill komplett, utskriftsvennlig salgsoppgave. Nyttige lenker Bestill salgsoppgave Nærområdet Kart Stangelandsvegen 15, 5398 Stolmen Annonseinformasjon FINN-kode 450258996 Sist endret 17. juli 2026 18:37 Referanse 115260001 Rapporter annonse Annonsene kan være mangelfulle i forhold til lovpålagt opplysningsplikt. Før bindende avtale inngås oppfordres interessenter til å innhente komplett informasjon fra meglerforetaket, selger eller utleier.",2026-09-20T15:41:38+00:00,house
449783875,https://www.finn.no/realestate/homes/ad.html?finnkode=449783875,Stor eiendom med potensiale - 23162 kvm - strandtomt - sentralt - bør sees!,"Fastlandsveien 62, 1684 Vesterøy",1684,Vesterøy,6 000 000 kr,6 151 350 kr,151 350 kr,,,Enebolig,Selveier,,131 m² (BRA-i),131 m²,,3,,1994,,23 162 m² (eiet),23162,23.2,,3110,51,56,5,"Dette er en sjelden mulighet til å erverve en stor og attraktiv eiendom med betydelig utviklingspotensial. Totalt tomteareal utgjør hele 23 162 kvm og består av fire eiendommer som selges samlet. To av eiendommene er bebygd med hver sin enebolig, hvorav den ene har dobbelgarasje. I tillegg medfølger en svært romslig tomt på 19 675,5 kvm med tilhørende areal ved sjøen. Denne tomten ligger som en naturlig forlengelse av den ene eiendommen og gir unike muligheter. Eiendommen ligger sentralt til langs Fastlandsveien - hovedfartsåren til Hvaler - med umiddelbar nærhet til butikker og restauranter. Det er bussforbindelse rett utenfor eiendommen med hyppige avganger til og fra Fredrikstad og Skjærhalden. En eiendom med stort potensial som absolutt bør vurderes. Minus Vis mindre NB: Knappen for å vise hele beskrivelsen har kun en visuell effekt. Pluss tegn Vis hele beskrivelsen NB: Knappen for å vise hele beskrivelsen har kun en visuell effekt. Salgsoppgaven beskriver vesentlig og lovpålagt informasjon om eiendommen Se komplett salgsoppgave Nyttige lenker Gi bud Bestill salgsoppgave Eiendommens hjemmeside Hjemmeside Visning Ta kontakt for å avtale visning. Husk å lese komplett salgsoppgave før visning. Bestill komplett, utskriftsvennlig salgsoppgave. Visningspåmelding Gi bud Nyttige lenker Gi bud Bestill salgsoppgave Eiendommens hjemmeside Hjemmeside Nærområdet Kart Fastlandsveien 62, 1684 Vesterøy Annonseinformasjon FINN-kode 449783875 Sist endret 26. aug. 2026 15:32 Referanse 202260018 Rapporter annonse Annonsene kan være mangelfulle i forhold til lovpålagt opplysningsplikt. Før bindende avtale inngås oppfordres interessenter til å innhente komplett informasjon fra meglerforetaket, selger eller utleier.",2026-09-20T15:41:40+00:00,house
406666190,https://www.finn.no/realestate/homes/ad.html?finnkode=406666190,Spektakulær beliggenhet mot havet - nydelig bebyggelse - kort vei til Stavanger - Totalt ca. 97.6 dekar tomt,"Haver 64, 4364 Sirevåg",4364,Sirevåg,24 000 000 kr,24 552 000 kr,552 000 kr,,592 712 kr,Enebolig,Selveier,,207 m² (BRA-i),328 m²,,3,,2018,,97 600 m² (eiet),97600,97.6,,1119,89,1,5,"Eiendom med spektakulær beliggenhet med havet midt i mot. Ca. 50 minutter sør for Stavanger. God gjennomført arkitektur- tegnet av arkitektene Jarmund/Vigsnæs. Godt materialvalg og gjennomgående høy standard. Beliggende i et nydelig og vakkert kystlandskap - dette er Jæren på sitt aller beste. Panorama utsikt mot sjøen og havet. Vestvendt med sol til siste time om kvelden. To tomter på totalet 97.6 dekar - flotte utplasser og lang strandlinje. Kort vei til tettstedet Sirevåg som kan by på kafe, bakeri, dagligvare og kultur. Det er også kort vei til Ogna. Velkommen til det gode liv ute ved havet. Minus Vis mindre NB: Knappen for å vise hele beskrivelsen har kun en visuell effekt. Pluss tegn Vis hele beskrivelsen NB: Knappen for å vise hele beskrivelsen har kun en visuell effekt. Salgsoppgaven beskriver vesentlig og lovpålagt informasjon om eiendommen Se komplett salgsoppgave Nyttige lenker Se komplett salgsoppgave Visning Ta kontakt med megler for visning. Velkommen! Husk å lese komplett salgsoppgave før visning. Bestill komplett, utskriftsvennlig salgsoppgave. Visningspåmelding Gi bud Nyttige lenker Se komplett salgsoppgave Nærområdet Kart Haver 64, 4364 Sirevåg Annonseinformasjon FINN-kode 406666190 Sist endret 30. juli 2026 08:12 Referanse 20-25-0223 Rapporter annonse Annonsene kan være mangelfulle i forhold til lovpålagt opplysningsplikt. Før bindende avtale inngås oppfordres interessenter til å innhente komplett informasjon fra meglerforetaket, selger eller utleier.",2026-09-20T15:41:41+00:00,house
447432674,https://www.finn.no/realestate/homes/ad.html?finnkode=447432674,"Vakkert tun med over 8 mål tomt | Ingen boplikt | Romslig hovedhus fra 1863, stort anneks, garasje og låve","Vekkomsvegen 139, 2630 Ringebu",2630,Ringebu,5 800 000 kr,5 946 350 kr,146 350 kr,,554 127 kr,Enebolig,Selveier,,357 m² (BRA-i),703 m²,,6,,1863,,8 143 m² (eiet),8143,8.1,G - Oransje,3439,48,2,5,"Idyllisk og innholdsrikt boligtun med flott utsikt, beliggende ca. 1,5 km øst for Ringebu sentrum. Kun 20 min til Kvitfjell. Hovedhuset fra 1863 står i sentrum av tunet og har opprinnelig vært skolestue i bygda. Boligen går over tre plan med stor stue, peisestue, kjøkken, skolestue og fem soverom. Eiendommen består også av et innredet anneks, låve/fjøs, snekkerverksted(kan evt omgjøres til en ekstra leilighet), lysthus, gapahuk og drivhus. Tomten er på over 8 mål og byr på frodig beplantning, åker, trær og bærbusker - ideelt for den som ønsker god plass, ro og mulighet for selvberging. Tunet har solrik og vestvendt beliggenhet med vakker utsikt og god avstand til naboer. Et sted med historie, sjel og mange bruksområder - enten du ønsker familiehjem, gårdsliv, hobbybruk eller en eiendom med plass og karakter. Minus Vis mindre NB: Knappen for å vise hele beskrivelsen har kun en visuell effekt. Pluss tegn Vis hele beskrivelsen NB: Knappen for å vise hele beskrivelsen har kun en visuell effekt. Salgsoppgaven beskriver vesentlig og lovpålagt informasjon om eiendommen Se komplett salgsoppgave Nyttige lenker Salgsoppgave eie.no Gi bud Bestill salgsoppgave Eiendommens hjemmeside Visning Ta kontakt for å avtale visning. Husk å lese komplett salgsoppgave før visning. Bestill komplett, utskriftsvennlig salgsoppgave. Visningspåmelding Nyttige lenker Salgsoppgave eie.no Gi bud Bestill salgsoppgave Eiendommens hjemmeside Nærområdet Kart Vekkomsvegen 139, 2630 Ringebu Annonseinformasjon FINN-kode 447432674 Sist endret 24. aug. 2026 15:28 Referanse 85260019 Rapporter annonse Annonsene kan være mangelfulle i forhold til lovpålagt opplysningsplikt. Før bindende avtale inngås oppfordres interessenter til å innhente komplett informasjon fra meglerforetaket, selger eller utleier.",2026-09-20T15:41:43+00:00,house
358163715,https://www.finn.no/realestate/homes/ad.html?finnkode=358163715,"Bortgjemt & uslipt diamant, en enestående eiendom i attraktivt område med høyt potensial. Hele ""Solås"" til salgs!","Haneholmveien 194, 3230 Sandefjord",3230,Sandefjord,9 500 000 kr,9 738 590 kr,238 590 kr,,1 227 154 kr,Enebolig,Selveier,,233 m² (BRA-i),301 m²,,2,,1965,,7 712 m² (eiet),7712,7.7,Rom,3907,132,143,5,"Boligen blir rettmessig svartmalt av takstmann i forhold til teknisk standard, men for det trente øyet hviler det potensielt en juvel her. Det er også et åpenbart potensial med så mye tomt- både for å utvikle en stor flott enebolig, eller om en helt/delvis vil utnytte eiendommen på en annen måte: Totaltsett en virkelig spennende eiendom med flere muligheter, tør du la denne gå fra deg- den fortjener i allefall en nærmere titt. Det ryktes også at i sine glansdager hadde boligen sjøgløtt, selvom det kanskje ikke er like tydelig slik den står nå. Tidligere har det også vært en privat dam, en oase av uteområder og ikke minst et skikkelig stilig arkitekttegnet hus. Ellers ligger eiendommen i et område som er avsatt til boligbebyggelse med normale regler for eventuell bebyggelse. Minus Vis mindre NB: Knappen for å vise hele beskrivelsen har kun en visuell effekt. Pluss tegn Vis hele beskrivelsen NB: Knappen for å vise hele beskrivelsen har kun en visuell effekt. Salgsoppgaven beskriver vesentlig og lovpålagt informasjon om eiendommen Se komplett salgsoppgave Nyttige lenker Meld interesse Se komplett salgsoppgave Gi bud Visning Velkommen til visning! Meld deg på ved å trykke ""visningspåmelding"" i våre boligannonser. Visning med megler til stede vil ikke bli avholdt uten påmeldinger. Ta gjerne kontakt med megler i forkant av visningen om du har spørsmål. Visningspåmelding Gi bud Nyttige lenker Meld interesse Se komplett salgsoppgave Gi bud Nærområdet Kart Haneholmveien 194, 3230 Sandefjord Annonseinformasjon FINN-kode 358163715 Sist endret 27. aug. 2026 09:26 Referanse 605240118 Rapporter annonse Annonsene kan være mangelfulle i forhold til lovpålagt opplysningsplikt. Før bindende avtale inngås oppfordres interessenter til å innhente komplett informasjon fra meglerforetaket, selger eller utleier.",2026-09-20T15:41:44+00:00,house
420724902,https://www.finn.no/realestate/homes/ad.html?finnkode=420724902,"Landlig og usjenert småbruk med dblgarasje og stall. Hele 8,8 mål tomt, utsikt og vannbåren gulvvarme.","Skarpeborgeveien 60, 3160 Stokke",3160,Stokke,7 850 000 kr,8 047 640 kr,197 640 kr,,1 298 868 kr,Enebolig,Selveier,,156 m² (BRA-i),156 m²,,3,,2003,2,8 802 m² (eiet),8802,8.8,,3907,504,14,5,"Velkommen til denne flotte boligen med dobbelgarasje og stall/driftsbygning, perfekt for deg som ønsker et rolig og landlig liv. Eiendommen er på hele 8,8 mål med gode muligheter for dyrehold. Boligen ligger på et høydedrag og har fantastisk utsikt over det åpne landskapet og gode solforhold. Eiendommen er usjenert og skjermet, ideell for deg som verdsetter privatliv og fredelig omgivelser. Et flott sted for deg som ønsker et aktivt landlig liv med alle fasiliteter i nærheten. Velholdt enebolig fra 2004 over 1 ½ etasje med god planløsning og vannbåren gulvvarme basert på grunnvannsvarme. Kjøkken fra 2008 med integrerte hvitevarer og bad fra hhv. 2004 og 2007. Velkommen til visning! Husk påmelding. Minus Vis mindre NB: Knappen for å vise hele beskrivelsen har kun en visuell effekt. Pluss tegn Vis hele beskrivelsen NB: Knappen for å vise hele beskrivelsen har kun en visuell effekt. Salgsoppgaven beskriver vesentlig og lovpålagt informasjon om eiendommen Se komplett salgsoppgave Visning Ta kontakt for å avtale visning. Husk å lese komplett salgsoppgave før visning. Bestill komplett, utskriftsvennlig salgsoppgave. Visningspåmelding Gi bud Nærområdet Kart Skarpeborgeveien 60, 3160 Stokke Annonseinformasjon FINN-kode 420724902 Sist endret 18. sep. 2026 08:25 Referanse 1311250044 Rapporter annonse Annonsene kan være mangelfulle i forhold til lovpålagt opplysningsplikt. Før bindende avtale inngås oppfordres interessenter til å innhente komplett informasjon fra meglerforetaket, selger eller utleier.",2026-09-20T15:41:45+00:00,house
445777037,https://www.finn.no/realestate/homes/ad.html?finnkode=445777037,HARALDSTAD - Eiendom med eldre bolighus og uthus beliggende på Haraldstad. Grense til sjø. Rett til båtplass.,"Haraldstad 47, 4521 Lindesnes",4521,Lindesnes,900 000 kr,925 785 kr,25 785 kr,,90 792 kr,Enebolig,Selveier,,74 m² (BRA-i),74 m²,,,,1880,,241 063 m² (eiet),241063,241.1,,4205,472,1,5,"Velkommen til Haraldstad 47 Vi har nå for salg en eiendom på Haraldstad i Lindesnes kommune. Denne består av 2 teiger. Eiendommen grenser i nordvest ned mot Grønsfjorden. Det medfølger bruksrett til båtplass ved sjøen. Eiendom har veirett ned til sjøen og grenser inntil eksisterende hyttefelt. Iflg. gårdskart har eiendommen et totalt areal på ca. 241 dekar. Boligen er oppført i tre og byggeår antatt til ca. 1880. Boligen og uthus må sees på som et rivningsobjekt. Eiendom er Ikke tilknyttet parkeringsplass, strøm, avløp eller vann. Eiendommen er konsesjonspliktig. Velkommen til visning Minus Vis mindre NB: Knappen for å vise hele beskrivelsen har kun en visuell effekt. Pluss tegn Vis hele beskrivelsen NB: Knappen for å vise hele beskrivelsen har kun en visuell effekt. Salgsoppgaven beskriver vesentlig og lovpålagt informasjon om eiendommen Se komplett salgsoppgave Nyttige lenker Bestill prospekt fra tilbyder Visning Alle Boligmegleren sine visninger har påmelding. Påmelding gjør du enkelt ved å benytte knappen under. Skulle oppsatt tidspunkt ikke passe, kontakt megler - så finner vi en passende tid. Skulle ingen være påmeldt til visningen innen kl. 12.00 samme dagen som oppatt visning, vil visningen ikke bli gjennomført. Velkommen til en hyggelig visning. Husk å lese komplett salgsoppgave før visning. Bestill komplett, utskriftsvennlig salgsoppgave. Visningspåmelding Nyttige lenker Bestill prospekt fra tilbyder Nærområdet Kart Haraldstad 47, 4521 Lindesnes Annonseinformasjon FINN-kode 445777037 Sist endret 18. sep. 2026 04:15 Referanse 1250045 Rapporter annonse Annonsene kan være mangelfulle i forhold til lovpålagt opplysningsplikt. Før bindende avtale inngås oppfordres interessenter til å innhente komplett informasjon fra meglerforetaket, selger eller utleier.",2026-09-20T15:41:46+00:00,house
443567563,https://www.finn.no/realestate/homes/ad.html?finnkode=443567563,"NY PRIS: 750.000,- Enebolig i Halsavegen 608","Halsavegen 608, 6680 Halsanaustan",6680,Halsanaustan,750 000 kr,769 840 kr,19 840 kr,,,Enebolig,Selveier,,161 m² (BRA-i),174 m²,,4,,1946,,7 499 m² (eiet),7499,7.5,,5055,219,9,3,"VELKOMMEN TIL HALSAVEGEN 608! Innholdsrik enebolig med 4 soverom, stor eiet tomt på ca 7,5 dekar. Eiendommen ligger ca 6 km fra Halsa med flott utsikt over Skålvikfjorden. Det må påregnes oppgraderinger og påkostninger for å få boligen i tilfredsstillende stand. Se komplett salgsoppgave for mer informasjon om boligen. Våre visninger har påmelding. Dette gjør vi for å kunne yte best mulig service.Vi anbefaler at salgsoppgaven lastes ned digitalt før visning. Ring oss gjerne på forhånd med spørsmål om boligen. Minus Vis mindre NB: Knappen for å vise hele beskrivelsen har kun en visuell effekt. Pluss tegn Vis hele beskrivelsen NB: Knappen for å vise hele beskrivelsen har kun en visuell effekt. Salgsoppgaven beskriver vesentlig og lovpålagt informasjon om eiendommen Se komplett salgsoppgave Nyttige lenker Bestill salgsoppgave Visning Ta kontakt for å avtale visning. Husk å lese komplett salgsoppgave før visning. Bestill komplett, utskriftsvennlig salgsoppgave. Visningspåmelding Nyttige lenker Bestill salgsoppgave Nærområdet Kart Halsavegen 608, 6680 Halsanaustan Annonseinformasjon FINN-kode 443567563 Sist endret 13. aug. 2026 04:13 Referanse 40250055 Rapporter annonse Annonsene kan være mangelfulle i forhold til lovpålagt opplysningsplikt. Før bindende avtale inngås oppfordres interessenter til å innhente komplett informasjon fra meglerforetaket, selger eller utleier.",2026-09-20T15:41:47+00:00,house
404662779,https://www.finn.no/realestate/homes/ad.html?finnkode=404662779,Frittliggende enebolig over to plan med stor terrasse og god planløsning!,"Tirilltunga 15, 2611 Lillehammer",2611,Lillehammer,2 900 000 kr,3 415 809 kr,1 350 kr,514 459 kr,1 010 921 kr,Enebolig,Andel,,121 m² (BRA-i),121 m²,,3,,1982,2,28 051 m² (eiet),28051,28.1,,3405,67,91,5,"Velkommen til Tirilltunga 15! Dette er en frittliggende enebolig som går over to plan. Boligen inneholder to innganger, pent kjøkken, lys og romslig stue med vedovn, tre gode soverom med garderobe, flislagt bad med gulvvarme og praktisk wc-rom. Det er utgang fra stuen til en romslig balkong, samt en hage med stort potensial! Det er en fin sportsbod på oversiden av huset, samt en el-bil lader. Huset ligger i et rolig veletablert borettslag, kun en kort kjøretur fra Lillehammer sentrum. Her kan du nye nyte flotte naturomgivelser og god utsikt! Med nærhet til både barnehager, skoler og flere fritidstilbud, er dette et perfekt sted å bo for familier i alle livsfaser. For pendleren er det også gode transportmuligheter, og det er rikelig med parkeringsplasser. Minus Vis mindre NB: Knappen for å vise hele beskrivelsen har kun en visuell effekt. Pluss tegn Vis hele beskrivelsen NB: Knappen for å vise hele beskrivelsen har kun en visuell effekt. Salgsoppgaven beskriver vesentlig og lovpålagt informasjon om eiendommen Se komplett salgsoppgave Visning Ta kontakt for å avtale visning. Husk å lese komplett salgsoppgave før visning. Bestill komplett, utskriftsvennlig salgsoppgave. Visningspåmelding Gi bud Nærområdet Kart Tirilltunga 15, 2611 Lillehammer Annonseinformasjon FINN-kode 404662779 Sist endret 18. sep. 2026 12:15 Referanse 1207250027 Rapporter annonse Annonsene kan være mangelfulle i forhold til lovpålagt opplysningsplikt. Før bindende avtale inngås oppfordres interessenter til å innhente komplett informasjon fra meglerforetaket, selger eller utleier.",2026-09-20T15:41:48+00:00,house
428465694,https://www.finn.no/realestate/homes/ad.html?finnkode=428465694,Herlig Byvilla på 6 mål tomt - Stort potensiale - Nydelig utsikt -  Usjenert og solrik - Moderne!,"Kjellelia 2, 3125 Tønsberg",3125,Tønsberg,14 800 000 kr,15 190 990 kr,390 990 kr,,1 521 762 kr,Enebolig,Selveier,,202 m² (BRA-i),220 m²,,3,,1931,,6 098 m² (eiet),6098,6.1,G - Rød,3905,51,22,5,,2026-09-20T15:41:50+00:00,house
427635750,https://www.finn.no/realestate/homes/ad.html?finnkode=427635750,BUD MOTTATT! - Enebolig med attraktiv beliggenhet på Grytøya,"Grytøyveien 94, 9420 Lundenes",9420,Lundenes,1 900 000 kr,1 948 085 kr,48 085 kr,,475 000 kr,Enebolig,Selveier,,,253 m²,,8,,1965,,18 202 m² (eiet),18202,18.2,G - Rød,5506,104,33,3,"Grytøyveien 94 – frittliggende våningshus over to etasjer med kjeller, beliggende i landlige og rolige omgivelser sør på Grytøya, Lundenes i Harstad kommune. Her bor du med flott utsikt over omkringliggende natur og normalt gode solforhold. Eiendommen har en skrånende tomt med opparbeidet grøntareal, spredt beplanting og gruset gårdsplass med mulighet for parkering til flere biler. Boligen er oppført i 1965 og har senere blitt tilbygget. Planløsningen omfatter kjeller, 1. og 2. etasje, med et bruksareal (BRA) på 253 m². Huset inneholder blant annet 2 stuer, 2 kjøkken, 2 bad, vaskerom, 8 soverom, flere boder og romslige verandaer i begge etasjer, noe som gir fleksible løsninger for både familier og de med behov for ekstra plass. Boligen har normal standard ut fra alder og konstruksjon, men det er etterslep på vedlikehold og flere bygningsdeler har behov for oppgradering. Det må påregnes større påkostninger, særlig på våtrom, enkelte overflater, drenering, vinduer, kledning, taktekking og utvendige bygningsdeler. Begge bad og vaskerom er av eldre dato og må totalrenoveres for å tilfredsstille dagens krav. Kjøkkeninnredningene har slitasje og bør påregnes utskiftet. Det er også behov for oppgradering av tekniske installasjoner og elektrisk anlegg. Samtidig får du et godt utgangspunkt for å skape et trivelig hjem i naturskjønne omgivelser med nærhet til både sjø og fjell. Eiendommen har offentlig vann via private stikkledninger og trolig privat avløp via septik, og ligger i et område regulert til landbruks-, natur- og friluftsformål. Dette er en bolig med stort potensial for deg som ønsker å sette ditt eget preg og skape et hjem i et rolig og landlig område på Grytøya. Ta kontakt for mer informasjon om denne eiendommen! Adkomst Vertikaldelt våningshus over to etasjer med kjeller under opprinnelig del. Bygget i 1965, senere tilbygget. Eiendommen har landlig beliggenhet med spredt bebyggelse, god utsikt og normale solforhold. Tomten er opparbeidet med grøntareal, spredt beplatning og gruset gårdsplass med parkeringsmuligheter. Våningshuset har 2 vindfang, vaskerom, 2 bad, 2 stuer, 2 kjøkken, 3 ganger, 8 soverom og 5 boder. Det er veranda i både 1. og 2. etasje. Utfyllende informasjon om fellesgjeld og felleskostnader Annen info 1 Annen info 2 Annen info 3 Annen info 4 Annen info 5 Beskaffenhet Tomtens størrelse: 18 202,6 m² (eiet tomt). Skrånende tomt, opparbeidet med grøntareal og spredt beplantning. Gruset gårdsplass. Mulighet for parkering for flere biler. Ingen kjente spesielle forhold som strandlinje eller fredet område, men eiendommen er berørt av kulturminne med enkeltminner og sikringssoner. Minus Vis mindre NB: Knappen for å vise hele beskrivelsen har kun en visuell effekt. Pluss tegn Vis hele beskrivelsen NB: Knappen for å vise hele beskrivelsen har kun en visuell effekt. Ta kontakt med megler for komplett informasjon Nyttige lenker Salgsoppgave Visning Ta kontakt for å avtale visning. Nyttige lenker Salgsoppgave Nærområdet Kart Grytøyveien 94, 9420 Lundenes Annonseinformasjon FINN-kode 427635750 Sist endret 03. juli 2026 08:11 Referanse Grytøyveien 94 Rapporter annonse Annonsene kan være mangelfulle i forhold til lovpålagt opplysningsplikt. Før bindende avtale inngås oppfordres interessenter til å innhente komplett informasjon fra meglerforetaket, selger eller utleier.",2026-09-20T15:41:51+00:00,house
428146220,https://www.finn.no/realestate/homes/ad.html?finnkode=428146220,Oppgradert og rimelig enebolig - med fantastisk utsikt!,"Haugsbygda 301, 6082 Gursken",6082,Gursken,2 350 000 kr,2 410 100 kr,60 100 kr,0 kr,507 811 kr,Enebolig,Selveier,168 m²,,168 m²,,9,,1947,,5 787 m² (eiet),5787,5.8,,1514,11,10,1,"Flott enebolig med oppgradert standard, god plass (stor stue og mange rom), hage, egen parkering, og veranda med fantastisk utsikt. Flere av soverommene kan enkelt brukes til andre formål, f.eks. som kontor eller bod/lagring.",2026-09-20T15:41:53+00:00,house
309101483,https://www.finn.no/realestate/homes/ad.html?finnkode=309101483,"Ærverdig, vakker & herskapelig villa med unikt særpreg , 4 stuer og 8 sov|Stor og idyllisk tomt ca 34 mål |Barnevennlig","Trollhaugvegen 7, 2073 Bøn",2073,Bøn,13 900 000 kr,14 248 850 kr,348 850 kr,,2 055 593 kr,Enebolig,Selveier,,655 m² (BRA-i),668 m²,,8,,1917,4,34 867 m² (eiet),34867,34.9,Rom,3240,137,17,7,"Velkommen til Trollhaugvegen 7 og denne vakre villaen! Dette er en sjelden mulighet til å skaffe seg en fantastisk eiendom uten sidestykke! Denne unike villaen strekker seg over tre etasjer pluss kjeller, og er en innholdsrik bolig med sjenerøse himlingshøyder. Dette er en perle av en eiendom, og et fantastisk spennende hus med mye historie i veggene. Villaen har blant annet 4 flotte stuer, et nyere kjøkken, og 8 store soverom. I kjelleren finner man både biljard- og kinorom, samt et stort vaskerom og mye bodplass. Villaen har en idyllisk hage og flotte uteplasser. Her finner man både karpedamp med fontene, utesjakk og gruset gårdsplass med en nydelig elektrisk smijernsport. På tomten er det også oppført trippelgarasje og uteboder. Det medfølger 2 ekstra tomter på 25,7 daa og 6254 kvm. Minus Vis mindre NB: Knappen for å vise hele beskrivelsen har kun en visuell effekt. Pluss tegn Vis hele beskrivelsen NB: Knappen for å vise hele beskrivelsen har kun en visuell effekt. Salgsoppgaven beskriver vesentlig og lovpålagt informasjon om eiendommen Se komplett salgsoppgave Nyttige lenker Bestill salgsoppgave Visning Ta kontakt for å avtale visning. Husk å lese komplett salgsoppgave før visning. Bestill komplett, utskriftsvennlig salgsoppgave. Visningspåmelding Gi bud Nyttige lenker Bestill salgsoppgave Nærområdet Kart Trollhaugvegen 7, 2073 Bøn Annonseinformasjon FINN-kode 309101483 Sist endret 06. aug. 2026 15:37 Referanse 6035260021 Rapporter annonse Annonsene kan være mangelfulle i forhold til lovpålagt opplysningsplikt. Før bindende avtale inngås oppfordres interessenter til å innhente komplett informasjon fra meglerforetaket, selger eller utleier.",2026-09-20T15:41:54+00:00,house
419923473,https://www.finn.no/realestate/homes/ad.html?finnkode=419923473,Innholdsrik enebolig med stor og solrik tomt. Låve og uthus. Koselig beliggenhet.,"Syrmoen 1, 2480 Koppang",2480,Koppang,1 590 000 kr,1 631 140 kr,41 140 kr,,331 384 kr,Enebolig,Selveier,,233 m² (BRA-i),368 m²,,4,,1955,2,5 650 m² (eiet),5650,5.7,,3423,17,26,5,"Velkommen til Syrmoen 1 - en koselig enebolig med god plass og mange muligheter! Eiendommen ligger landlig og fredelig til, kun en kort kjøretur fra Koppang sentrum, og kombinerer det beste av to verdener: rolig og naturnært, men samtidig nært alle nødvendige fasiliteter. Eiendommen på Syrmoen har en stor og solrik tomt som byr på mange bruksområder. Her kan barna boltre seg i hagen med lek og aktiviteter, mens de voksne kan nyte stille sommerkvelder eller skape sin egen grønne oase med blomster og beplantning. Den romslige låven på eiendommen gir rikelig med lagringsplass, og kan egne seg til hobbyprosjekter, verksted eller annen praktisk bruk. Området byr på rike turmuligheter året rundt - enten du trives med jakt og fiske, lange turer i skog og mark, eller avslappende dager ved Glomma Minus Vis mindre NB: Knappen for å vise hele beskrivelsen har kun en visuell effekt. Pluss tegn Vis hele beskrivelsen NB: Knappen for å vise hele beskrivelsen har kun en visuell effekt. Salgsoppgaven beskriver vesentlig og lovpålagt informasjon om eiendommen Se komplett salgsoppgave Visning Ta kontakt for å avtale visning. Husk å lese komplett salgsoppgave før visning. Bestill komplett, utskriftsvennlig salgsoppgave. Visningspåmelding Gi bud Nærområdet Kart Syrmoen 1, 2480 Koppang Annonseinformasjon FINN-kode 419923473 Sist endret 18. sep. 2026 15:29 Referanse 1211250178 Rapporter annonse Annonsene kan være mangelfulle i forhold til lovpålagt opplysningsplikt. Før bindende avtale inngås oppfordres interessenter til å innhente komplett informasjon fra meglerforetaket, selger eller utleier.",2026-09-20T15:41:55+00:00,house
414869337,https://www.finn.no/realestate/homes/ad.html?finnkode=414869337,Lofoten - Kleppstad - attraktiv og svært påkostet eiendom - solid bebyggelse - egen båthavn - utmark,"Kleppstad 2, 8313 Kleppstad",8313,Kleppstad,39 000 000 kr,39 976 090 kr,976 090 kr,,7 231 125 kr,Enebolig,Selveier,,400 m² (BRA-i),762 m²,,9,,2008,,760 000 m² (eiet),760000,760.0,Rom,1865,58,1,7,"Attraktiv og meget påkostet eiendom med sentral beliggenhet i Lofoten. Solid bebyggelse - hovedhus med høy standard, enebolig, garasjebygg, sjøhus. Representativt hovedhus med blant annet 7 soverom, 7 bad, kjøkkenavdeling og flere stuer. Stor og skjermet båthavn med plass til flere båter. Større utmarksdel med jakt og fiske. Anlagt sherpatrapp fra tunet og opp til utsiktspunkt. Beliggende i vakker nordnorsk natur med panorama utsikt mot fjord og fjell. De beste solforhold hvor man opplever midtnattsol og nordlys. Eiendommen har en sentral beliggenhet i Lofoten - kort avstand til Gimsøya og Lofoten links golfbane. 20 - 30 minutter til Svolvær og Svolvær flyhavn, ca. 10 minutter til Henningsvær. Det foreligger skisseforslag på utvikling av deler av eiendommen. Se skisser. Minus Vis mindre NB: Knappen for å vise hele beskrivelsen har kun en visuell effekt. Pluss tegn Vis hele beskrivelsen NB: Knappen for å vise hele beskrivelsen har kun en visuell effekt. Salgsoppgaven beskriver vesentlig og lovpålagt informasjon om eiendommen Se komplett salgsoppgave Nyttige lenker Se komplett salgsoppgave Visning Visningen har obligatorisk påmelding. Kravet om påmelding har vi  for å kunne gi deg og andre visningsdeltakere en best mulig opplevelse og service knyttet til gjennomføring av visningen. Velkommen! Husk å lese komplett salgsoppgave før visning. Bestill komplett, utskriftsvennlig salgsoppgave. Visningspåmelding Gi bud Nyttige lenker Se komplett salgsoppgave Nærområdet Kart Kleppstad 2, 8313 Kleppstad Annonseinformasjon FINN-kode 414869337 Sist endret 03. sep. 2026 07:42 Referanse 20-25-0545 Rapporter annonse Annonsene kan være mangelfulle i forhold til lovpålagt opplysningsplikt. Før bindende avtale inngås oppfordres interessenter til å innhente komplett informasjon fra meglerforetaket, selger eller utleier.",2026-09-20T15:41:57+00:00,house
415359177,https://www.finn.no/realestate/homes/ad.html?finnkode=415359177,"Potensielt motell, utleieeiendom, airBNB selges ca 22 mål","Strandveien 101, 7383 Haltdalen",7383,Haltdalen,500 001 kr,530 001 kr,30 000 kr,0 kr,300 000 kr,Enebolig,Selveier,,,450 m²,,3,,1950,2,22 000 m² (eiet),22000,22.0,,7383,195,10,1,Eiendomm på ca. 22 daa selges i sin helhet uten fradeling til hb. medio sept slik at ny eier kan følge opp ny status fra NLF til turistnæring i arealplanen etter 30. Sept.,2026-09-20T15:41:58+00:00,house
414873019,https://www.finn.no/realestate/homes/ad.html?finnkode=414873019,Innholdsrik og lys enebolig i barnevennlig område.,"Liavegen 15, 2953 Beitostølen",2953,Beitostølen,3 500 000 kr,3 605 490 kr,105 490 kr,,,Enebolig,Selveier,,229 m² (BRA-i),259 m²,,3,,1981,,12 036 m² (eiet),12036,12.0,,,,,3,"Koselig enebolig på eiet tomt fra 1981. Boligen består av entre, kjøkken, stue, bad, liten gang, tre soverom. Trapp til kjeller har lukket dør. Delvis oppusset, sist nytt gulv og ildsted i stue. Dobbelt skyvedørsvindu i stue med flott utsikt til fineste naturen. Oppussing må beregnes",2026-09-20T15:41:59+00:00,house
413279463,https://www.finn.no/realestate/homes/ad.html?finnkode=413279463,Eldre bolig med utviklingspotensiale og 4 regulerte tomter til salgs,"Bendikshagen 19, 20, 21 og 22., 2850 Lena",2850,Lena,500 000 kr,500 000 kr,0 kr,0 kr,0 kr,Enebolig,Selveier,,,60 m²,,3,,1960,,6 222 m² (eiet),6222,6.2,,539,187,61,1,"Eldre bolig med utviklingspotensiale og 4 regulerte tomter til salgs. – Solrik beliggenhet i Bendikshagen, Lensbygda, Østre Toten. I naturskjønne og landlige omgivelser på Lensbygda, Østre Toten, selges nå fire regulerte boligtomter med adresse Bendikshagen 19, 20, 21 og 22. Tomtene ligger i det regulerte feltet Bendikshagen, og har god utsikt, solrike forhold og nærhet til både natur og sentrumsfasiliteter. Eiendommen består av fire tomter og fellesarealer, herunder adkomstvei, gjesteparkering(450m2) og grøntområde – til sammen ca. 6,2 dekar. Området ble opparbeidet med ny vei, grøfting og frostfri VA-infrastruktur i 2020. Kommunalt vann og avløp er ført inn til samtlige tomtegrenser. Nøkkelinformasjon: • Adresse: Bendikshagen 19–22, Lensbygda • Gnr./Bnr.: 187/61, Østre Toten kommune • Totalt areal: ca. 6,2 dekar (inkl. tomter, felles vei, gjesteparkering og grøntområde) • Pris per tomt: kr 500.000,- • Samlet pris for alle fire tomtene: Kan diskuteres. • Regulert til: Frittliggende småhusbebyggelse (eneboliger) • VA-infrastruktur: Kommunalt vann og avløp innlagt på alle fire tomter (2020) • Vei: Nyanlagt grusvei (2020) med felles adkomst til alle tomtene • Strøm: 3-fas luftstrekk tilkoblet tomt nr. 20. Strømavtale med Fjordkraft foreligger. • Ny trafo for området ligger ca 25-50m unna tomtene. • Reguleringsplan: Bendikshagen, vedtatt 1988 • Muligheter: Det antas å være potensiale for reguleringsendring og evt. økt utnyttelse Eksisterende bygg: På Bendikshagen 20 står det en eldre fritidsbolig med innlagt strøm, vann og avløp. Bygget er i dårlig stand, men kan eventuelt benyttes som brakke/kontor under utbygging – eller restaureres av selvbygger etter behov og vurdering. Beliggenhet: Bendikshagen ligger i et rolig og naturnært område i Lensbygda – omgitt av vakre turområder, stier, skiløyper og muligheter for jakt og fiske. • Ca. 2 km til barneskole og barnehage • Ca. 5 km til Lena sentrum med ungdomsskole, videregående skole, butikker, treningssenter, legesenter, bank m.m. Annet: • Interessenter kan selv befare eiendommen, eller avtale visning • Mer informasjon er tilgjengelig via GLT-kart eller SeEiendom: https://seeiendom.kartverket.no/eiendom/3442/187/61 Kontaktinformasjon: Vidar Brude, Bygningsingeniør Telefon/sms: 97665139 Beskaffenhet Flatt område med god utsikt mot totenåsen og områdene rundt. Minus Vis mindre NB: Knappen for å vise hele beskrivelsen har kun en visuell effekt. Pluss tegn Vis hele beskrivelsen NB: Knappen for å vise hele beskrivelsen har kun en visuell effekt. Ta kontakt med selger for komplett informasjon Profilinfo 97 66 51 39 Rettigheter og plikter når du kjøper bolig av en privatperson Visning Ta kontakt for å avtale visning. Nærområdet Kart Bendikshagen 19, 20, 21 og 22., 2850 Lena Profilinfo 97 66 51 39 Rettigheter og plikter når du kjøper bolig av en privatperson Annonseinformasjon FINN-kode 413279463 Sist endret 26. juli 2026 20:12 Rapporter annonse Annonsene kan være mangelfulle i forhold til lovpålagt opplysningsplikt. Før bindende avtale inngås oppfordres interessenter til å innhente komplett informasjon fra meglerforetaket, selger eller utleier.",2026-09-20T15:42:00+00:00,house
408849592,https://www.finn.no/realestate/homes/ad.html?finnkode=408849592,Delikat bolig med høy standard benyttet som fritidsbolig. Usjenert beliggenhet. 49 dekar tomt. Gode solforhold,"Aspdalen 7, 8752 Konsvikosen",8752,Konsvikosen,2 980 000 kr,3 055 590 kr,75 590 kr,,368 937 kr,Enebolig,Selveier,,140 m² (BRA-i),140 m²,,4,,1944,3,49 594 m² (eiet),49594,49.6,E - Oransje,1834,46,5,5,"Delikat bolig med høy standard benyttet som fritidsbolig. Usjenert beliggenhet i umiddelbar nærhet til naturen og havet. Gode solforhold! Boligen har følgende planløsning 1. etasje: Entré/gang, Stue m/ spisestue, Kjøkken , Stue , trappegang, Bad/wc/vaskerom, Bi-inngang og bod. Loft: Loftstue m/ trapp og 4 soverom. Kjelleren inneholder div. uinnredede kjellerrom. Det bemerkes at hele kjelleretasjen ikke er måleverdig grunnet lav takhøyde. Kjelleren har et gulvareal på ca. 50,5 kvm. Boligen holder høy standard. Boligens opprinnelige del (1. etasje og loftsetasje) ble i perioden 2016-2018 totalrenovert, og i 2018 ble boligen tilbygget med ny spisestue og entre/gang mot vest. Gulv er tekket med fliser og høytrykkslaminat. Vegger er tekket med malte flater, malte walls to paint plater i opprinnelige del og malte gipsplater i tilbygget del. Himlinger er tekket med malte flater. Overflater er fra 2017-2018. Eiendommen ligger i Konsvikosen ca. 10 mil vest/nordvest for Mo i Rana. Minus Vis mindre NB: Knappen for å vise hele beskrivelsen har kun en visuell effekt. Pluss tegn Vis hele beskrivelsen NB: Knappen for å vise hele beskrivelsen har kun en visuell effekt. Salgsoppgaven beskriver vesentlig og lovpålagt informasjon om eiendommen Se komplett salgsoppgave Nyttige lenker Eiendommens hjemmeside Bestill salgsoppgave Visning Ta kontakt for å avtale visning. Husk å lese komplett salgsoppgave før visning. Bestill komplett, utskriftsvennlig salgsoppgave. Visningspåmelding Gi bud Nyttige lenker Eiendommens hjemmeside Bestill salgsoppgave Nærområdet Kart Aspdalen 7, 8752 Konsvikosen Annonseinformasjon FINN-kode 408849592 Sist endret 20. juli 2026 09:25 Referanse 87250070 Rapporter annonse Annonsene kan være mangelfulle i forhold til lovpålagt opplysningsplikt. Før bindende avtale inngås oppfordres interessenter til å innhente komplett informasjon fra meglerforetaket, selger eller utleier.",2026-09-20T15:42:02+00:00,house
383374047,https://www.finn.no/realestate/homes/ad.html?finnkode=383374047,"Unik eiendom med enebolig, fjøs og anneks - Ligger i enden av blindvei - Stor tomt og gode solforhold","Himmelsteinveien 63, 8370 Leknes",8370,Leknes,7 400 000 kr,7 586 090 kr,186 090 kr,,81 833 kr,Enebolig,Selveier,,112 m² (BRA-i),418 m²,,4,,1900,2,238 327 m² (eiet),238327,238.3,F - Oransje,1860,19,5,5,"Velkommen til Himmelsteinveien 63 - Presentert av EiendomsMegler1 Leknes: Dette er en tidligere landbrukseiendom med stor tomt med mye muligheter for den nevenyttige. På eiendommen er det en enebolig med entrè, stue, kjøkken, bod, wc, toalett, gang og fire soverom. Eneboligen er den siste tiden noe oppgradert, men må påregnes vedlikehold og modernisering. Det er også en stor fjøs med mye lagringsplass og kan benyttes som garasje til både bobil og alt utstyr en måtte ha. Annekset benyttes også til lagring. Det er gitt disp for oppføring av ny enebolig og redskapshus med vilkår. Se mer info i salgsoppgave. Eiendommen ligger i et etablert og barnevennlig boligfelt på Himmelstein med kun 1,5 km til Leknes sentrum. Her er det umiddelbar tilgang til naturen med mange flotte turstier om sommeren og skiløyper om vinteren. Boligen ligger som den siste boligen i blindveien, og det er derfor minimalt med trafikk. Boligen har en fantastisk, vid og langstrakt utsikt til naturen rundt. Minus Vis mindre NB: Knappen for å vise hele beskrivelsen har kun en visuell effekt. Pluss tegn Vis hele beskrivelsen NB: Knappen for å vise hele beskrivelsen har kun en visuell effekt. Salgsoppgaven beskriver vesentlig og lovpålagt informasjon om eiendommen Se komplett salgsoppgave Nyttige lenker Eiendommens hjemmeside Bestill salgsoppgave Visning Ta kontakt for å avtale visning. Husk å lese komplett salgsoppgave før visning. Bestill komplett, utskriftsvennlig salgsoppgave. Visningspåmelding Gi bud Nyttige lenker Eiendommens hjemmeside Bestill salgsoppgave Nærområdet Kart Himmelsteinveien 63, 8370 Leknes Annonseinformasjon FINN-kode 383374047 Sist endret 01. juni 2026 19:50 Referanse 17240178 Rapporter annonse Annonsene kan være mangelfulle i forhold til lovpålagt opplysningsplikt. Før bindende avtale inngås oppfordres interessenter til å innhente komplett informasjon fra meglerforetaket, selger eller utleier.",2026-09-20T15:42:03+00:00,house
323918638,https://www.finn.no/realestate/homes/ad.html?finnkode=323918638,Meget stor eiendom sentralt beliggende på Oslo Syd |27 mål tomt|Uregulert |KDP-7 |Stort potensiale|Utleid for kr. 26 350,"Oscar Dahls vei 54, 1285 Oslo",1285,Oslo,7 950 000 kr,8 149 840 kr,199 840 kr,,,Enebolig,Selveier,,,,,5,,1937,,27 136 m² (eiet),27136,27.1,,301,169,5,3,"Arsalan Syed v/ EiendomsMegler 1 Oslo Syd har gleden av å presentere Oscar Dahls vei 54. En sjarmerende eiendom beliggende ved et veletablert boligområde på Dal/ Brenna. Bebygd med en eldre tømmervilla som for tiden leies ut. Dette er en tomt blant de sjeldne, 27 mål uregulert eiendom. En stor tomt med stort potensiale for den rette. Minus Vis mindre NB: Knappen for å vise hele beskrivelsen har kun en visuell effekt. Pluss tegn Vis hele beskrivelsen NB: Knappen for å vise hele beskrivelsen har kun en visuell effekt. Salgsoppgaven beskriver vesentlig og lovpålagt informasjon om eiendommen Se komplett salgsoppgave Nyttige lenker Bestill salgsoppgave Visning Ta kontakt for å avtale visning. Husk å lese komplett salgsoppgave før visning. Bestill komplett, utskriftsvennlig salgsoppgave. Visningspåmelding Gi bud Nyttige lenker Bestill salgsoppgave Nærområdet Kart Oscar Dahls vei 54, 1285 Oslo Annonseinformasjon FINN-kode 323918638 Sist endret 15. mai 2026 13:23 Referanse 6042260002 Rapporter annonse Annonsene kan være mangelfulle i forhold til lovpålagt opplysningsplikt. Før bindende avtale inngås oppfordres interessenter til å innhente komplett informasjon fra meglerforetaket, selger eller utleier.",2026-09-20T15:42:04+00:00,house
405480303,https://www.finn.no/realestate/homes/ad.html?finnkode=405480303,Enebolig med stor tomt og 20 m strandlinje | Integrert garasje og gode parkeringsmuligheter | Naturskjønt ved fjorden,"Balsfjordveien 1438, 9055 Meistervik",9055,Meistervik,3 000 000 kr,3 076 090 kr,76 090 kr,,388 677 kr,Enebolig,Selveier,,138 m² (BRA-i),161 m²,,4,,1975,2,8 869 m² (eiet),8869,8.9,G - Rød,5532,68,10,7,"Velkommen til Balsfjordveien 1438! Her presenterer vi en enebolig med en stor tomt på nesten 9 mål og ca. 20 meter strandlinje. Eiendommen ligger naturnært til i skrånende terreng, omringet av skog og med en elv på nedsiden. Boligen har en praktisk planløsning over to etasjer, med åpen stue- og kjøkkenløsning i hovedetasjen. Store vindusflater i stuen gir utsyn mot fjorden. Dette er en eldre bolig med behov for oppgradering, som gir en ny eier muligheten til å forme sitt eget hjem. Kort fortalt: Stor eiet tomt på ca. 8,8 mål Ca. 20 meter strandlinje mot fjorden Innholdsrik planløsning over to plan Integrert garasje med elektrisk portåpner Balkong på ca. 23 m² med utgang fra et av rommene Vedovn i stuen for ekstra varme og hygge Praktisk med flere boder for god lagringsplass Privat vann fra egen brønn og privat avløp til septiktank Velkommen til visning! Minus Vis mindre NB: Knappen for å vise hele beskrivelsen har kun en visuell effekt. Pluss tegn Vis hele beskrivelsen NB: Knappen for å vise hele beskrivelsen har kun en visuell effekt. Salgsoppgaven beskriver vesentlig og lovpålagt informasjon om eiendommen Se komplett salgsoppgave Nyttige lenker Eiendommens hjemmeside Bestill salgsoppgave Visning Ta kontakt for å avtale visning. Husk å lese komplett salgsoppgave før visning. Bestill komplett, utskriftsvennlig salgsoppgave. Visningspåmelding Gi bud Nyttige lenker Eiendommens hjemmeside Bestill salgsoppgave Nærområdet Kart Balsfjordveien 1438, 9055 Meistervik Annonseinformasjon FINN-kode 405480303 Sist endret 27. aug. 2026 20:09 Referanse 1250045 Rapporter annonse Annonsene kan være mangelfulle i forhold til lovpålagt opplysningsplikt. Før bindende avtale inngås oppfordres interessenter til å innhente komplett informasjon fra meglerforetaket, selger eller utleier.",2026-09-20T15:42:06+00:00,house
404193110,https://www.finn.no/realestate/homes/ad.html?finnkode=404193110,NY PRIS! | Enebolig med stor tomt og flott utsikt | Landlig beliggenhet i Indre Billefjord | Garasje,"Vestre Porsangerveien 4186, 9710 Indre Billefjord",9710,Indre Billefjord,695 000 kr,713 460 kr,18 460 kr,,313 092 kr,Enebolig,Selveier,,116 m² (BRA-i),181 m²,,3,,1950,2,7 990 m² (eiet),7990,8.0,G - Oransje,5622,6,60,5,"Velkommen til Vestre Porsangerveien 4186! En enebolig med stor tomt, garasje og en flott, landlig beliggenhet med utsikt over fjorden. Eiendommen ligger fint til i Indre Billefjord, med idyllisk utsikt over den vakre Porsangerfjorden og kort vei ned til vannet. Her bor du med naturen tett på, og fjellområdene rett bak huset byr på fine turmuligheter. Boligen er fra 1950-tallet og står på en stor eiertomt på nesten 8 mål. Stuen har en ny vedovn og laminatgulv fra 2020, og badet har opplegg for vaskemaskin. I tillegg er overflatene på et av soverommene oppgradert i 2021. På tomten er det også en garasje som gir god lagringsplass. Eiendommen har privat vannforsyning fra egen brønn, med ny pumpe og varmtvannsbereder. Boligen er delvis oppgradert, men det må påregnes videre modernisering og vedlikehold. Velkommen til visning! Minus Vis mindre NB: Knappen for å vise hele beskrivelsen har kun en visuell effekt. Pluss tegn Vis hele beskrivelsen NB: Knappen for å vise hele beskrivelsen har kun en visuell effekt. Salgsoppgaven beskriver vesentlig og lovpålagt informasjon om eiendommen Se komplett salgsoppgave Nyttige lenker Eiendommens hjemmeside Bestill salgsoppgave Visning Ta kontakt for å avtale visning. Husk å lese komplett salgsoppgave før visning. Bestill komplett, utskriftsvennlig salgsoppgave. Visningspåmelding Gi bud Nyttige lenker Eiendommens hjemmeside Bestill salgsoppgave Nærområdet Kart Vestre Porsangerveien 4186, 9710 Indre Billefjord Annonseinformasjon FINN-kode 404193110 Sist endret 25. aug. 2026 10:01 Referanse 5250017 Rapporter annonse Annonsene kan være mangelfulle i forhold til lovpålagt opplysningsplikt. Før bindende avtale inngås oppfordres interessenter til å innhente komplett informasjon fra meglerforetaket, selger eller utleier.",2026-09-20T15:42:07+00:00,house
403467307,https://www.finn.no/realestate/homes/ad.html?finnkode=403467307,Unik eiendom med stor bygningsmasse og stor tomt,"Morkveien 437 og 438, 1925 Blaker",1925,Blaker,11 490 000 kr,11 778 340 kr,288 340 kr,0 kr,1 932 010 kr,Enebolig,Selveier,,305 m² (BRA-i),370 m²,,4,,1700,,6 270 m² (eiet),6270,6.3,G - Gul,3030,309,10,3,"Flott eiendom med rikelig med plass både ute og inne. Eiendommen består av hovedhus, kårbolig/enebolig, stor låve og stabbur. På eiendommen er det etablert fotballbane til glede for store og små. Adkomst Offentlig vei frem til gårdsplass. Enebolig/kårbolig Enebolig/kårbolig, antatt fra ca. 1900. Boligen er på ett plan og inneholder stue, kjøkken, soverom og bad. Det er generelt etterslep på vedlikehold, og oppussing må påregnes. Stabbur Stabbur, antatt fra ca. 1850 i original standard. Bygningen krever kun enkelt og jevnlig vedlikehold. Den brukes i dag som bod/lager. Trapp og inngangsparti trenger oppgradering. Låve Låven, antatt byggestart fra ca. 1850 med senere utvidelser, har gjennomgått noe modernisering. Den er oppgradert med støpte gulvarealer og bærevegger som er erstattet med bærebjelker for å skape mer anvendelige arealer tilpasset dagens bruk. Grunnflaten i 1. etasje er 763 kvm, mens 2. etasje (kjørelåven) har ca. 270 kvm gulvareal. Over halvparten av grunnarealet har selvbærende konstruksjoner, noe som gir tilstrekkelig takhøyde og porter for plassering av større maskiner og kjøretøy. Beskaffenhet Eiendommen ligger i et regulert område og er regulert til boligformål. Kommunen har opplyst at det for øyeblikket ikke er noen reguleringssaker under behandling som påvirker denne eiendommen. Ifølge kulturminneplanen er eiendommen klassifisert som vernekategori 3, som tilsvarer middels verneverdi. Hovedhuset er et meldepliktig bygg i henhold til kulturminneloven § 25. Eiendommen ligger under marin grense, med stor til middels sannsynlighet for forekomst av marin leire. Se vedlagte beskrivelser fra Geodata for detaljer. Det foreligger ingen opplysninger om radonmålinger, og aktsomhetsgraden er klassifisert som usikker aktsomhet. Eiendommen er tilknyttet et godkjent minirenseanlegg - Biovac, men MERK at det foreligger pålegg om tilknytning til kommunal avløpsledning, med frist 26.01.2027. Det er videre et pålegg om utbedring av adkomst for brannforebygger på taket for både hovedbygning og veslebygningen. TA KONTAKT MED MEGLER FOR MER INFORMASJON. Vesentlige opplysninger Gjelder hovedhus over 3 etasjer: Kjeller, 1. og 2. etasje. Boligen er generelt godt vedlikeholdt, med standard hovedsakelig fra 1989. Huset ble opprinnelig oppført ca. 1700-1800, og konstruksjonen reflekterer byggeskikken fra denne perioden. Boligen fremstår normalt godt vedlikeholdt, med standard hovedsakelig fra 1989. Boligen har en innholdsrik planløsning med romslige arealer, inkludert 2 stuer, en TV-stue, grovkjøkken, kjøkken, 2 bad i 2. etasje, separat WC i 1. etasje, 4 soverom, en hall og en spisestue. Kjøkkenet ble oppgradert i 1989 med høyglanslakkert innredning, som fortsatt fremstår i god stand. Ifølge eier er følgende oppgraderinger utført: Hovedboligen med antatt byggeår fra 1700 tallet og fremover, ble gjennomgående pusset opp innvendig i 1989. 1. etasje fikk et tilbygg som inkluderer grovkjøkken, WC, entré og trapperom til kjeller. Et vaskerom ble også etablert i tilknytning til grovkjøkkenet. Et stort rom i 2. etasje ble delt opp for å etablere bad, gang og soverom. Begge bad ble rehabilitert, og kjøkkenet fikk ny innredning. Nye gulvoverflater ble lagt i de fleste rom, og gulvvarme ble installert på begge bad, WC, kjøkken og grovkjøkken. Hall og trapperom i begge etasjer har beholdt standard fra byggeåret, noe som gir et autentisk inntrykk av husets opprinnelige stil. Vinduer ble skiftet i 1983. Begge baderommene er i god stand med fullt fungerende installasjoner og et tiltalende utseende. Det anbefales likevel å lese tilstandsrapporten for detaljer. Minus Vis mindre NB: Knappen for å vise hele beskrivelsen har kun en visuell effekt. Pluss tegn Vis hele beskrivelsen NB: Knappen for å vise hele beskrivelsen har kun en visuell effekt. Ta kontakt med megler for komplett informasjon Nyttige lenker Informasjon om eiendommen Tilstandsrapport Visning Etter avtale - send melding Nyttige lenker Informasjon om eiendommen Tilstandsrapport Nærområdet Kart Morkveien 437 og 438, 1925 Blaker Annonseinformasjon FINN-kode 403467307 Sist endret 16. sep. 2026 16:33 Referanse x2120x Rapporter annonse Annonsene kan være mangelfulle i forhold til lovpålagt opplysningsplikt. Før bindende avtale inngås oppfordres interessenter til å innhente komplett informasjon fra meglerforetaket, selger eller utleier.",2026-09-20T15:42:08+00:00,house
402397722,https://www.finn.no/realestate/homes/ad.html?finnkode=402397722,KAUTOKEINO-ØVERBYGDA +/​- Lett tilgjengelig og renovert 4-roms enebolig i sentralt område med stor terrasse og stor tomt,"Suomaluodda 1, 9520 Kautokeino",9520,Kautokeino,3 300 000 kr,3 398 290 kr,98 290 kr,,,Enebolig,Selveier,,105 m² (BRA-i),140 m²,,3,,1972,,7 986 m² (eiet),7986,8.0,,,,,3,". NY PRIS KR 3.300.000,- + omkostninger. Takst og megler vurdering er på kr 3.500.000,- + omkostninger. Gjennomgående 4-roms enebolig i sentrum av Kautokeino. Eneboligen er renovert med ny kledning samt etterisolert alle yttervegger. Huset ble pusset opp i 2024,har gjennomgående høy standard, og består av: entré, bad, ekstra wc rom, stue, kjøkken og tre soverom hvorav hoved soverom har eget garderobe rom. Nytt laminat gulv i kjøkken, stue, gang og soverom samt flislagt bad og wc. Store vinduer i stue gir masse naturlig lys. Alle vinduer har 3 lags energiglass. Stor 42 kvm terrasse med sol fra midt på dagen til sent på kvelden. En hyggelig 12 kvm terrasse ved inngangspartiet for morgen solen. Kort vei til matbutikk og annet. Stort uthus for lagring, gressplen rundt om og stor gårdsplass til parkering osv. .",2026-09-20T15:42:10+00:00,house
350816167,https://www.finn.no/realestate/homes/ad.html?finnkode=350816167,Utviklingseiendom med tomt på over 14 mål! Sjarmerende tømmertun med bebyggelse i dragestil. 8 min fra Lillestrøm.,"Kirkebyvegen 21, 2008 Fjerdingby",2008,Fjerdingby,17 900 000 kr,18 348 890 kr,448 890 kr,,1 801 751 kr,Enebolig,Selveier,,149 m² (BRA-i),236 m²,,2,,1930,2,14 453 m² (eiet),14453,14.5,Rom,3224,99,23,7,"I meget attraktive omgivelser kan du nå skaffe deg en eiendom av de sjeldne. Unik tømmerbolig bygget i dragestil fra 1930 med tilhørende tomt på over 14 mål! Rundt tunet er det også stabbur, uthus, hytte, garasje og lekestue. Utviklingspotensialet er uten sidestykke i området. Eiendommen ligger høyt og fritt med gode solforhold og nydelig utsikt, samtidig som det er gangavstand til alt. Med 5 min. gange til kollektivtransport og kort pendleravstand til Oslo, så det er ingen tvil om at dette er en mulighet som bør gripes. Boligen er noe helt utenom det vanlige, og det oser sjarm fra det øyeblikket du kjører inn på tunet. Med vakre detaljer utvendig og innvendig, samt flere muligheter for innredning og bruk. Det har blitt vedlikeholdsetterslep i senere år, oppgraderinger må påregnes. Minus Vis mindre NB: Knappen for å vise hele beskrivelsen har kun en visuell effekt. Pluss tegn Vis hele beskrivelsen NB: Knappen for å vise hele beskrivelsen har kun en visuell effekt. Salgsoppgaven beskriver vesentlig og lovpålagt informasjon om eiendommen Se komplett salgsoppgave Visning Ta kontakt for å avtale visning. Husk å lese komplett salgsoppgave før visning. Bestill komplett, utskriftsvennlig salgsoppgave. Visningspåmelding Gi bud Nærområdet Kart Kirkebyvegen 21, 2008 Fjerdingby Annonseinformasjon FINN-kode 350816167 Sist endret 11. sep. 2026 12:31 Referanse 1106240092 Rapporter annonse Annonsene kan være mangelfulle i forhold til lovpålagt opplysningsplikt. Før bindende avtale inngås oppfordres interessenter til å innhente komplett informasjon fra meglerforetaket, selger eller utleier.",2026-09-20T15:42:13+00:00,house
401209430,https://www.finn.no/realestate/homes/ad.html?finnkode=401209430,NY PRIS   Hus/​Fritidsbolig med uthus i Øvre Svenningdal,"Svenningdalsvegen 438, 8685 Trofors",8685,Trofors,550 000 kr,550 000 kr,0 kr,0 kr,137 500 kr,Enebolig,Selveier,,,230 m²,,6,,1964,,24 300 m² (eiet),24300,24.3,,1825,56,3,1,"Eiendommen ligger perfekt til for deg som liker flotte naturopplevelser og som vil høste av naturen. Boligen går over to plan over kjeller. 1 etasje inneholder entre, gang, bad, kjøkken, stue og et soverom. 2. etasje inneholder gang, 5 soverom og et uinnredet rom. Uthuset har god lagringsplass, også med plass til båt eller scooter.",2026-09-20T15:42:14+00:00,house
387247569,https://www.finn.no/realestate/homes/ad.html?finnkode=387247569,"SKØIEN HOVEDGAARD|En unik, historisk eiendom i særklasse |Vakker parkmessig 36 måls tomt|3915 m²|8 enheter|Leieinntekter","Prinsessealléen 75, 0276 Oslo",0276,Oslo,500 000 000 kr,512 511 040 kr,12 511 040 kr,,,Enebolig,Selveier,,3 915 m² (BRA-i),3 915 m²,,19,,1894,,36 434 m² (eiet),36434,36.4,G - Mørkegrønn,301,3,1,7,"En av Norges mest storslåtte og unike eiendommer, skjermet og privat, omkranset av en herskapelig og sjeldent vakker tomt på 36 mål i viktoriansk landskapsdesign. Eiendommen har en rik historie som går flere århundrer tilbake og gir inntrykk av landlig eksklusivitet. Hovedbygningen er en usedvanlig vakker herskapsvilla med tårn i italiensk renessansestil fra 1895. Villaen er vakkert utsmykket med store verandaer båret av søyler, marmortrapper og vakre buede vinduer. Omfattende restaurert i 1997 av dagens eier i samarbeid med byantikvaren, riksantikvaren & arkitekt Finn Falkum. Restaureringen har resultert i en eiendom som fremstår i full prakt. Eiendommens øvrige bygninger omfatter: Garasjebygg med 2 boenheter, garasje & bod Boligbygg med 2 boenheter oppført i 2017 Boligbygg m/4 boenheter Anneks 2 laftede stabbur Låve m/ klokketårn En unik mulighet til å eie en eiendom som bærer med seg en historisk betydning og kulturell verdi. Minus Vis mindre NB: Knappen for å vise hele beskrivelsen har kun en visuell effekt. Pluss tegn Vis hele beskrivelsen NB: Knappen for å vise hele beskrivelsen har kun en visuell effekt. Salgsoppgaven beskriver vesentlig og lovpålagt informasjon om eiendommen Se komplett salgsoppgave Nyttige lenker Gi bud Bestill salgsoppgave Eiendommens hjemmeside Hjemmeside Visning Ta kontakt for å avtale visning. Husk å lese komplett salgsoppgave før visning. Bestill komplett, utskriftsvennlig salgsoppgave. Visningspåmelding Gi bud Nyttige lenker Gi bud Bestill salgsoppgave Eiendommens hjemmeside Hjemmeside Nærområdet Kart Prinsessealléen 75, 0276 Oslo Annonseinformasjon FINN-kode 387247569 Sist endret 14. sep. 2026 09:46 Referanse 201240130 Rapporter annonse Annonsene kan være mangelfulle i forhold til lovpålagt opplysningsplikt. Før bindende avtale inngås oppfordres interessenter til å innhente komplett informasjon fra meglerforetaket, selger eller utleier.",2026-09-20T15:42:15+00:00,house
388310122,https://www.finn.no/realestate/homes/ad.html?finnkode=388310122,Totalrenoveringsobjekt med 15 mål tomt i naturskjønne omgivelser ved Oslofjorden - Pris på forespørsel!,"Sundbyveien 89, 3477 Båtstø",3477,Båtstø,null kr,,,,,Enebolig,Selveier,,290 m² (BRA-i),295 m²,,5,,1915,3,14 816 m² (eiet),14816,14.8,Rom,3203,247,18,5,"Alexandra Nygård v/ PROAKTIV har gleden av å presentere dere denne unike eiendommen på Båtstø! Dette er et totalrenoveringsobjekt hvor du har muligheten til å skape din drømmeeiendom slik du selv vil ha den. Eiendommen består av et hovedhus med tilbygg, hvor selve hovedhuset består av hovedetasje og loft. Tilbygget som er adskilt fra hovedhuset består av 1 etg. og kjeller, med røropplegg i begge etasjer. Huset er fullstendig revet på innsiden, og fremstår som ubeboelig. Omfattende renovering må påberegnes. Takbjelker er stedvis forsterket og taket rehabilitert i senere tid. Gulv i kjeller er senket med 1m for å gi godkjent takhøyde for oppholdsrom. Med boligen følger tinglyst rett til båtplass på Båtstø* Selger er i prosess med søknad om detaljregulering av eiendommen. Minus Vis mindre NB: Knappen for å vise hele beskrivelsen har kun en visuell effekt. Pluss tegn Vis hele beskrivelsen NB: Knappen for å vise hele beskrivelsen har kun en visuell effekt. Salgsoppgaven beskriver vesentlig og lovpålagt informasjon om eiendommen Se komplett salgsoppgave Nyttige lenker Bestill salgsoppgave Eiendommens hjemmeside Visning For at vår megler og selger skal kunne gi deg den beste oppfølgingen og kjøpsopplevelsen er det obligatorisk påmelding til alle våre visninger. Dersom ditt reserverte tidspunkt likevel ikke kan benyttes trenger vi beskjed så tidlig som mulig sånn at vi kan finne en alternativ løsning. Vi har alltid tid til deg. Visninger uten påmeldte deltagere avlyses. Husk å lese komplett salgsoppgave før visning. Bestill komplett, utskriftsvennlig salgsoppgave. Visningspåmelding Gi bud Nyttige lenker Bestill salgsoppgave Eiendommens hjemmeside Nærområdet Kart Sundbyveien 89, 3477 Båtstø Annonseinformasjon FINN-kode 388310122 Sist endret 16. juni 2026 12:19 Rapporter annonse Annonsene kan være mangelfulle i forhold til lovpålagt opplysningsplikt. Før bindende avtale inngås oppfordres interessenter til å innhente komplett informasjon fra meglerforetaket, selger eller utleier.",2026-09-20T15:42:16+00:00,house
380330192,https://www.finn.no/realestate/homes/ad.html?finnkode=380330192,Stor boligtomt med nytt uthus. Ny pris!,"Hernesvegen 1087, 2410 Hernes",2410,Hernes,1 000 000 kr,1 000 000 kr,0 kr,0 kr,0 kr,Enebolig,Selveier,,,40 m²,,0,,2024,,5 400 m² (eiet),5400,5.4,,3420,123,104,1,,2026-09-20T15:42:18+00:00,house
376754442,https://www.finn.no/realestate/homes/ad.html?finnkode=376754442,"Flott eiendom med en eldre bolig, naust og strandlinje | Gode fiskemuligheter, bærplukking og jakt!","Nordkvaløya 125, 9130 Hansnes",9130,Hansnes,700 000 kr,737 050 kr,37 050 kr,,256 625 kr,Enebolig,Selveier,,79 m² (BRA-i),135 m²,,3,,1965,,456 663 m² (eiet),456663,456.7,,5534,27,14,5,"Nordkvaløya 125 - Flott eiendom med en eldre bolig, naust og strandlinje. Eiendommen ligger idyllisk til på sørsiden av Nordkvaløya. Gode sol og lysforhold og flott utsikt over havet. Naturen som nærmeste nabo med fine turmuligheter i området. Gode fiskemuligheter i to fiskevann og sjø, pluss gode forhold for bærplukking og jakt. Høydepunkter: Naust og strandlinje Flott sjøutsikt Gode jakt- og fiskemuligheter Gode forhold for bærplukking Strøm i våningshuset Gode sol og lysforhold Ta kontakt for ytterligere informasjon! Minus Vis mindre NB: Knappen for å vise hele beskrivelsen har kun en visuell effekt. Pluss tegn Vis hele beskrivelsen NB: Knappen for å vise hele beskrivelsen har kun en visuell effekt. Salgsoppgaven beskriver vesentlig og lovpålagt informasjon om eiendommen Se komplett salgsoppgave Nyttige lenker Bestill salgsoppgave Visning Ta kontakt for å avtale visning. Husk å lese komplett salgsoppgave før visning. Bestill komplett, utskriftsvennlig salgsoppgave. Visningspåmelding Gi bud Nyttige lenker Bestill salgsoppgave Nærområdet Kart Nordkvaløya 125, 9130 Hansnes Annonseinformasjon FINN-kode 376754442 Sist endret 15. aug. 2026 04:13 Referanse 52240470 Rapporter annonse Annonsene kan være mangelfulle i forhold til lovpålagt opplysningsplikt. Før bindende avtale inngås oppfordres interessenter til å innhente komplett informasjon fra meglerforetaket, selger eller utleier.",2026-09-20T15:42:20+00:00,house
362005029,https://www.finn.no/realestate/homes/ad.html?finnkode=362005029,Eigedom ved Espelandsvatnet i Hyllestad kommune. Ny pris etter oppgradering av boligen. Bud ønskes.,"Eidevegen 239, 6953 Leirvik i Sogn",6953,Leirvik i Sogn,1 250 000 kr,1 281 250 kr,31 250 kr,0 kr,325 000 kr,Enebolig,Selveier,,209 m² (BRA-i),289 m²,,5,,1930,3,7 944 m² (eiet),7944,7.9,,4637,59,4,1,"Viser til rubrikken «Vesentlige opplysninger» nedenfor når det gjelder oppgradering av boligen. Nye bilder kommer etter hvert. Eigedommen Solstrand ligg flott til ved Espelandsvatnet og har sol frå tidlig morgon til seint på kveld. Eigedommen er stor og gjev mange muligheiter dersom ein er interessert i hagestell. Her er det plass til både bærhage, potetåker og grønnsaksplanting i tillegg til solplasser med bed og prydbusker. Eldhuset ved vatnet treng restaurering, men ligg flott til og kan også bli eit framtidig grillhus om ein ynskjer.",2026-09-20T15:42:21+00:00,house
357150286,https://www.finn.no/realestate/homes/ad.html?finnkode=357150286,"Fiskerhytte i Nordnorsk paradis, spar 99000 nå; Hamarøya, midnattsol og fiskelykke, båt/​båtplass, og bilvei helt frem.","Hamlotveien 336, 8297 Tranøy",8297,Tranøy,501 000 kr,627 800 kr,27 800 kr,0 kr,50 000 kr,Enebolig,Selveier,,91 m² (BRA-i),147 m²,,2,,1953,1,5 282 m² (eiet),5282,5.3,Rom,1875,22,15,1,"Denne hytta egner seg for en naturelskende familie eller et lag/en forening som ønsker seg et samlingsprosjekt. Her ligger alt til rette for jakt og fiske, gedigen tomt med parkering til mer enn én bil, 3 minutter til sjøen der det vrimler av fisk, masse turmuligheter, utsikt til Vestfjorden, kort reisevei til Lofoten m.m. Kulturmuligheter er Hamsun-museet og Tranøy gamle fyr - og et sted i nærheten sitter den verdenskjente pianisten Leif Ove Andsnes og øver inn sine nye konsertstykker. Det er altså et sted også for meditasjon og ro i sjelen. Stedet ligger kort vei fra E6 med egen innkjøring på kommunal grusvei. Siden det ligger i et LNF-område der naturen har førsteprioritet, er det vanskelig å finne markedspris og taksere bolig og tomt.",2026-09-20T15:42:22+00:00,house
355528659,https://www.finn.no/realestate/homes/ad.html?finnkode=355528659,Hus med stor tomt ved fjorden med egen strandlinje selges,"Klingavegen 1906, 7822 Bangsund",7822,Bangsund,2 390 000 kr,2 300 000 kr,0 kr,0 kr,0 kr,Enebolig,Selveier,,,122 m²,,2,,1955,,132 972 m² (eiet),132972,133.0,- Rød,5005,32,12,1,"Salg og oppgjør utføres i samarbeid med Codex Advokat. Fjordeiendom i Trøndelag – ca. 13 hektar med strandlinje, skog og utmark Eiendommen ligger i Namsos kommune i Trøndelag og består av ca. 13 hektar tomt med privat strandlinje, skog og utmark. Det medfølger robåt og jakt- og fiskerettigheter. Bruk og omgivelser Eiendommen har beliggenhet med nærhet til både fjord og fjell, og egner seg for fritidsbruk, helårsbolig eller utleie. Området benyttes til jakt, fiske og friluftsliv. Det er registrert vilt i området, inkludert elg. Bolig og oppgraderinger Boligen er et trehus som er løpende oppgradert og fremstår som funksjonell og innflyttingsklar. Utførte tiltak inkluderer: Ny isolasjon (2015) Oppgradert elektrisk anlegg og nytt sikringsskap, tilrettelagt for elbillader (2022) Ny varmtvannsbereder og ny kjeller (vegger/gulv) (2022) Nye kloakkrør (2023) Nytt vaskerom (2024) Bad enkelt oppgradert med ny dusj, servant og toalett (2024) Møbler som seng og sofa, hvitevarer, verktøy i uthus samt robåt kan medfølge etter nærmere avtale. Eiendommen for øvrig På eiendommen finnes en strandhytte (eid av andre) samt en fast leid hytte med naust. Begge har veirett via eiendommen, men benyttes sjelden. Det er ingen boplikt. Beliggenhet og adkomst Eiendommen ligger usjenert til uten direkte naboer og er omgitt av egen skog. Adkomst skjer via en grusvei fra hovedvei. Kartmarkering i annonsen er foreløpig feil; huset ligger lenger ned og nærmere fjorden. Bussholdeplass: Reitan (ca. 5 min gange) Dagligvare: Bangsund (ca. 5 min med bil) eller Namsos sentrum (ca. 17 min) Flyplass: Namsos lufthavn (regional) eller Trondheim lufthavn (TRD) Tog: Steinkjer stasjon (ca. 1 time med buss) Interessert? Ta kontakt for salgsoppgave, tilstandsrapport og ytterligere informasjon. Visning kan gjennomføres etter nærmere avtale. Minus Vis mindre NB: Knappen for å vise hele beskrivelsen har kun en visuell effekt. Pluss tegn Vis hele beskrivelsen NB: Knappen for å vise hele beskrivelsen har kun en visuell effekt. Ta kontakt med selger for komplett informasjon Nyttige lenker Tilstandsrapport_klingavegen_1906 floorplan_1.etasje floorplan_underetasje Profilinfo Rettigheter og plikter når du kjøper bolig av en privatperson Visning Visning etter avtale Nyttige lenker Tilstandsrapport_klingavegen_1906 floorplan_1.etasje floorplan_underetasje N ærområdet Kart Klingavegen 1906, 7822 Bangsund Profilinfo Rettigheter og plikter når du kjøper bolig av en privatperson Annonseinformasjon FINN-kode 355528659 Sist endret 04. mai 2026 13:11 Rapporter annonse Annonsene kan være mangelfulle i forhold til lovpålagt opplysningsplikt. Før bindende avtale inngås oppfordres interessenter til å innhente komplett informasjon fra meglerforetaket, selger eller utleier.",2026-09-20T15:42:24+00:00,house
356085804,https://www.finn.no/realestate/homes/ad.html?finnkode=356085804,Enebolig på Ågskardet vurderes solgt,"Ågveien 105, 8184 Ågskardet",8184,Ågskardet,690 000 kr,690 000 kr,0 kr,0 kr,709 200 kr,Enebolig,Selveier,,,119 m²,,4,,1937,2,6 294 m² (eiet),6294,6.3,,1837,14,19,1,"Sjarmerende enebolig med stor tomt og naturnær beliggenhet på Ågskardet. Boligen har 4 soverom, 119 m² bruksareal og ligger på en romslig 6 294 m² eiertomt . Her bor du landlig og rolig, med nærhet til sjø, fjell og flotte turområder. Kort vei til fergeleiet Ågskardet–Forøy, skole og barnehage (ca. 5 km). Praktisk adkomst fra FV17 via egen stikkvei. Boligen har peis, aircondition, terrasse/balkong og moderne fiber tilkoblinger  for internett og TV. Perfekt som familiebolig, pendlerbase eller fritidsbolig.",2026-09-20T15:42:25+00:00,house
350001088,https://www.finn.no/realestate/homes/ad.html?finnkode=350001088,"Innholdsrikt hus med havutsikt. Taksten er på 2 millioner, men kom gjerne med bud. Alle bud vurderes seriøst","Solhaugveien 2, 9980 Berlevåg",9980,Berlevåg,1 750 000 kr,1 806 650 kr,56 650 kr,,,Enebolig,Selveier,,161 m² (BRA-i),161 m²,,4,,1971,,13 921 m² (eiet),13921,13.9,,,,,3,"Huset i Solhaugveien 2 er et Rødlandshus som ble satt opp tidlig på 70-tallet. Huset har to etasjer med inngang på bakkenivå. I første etasjen finner man en yttergang, bod, gang,  bad, vaskerom, matbod og et soverom. I andre etasje kommer man opp til en romslig stue med utsikt og naturlig lys fra nord, vest og øst. Her finner man også en åpen kjøkken -stue løsning. Andre etasje består også av gang, bad og tre soverom. Huset har også et loft med lagringsplass. Tilgang til loftet er gjennom en loftslem med fastmontert stige. Boligen ligger på stor, luftig, selveiet tomt.",2026-09-20T15:42:26+00:00,house
